ym,category,role,matters_received,cases_filed,matters_terminated,cases_terminated,d_judg_us,d_settle,d_against,d_dismissed,d_other
1994-10,ALL,Defendant,4062,3761,73,3272,240,1,59,4,2968
1994-11,ALL,Defendant,3919,3971,66,3174,233,1,94,4,2842
1994-12,ALL,Defendant,3741,3811,68,3069,243,2,103,4,2717
1995-01,ALL,Defendant,4054,3979,76,3519,258,1,120,5,3135
1995-02,ALL,Defendant,3812,3597,59,3501,278,2,112,8,3101
1995-03,ALL,Defendant,4301,4348,59,4128,306,1,159,7,3655
1995-04,ALL,Defendant,3646,3681,53,3269,275,,137,8,2849
1995-05,ALL,Defendant,4281,4069,59,4010,345,1,169,8,3487
1995-06,ALL,Defendant,4022,3959,68,3931,355,,132,3,3441
1995-07,ALL,Defendant,3479,3444,65,3624,270,1,123,8,3222
1995-08,ALL,Defendant,4217,3842,74,4463,395,1,144,13,3910
1995-09,ALL,Defendant,3658,3599,62,3690,324,,139,11,3216
1995-10,ALL,Defendant,3940,3918,63,3828,240,1,111,4,3472
1995-11,ALL,Defendant,3581,3665,63,3122,287,1,89,6,2739
1995-12,ALL,Defendant,3362,3442,36,2922,233,,114,5,2570
1996-01,ALL,Defendant,4244,4068,69,3706,309,4,132,5,3256
1996-02,ALL,Defendant,4122,3940,101,4151,291,3,127,4,3726
1996-03,ALL,Defendant,4541,4327,54,3989,327,2,142,4,3514
1996-04,ALL,Defendant,4509,4482,64,3926,338,4,131,9,3444
1996-05,ALL,Defendant,4714,4802,99,4215,306,2,145,6,3756
1996-06,ALL,Defendant,4554,4460,94,5273,346,3,138,10,4776
1996-07,ALL,Defendant,4858,4568,62,4632,327,4,83,6,4212
1996-08,ALL,Defendant,4443,4434,85,4722,282,4,101,8,4327
1996-09,ALL,Defendant,4239,4150,57,4245,316,4,147,12,3766
1996-10,ALL,Defendant,4750,4679,58,4014,311,3,126,13,3561
1996-11,ALL,Defendant,4101,4152,61,3147,291,3,94,5,2754
1996-12,ALL,Defendant,4254,4416,77,3604,273,8,123,14,3186
1997-01,ALL,Defendant,4837,4770,69,4140,346,1,170,8,3615
1997-02,ALL,Defendant,4438,4372,52,3867,284,8,119,6,3450
1997-03,ALL,Defendant,5155,5262,52,4110,324,4,134,9,3639
1997-04,ALL,Defendant,7023,7764,57,4246,313,4,80,10,3839
1997-05,ALL,Defendant,5807,5306,137,4115,322,6,182,13,3592
1997-06,ALL,Defendant,5097,4854,114,4525,360,4,141,15,4005
1997-07,ALL,Defendant,5077,4718,70,4815,335,6,156,7,4311
1997-08,ALL,Defendant,4382,4297,81,4247,324,4,140,17,3762
1997-09,ALL,Defendant,4645,4540,68,4240,343,7,125,12,3753
1997-10,ALL,Defendant,4944,4815,39,4362,361,7,145,25,3824
1997-11,ALL,Defendant,3565,3885,46,3496,320,12,115,17,3032
1997-12,ALL,Defendant,4268,4400,53,3584,356,9,149,19,3051
1998-01,ALL,Defendant,4419,4322,96,3899,346,11,124,13,3405
1998-02,ALL,Defendant,4423,4134,95,4744,336,10,144,30,4224
1998-03,ALL,Defendant,5318,4813,70,5309,485,14,170,32,4608
1998-04,ALL,Defendant,5160,4886,117,4636,413,10,162,36,4015
1998-05,ALL,Defendant,4711,4585,66,4249,358,8,154,23,3706
1998-06,ALL,Defendant,5124,5058,88,4389,456,6,153,24,3750
1998-07,ALL,Defendant,5134,4917,63,4738,440,7,167,30,4094
1998-08,ALL,Defendant,4738,4419,96,4970,386,15,441,36,4092
1998-09,ALL,Defendant,4320,4362,139,5198,482,27,217,34,4438
1998-10,ALL,Defendant,4785,4688,74,4491,408,22,195,40,3826
1998-11,ALL,Defendant,4175,4234,60,3732,376,14,166,45,3131
1998-12,ALL,Defendant,4187,4371,66,3924,366,31,171,48,3308
1999-01,ALL,Defendant,4379,4028,64,4453,380,15,189,52,3817
1999-02,ALL,Defendant,4407,3948,75,4000,395,26,191,44,3344
1999-03,ALL,Defendant,4896,4857,107,5279,647,33,254,61,4284
1999-04,ALL,Defendant,4675,4498,112,4567,439,31,185,68,3844
1999-05,ALL,Defendant,4268,4359,93,4371,442,37,255,64,3573
1999-06,ALL,Defendant,4661,4462,116,4449,554,52,274,94,3475
1999-07,ALL,Defendant,4435,4154,127,5053,567,80,284,139,3983
1999-08,ALL,Defendant,4409,4190,85,4633,692,118,327,185,3311
1999-09,ALL,Defendant,4049,3935,116,5046,965,119,411,174,3377
1999-10,ALL,Defendant,3954,3889,66,4072,1078,221,587,365,1821
1999-11,ALL,Defendant,3829,3805,58,3862,1078,238,556,351,1639
1999-12,ALL,Defendant,3894,4016,56,4103,1072,294,514,351,1872
2000-01,ALL,Defendant,4207,4031,63,3861,995,283,589,375,1619
2000-02,ALL,Defendant,4159,3986,94,4221,1169,289,520,388,1855
2000-03,ALL,Defendant,4652,4510,178,6097,1798,330,980,600,2389
2000-04,ALL,Defendant,4065,4104,90,4215,985,268,515,491,1956
2000-05,ALL,Defendant,4825,4784,67,5616,1143,273,557,501,3142
2000-06,ALL,Defendant,4894,4834,67,5220,1140,297,698,728,2357
2000-07,ALL,Defendant,4291,4176,98,3877,1029,272,486,421,1669
2000-08,ALL,Defendant,4991,4757,86,4531,1181,287,626,400,2037
2000-09,ALL,Defendant,4253,4403,115,4217,1288,251,639,405,1634
2000-10,ALL,Defendant,4869,4835,93,3859,1022,220,527,404,1686
2000-11,ALL,Defendant,4530,4471,86,3672,985,202,610,474,1401
2000-12,ALL,Defendant,4012,4080,52,3676,923,216,441,391,1705
2001-01,ALL,Defendant,4892,4670,99,4230,1115,287,581,432,1815
2001-02,ALL,Defendant,4336,4213,84,3693,1087,219,608,399,1380
2001-03,ALL,Defendant,4925,4941,114,4880,1482,254,778,448,1918
2001-04,ALL,Defendant,4539,4453,99,3851,1083,223,585,441,1519
2001-05,ALL,Defendant,4890,4947,62,4354,1110,262,744,478,1760
2001-06,ALL,Defendant,5270,5248,83,4976,1082,226,573,409,2686
2001-07,ALL,Defendant,4698,4658,85,5355,1249,233,655,426,2792
2001-08,ALL,Defendant,4885,4913,90,5896,1342,233,621,500,3200
2001-09,ALL,Defendant,3857,3950,101,4362,1448,171,690,468,1585
2001-10,ALL,Defendant,5046,4836,95,4472,1236,226,577,438,1995
2001-11,ALL,Defendant,4257,4558,54,4489,1164,205,560,434,2126
2001-12,ALL,Defendant,3965,3905,52,3453,1028,178,513,378,1356
2002-01,ALL,Defendant,4622,4565,73,4368,1320,217,613,454,1764
2002-02,ALL,Defendant,4310,4152,51,3876,1189,195,544,398,1550
2002-03,ALL,Defendant,4640,4847,66,4687,1729,233,709,438,1578
2002-04,ALL,Defendant,5129,5188,104,4420,1180,207,535,502,1996
2002-05,ALL,Defendant,4853,5060,86,5513,1214,225,554,505,3015
2002-06,ALL,Defendant,5327,4639,90,4993,1188,186,500,420,2699
2002-07,ALL,Defendant,5399,4871,96,5709,1370,211,601,539,2988
2002-08,ALL,Defendant,5164,4769,200,5598,1434,208,681,535,2740
2002-09,ALL,Defendant,4728,4490,115,4625,1465,199,711,513,1737
2002-10,ALL,Defendant,4994,4937,103,4235,1314,215,513,520,1673
2002-11,ALL,Defendant,4567,4396,57,3580,1013,181,502,447,1437
2002-12,ALL,Defendant,4254,4583,57,3501,1068,201,504,442,1286
2003-01,ALL,Defendant,5172,4664,60,4470,1281,220,553,536,1880
2003-02,ALL,Defendant,4232,4433,55,4319,1178,215,568,522,1836
2003-03,ALL,Defendant,4993,4693,63,5163,1699,207,766,552,1939
2003-04,ALL,Defendant,4816,4917,121,4655,1324,235,661,570,1865
2003-05,ALL,Defendant,4835,4809,59,4495,1149,200,583,575,1988
2003-06,ALL,Defendant,4833,4628,79,4626,1246,199,532,506,2143
2003-07,ALL,Defendant,4713,4656,117,5028,1407,188,645,692,2096
2003-08,ALL,Defendant,4543,4416,105,4340,1237,187,553,468,1895
2003-09,ALL,Defendant,4646,4690,135,5070,1522,229,743,724,1852
2003-10,ALL,Defendant,5057,4772,75,4325,1222,199,564,583,1757
2003-11,ALL,Defendant,3763,3832,44,3950,1001,176,542,561,1670
2003-12,ALL,Defendant,4358,4329,75,3815,1063,195,481,456,1620
2004-01,ALL,Defendant,4344,4158,64,4133,1244,166,568,530,1625
2004-02,ALL,Defendant,4118,3868,77,5468,1406,185,768,599,2510
2004-03,ALL,Defendant,5017,4704,122,6601,1943,263,1078,713,2604
2004-04,ALL,Defendant,4485,4443,72,4415,1285,178,711,593,1648
2004-05,ALL,Defendant,4331,4300,62,3683,1241,173,512,462,1295
2004-06,ALL,Defendant,4705,4691,68,4029,1165,179,594,575,1516
2004-07,ALL,Defendant,4911,4870,66,4635,1297,166,533,448,2191
2004-08,ALL,Defendant,5276,5163,94,4641,1472,185,716,698,1570
2004-09,ALL,Defendant,4871,4904,122,5062,1846,179,896,606,1535
2004-10,ALL,Defendant,5007,4967,81,4138,1265,159,763,613,1338
2004-11,ALL,Defendant,4850,4932,75,4377,1559,157,835,482,1344
2004-12,ALL,Defendant,4634,4592,64,4233,1553,173,701,491,1315
2005-01,ALL,Defendant,4943,4643,64,4911,1673,175,708,607,1748
2005-02,ALL,Defendant,4544,4393,61,3906,1364,182,538,519,1303
2005-03,ALL,Defendant,5298,5122,129,6601,2321,254,843,972,2211
2005-04,ALL,Defendant,4804,4641,109,5025,1475,245,656,882,1767
2005-05,ALL,Defendant,4713,4750,79,4714,1365,227,700,747,1675
2005-06,ALL,Defendant,4789,4738,84,5710,1567,198,658,947,2340
2005-07,ALL,Defendant,4084,4192,69,4368,1474,163,734,573,1424
2005-08,ALL,Defendant,4757,4612,111,4745,1636,188,608,683,1630
2005-09,ALL,Defendant,4223,4191,134,4875,1687,183,843,640,1522
2005-10,ALL,Defendant,4364,4233,70,3727,1189,174,510,456,1398
2005-11,ALL,Defendant,4167,4020,61,3615,1185,171,550,420,1289
2005-12,ALL,Defendant,4109,3979,79,3799,1240,160,508,519,1372
2006-01,ALL,Defendant,4654,4554,78,4316,1326,184,602,621,1583
2006-02,ALL,Defendant,3966,3815,71,3890,1301,178,534,536,1341
2006-03,ALL,Defendant,4884,4710,135,5855,2087,208,980,650,1930
2006-04,ALL,Defendant,4109,3993,71,4153,1132,173,544,579,1725
2006-05,ALL,Defendant,4487,4293,74,4911,1290,182,601,683,2155
2006-06,ALL,Defendant,4418,4322,80,4602,1374,178,599,627,1824
2006-07,ALL,Defendant,3963,3843,84,4088,1212,174,594,651,1457
2006-08,ALL,Defendant,4782,4943,87,4786,1553,175,725,681,1652
2006-09,ALL,Defendant,4436,4475,100,4776,1573,198,779,602,1624
2006-10,ALL,Defendant,4972,4877,86,4535,1207,190,543,675,1920
2006-11,ALL,Defendant,4511,4530,64,3953,1098,139,492,748,1476
2006-12,ALL,Defendant,4220,4287,49,4223,976,145,484,605,2013
2007-01,ALL,Defendant,4740,4655,72,4616,1327,192,761,776,1560
2007-02,ALL,Defendant,4525,4177,73,3939,1097,148,536,605,1553
2007-03,ALL,Defendant,4762,4868,114,5767,1735,222,801,1012,1997
2007-04,ALL,Defendant,4754,4495,86,4533,1121,169,534,864,1845
2007-05,ALL,Defendant,4772,4725,76,4699,1283,192,598,828,1798
2007-06,ALL,Defendant,4565,4665,70,4858,1206,197,566,890,1999
2007-07,ALL,Defendant,4701,4820,58,4442,1322,189,539,729,1663
2007-08,ALL,Defendant,5164,5385,87,4986,1357,177,704,728,2020
2007-09,ALL,Defendant,4329,4501,110,4662,1557,207,816,655,1427
2007-10,ALL,Defendant,5640,5469,64,4838,1307,218,613,803,1897
2007-11,ALL,Defendant,5061,5080,55,4298,1104,153,492,804,1745
2007-12,ALL,Defendant,4621,4850,35,4078,1049,147,467,729,1686
2008-01,ALL,Defendant,6618,6522,67,4946,1376,208,639,892,1831
2008-02,ALL,Defendant,10335,10206,67,5258,1486,223,1040,840,1669
2008-03,ALL,Defendant,12883,12556,140,8386,2527,282,2585,793,2199
2008-04,ALL,Defendant,9031,8715,104,7703,2264,206,2068,1053,2112
2008-05,ALL,Defendant,6951,6799,66,7985,1983,180,1871,977,2974
2008-06,ALL,Defendant,6318,6077,74,7757,2015,197,1678,1008,2859
2008-07,ALL,Defendant,5947,5804,109,6598,1899,184,1362,953,2200
2008-08,ALL,Defendant,5648,6021,103,5413,1890,162,1071,759,1531
2008-09,ALL,Defendant,6459,5428,81,6279,2071,184,1020,740,2264
2008-10,ALL,Defendant,5709,5627,85,6263,1707,172,898,827,2659
2008-11,ALL,Defendant,4614,4721,58,3997,1193,135,629,566,1474
2008-12,ALL,Defendant,4862,4923,63,5184,1308,188,697,1147,1844
2009-01,ALL,Defendant,5386,5258,80,4847,1373,157,731,725,1861
2009-02,ALL,Defendant,5047,5059,72,5496,1451,151,827,1025,2042
2009-03,ALL,Defendant,5949,5817,166,6539,2130,189,1029,860,2331
2009-04,ALL,Defendant,5586,5551,95,5680,1491,165,654,809,2561
2009-05,ALL,Defendant,5066,5147,59,4516,1264,141,586,589,1936
2009-06,ALL,Defendant,5872,5937,113,5734,1542,172,685,987,2348
2009-07,ALL,Defendant,5735,5976,69,5778,1557,193,869,903,2256
2009-08,ALL,Defendant,5664,5528,108,5301,1406,170,636,752,2337
2009-09,ALL,Defendant,5656,5374,161,5426,1694,178,788,626,2140
2009-10,ALL,Defendant,5838,5727,56,7391,1127,184,593,674,4813
2009-11,ALL,Defendant,5162,5151,32,3782,1046,119,444,566,1607
2009-12,ALL,Defendant,5838,5779,54,4565,1268,158,548,694,1897
2010-01,ALL,Defendant,5401,5326,138,4282,1235,158,520,659,1710
2010-02,ALL,Defendant,5144,5229,53,4496,1312,148,542,662,1832
2010-03,ALL,Defendant,6074,6175,94,7381,2318,178,932,1149,2804
2010-04,ALL,Defendant,5714,5770,152,5407,1233,186,551,890,2547
2010-05,ALL,Defendant,5473,5319,71,4543,1241,145,553,805,1799
2010-06,ALL,Defendant,6083,5975,48,5054,1433,134,628,996,1863
2010-07,ALL,Defendant,5624,5624,53,5035,1377,142,566,715,2235
2010-08,ALL,Defendant,5913,5897,137,5506,1434,132,679,827,2434
2010-09,ALL,Defendant,5780,5957,113,6014,1742,163,758,818,2533
2010-10,ALL,Defendant,6003,5771,66,4445,1143,170,459,728,1945
2010-11,ALL,Defendant,5467,5139,52,4702,1290,133,501,890,1888
2010-12,ALL,Defendant,5068,5131,80,4635,1172,130,450,811,2072
2011-01,ALL,Defendant,5574,5057,35,4570,1277,142,543,963,1645
2011-02,ALL,Defendant,4728,4617,36,5298,1431,123,691,751,2302
2011-03,ALL,Defendant,6074,5755,83,10486,1894,219,1014,1887,5472
2011-04,ALL,Defendant,5381,5123,49,6325,1157,128,475,886,3679
2011-05,ALL,Defendant,5115,5096,34,6210,1138,137,446,869,3620
2011-06,ALL,Defendant,5308,5401,51,4623,1295,136,547,848,1797
2011-07,ALL,Defendant,5448,5550,45,4201,1255,144,493,678,1631
2011-08,ALL,Defendant,6522,6406,62,6024,1673,168,1110,867,2206
2011-09,ALL,Defendant,6026,6179,89,5836,1715,153,908,883,2177
2011-10,ALL,Defendant,7521,7676,53,4999,1209,114,846,787,2043
2011-11,ALL,Defendant,8223,8377,39,5843,1536,151,1510,765,1881
2011-12,ALL,Defendant,6290,6353,32,5100,1404,163,924,828,1781
2012-01,ALL,Defendant,6633,6366,70,5933,1730,131,1278,855,1939
2012-02,ALL,Defendant,6053,6014,92,6329,1867,133,889,1042,2398
2012-03,ALL,Defendant,6360,6417,104,7102,2249,176,1203,968,2506
2012-04,ALL,Defendant,6228,6089,57,5273,1678,131,749,746,1969
2012-05,ALL,Defendant,6366,6666,48,5321,1517,131,643,900,2130
2012-06,ALL,Defendant,6431,6548,32,5821,1497,135,632,904,2653
2012-07,ALL,Defendant,6932,6882,38,5568,1548,142,636,1097,2145
2012-08,ALL,Defendant,6960,6928,50,6560,1870,150,843,1262,2435
2012-09,ALL,Defendant,5768,6002,79,5745,1872,158,839,711,2165
2012-10,ALL,Defendant,7425,7282,24,5328,1355,144,584,891,2354
2012-11,ALL,Defendant,6301,6187,23,5215,1281,154,509,863,2408
2012-12,ALL,Defendant,5627,5455,34,4461,1127,119,472,610,2133
2013-01,ALL,Defendant,6602,6425,59,5948,1695,170,664,882,2537
2013-02,ALL,Defendant,6029,5981,52,6018,1500,111,647,835,2925
2013-03,ALL,Defendant,6664,6662,50,6976,2143,170,1035,793,2835
2013-04,ALL,Defendant,6672,6757,78,13495,1561,153,681,802,10298
2013-05,ALL,Defendant,6821,6859,30,6037,1422,127,602,824,3062
2013-06,ALL,Defendant,6425,6452,34,5491,1309,174,601,952,2455
2013-07,ALL,Defendant,6869,6697,31,6347,1540,200,738,939,2930
2013-08,ALL,Defendant,6653,6658,39,6077,1602,207,915,743,2610
2013-09,ALL,Defendant,6086,5946,69,6401,2040,174,1015,721,2451
2013-10,ALL,Defendant,6565,6576,35,4542,1160,148,519,563,2152
2013-11,ALL,Defendant,5501,5459,40,5301,1262,107,569,667,2696
2013-12,ALL,Defendant,5398,5487,41,5101,1230,112,570,831,2358
2014-01,ALL,Defendant,5835,5729,62,5321,1391,132,640,803,2355
2014-02,ALL,Defendant,5271,5281,41,5654,1507,141,688,679,2639
2014-03,ALL,Defendant,5955,6045,107,7673,2113,176,1185,1017,3182
2014-04,ALL,Defendant,6472,6277,48,5546,1318,171,592,873,2592
2014-05,ALL,Defendant,6148,5946,62,5484,1317,133,604,706,2724
2014-06,ALL,Defendant,6339,6157,42,5693,1473,151,631,882,2556
2014-07,ALL,Defendant,6014,5898,59,5757,1610,121,651,663,2712
2014-08,ALL,Defendant,5890,5774,47,5688,1723,127,678,810,2350
2014-09,ALL,Defendant,6301,6042,100,6741,2100,123,1121,809,2588
2014-10,ALL,Defendant,7865,7811,38,6617,1386,143,739,841,3508
2014-11,ALL,Defendant,8507,8929,29,4799,1122,121,634,605,2317
2014-12,ALL,Defendant,8195,8021,30,5278,1386,121,910,782,2079
2015-01,ALL,Defendant,7817,7571,61,6265,1621,153,1172,731,2588
2015-02,ALL,Defendant,7148,7024,48,7600,1673,119,1340,845,3623
2015-03,ALL,Defendant,7904,7576,60,9324,2504,158,2086,1150,3426
2015-04,ALL,Defendant,7347,7329,91,8577,1675,142,1716,1062,3982
2015-05,ALL,Defendant,6561,6820,77,7028,1546,156,1391,1075,2860
2015-06,ALL,Defendant,7485,7175,59,8634,1991,181,1596,1043,3823
2015-07,ALL,Defendant,7109,6974,73,7995,1792,142,1536,824,3701
2015-08,ALL,Defendant,6480,6310,57,7334,1874,115,1292,715,3338
2015-09,ALL,Defendant,6334,6346,77,12636,2332,135,1547,893,7729
2015-10,ALL,Defendant,7175,6669,53,6725,1758,113,1323,1003,2528
2015-11,ALL,Defendant,5959,5876,52,5788,1567,130,977,919,2195
2015-12,ALL,Defendant,6117,5974,49,5943,1547,141,967,691,2597
2016-01,ALL,Defendant,5673,5493,56,5877,1536,104,963,712,2562
2016-02,ALL,Defendant,6157,5986,54,6070,1777,144,934,576,2639
2016-03,ALL,Defendant,6447,6392,76,7551,2448,147,1305,705,2946
2016-04,ALL,Defendant,6406,6121,59,5447,1365,143,877,678,2384
2016-05,ALL,Defendant,7256,7300,33,5713,1506,129,854,585,2639
2016-06,ALL,Defendant,13276,13737,42,6194,1492,170,936,806,2790
2016-07,ALL,Defendant,6237,5971,51,6525,1647,96,869,706,3207
2016-08,ALL,Defendant,7023,6668,37,7305,1995,142,1115,734,3319
2016-09,ALL,Defendant,5778,5761,71,6950,2152,132,1299,812,2555
2016-10,ALL,Defendant,5934,5648,31,5488,1410,117,751,740,2470
2016-11,ALL,Defendant,5206,5154,58,5059,1366,105,684,725,2179
2016-12,ALL,Defendant,5016,5042,27,5057,1348,115,746,714,2134
2017-01,ALL,Defendant,5347,5150,36,6012,1564,108,917,613,2810
2017-02,ALL,Defendant,5157,5131,32,5646,1655,124,769,669,2429
2017-03,ALL,Defendant,5809,5836,255,9178,2932,138,1390,1388,3330
2017-04,ALL,Defendant,5314,5057,44,5941,1599,98,704,1006,2534
2017-05,ALL,Defendant,5641,5666,69,5905,1783,129,708,994,2291
2017-06,ALL,Defendant,5554,5450,159,6002,1657,125,766,813,2641
2017-07,ALL,Defendant,4905,4888,29,5109,1442,96,811,803,1957
2017-08,ALL,Defendant,5447,5410,64,5963,1853,126,971,744,2269
2017-09,ALL,Defendant,4640,4530,189,6374,2025,118,1250,780,2201
2017-10,ALL,Defendant,4964,5011,101,4673,1300,122,725,684,1842
2017-11,ALL,Defendant,4646,4640,18,4738,1186,127,680,719,2026
2017-12,ALL,Defendant,4352,4380,17,4955,1044,129,682,633,2467
2018-01,ALL,Defendant,5384,5241,28,4828,1316,104,860,711,1837
2018-02,ALL,Defendant,4842,4766,23,5232,1392,111,734,665,2330
2018-03,ALL,Defendant,5379,5176,41,7182,2276,146,1230,855,2675
2018-04,ALL,Defendant,5154,5059,45,4779,1141,107,720,750,2061
2018-05,ALL,Defendant,5367,5425,28,5108,1269,130,715,710,2284
2018-06,ALL,Defendant,5151,5221,60,4895,1215,139,594,764,2183
2018-07,ALL,Defendant,5135,4937,16,5339,1285,105,755,760,2434
2018-08,ALL,Defendant,5349,5252,24,5614,1537,130,812,794,2341
2018-09,ALL,Defendant,4420,4214,44,6004,1946,106,949,582,2421
2018-10,ALL,Defendant,5228,5101,27,5068,1213,167,677,692,2319
2018-11,ALL,Defendant,4529,4675,41,4366,1104,116,611,775,1760
2018-12,ALL,Defendant,4146,4246,15,3453,910,95,583,491,1374
2019-01,ALL,Defendant,5301,5758,6,3556,1070,57,630,628,1171
2019-02,ALL,Defendant,5939,5476,22,5708,1412,97,907,672,2620
2019-03,ALL,Defendant,5963,5535,38,21831,2184,121,1388,802,17336
2019-04,ALL,Defendant,5714,5725,30,5436,1380,125,822,746,2363
2019-05,ALL,Defendant,5671,5711,18,5601,1335,150,802,700,2614
2019-06,ALL,Defendant,5013,5103,23,8928,1330,141,875,637,5945
2019-07,ALL,Defendant,5438,5238,37,5526,1464,142,830,683,2407
2019-08,ALL,Defendant,5485,5461,38,5804,1663,153,927,744,2317
2019-09,ALL,Defendant,5275,4940,72,6371,1987,124,1106,722,2432
2019-10,ALL,Defendant,5315,5435,71,5254,1074,138,686,1108,2248
2019-11,ALL,Defendant,4827,4915,62,3985,922,118,652,716,1577
2019-12,ALL,Defendant,4656,4597,45,4307,1044,141,709,716,1697
2020-01,ALL,Defendant,5593,5172,29,5723,1343,152,914,862,2452
2020-02,ALL,Defendant,4849,4669,42,5130,1290,124,934,765,2017
2020-03,ALL,Defendant,4381,4640,55,6025,1841,113,1142,660,2269
2020-04,ALL,Defendant,5420,6076,13,4325,1588,100,835,528,1274
2020-05,ALL,Defendant,6453,6809,14,4609,1858,109,813,497,1332
2020-06,ALL,Defendant,7242,7699,21,5286,2355,107,965,616,1243
2020-07,ALL,Defendant,7042,7040,16,5422,2245,124,956,577,1520
2020-08,ALL,Defendant,6701,6773,26,5899,2460,115,877,528,1919
2020-09,ALL,Defendant,6703,6500,46,5746,2589,112,980,669,1396
2020-10,ALL,Defendant,6557,6160,18,5861,2247,153,706,657,2098
2020-11,ALL,Defendant,5182,5232,19,4515,1902,116,656,525,1316
2020-12,ALL,Defendant,5781,5763,23,4745,2012,108,667,503,1455
2021-01,ALL,Defendant,5499,5208,27,4837,2061,130,647,542,1457
2021-02,ALL,Defendant,4811,4366,28,4663,1929,104,711,547,1372
2021-03,ALL,Defendant,5364,5196,67,6403,2806,170,1107,764,1556
2021-04,ALL,Defendant,4528,4344,27,4872,1872,111,663,669,1557
2021-05,ALL,Defendant,3964,3830,38,4547,1554,153,632,520,1688
2021-06,ALL,Defendant,4066,3942,24,4543,1590,117,610,660,1566
2021-07,ALL,Defendant,3804,3577,18,4765,1451,117,721,745,1731
2021-08,ALL,Defendant,3962,4081,34,6114,1544,184,797,741,2848
2021-09,ALL,Defendant,4145,4020,50,6884,1884,150,997,734,3119
2021-10,ALL,Defendant,4029,3885,32,5152,1262,120,672,790,2308
2021-11,ALL,Defendant,3766,3769,37,4591,1206,126,653,643,1963
2021-12,ALL,Defendant,3516,3587,16,4641,1117,126,646,710,2042
2022-01,ALL,Defendant,3999,4041,23,4806,1363,121,669,684,1969
2022-02,ALL,Defendant,3979,3784,31,4504,1375,102,748,646,1633
2022-03,ALL,Defendant,4608,4889,47,6394,2294,123,1105,784,2088
2022-04,ALL,Defendant,4442,4410,32,4650,1161,120,577,826,1966
2022-05,ALL,Defendant,4605,4524,33,4900,1118,127,585,806,2264
2022-06,ALL,Defendant,4910,4657,37,4832,1202,137,596,923,1974
2022-07,ALL,Defendant,4139,4146,22,4168,1307,104,598,924,1235
2022-08,ALL,Defendant,5233,5085,44,5446,1617,152,738,1028,1911
2022-09,ALL,Defendant,4760,4747,35,6285,2124,143,979,1007,2032
2022-10,ALL,Defendant,4759,4986,25,4225,981,97,445,1019,1683
2022-11,ALL,Defendant,4641,4808,30,4551,1109,131,424,1005,1882
2022-12,ALL,Defendant,4616,4778,21,3880,983,146,424,912,1415
2023-01,ALL,Defendant,5200,5210,24,5177,1270,131,582,1027,2167
2023-02,ALL,Defendant,5264,5118,15,4546,1137,114,603,929,1763
2023-03,ALL,Defendant,6753,6033,33,6267,1658,118,895,1136,2460
2023-04,ALL,Defendant,5142,4994,19,4644,1082,102,408,1126,1926
2023-05,ALL,Defendant,5504,5597,13,5000,1188,117,560,1341,1794
2023-06,ALL,Defendant,5529,5357,22,4891,1144,125,496,1295,1831
2023-07,ALL,Defendant,4934,4541,15,4722,1195,89,467,1246,1725
2023-08,ALL,Defendant,5497,5476,29,5515,1453,150,643,1337,1932
2023-09,ALL,Defendant,4759,4784,36,6235,1603,173,687,1242,2530
2023-10,ALL,Defendant,5390,5424,7,4727,987,162,425,1195,1958
2023-11,ALL,Defendant,7483,8092,15,4388,988,145,378,1036,1841
2023-12,ALL,Defendant,6640,6764,15,4641,1089,164,764,966,1658
2024-01,ALL,Defendant,7859,7950,16,6614,1594,197,1442,1093,2288
2024-02,ALL,Defendant,7428,7396,20,6636,1939,145,1387,1080,2085
2024-03,ALL,Defendant,7026,7026,42,7780,2389,186,1149,1270,2786
2024-04,ALL,Defendant,7148,7024,27,6519,2026,194,833,1335,2131
2024-05,ALL,Defendant,6579,6413,10,6211,1956,231,736,1302,1986
2024-06,ALL,Defendant,5170,5422,27,5323,1566,152,590,1075,1940
2024-07,ALL,Defendant,6358,6533,15,5814,1687,176,656,1318,1977
2024-08,ALL,Defendant,6232,6334,20,5720,1701,152,741,1278,1848
2024-09,ALL,Defendant,6023,5925,29,5954,1688,244,678,1263,2081
2024-10,ALL,Defendant,6202,6201,16,5031,1385,185,635,1320,1506
2024-11,ALL,Defendant,5616,5395,15,4102,1088,146,436,1022,1410
2024-12,ALL,Defendant,5642,5700,10,4303,1038,126,478,1090,1571
2025-01,ALL,Defendant,6059,6369,14,4925,1349,162,491,1195,1728
2025-02,ALL,Defendant,5693,5796,22,5045,1378,148,470,1274,1775
2025-03,ALL,Defendant,6539,6205,45,7306,1788,185,713,1524,3096
2025-04,ALL,Defendant,6635,6265,18,5568,1310,165,538,1293,2262
2025-05,ALL,Defendant,5903,6098,18,4822,1176,145,473,1236,1792
2025-06,ALL,Defendant,5832,5946,24,4332,1023,149,425,1165,1570
2025-07,ALL,Defendant,6384,6380,17,4869,1202,141,456,1224,1846
2025-08,ALL,Defendant,6297,6405,27,4786,1230,125,430,1128,1873
2025-09,ALL,Defendant,7075,7155,24,5097,1389,132,503,1114,1959
2025-10,ALL,Defendant,7733,8158,12,3926,930,53,447,933,1563
2025-11,ALL,Defendant,7930,7658,12,3442,659,53,432,655,1643
2025-12,ALL,Defendant,9026,9039,12,3875,897,73,741,775,1389
2026-01,ALL,Defendant,11051,11279,18,4304,1002,69,1228,706,1299
2026-02,ALL,Defendant,13216,12913,11,5281,1104,88,1640,683,1766
2026-03,ALL,Defendant,14693,14104,32,7344,1389,92,1763,785,3315
2026-04,ALL,Defendant,13924,12622,25,5173,1028,55,1277,691,2122
2026-05,ALL,Defendant,10620,7883,16,3167,668,41,660,408,1390
1994-10,Admiralty,Defendant,10,6,0,10,,,,,10
1994-11,Admiralty,Defendant,5,9,0,2,1,,,,1
1994-12,Admiralty,Defendant,13,12,0,5,,,,,5
1995-01,Admiralty,Defendant,19,17,0,12,1,,,,11
1995-02,Admiralty,Defendant,9,8,0,13,1,,,,12
1995-03,Admiralty,Defendant,13,13,0,16,,,,,16
1995-04,Admiralty,Defendant,8,10,1,19,,,1,,18
1995-05,Admiralty,Defendant,16,17,0,11,,,2,,9
1995-06,Admiralty,Defendant,7,2,0,5,1,,,,4
1995-07,Admiralty,Defendant,5,3,0,14,,,1,,13
1995-08,Admiralty,Defendant,8,7,0,17,2,,,,15
1995-09,Admiralty,Defendant,5,6,0,9,1,,,,8
1995-10,Admiralty,Defendant,7,8,0,11,,,1,,10
1995-11,Admiralty,Defendant,6,7,0,11,,,,,11
1995-12,Admiralty,Defendant,7,6,0,7,2,,1,,4
1996-01,Admiralty,Defendant,7,5,0,11,1,,,1,9
1996-02,Admiralty,Defendant,3,5,0,8,,,,,8
1996-03,Admiralty,Defendant,11,13,0,6,1,,,,5
1996-04,Admiralty,Defendant,10,9,0,9,1,,,,8
1996-05,Admiralty,Defendant,6,8,0,15,1,,4,,10
1996-06,Admiralty,Defendant,7,7,0,13,1,,,,12
1996-07,Admiralty,Defendant,8,10,0,13,,,,,13
1996-08,Admiralty,Defendant,9,7,0,4,1,,,,3
1996-09,Admiralty,Defendant,6,4,0,16,1,,1,,14
1996-10,Admiralty,Defendant,9,7,0,10,2,,1,,7
1996-11,Admiralty,Defendant,6,5,0,6,,,,,6
1996-12,Admiralty,Defendant,3,10,1,7,1,,,,6
1997-01,Admiralty,Defendant,16,12,0,14,4,,1,,9
1997-02,Admiralty,Defendant,6,3,0,14,,,1,1,12
1997-03,Admiralty,Defendant,6,7,0,7,,,,,7
1997-04,Admiralty,Defendant,5,3,0,5,,,,,5
1997-05,Admiralty,Defendant,4,3,0,6,,,1,,5
1997-06,Admiralty,Defendant,3,3,0,11,1,,,,10
1997-07,Admiralty,Defendant,1,5,0,19,1,,1,,17
1997-08,Admiralty,Defendant,4,7,0,9,2,,1,,6
1997-09,Admiralty,Defendant,12,8,1,8,,,1,,7
1997-10,Admiralty,Defendant,7,5,0,6,,,,,6
1997-11,Admiralty,Defendant,5,3,0,6,,,,,6
1997-12,Admiralty,Defendant,6,6,0,6,,,1,,5
1998-01,Admiralty,Defendant,3,4,0,0,,,,,
1998-02,Admiralty,Defendant,6,5,1,5,,,,,5
1998-03,Admiralty,Defendant,6,11,0,5,1,,,,4
1998-04,Admiralty,Defendant,13,9,0,8,,,1,2,5
1998-05,Admiralty,Defendant,5,8,0,8,,,,,8
1998-06,Admiralty,Defendant,8,4,0,11,2,,,1,8
1998-07,Admiralty,Defendant,7,11,0,8,,,,,8
1998-08,Admiralty,Defendant,8,7,0,6,,,,1,5
1998-09,Admiralty,Defendant,8,4,0,8,,1,,,7
1998-10,Admiralty,Defendant,7,8,0,5,,,,,5
1998-11,Admiralty,Defendant,4,8,0,8,2,,1,,5
1998-12,Admiralty,Defendant,5,1,0,11,2,1,1,,7
1999-01,Admiralty,Defendant,8,17,0,10,2,,1,,7
1999-02,Admiralty,Defendant,12,2,1,6,1,1,,,4
1999-03,Admiralty,Defendant,5,3,0,8,3,,,1,4
1999-04,Admiralty,Defendant,6,8,1,5,1,,1,,3
1999-05,Admiralty,Defendant,7,4,0,2,,,,,2
1999-06,Admiralty,Defendant,5,8,0,4,,1,,1,2
1999-07,Admiralty,Defendant,10,13,0,7,,,1,1,5
1999-08,Admiralty,Defendant,10,6,0,3,1,,,2,
1999-09,Admiralty,Defendant,4,4,0,8,1,,1,3,3
1999-10,Admiralty,Defendant,5,5,0,4,2,1,,1,
1999-11,Admiralty,Defendant,4,9,0,4,,1,,,3
1999-12,Admiralty,Defendant,9,10,0,3,,,2,,1
2000-01,Admiralty,Defendant,11,5,0,7,2,1,2,1,1
2000-02,Admiralty,Defendant,4,6,0,5,3,,,2,
2000-03,Admiralty,Defendant,13,14,0,15,,4,2,5,4
2000-04,Admiralty,Defendant,9,5,0,12,6,5,,,1
2000-05,Admiralty,Defendant,8,7,0,6,1,1,2,1,1
2000-06,Admiralty,Defendant,9,10,0,3,1,,,1,1
2000-07,Admiralty,Defendant,9,10,0,6,1,1,1,1,2
2000-08,Admiralty,Defendant,7,10,0,3,,,,2,1
2000-09,Admiralty,Defendant,8,3,1,12,3,4,,2,3
2000-10,Admiralty,Defendant,4,2,0,13,3,1,1,,8
2000-11,Admiralty,Defendant,6,3,0,13,,1,,,12
2000-12,Admiralty,Defendant,1,3,0,9,1,1,1,2,4
2001-01,Admiralty,Defendant,6,6,0,6,3,,1,2,
2001-02,Admiralty,Defendant,6,8,0,3,,,,2,1
2001-03,Admiralty,Defendant,6,6,0,6,,,,1,5
2001-04,Admiralty,Defendant,5,6,0,5,2,,,1,2
2001-05,Admiralty,Defendant,5,6,0,9,,1,,7,1
2001-06,Admiralty,Defendant,6,6,0,6,,3,1,,2
2001-07,Admiralty,Defendant,9,7,0,3,,,,1,2
2001-08,Admiralty,Defendant,4,5,0,6,1,1,,3,1
2001-09,Admiralty,Defendant,6,5,1,10,1,,,,9
2001-10,Admiralty,Defendant,3,4,0,7,1,3,1,1,1
2001-11,Admiralty,Defendant,4,5,0,2,1,,,,1
2001-12,Admiralty,Defendant,2,2,1,2,1,1,,,
2002-01,Admiralty,Defendant,6,6,0,8,1,2,1,1,3
2002-02,Admiralty,Defendant,5,4,0,6,2,3,,,1
2002-03,Admiralty,Defendant,2,3,0,4,1,3,,,
2002-04,Admiralty,Defendant,10,8,0,5,2,1,,1,1
2002-05,Admiralty,Defendant,4,4,0,9,5,,,1,3
2002-06,Admiralty,Defendant,3,4,0,5,3,,,,2
2002-07,Admiralty,Defendant,4,1,0,9,2,1,3,1,2
2002-08,Admiralty,Defendant,1,2,0,3,,3,,,
2002-09,Admiralty,Defendant,2,3,0,8,4,,,1,3
2002-10,Admiralty,Defendant,4,5,0,6,2,2,1,,1
2002-11,Admiralty,Defendant,3,2,0,2,,1,,,1
2002-12,Admiralty,Defendant,5,4,0,3,1,,1,,1
2003-01,Admiralty,Defendant,3,3,0,4,,3,,1,
2003-02,Admiralty,Defendant,3,1,0,4,1,2,,1,
2003-03,Admiralty,Defendant,4,4,0,4,2,,,,2
2003-04,Admiralty,Defendant,2,4,0,1,1,,,,
2003-05,Admiralty,Defendant,2,5,0,5,2,1,,1,1
2003-06,Admiralty,Defendant,5,6,0,7,2,,2,2,1
2003-07,Admiralty,Defendant,6,3,0,3,1,,1,1,
2003-08,Admiralty,Defendant,5,7,0,3,2,,,,1
2003-09,Admiralty,Defendant,6,6,0,9,2,4,,1,2
2003-10,Admiralty,Defendant,6,6,0,1,,,1,,
2003-11,Admiralty,Defendant,4,2,0,7,2,2,,1,2
2003-12,Admiralty,Defendant,5,5,0,8,1,4,1,,2
2004-01,Admiralty,Defendant,9,13,0,2,,1,,1,
2004-02,Admiralty,Defendant,10,6,0,7,3,1,,1,2
2004-03,Admiralty,Defendant,3,4,0,3,,,,1,2
2004-04,Admiralty,Defendant,4,4,0,4,2,,,1,1
2004-05,Admiralty,Defendant,0,0,0,5,3,,,,2
2004-06,Admiralty,Defendant,1,2,0,3,,1,1,,1
2004-07,Admiralty,Defendant,4,4,0,4,,2,,,2
2004-08,Admiralty,Defendant,5,4,0,5,1,3,,1,
2004-09,Admiralty,Defendant,1,4,0,5,1,1,1,1,1
2004-10,Admiralty,Defendant,8,8,0,7,2,4,,,1
2004-11,Admiralty,Defendant,8,3,0,3,,2,,,1
2004-12,Admiralty,Defendant,6,5,1,5,1,2,,2,
2005-01,Admiralty,Defendant,0,1,0,6,4,1,,1,
2005-02,Admiralty,Defendant,2,2,0,3,1,1,1,,
2005-03,Admiralty,Defendant,3,6,0,7,2,2,,,3
2005-04,Admiralty,Defendant,4,2,0,3,2,,,,1
2005-05,Admiralty,Defendant,11,10,0,5,1,1,,1,2
2005-06,Admiralty,Defendant,3,3,0,2,,1,,1,
2005-07,Admiralty,Defendant,5,4,0,3,,1,,2,
2005-08,Admiralty,Defendant,4,5,0,5,,1,,3,1
2005-09,Admiralty,Defendant,2,5,0,1,,,,1,
2005-10,Admiralty,Defendant,7,7,0,2,1,,,,1
2005-11,Admiralty,Defendant,4,2,0,4,1,3,,,
2005-12,Admiralty,Defendant,3,5,0,3,1,,,2,
2006-01,Admiralty,Defendant,4,4,0,6,1,3,,1,1
2006-02,Admiralty,Defendant,6,2,0,4,,2,,,2
2006-03,Admiralty,Defendant,0,0,0,1,1,,,,
2006-04,Admiralty,Defendant,3,3,0,6,,5,,,1
2006-05,Admiralty,Defendant,6,6,0,3,3,,,,
2006-06,Admiralty,Defendant,3,3,0,6,,3,,1,2
2006-07,Admiralty,Defendant,3,2,0,4,,1,,2,1
2006-08,Admiralty,Defendant,2,6,0,2,,,,1,1
2006-09,Admiralty,Defendant,5,3,0,5,1,2,1,1,
2006-10,Admiralty,Defendant,4,6,0,5,,4,,1,
2006-11,Admiralty,Defendant,4,4,1,6,1,1,,2,2
2006-12,Admiralty,Defendant,3,3,0,5,,2,,2,1
2007-01,Admiralty,Defendant,4,4,0,8,1,6,,,1
2007-02,Admiralty,Defendant,4,3,0,2,,2,,,
2007-03,Admiralty,Defendant,10,8,0,3,1,1,,,1
2007-04,Admiralty,Defendant,2,2,0,4,1,2,,,1
2007-05,Admiralty,Defendant,6,4,0,4,1,1,,2,
2007-06,Admiralty,Defendant,4,3,0,2,,,,2,
2007-07,Admiralty,Defendant,4,5,0,3,1,1,,1,
2007-08,Admiralty,Defendant,2,3,0,4,1,2,,1,
2007-09,Admiralty,Defendant,0,2,0,2,,1,,,1
2007-10,Admiralty,Defendant,3,3,0,6,1,,1,,4
2007-11,Admiralty,Defendant,1,3,0,4,,3,,,1
2007-12,Admiralty,Defendant,1,0,0,3,,1,,,2
2008-01,Admiralty,Defendant,2,5,0,7,4,,,1,2
2008-02,Admiralty,Defendant,3,2,0,4,,3,,1,
2008-03,Admiralty,Defendant,6,5,0,4,,,2,1,1
2008-04,Admiralty,Defendant,5,1,0,5,2,1,,1,1
2008-05,Admiralty,Defendant,2,1,0,4,1,,1,1,1
2008-06,Admiralty,Defendant,1,2,0,7,3,1,,1,2
2008-07,Admiralty,Defendant,3,2,0,5,2,1,,,2
2008-08,Admiralty,Defendant,1,3,0,1,,,,1,
2008-09,Admiralty,Defendant,2,2,1,4,2,,,1,1
2008-10,Admiralty,Defendant,2,1,0,3,,1,,1,1
2008-11,Admiralty,Defendant,0,1,0,4,1,1,,,2
2008-12,Admiralty,Defendant,2,1,0,2,,1,,,1
2009-01,Admiralty,Defendant,4,1,0,3,,,,,3
2009-02,Admiralty,Defendant,0,1,0,5,1,,,1,3
2009-03,Admiralty,Defendant,2,3,0,2,1,1,,,
2009-04,Admiralty,Defendant,2,1,0,1,1,,,,
2009-05,Admiralty,Defendant,1,1,0,1,,,,,1
2009-06,Admiralty,Defendant,2,2,0,4,3,,,,1
2009-07,Admiralty,Defendant,2,2,0,3,,,,,3
2009-08,Admiralty,Defendant,2,3,0,2,,,,,2
2009-09,Admiralty,Defendant,2,1,0,3,,1,,,2
2009-10,Admiralty,Defendant,3,3,0,2,,,,,2
2009-11,Admiralty,Defendant,1,1,0,0,,,,,
2009-12,Admiralty,Defendant,2,2,0,2,1,1,,,
2010-01,Admiralty,Defendant,1,0,0,0,,,,,
2010-02,Admiralty,Defendant,4,4,0,2,,,2,,
2010-03,Admiralty,Defendant,2,1,0,2,1,,,,1
2010-04,Admiralty,Defendant,1,2,0,1,,,,1,
2010-05,Admiralty,Defendant,2,3,0,2,1,,,,1
2010-06,Admiralty,Defendant,3,2,0,1,,,,1,
2010-07,Admiralty,Defendant,3,3,0,3,,,,1,2
2010-08,Admiralty,Defendant,1,1,0,4,2,,,1,1
2010-09,Admiralty,Defendant,2,2,0,3,,2,,1,
2010-10,Admiralty,Defendant,0,1,0,4,1,,,1,2
2010-11,Admiralty,Defendant,3,3,0,0,,,,,
2010-12,Admiralty,Defendant,1,4,0,1,,,,,1
2011-01,Admiralty,Defendant,5,1,0,1,,1,,,
2011-02,Admiralty,Defendant,1,2,0,4,,2,,1,1
2011-03,Admiralty,Defendant,2,2,0,3,1,,,1,1
2011-04,Admiralty,Defendant,4,3,0,1,1,,,,
2011-05,Admiralty,Defendant,2,3,0,0,,,,,
2011-06,Admiralty,Defendant,2,0,0,0,,,,,
2011-07,Admiralty,Defendant,4,3,0,4,1,1,1,,1
2011-08,Admiralty,Defendant,1,3,0,4,,2,,2,
2011-09,Admiralty,Defendant,5,4,0,0,,,,,
2011-10,Admiralty,Defendant,0,4,0,2,,,,1,1
2011-11,Admiralty,Defendant,5,1,0,2,1,,,,1
2011-12,Admiralty,Defendant,3,3,0,5,,2,2,,1
2012-01,Admiralty,Defendant,1,2,0,1,,,,,1
2012-02,Admiralty,Defendant,3,4,1,4,2,,,,2
2012-03,Admiralty,Defendant,2,2,0,2,,,,1,1
2012-04,Admiralty,Defendant,2,3,0,4,2,1,,1,
2012-05,Admiralty,Defendant,2,1,0,3,1,1,,,1
2012-06,Admiralty,Defendant,2,2,0,6,1,1,,2,2
2012-07,Admiralty,Defendant,2,3,0,1,,,,,1
2012-08,Admiralty,Defendant,1,0,0,2,,,1,,1
2012-09,Admiralty,Defendant,0,1,0,0,,,,,
2012-10,Admiralty,Defendant,5,3,0,2,,1,,,1
2012-11,Admiralty,Defendant,1,4,0,4,,2,1,,1
2012-12,Admiralty,Defendant,5,5,0,1,,1,,,
2013-01,Admiralty,Defendant,3,3,0,4,1,1,,,2
2013-02,Admiralty,Defendant,2,1,0,2,,,,1,1
2013-03,Admiralty,Defendant,5,3,0,2,1,,,1,
2013-04,Admiralty,Defendant,1,2,0,3,1,,,,2
2013-05,Admiralty,Defendant,2,1,0,3,2,,,,1
2013-06,Admiralty,Defendant,3,4,0,2,,1,,1,
2013-07,Admiralty,Defendant,2,1,0,1,,1,,,
2013-08,Admiralty,Defendant,1,1,0,1,1,,,,
2013-09,Admiralty,Defendant,3,3,0,4,,1,1,,2
2013-10,Admiralty,Defendant,2,1,0,1,,,,,1
2013-11,Admiralty,Defendant,0,1,0,2,1,,,,1
2013-12,Admiralty,Defendant,3,5,0,1,,,,1,
2014-01,Admiralty,Defendant,4,3,0,2,,1,,1,
2014-02,Admiralty,Defendant,1,0,0,2,,1,,,1
2014-03,Admiralty,Defendant,1,0,0,1,,,,,1
2014-04,Admiralty,Defendant,0,0,0,3,1,,,1,1
2014-05,Admiralty,Defendant,1,1,0,4,1,,,3,
2014-06,Admiralty,Defendant,0,1,0,3,1,,1,1,
2014-07,Admiralty,Defendant,1,3,0,5,2,1,,,2
2014-08,Admiralty,Defendant,2,0,0,2,1,1,,,
2014-09,Admiralty,Defendant,4,3,0,0,,,,,
2014-10,Admiralty,Defendant,0,0,0,6,2,2,,1,1
2014-11,Admiralty,Defendant,2,5,0,0,,,,,
2014-12,Admiralty,Defendant,4,1,0,0,,,,,
2015-01,Admiralty,Defendant,1,2,0,2,,1,,,1
2015-02,Admiralty,Defendant,1,0,0,2,1,,,,1
2015-03,Admiralty,Defendant,0,1,0,0,,,,,
2015-04,Admiralty,Defendant,0,0,0,1,,1,,,
2015-06,Admiralty,Defendant,1,2,0,3,1,1,,,1
2015-07,Admiralty,Defendant,3,2,0,2,2,,,,
2015-08,Admiralty,Defendant,1,3,0,1,,,,,1
2015-09,Admiralty,Defendant,4,3,0,2,1,1,,,
2015-10,Admiralty,Defendant,3,3,0,2,,1,,,1
2015-11,Admiralty,Defendant,2,0,0,3,,2,,1,
2015-12,Admiralty,Defendant,2,2,0,5,2,2,,1,
2016-01,Admiralty,Defendant,1,1,0,2,1,,,,1
2016-02,Admiralty,Defendant,0,1,0,0,,,,,
2016-03,Admiralty,Defendant,2,2,0,3,2,1,,,
2016-05,Admiralty,Defendant,0,0,0,1,,,,,1
2016-06,Admiralty,Defendant,1,2,0,1,,1,,,
2016-07,Admiralty,Defendant,3,2,0,2,,,1,1,
2016-08,Admiralty,Defendant,4,2,0,1,,1,,,
2016-09,Admiralty,Defendant,0,1,0,2,,,,1,1
2016-10,Admiralty,Defendant,0,0,0,3,,,,2,1
2016-11,Admiralty,Defendant,0,0,0,2,1,1,,,
2016-12,Admiralty,Defendant,0,1,0,2,,,,1,1
2017-01,Admiralty,Defendant,3,3,0,1,,,,,1
2017-02,Admiralty,Defendant,1,0,0,1,,1,,,
2017-03,Admiralty,Defendant,4,5,0,2,,1,,,1
2017-04,Admiralty,Defendant,4,2,0,2,,1,,1,
2017-05,Admiralty,Defendant,1,1,0,2,,,,1,1
2017-06,Admiralty,Defendant,1,1,0,0,,,,,
2017-07,Admiralty,Defendant,2,3,0,0,,,,,
2017-09,Admiralty,Defendant,1,0,0,0,,,,,
2017-10,Admiralty,Defendant,0,0,0,2,1,1,,,
2017-11,Admiralty,Defendant,0,1,0,1,,,,1,
2017-12,Admiralty,Defendant,1,0,0,0,,,,,
2018-01,Admiralty,Defendant,0,1,0,0,,,,,
2018-02,Admiralty,Defendant,1,0,0,2,,,,,2
2018-03,Admiralty,Defendant,0,1,0,0,,,,,
2018-04,Admiralty,Defendant,1,0,0,0,,,,,
2018-05,Admiralty,Defendant,0,0,0,3,2,,,1,
2018-06,Admiralty,Defendant,1,1,0,2,2,,,,
2018-07,Admiralty,Defendant,1,2,0,5,1,2,,1,1
2018-08,Admiralty,Defendant,1,0,0,2,,1,,1,
2018-09,Admiralty,Defendant,0,0,1,2,1,,,1,
2018-10,Admiralty,Defendant,1,1,0,0,,,,,
2018-12,Admiralty,Defendant,1,1,0,0,,,,,
2019-01,Admiralty,Defendant,0,1,0,1,,,,,1
2019-02,Admiralty,Defendant,1,0,0,0,,,,,
2019-03,Admiralty,Defendant,2,1,0,2,,1,1,,
2019-04,Admiralty,Defendant,0,0,0,1,,,,,1
2019-05,Admiralty,Defendant,0,2,0,0,,,,,
2019-06,Admiralty,Defendant,3,2,0,1,,1,,,
2019-07,Admiralty,Defendant,3,2,0,1,1,,,,
2019-08,Admiralty,Defendant,1,1,0,0,,,,,
2019-09,Admiralty,Defendant,3,4,0,0,,,,,
2019-10,Admiralty,Defendant,1,0,0,2,1,1,,,
2019-11,Admiralty,Defendant,1,1,0,0,,,,,
2019-12,Admiralty,Defendant,0,0,0,1,,1,,,
2020-01,Admiralty,Defendant,0,1,0,1,1,,,,
2020-02,Admiralty,Defendant,1,0,0,1,,1,,,
2020-03,Admiralty,Defendant,3,5,0,0,,,,,
2020-04,Admiralty,Defendant,2,1,0,1,1,,,,
2020-05,Admiralty,Defendant,1,1,0,0,,,,,
2020-06,Admiralty,Defendant,1,0,0,2,,1,,,1
2020-07,Admiralty,Defendant,3,3,0,2,,,,2,
2020-08,Admiralty,Defendant,1,1,0,0,,,,,
2020-09,Admiralty,Defendant,2,4,0,0,,,,,
2020-10,Admiralty,Defendant,2,1,0,1,1,,,,
2020-11,Admiralty,Defendant,1,2,0,2,,1,,1,
2020-12,Admiralty,Defendant,1,0,0,0,,,,,
2021-01,Admiralty,Defendant,1,0,0,0,,,,,
2021-03,Admiralty,Defendant,2,2,0,8,1,2,,3,2
2021-04,Admiralty,Defendant,2,2,0,0,,,,,
2021-05,Admiralty,Defendant,1,1,0,1,,1,,,
2021-06,Admiralty,Defendant,2,2,0,1,,1,,,
2021-07,Admiralty,Defendant,0,0,0,2,,,1,,1
2021-08,Admiralty,Defendant,0,0,0,3,,1,,1,1
2021-09,Admiralty,Defendant,3,5,0,1,,,,,1
2021-10,Admiralty,Defendant,2,0,0,0,,,,,
2021-11,Admiralty,Defendant,1,1,0,3,1,,,1,1
2021-12,Admiralty,Defendant,1,2,0,0,,,,,
2022-01,Admiralty,Defendant,2,1,0,0,,,,,
2022-02,Admiralty,Defendant,0,0,0,2,1,,,,1
2022-03,Admiralty,Defendant,0,0,0,1,,1,,,
2022-04,Admiralty,Defendant,1,1,0,0,,,,,
2022-05,Admiralty,Defendant,0,0,0,2,1,,,1,
2022-06,Admiralty,Defendant,1,2,0,3,,,,,3
2022-07,Admiralty,Defendant,3,2,0,0,,,,,
2022-08,Admiralty,Defendant,1,2,0,2,1,,,1,
2022-09,Admiralty,Defendant,3,2,0,3,,,,2,1
2022-10,Admiralty,Defendant,3,4,0,0,,,,,
2022-11,Admiralty,Defendant,2,2,0,2,,1,,,1
2022-12,Admiralty,Defendant,3,3,0,2,,2,,,
2023-01,Admiralty,Defendant,1,1,0,2,,1,,,1
2023-02,Admiralty,Defendant,0,0,0,2,,,1,1,
2023-03,Admiralty,Defendant,2,1,0,1,,,,1,
2023-04,Admiralty,Defendant,0,0,0,1,,,1,,
2023-05,Admiralty,Defendant,1,1,0,1,,1,,,
2023-06,Admiralty,Defendant,2,2,0,0,,,,,
2023-07,Admiralty,Defendant,0,1,0,0,,,,,
2023-08,Admiralty,Defendant,2,1,0,1,,,,,1
2023-09,Admiralty,Defendant,1,2,0,2,2,,,,
2023-10,Admiralty,Defendant,1,0,0,0,,,,,
2023-11,Admiralty,Defendant,1,2,0,3,2,,,,1
2023-12,Admiralty,Defendant,3,2,0,1,,,,1,
2024-01,Admiralty,Defendant,2,3,0,1,,1,,,
2024-02,Admiralty,Defendant,1,0,0,5,1,4,,,
2024-03,Admiralty,Defendant,1,2,0,3,2,1,,,
2024-05,Admiralty,Defendant,1,1,0,0,,,,,
2024-06,Admiralty,Defendant,0,0,0,3,,2,,1,
2024-07,Admiralty,Defendant,2,1,0,0,,,,,
2024-08,Admiralty,Defendant,1,3,0,2,1,,1,,
2024-09,Admiralty,Defendant,2,1,0,0,,,,,
2024-10,Admiralty,Defendant,2,2,0,0,,,,,
2024-11,Admiralty,Defendant,0,0,0,1,,,,,1
2025-01,Admiralty,Defendant,0,2,0,1,,,,,1
2025-02,Admiralty,Defendant,2,1,0,4,2,2,,,
2025-03,Admiralty,Defendant,4,2,0,0,,,,,
2025-04,Admiralty,Defendant,2,3,0,2,,1,,1,
2025-05,Admiralty,Defendant,1,1,0,3,,1,,2,
2025-07,Admiralty,Defendant,0,0,0,1,,1,,,
2025-08,Admiralty,Defendant,1,0,0,0,,,,,
2025-09,Admiralty,Defendant,1,1,0,1,,,,,1
2025-11,Admiralty,Defendant,1,1,0,0,,,,,
2025-12,Admiralty,Defendant,0,1,0,0,,,,,
2026-01,Admiralty,Defendant,2,1,0,1,,1,,,
2026-02,Admiralty,Defendant,0,0,0,1,,,,,1
2026-04,Admiralty,Defendant,3,3,0,0,,,,,
2026-05,Admiralty,Defendant,1,1,0,0,,,,,
1994-10,Asset Forfeiture,Defendant,1,1,0,0,,,,,
1994-11,Asset Forfeiture,Defendant,1,1,0,2,2,,,,
1994-12,Asset Forfeiture,Defendant,1,1,0,1,,,,,1
1995-02,Asset Forfeiture,Defendant,1,0,0,1,,,,,1
1995-04,Asset Forfeiture,Defendant,1,0,0,0,,,,,
1995-07,Asset Forfeiture,Defendant,0,1,0,0,,,,,
1995-09,Asset Forfeiture,Defendant,3,2,0,1,,,,,1
1995-11,Asset Forfeiture,Defendant,1,1,0,0,,,,,
1996-01,Asset Forfeiture,Defendant,1,1,0,0,,,,,
1996-03,Asset Forfeiture,Defendant,3,2,0,1,,,,,1
1996-04,Asset Forfeiture,Defendant,1,1,0,0,,,,,
1996-05,Asset Forfeiture,Defendant,2,3,0,2,2,,,,
1996-06,Asset Forfeiture,Defendant,3,1,0,1,1,,,,
1996-07,Asset Forfeiture,Defendant,1,2,0,0,,,,,
1996-09,Asset Forfeiture,Defendant,2,3,0,0,,,,,
1996-10,Asset Forfeiture,Defendant,1,2,0,0,,,,,
1996-11,Asset Forfeiture,Defendant,2,0,0,0,,,,,
1997-01,Asset Forfeiture,Defendant,2,2,0,3,,1,,,2
1997-02,Asset Forfeiture,Defendant,1,0,0,3,,1,,,2
1997-03,Asset Forfeiture,Defendant,2,1,0,1,,,1,,
1997-04,Asset Forfeiture,Defendant,2,0,0,0,,,,,
1997-05,Asset Forfeiture,Defendant,2,1,0,0,,,,,
1997-06,Asset Forfeiture,Defendant,2,1,0,0,,,,,
1997-07,Asset Forfeiture,Defendant,4,3,0,1,1,,,,
1997-08,Asset Forfeiture,Defendant,1,0,0,1,,,,,1
1997-09,Asset Forfeiture,Defendant,2,1,0,1,,1,,,
1997-10,Asset Forfeiture,Defendant,2,4,0,1,,,,,1
1997-11,Asset Forfeiture,Defendant,2,0,0,1,1,,,,
1997-12,Asset Forfeiture,Defendant,4,2,0,0,,,,,
1998-01,Asset Forfeiture,Defendant,1,0,0,0,,,,,
1998-02,Asset Forfeiture,Defendant,4,4,0,0,,,,,
1998-03,Asset Forfeiture,Defendant,2,2,0,1,,,,,1
1998-04,Asset Forfeiture,Defendant,2,4,0,1,,,,1,
1998-05,Asset Forfeiture,Defendant,4,3,0,2,,,,1,1
1998-06,Asset Forfeiture,Defendant,1,1,0,1,1,,,,
1998-07,Asset Forfeiture,Defendant,2,1,0,0,,,,,
1998-08,Asset Forfeiture,Defendant,7,4,0,0,,,,,
1998-09,Asset Forfeiture,Defendant,9,3,0,0,,,,,
1998-10,Asset Forfeiture,Defendant,4,7,0,2,,,,,2
1998-11,Asset Forfeiture,Defendant,13,4,0,1,1,,,,
1998-12,Asset Forfeiture,Defendant,12,4,0,1,,,,1,
1999-01,Asset Forfeiture,Defendant,11,2,0,2,,,,,2
1999-02,Asset Forfeiture,Defendant,18,9,0,0,,,,,
1999-03,Asset Forfeiture,Defendant,9,24,0,2,1,,,,1
1999-04,Asset Forfeiture,Defendant,9,14,0,1,,,,,1
1999-05,Asset Forfeiture,Defendant,12,4,0,3,2,,,,1
1999-06,Asset Forfeiture,Defendant,50,12,0,3,,1,,,2
1999-07,Asset Forfeiture,Defendant,17,17,0,1,,,,,1
1999-08,Asset Forfeiture,Defendant,9,11,0,5,1,,1,2,1
1999-09,Asset Forfeiture,Defendant,6,10,0,5,2,1,,,2
1999-10,Asset Forfeiture,Defendant,13,11,4,10,4,,1,1,4
1999-11,Asset Forfeiture,Defendant,11,7,2,11,6,,1,,4
1999-12,Asset Forfeiture,Defendant,9,4,1,14,6,,1,1,6
2000-01,Asset Forfeiture,Defendant,4,7,3,7,2,,,1,4
2000-02,Asset Forfeiture,Defendant,6,6,2,9,5,2,,1,1
2000-03,Asset Forfeiture,Defendant,7,5,5,13,8,1,,3,1
2000-04,Asset Forfeiture,Defendant,10,7,2,12,3,1,1,2,5
2000-05,Asset Forfeiture,Defendant,6,4,5,5,3,,,,2
2000-06,Asset Forfeiture,Defendant,7,9,2,4,3,,,,1
2000-07,Asset Forfeiture,Defendant,6,4,3,5,5,,,,
2000-08,Asset Forfeiture,Defendant,9,6,3,7,4,2,1,,
2000-09,Asset Forfeiture,Defendant,3,1,9,13,8,,,,5
2000-10,Asset Forfeiture,Defendant,7,5,8,7,3,1,,,3
2000-11,Asset Forfeiture,Defendant,5,6,2,3,3,,,,
2000-12,Asset Forfeiture,Defendant,7,7,3,33,3,,,,30
2001-01,Asset Forfeiture,Defendant,11,10,2,4,3,,,1,
2001-02,Asset Forfeiture,Defendant,7,4,2,7,3,,2,,2
2001-03,Asset Forfeiture,Defendant,12,8,0,6,3,,,1,2
2001-04,Asset Forfeiture,Defendant,7,5,1,4,1,,,,3
2001-05,Asset Forfeiture,Defendant,7,5,2,2,1,,,,1
2001-06,Asset Forfeiture,Defendant,6,7,4,8,2,1,1,3,1
2001-07,Asset Forfeiture,Defendant,10,6,0,6,3,1,,1,1
2001-08,Asset Forfeiture,Defendant,9,8,3,12,5,1,,2,4
2001-09,Asset Forfeiture,Defendant,5,3,5,8,2,1,,1,4
2001-10,Asset Forfeiture,Defendant,5,4,3,7,5,1,,1,
2001-11,Asset Forfeiture,Defendant,4,4,5,3,1,,,,2
2001-12,Asset Forfeiture,Defendant,6,3,3,2,1,,,1,
2002-01,Asset Forfeiture,Defendant,6,7,1,2,1,,,,1
2002-02,Asset Forfeiture,Defendant,6,4,4,8,5,,,1,2
2002-03,Asset Forfeiture,Defendant,9,5,4,8,4,1,,,3
2002-04,Asset Forfeiture,Defendant,9,5,5,10,3,1,,2,4
2002-05,Asset Forfeiture,Defendant,7,4,1,10,4,,,3,3
2002-06,Asset Forfeiture,Defendant,3,3,1,10,4,1,1,1,3
2002-07,Asset Forfeiture,Defendant,5,6,3,5,3,1,,,1
2002-08,Asset Forfeiture,Defendant,7,2,3,3,2,,,1,
2002-09,Asset Forfeiture,Defendant,5,3,5,8,3,,,2,3
2002-10,Asset Forfeiture,Defendant,6,5,1,3,1,,1,,1
2002-11,Asset Forfeiture,Defendant,5,1,2,1,,,,1,
2002-12,Asset Forfeiture,Defendant,4,2,6,5,4,,,1,
2003-01,Asset Forfeiture,Defendant,5,4,1,2,1,,,1,
2003-02,Asset Forfeiture,Defendant,4,2,1,4,4,,,,
2003-03,Asset Forfeiture,Defendant,7,4,1,2,,,,2,
2003-04,Asset Forfeiture,Defendant,0,2,1,0,,,,,
2003-05,Asset Forfeiture,Defendant,3,3,2,2,1,,,,1
2003-06,Asset Forfeiture,Defendant,5,3,0,5,3,,,,2
2003-07,Asset Forfeiture,Defendant,11,8,5,4,1,,,,3
2003-08,Asset Forfeiture,Defendant,7,6,1,3,,,1,,2
2003-09,Asset Forfeiture,Defendant,10,5,3,5,,,1,3,1
2003-10,Asset Forfeiture,Defendant,3,1,1,4,,,1,,3
2003-11,Asset Forfeiture,Defendant,10,13,0,3,2,,,,1
2003-12,Asset Forfeiture,Defendant,6,4,0,8,3,1,,2,2
2004-01,Asset Forfeiture,Defendant,3,1,0,4,3,,,,1
2004-02,Asset Forfeiture,Defendant,6,5,3,3,1,,,1,1
2004-03,Asset Forfeiture,Defendant,11,8,5,3,1,,,1,1
2004-04,Asset Forfeiture,Defendant,7,3,0,3,,,,,3
2004-05,Asset Forfeiture,Defendant,13,8,1,4,2,,,,2
2004-06,Asset Forfeiture,Defendant,6,5,4,6,1,,,1,4
2004-07,Asset Forfeiture,Defendant,5,9,3,8,3,,,,5
2004-08,Asset Forfeiture,Defendant,9,5,2,12,5,,2,1,4
2004-09,Asset Forfeiture,Defendant,7,7,1,10,6,1,,,3
2004-10,Asset Forfeiture,Defendant,11,2,0,3,,,1,1,1
2004-11,Asset Forfeiture,Defendant,4,4,2,9,7,,,1,1
2004-12,Asset Forfeiture,Defendant,6,3,1,3,2,,,,1
2005-01,Asset Forfeiture,Defendant,9,6,2,4,3,1,,,
2005-02,Asset Forfeiture,Defendant,7,2,0,4,2,,,,2
2005-03,Asset Forfeiture,Defendant,8,5,6,5,1,1,1,,2
2005-04,Asset Forfeiture,Defendant,7,4,1,6,2,,1,2,1
2005-05,Asset Forfeiture,Defendant,4,4,1,3,1,1,,1,
2005-06,Asset Forfeiture,Defendant,13,9,4,5,2,,,3,
2005-07,Asset Forfeiture,Defendant,7,9,2,0,,,,,
2005-08,Asset Forfeiture,Defendant,10,6,0,7,2,1,,1,3
2005-09,Asset Forfeiture,Defendant,4,6,4,10,,,1,2,7
2005-10,Asset Forfeiture,Defendant,8,10,0,5,2,1,,1,1
2005-11,Asset Forfeiture,Defendant,8,4,3,2,,,1,1,
2005-12,Asset Forfeiture,Defendant,4,3,4,3,2,,,1,
2006-01,Asset Forfeiture,Defendant,3,2,1,3,1,1,,,1
2006-02,Asset Forfeiture,Defendant,5,2,1,11,8,,,,3
2006-03,Asset Forfeiture,Defendant,5,2,4,8,6,,1,,1
2006-04,Asset Forfeiture,Defendant,3,5,1,5,3,,,1,1
2006-05,Asset Forfeiture,Defendant,7,5,1,4,4,,,,
2006-06,Asset Forfeiture,Defendant,9,9,2,3,2,,,,1
2006-07,Asset Forfeiture,Defendant,3,1,0,6,2,,,1,3
2006-08,Asset Forfeiture,Defendant,3,2,1,4,2,1,,,1
2006-09,Asset Forfeiture,Defendant,5,2,2,4,3,,,,1
2006-10,Asset Forfeiture,Defendant,4,4,2,3,2,,,1,
2006-11,Asset Forfeiture,Defendant,4,3,0,1,,,,1,
2006-12,Asset Forfeiture,Defendant,4,5,0,3,1,,,,2
2007-01,Asset Forfeiture,Defendant,3,3,2,2,2,,,,
2007-02,Asset Forfeiture,Defendant,2,1,2,0,,,,,
2007-03,Asset Forfeiture,Defendant,5,1,1,5,2,,,,3
2007-04,Asset Forfeiture,Defendant,5,2,0,3,1,,,,2
2007-05,Asset Forfeiture,Defendant,4,6,1,5,2,,,1,2
2007-06,Asset Forfeiture,Defendant,9,9,1,3,2,,,,1
2007-07,Asset Forfeiture,Defendant,7,6,1,5,1,1,,1,2
2007-08,Asset Forfeiture,Defendant,4,5,2,9,7,,,,2
2007-09,Asset Forfeiture,Defendant,5,5,1,7,2,,,1,4
2007-10,Asset Forfeiture,Defendant,6,5,0,3,1,,,,2
2007-11,Asset Forfeiture,Defendant,6,6,0,4,3,,,,1
2007-12,Asset Forfeiture,Defendant,9,4,3,1,1,,,,
2008-01,Asset Forfeiture,Defendant,7,8,0,5,,,1,,4
2008-02,Asset Forfeiture,Defendant,13,8,1,3,,,,1,2
2008-03,Asset Forfeiture,Defendant,6,7,1,10,6,,,1,3
2008-04,Asset Forfeiture,Defendant,12,7,1,9,5,1,,2,1
2008-05,Asset Forfeiture,Defendant,7,5,1,5,3,,,,2
2008-06,Asset Forfeiture,Defendant,5,4,1,3,1,,,1,1
2008-07,Asset Forfeiture,Defendant,4,3,2,5,2,,1,,2
2008-08,Asset Forfeiture,Defendant,2,1,2,2,1,,,,1
2008-09,Asset Forfeiture,Defendant,5,4,5,9,5,,,1,3
2008-10,Asset Forfeiture,Defendant,5,4,1,4,,,1,,3
2008-11,Asset Forfeiture,Defendant,4,4,0,5,,1,2,,2
2008-12,Asset Forfeiture,Defendant,6,2,1,8,4,1,1,1,1
2009-01,Asset Forfeiture,Defendant,2,4,2,2,1,,,,1
2009-02,Asset Forfeiture,Defendant,8,5,2,6,2,,,2,2
2009-03,Asset Forfeiture,Defendant,4,2,1,4,1,1,1,,1
2009-04,Asset Forfeiture,Defendant,8,3,5,4,1,,,,3
2009-05,Asset Forfeiture,Defendant,2,1,1,3,,1,,,2
2009-06,Asset Forfeiture,Defendant,4,5,2,4,1,,1,1,1
2009-07,Asset Forfeiture,Defendant,5,2,0,2,,,,1,1
2009-08,Asset Forfeiture,Defendant,6,5,3,1,1,,,,
2009-09,Asset Forfeiture,Defendant,5,2,0,5,2,1,,,2
2009-10,Asset Forfeiture,Defendant,3,4,0,7,3,,1,,3
2009-11,Asset Forfeiture,Defendant,6,6,2,5,3,1,,,1
2009-12,Asset Forfeiture,Defendant,6,5,0,2,,,,1,1
2010-01,Asset Forfeiture,Defendant,4,2,0,1,,,,1,
2010-02,Asset Forfeiture,Defendant,3,4,1,5,3,1,,,1
2010-03,Asset Forfeiture,Defendant,4,4,1,5,2,,,2,1
2010-04,Asset Forfeiture,Defendant,4,2,1,5,5,,,,
2010-05,Asset Forfeiture,Defendant,1,0,1,6,4,,,,2
2010-06,Asset Forfeiture,Defendant,7,2,1,6,1,,1,1,3
2010-07,Asset Forfeiture,Defendant,1,1,0,4,2,,,,2
2010-08,Asset Forfeiture,Defendant,3,3,1,0,,,,,
2010-09,Asset Forfeiture,Defendant,4,2,2,1,1,,,,
2010-10,Asset Forfeiture,Defendant,5,3,1,4,2,1,,1,
2010-11,Asset Forfeiture,Defendant,6,5,2,1,1,,,,
2010-12,Asset Forfeiture,Defendant,4,4,0,2,,,,,2
2011-01,Asset Forfeiture,Defendant,6,4,1,3,1,,1,,1
2011-02,Asset Forfeiture,Defendant,2,5,1,1,,1,,,
2011-03,Asset Forfeiture,Defendant,6,0,0,3,,,1,,2
2011-04,Asset Forfeiture,Defendant,6,4,0,6,3,1,1,1,
2011-05,Asset Forfeiture,Defendant,1,2,2,2,1,,,1,
2011-06,Asset Forfeiture,Defendant,11,7,2,5,,,1,1,3
2011-07,Asset Forfeiture,Defendant,5,3,2,5,3,,1,1,
2011-08,Asset Forfeiture,Defendant,3,1,1,5,1,,1,1,2
2011-09,Asset Forfeiture,Defendant,3,3,4,5,1,,,2,2
2011-10,Asset Forfeiture,Defendant,5,2,1,1,,,1,,
2011-11,Asset Forfeiture,Defendant,9,9,0,3,2,,,,1
2011-12,Asset Forfeiture,Defendant,1,0,2,5,3,,,,2
2012-01,Asset Forfeiture,Defendant,4,1,2,0,,,,,
2012-02,Asset Forfeiture,Defendant,6,3,3,3,2,,,,1
2012-03,Asset Forfeiture,Defendant,6,5,4,3,2,,1,,
2012-04,Asset Forfeiture,Defendant,7,7,1,4,1,,,1,2
2012-05,Asset Forfeiture,Defendant,2,3,0,7,5,,,,2
2012-06,Asset Forfeiture,Defendant,3,4,2,1,,1,,,
2012-07,Asset Forfeiture,Defendant,5,3,1,3,1,1,,,1
2012-08,Asset Forfeiture,Defendant,3,1,0,3,1,,,1,1
2012-09,Asset Forfeiture,Defendant,1,0,1,6,2,,1,,3
2012-10,Asset Forfeiture,Defendant,6,9,0,3,2,,,,1
2012-11,Asset Forfeiture,Defendant,6,8,1,2,,,,,2
2012-12,Asset Forfeiture,Defendant,5,3,0,4,2,,,,2
2013-01,Asset Forfeiture,Defendant,5,5,0,6,3,1,,,2
2013-02,Asset Forfeiture,Defendant,9,3,2,4,2,,,1,1
2013-03,Asset Forfeiture,Defendant,2,4,0,4,2,,1,,1
2013-04,Asset Forfeiture,Defendant,5,4,1,4,3,,,,1
2013-05,Asset Forfeiture,Defendant,4,1,0,4,3,,,1,
2013-06,Asset Forfeiture,Defendant,3,5,0,3,1,1,,1,
2013-07,Asset Forfeiture,Defendant,4,2,0,4,1,1,,,2
2013-08,Asset Forfeiture,Defendant,6,2,2,5,2,1,,1,1
2013-09,Asset Forfeiture,Defendant,9,4,0,2,2,,,,
2013-10,Asset Forfeiture,Defendant,5,2,2,4,2,,,1,1
2013-11,Asset Forfeiture,Defendant,9,9,1,2,,,,1,1
2013-12,Asset Forfeiture,Defendant,5,2,0,8,3,,1,,4
2014-01,Asset Forfeiture,Defendant,8,4,1,2,1,,,1,
2014-02,Asset Forfeiture,Defendant,5,4,1,3,1,,,,2
2014-03,Asset Forfeiture,Defendant,9,7,2,3,2,,,,1
2014-04,Asset Forfeiture,Defendant,7,5,2,3,1,1,,1,
2014-05,Asset Forfeiture,Defendant,5,6,4,6,3,2,,,1
2014-06,Asset Forfeiture,Defendant,9,3,1,4,1,,,1,2
2014-07,Asset Forfeiture,Defendant,12,12,2,5,1,2,,2,
2014-08,Asset Forfeiture,Defendant,9,12,1,4,1,,1,2,
2014-09,Asset Forfeiture,Defendant,6,4,0,10,6,1,,2,1
2014-10,Asset Forfeiture,Defendant,6,3,1,9,4,1,,,4
2014-11,Asset Forfeiture,Defendant,5,4,0,4,2,,,1,1
2014-12,Asset Forfeiture,Defendant,5,3,3,4,2,1,,1,
2015-01,Asset Forfeiture,Defendant,1,1,6,5,2,1,,1,1
2015-02,Asset Forfeiture,Defendant,5,4,0,4,2,,,1,1
2015-03,Asset Forfeiture,Defendant,6,6,0,5,3,,,1,1
2015-04,Asset Forfeiture,Defendant,7,7,8,3,1,,,,2
2015-05,Asset Forfeiture,Defendant,0,0,1,9,3,2,,3,1
2015-06,Asset Forfeiture,Defendant,5,6,1,2,1,,,1,
2015-07,Asset Forfeiture,Defendant,5,3,2,2,1,,1,,
2015-08,Asset Forfeiture,Defendant,0,0,3,1,,,,1,
2015-09,Asset Forfeiture,Defendant,3,4,2,5,1,2,,1,1
2015-10,Asset Forfeiture,Defendant,8,3,0,5,3,,,,2
2015-11,Asset Forfeiture,Defendant,4,3,2,6,2,2,,,2
2015-12,Asset Forfeiture,Defendant,2,1,1,3,,1,,1,1
2016-01,Asset Forfeiture,Defendant,1,4,0,1,,,,,1
2016-02,Asset Forfeiture,Defendant,2,1,0,2,,,,,2
2016-03,Asset Forfeiture,Defendant,5,3,3,6,2,,,2,2
2016-04,Asset Forfeiture,Defendant,4,4,1,4,1,,,1,2
2016-05,Asset Forfeiture,Defendant,5,2,0,3,,1,,2,
2016-06,Asset Forfeiture,Defendant,4,6,0,8,2,,,4,2
2016-07,Asset Forfeiture,Defendant,1,1,1,1,1,,,,
2016-08,Asset Forfeiture,Defendant,6,3,0,2,1,,,,1
2016-09,Asset Forfeiture,Defendant,4,1,2,8,2,1,,1,4
2016-10,Asset Forfeiture,Defendant,2,2,1,3,,1,1,1,
2016-11,Asset Forfeiture,Defendant,3,2,0,1,,,,1,
2016-12,Asset Forfeiture,Defendant,5,5,1,2,1,,,,1
2017-01,Asset Forfeiture,Defendant,3,3,2,3,1,,,1,1
2017-02,Asset Forfeiture,Defendant,4,3,0,3,,,1,1,1
2017-03,Asset Forfeiture,Defendant,4,2,2,3,1,1,,,1
2017-04,Asset Forfeiture,Defendant,2,1,0,2,1,,,,1
2017-05,Asset Forfeiture,Defendant,3,2,1,3,2,,,,1
2017-06,Asset Forfeiture,Defendant,1,0,1,7,2,1,,,4
2017-07,Asset Forfeiture,Defendant,2,1,0,0,,,,,
2017-08,Asset Forfeiture,Defendant,1,4,0,1,,,,1,
2017-09,Asset Forfeiture,Defendant,1,1,2,2,,,,2,
2017-10,Asset Forfeiture,Defendant,3,2,0,1,1,,,,
2017-11,Asset Forfeiture,Defendant,4,5,0,1,1,,,,
2017-12,Asset Forfeiture,Defendant,5,7,1,2,,1,,,1
2018-01,Asset Forfeiture,Defendant,8,2,1,3,1,,,,2
2018-02,Asset Forfeiture,Defendant,4,4,1,1,,,,1,
2018-03,Asset Forfeiture,Defendant,4,2,3,1,,1,,,
2018-04,Asset Forfeiture,Defendant,4,2,2,5,1,1,,1,2
2018-05,Asset Forfeiture,Defendant,1,0,2,3,1,,,,2
2018-06,Asset Forfeiture,Defendant,3,2,1,0,,,,,
2018-07,Asset Forfeiture,Defendant,3,2,0,1,1,,,,
2018-08,Asset Forfeiture,Defendant,3,3,0,1,,1,,,
2018-09,Asset Forfeiture,Defendant,5,2,2,2,,,,,2
2018-10,Asset Forfeiture,Defendant,4,3,1,4,1,,,2,1
2018-11,Asset Forfeiture,Defendant,4,1,3,2,,,,1,1
2018-12,Asset Forfeiture,Defendant,2,2,0,2,1,,1,,
2019-01,Asset Forfeiture,Defendant,4,2,1,2,1,,,,1
2019-02,Asset Forfeiture,Defendant,6,3,0,5,1,,,4,
2019-03,Asset Forfeiture,Defendant,6,1,0,6,3,1,,,2
2019-04,Asset Forfeiture,Defendant,4,3,1,1,1,,,,
2019-05,Asset Forfeiture,Defendant,3,3,1,1,,1,,,
2019-06,Asset Forfeiture,Defendant,9,4,1,0,,,,,
2019-07,Asset Forfeiture,Defendant,4,2,3,2,,,,1,1
2019-08,Asset Forfeiture,Defendant,5,2,2,5,2,,,1,2
2019-09,Asset Forfeiture,Defendant,3,4,2,3,1,,,1,1
2019-10,Asset Forfeiture,Defendant,6,5,2,2,,,,2,
2019-11,Asset Forfeiture,Defendant,3,3,1,2,1,,,,1
2019-12,Asset Forfeiture,Defendant,1,0,2,0,,,,,
2020-01,Asset Forfeiture,Defendant,7,2,1,1,1,,,,
2020-02,Asset Forfeiture,Defendant,0,0,2,4,2,,,1,1
2020-03,Asset Forfeiture,Defendant,5,3,1,3,1,,,1,1
2020-04,Asset Forfeiture,Defendant,8,3,0,4,2,,,2,
2020-05,Asset Forfeiture,Defendant,3,4,1,1,,1,,,
2020-06,Asset Forfeiture,Defendant,6,4,1,0,,,,,
2020-07,Asset Forfeiture,Defendant,3,2,1,0,,,,,
2020-08,Asset Forfeiture,Defendant,4,1,3,4,,1,,,3
2020-09,Asset Forfeiture,Defendant,1,3,3,4,2,,,,2
2020-10,Asset Forfeiture,Defendant,5,2,0,4,1,1,,1,1
2020-11,Asset Forfeiture,Defendant,4,2,1,3,2,,,1,
2020-12,Asset Forfeiture,Defendant,3,3,0,0,,,,,
2021-01,Asset Forfeiture,Defendant,5,5,1,2,,1,,,1
2021-02,Asset Forfeiture,Defendant,4,1,1,1,1,,,,
2021-03,Asset Forfeiture,Defendant,3,1,1,5,3,,,,2
2021-04,Asset Forfeiture,Defendant,5,9,0,2,1,,,1,
2021-05,Asset Forfeiture,Defendant,3,3,0,2,2,,,,
2021-06,Asset Forfeiture,Defendant,9,3,1,2,,,,1,1
2021-07,Asset Forfeiture,Defendant,4,2,0,1,,1,,,
2021-08,Asset Forfeiture,Defendant,6,2,0,5,4,,,1,
2021-09,Asset Forfeiture,Defendant,1,1,4,11,3,1,2,,5
2021-10,Asset Forfeiture,Defendant,4,5,0,1,,,,,1
2021-11,Asset Forfeiture,Defendant,7,3,1,2,,,,1,1
2021-12,Asset Forfeiture,Defendant,1,4,0,0,,,,,
2022-01,Asset Forfeiture,Defendant,9,3,1,4,1,,,,3
2022-02,Asset Forfeiture,Defendant,3,1,2,3,1,,,1,1
2022-03,Asset Forfeiture,Defendant,6,3,4,4,2,,,,2
2022-04,Asset Forfeiture,Defendant,10,2,4,1,1,,,,
2022-05,Asset Forfeiture,Defendant,2,1,2,2,,1,,,1
2022-06,Asset Forfeiture,Defendant,4,1,2,1,,,,,1
2022-07,Asset Forfeiture,Defendant,2,2,1,2,,,,1,1
2022-08,Asset Forfeiture,Defendant,4,0,2,5,2,,1,,2
2022-09,Asset Forfeiture,Defendant,1,1,0,2,,1,,,1
2022-10,Asset Forfeiture,Defendant,3,1,2,2,1,,,1,
2022-11,Asset Forfeiture,Defendant,3,1,2,1,,,,1,
2022-12,Asset Forfeiture,Defendant,3,1,0,1,,1,,,
2023-01,Asset Forfeiture,Defendant,1,2,1,1,,,,1,
2023-02,Asset Forfeiture,Defendant,0,0,1,1,1,,,,
2023-03,Asset Forfeiture,Defendant,2,3,3,2,1,,,,1
2023-04,Asset Forfeiture,Defendant,1,1,2,4,3,,,1,
2023-05,Asset Forfeiture,Defendant,2,1,0,1,1,,,,
2023-06,Asset Forfeiture,Defendant,1,1,1,1,1,,,,
2023-07,Asset Forfeiture,Defendant,5,2,0,1,1,,,,
2023-08,Asset Forfeiture,Defendant,5,4,0,4,,1,,,3
2023-09,Asset Forfeiture,Defendant,4,2,1,7,5,,,,2
2023-10,Asset Forfeiture,Defendant,3,3,1,1,,,,,1
2023-11,Asset Forfeiture,Defendant,3,0,4,2,,,,1,1
2023-12,Asset Forfeiture,Defendant,1,2,2,3,,1,,2,
2024-01,Asset Forfeiture,Defendant,2,2,1,1,,,,,1
2024-02,Asset Forfeiture,Defendant,4,1,0,3,,,,1,2
2024-03,Asset Forfeiture,Defendant,2,0,1,1,1,,,,
2024-04,Asset Forfeiture,Defendant,5,1,4,2,,,,2,
2024-05,Asset Forfeiture,Defendant,2,3,1,1,1,,,,
2024-06,Asset Forfeiture,Defendant,5,2,2,0,,,,,
2024-07,Asset Forfeiture,Defendant,5,5,1,1,,,,,1
2024-08,Asset Forfeiture,Defendant,3,0,1,2,2,,,,
2024-09,Asset Forfeiture,Defendant,3,1,0,2,,,,,2
2024-10,Asset Forfeiture,Defendant,4,2,0,2,,,,,2
2024-11,Asset Forfeiture,Defendant,1,0,1,1,,,,1,
2024-12,Asset Forfeiture,Defendant,4,4,1,3,1,,,1,1
2025-01,Asset Forfeiture,Defendant,4,2,0,1,1,,,,
2025-02,Asset Forfeiture,Defendant,1,2,1,0,,,,,
2025-03,Asset Forfeiture,Defendant,7,2,7,7,2,,,3,2
2025-04,Asset Forfeiture,Defendant,2,0,0,0,,,,,
2025-05,Asset Forfeiture,Defendant,2,1,0,2,1,,,1,
2025-06,Asset Forfeiture,Defendant,2,1,2,3,2,1,,,
2025-07,Asset Forfeiture,Defendant,4,4,2,1,1,,,,
2025-08,Asset Forfeiture,Defendant,1,0,0,0,,,,,
2025-09,Asset Forfeiture,Defendant,3,0,1,2,1,,,1,
2025-10,Asset Forfeiture,Defendant,2,2,0,1,,,,1,
2025-11,Asset Forfeiture,Defendant,2,2,1,0,,,,,
2025-12,Asset Forfeiture,Defendant,2,1,0,0,,,,,
2026-01,Asset Forfeiture,Defendant,3,1,0,1,,,,1,
2026-02,Asset Forfeiture,Defendant,4,2,1,0,,,,,
2026-03,Asset Forfeiture,Defendant,3,4,2,3,1,,,1,1
2026-04,Asset Forfeiture,Defendant,5,1,1,1,,,,,1
1994-10,Bankruptcy,Defendant,5,8,0,3,,,,,3
1994-11,Bankruptcy,Defendant,7,5,0,1,,,,,1
1994-12,Bankruptcy,Defendant,3,15,0,2,,,,,2
1995-01,Bankruptcy,Defendant,5,6,0,1,,,,,1
1995-02,Bankruptcy,Defendant,6,4,0,1,,,,1,
1995-03,Bankruptcy,Defendant,12,8,0,0,,,,,
1995-04,Bankruptcy,Defendant,4,6,0,2,,,,,2
1995-05,Bankruptcy,Defendant,4,6,0,4,1,,2,,1
1995-06,Bankruptcy,Defendant,6,10,0,1,,,,,1
1995-07,Bankruptcy,Defendant,3,8,0,1,,,,,1
1995-08,Bankruptcy,Defendant,3,8,0,0,,,,,
1995-09,Bankruptcy,Defendant,7,7,0,1,,,,,1
1995-10,Bankruptcy,Defendant,9,9,0,2,,,,,2
1995-11,Bankruptcy,Defendant,6,11,0,5,,,,,5
1995-12,Bankruptcy,Defendant,2,4,0,7,,,,,7
1996-01,Bankruptcy,Defendant,6,13,0,6,3,,,1,2
1996-02,Bankruptcy,Defendant,3,8,0,5,,,,,5
1996-03,Bankruptcy,Defendant,9,14,0,0,,,,,
1996-04,Bankruptcy,Defendant,11,16,0,1,1,,,,
1996-05,Bankruptcy,Defendant,8,17,0,2,,,,,2
1996-06,Bankruptcy,Defendant,9,13,0,0,,,,,
1996-07,Bankruptcy,Defendant,15,22,0,6,1,,,,5
1996-08,Bankruptcy,Defendant,18,19,0,8,1,1,,,6
1996-09,Bankruptcy,Defendant,18,17,0,6,,,,1,5
1996-10,Bankruptcy,Defendant,12,20,0,3,1,,,,2
1996-11,Bankruptcy,Defendant,11,20,0,5,2,,,,3
1996-12,Bankruptcy,Defendant,10,18,0,5,2,,,,3
1997-01,Bankruptcy,Defendant,18,19,0,6,1,,,,5
1997-02,Bankruptcy,Defendant,18,26,0,2,,,,,2
1997-03,Bankruptcy,Defendant,20,26,0,7,,,,,7
1997-04,Bankruptcy,Defendant,34,34,0,7,,,,,7
1997-05,Bankruptcy,Defendant,55,59,0,12,3,1,,,8
1997-06,Bankruptcy,Defendant,24,33,0,7,2,,1,1,3
1997-07,Bankruptcy,Defendant,46,47,0,19,7,,,,12
1997-08,Bankruptcy,Defendant,45,50,0,26,15,,,,11
1997-09,Bankruptcy,Defendant,104,90,0,49,28,1,1,,19
1997-10,Bankruptcy,Defendant,77,61,0,48,37,,2,1,8
1997-11,Bankruptcy,Defendant,52,41,0,47,33,,1,,13
1997-12,Bankruptcy,Defendant,43,50,0,58,43,,1,,14
1998-01,Bankruptcy,Defendant,32,36,0,37,23,,,,14
1998-02,Bankruptcy,Defendant,24,25,0,31,12,,,1,18
1998-03,Bankruptcy,Defendant,134,127,0,80,60,2,1,,17
1998-04,Bankruptcy,Defendant,119,119,0,93,69,1,2,3,18
1998-05,Bankruptcy,Defendant,44,41,0,69,52,,2,,15
1998-06,Bankruptcy,Defendant,94,97,0,73,55,,1,,17
1998-07,Bankruptcy,Defendant,80,88,0,85,54,,4,1,26
1998-08,Bankruptcy,Defendant,66,56,0,29,12,,3,,14
1998-09,Bankruptcy,Defendant,41,50,0,36,21,,1,1,13
1998-10,Bankruptcy,Defendant,59,63,0,28,6,1,1,3,17
1998-11,Bankruptcy,Defendant,58,52,0,32,10,1,1,2,18
1998-12,Bankruptcy,Defendant,53,62,0,31,9,1,1,,20
1999-01,Bankruptcy,Defendant,58,71,0,27,7,,3,1,16
1999-02,Bankruptcy,Defendant,58,66,0,19,6,,1,2,10
1999-03,Bankruptcy,Defendant,96,110,0,36,15,1,2,1,17
1999-04,Bankruptcy,Defendant,85,96,0,31,7,4,1,1,18
1999-05,Bankruptcy,Defendant,89,105,0,28,10,,3,2,13
1999-06,Bankruptcy,Defendant,120,135,0,39,5,3,9,3,19
1999-07,Bankruptcy,Defendant,171,162,0,43,10,2,5,,26
1999-08,Bankruptcy,Defendant,155,152,0,69,12,2,3,5,47
1999-09,Bankruptcy,Defendant,149,150,0,97,26,2,9,5,55
1999-10,Bankruptcy,Defendant,178,164,1,165,51,14,14,12,74
1999-11,Bankruptcy,Defendant,164,157,0,147,25,14,15,11,82
1999-12,Bankruptcy,Defendant,125,139,0,152,32,16,11,11,82
2000-01,Bankruptcy,Defendant,134,120,0,203,30,19,19,9,126
2000-02,Bankruptcy,Defendant,158,153,0,164,26,11,11,5,111
2000-03,Bankruptcy,Defendant,174,156,0,194,37,24,14,9,110
2000-04,Bankruptcy,Defendant,163,158,0,173,34,19,19,19,82
2000-05,Bankruptcy,Defendant,162,173,1,141,27,15,18,14,67
2000-06,Bankruptcy,Defendant,159,155,0,181,31,21,18,22,89
2000-07,Bankruptcy,Defendant,124,134,0,160,30,18,16,13,83
2000-08,Bankruptcy,Defendant,154,155,1,157,26,13,12,17,89
2000-09,Bankruptcy,Defendant,121,117,0,144,21,21,15,8,79
2000-10,Bankruptcy,Defendant,157,157,2,145,23,13,17,10,82
2000-11,Bankruptcy,Defendant,134,123,0,105,20,13,11,12,49
2000-12,Bankruptcy,Defendant,115,110,0,120,15,21,7,3,74
2001-01,Bankruptcy,Defendant,166,157,2,169,19,13,17,8,112
2001-02,Bankruptcy,Defendant,133,130,0,121,12,10,6,7,86
2001-03,Bankruptcy,Defendant,148,133,1,145,22,11,14,7,91
2001-04,Bankruptcy,Defendant,119,116,0,137,26,14,10,8,79
2001-05,Bankruptcy,Defendant,120,141,0,139,26,8,7,15,83
2001-06,Bankruptcy,Defendant,125,135,0,113,17,9,12,4,71
2001-07,Bankruptcy,Defendant,173,156,0,136,30,17,8,4,77
2001-08,Bankruptcy,Defendant,127,126,0,149,26,13,15,12,83
2001-09,Bankruptcy,Defendant,107,126,0,118,20,5,8,8,77
2001-10,Bankruptcy,Defendant,119,121,1,130,23,15,14,12,66
2001-11,Bankruptcy,Defendant,111,136,0,111,30,7,12,9,53
2001-12,Bankruptcy,Defendant,107,103,0,143,23,9,13,11,87
2002-01,Bankruptcy,Defendant,105,93,0,115,20,11,15,8,61
2002-02,Bankruptcy,Defendant,100,112,0,119,23,11,16,8,61
2002-03,Bankruptcy,Defendant,109,124,0,134,26,13,8,8,79
2002-04,Bankruptcy,Defendant,151,142,1,158,28,17,19,10,84
2002-05,Bankruptcy,Defendant,108,117,0,143,32,14,10,10,77
2002-06,Bankruptcy,Defendant,135,98,0,108,17,9,5,6,71
2002-07,Bankruptcy,Defendant,136,116,0,142,21,11,9,7,94
2002-08,Bankruptcy,Defendant,105,110,0,150,26,6,10,10,98
2002-09,Bankruptcy,Defendant,108,127,0,135,18,8,9,5,95
2002-10,Bankruptcy,Defendant,138,120,0,128,22,15,15,10,66
2002-11,Bankruptcy,Defendant,120,115,0,100,18,12,9,6,55
2002-12,Bankruptcy,Defendant,105,102,0,118,20,22,10,6,60
2003-01,Bankruptcy,Defendant,117,105,0,110,21,8,10,5,66
2003-02,Bankruptcy,Defendant,81,104,0,102,17,19,5,4,57
2003-03,Bankruptcy,Defendant,95,107,1,114,24,11,6,12,61
2003-04,Bankruptcy,Defendant,128,125,0,111,18,12,14,5,62
2003-05,Bankruptcy,Defendant,117,116,0,99,18,11,6,8,56
2003-06,Bankruptcy,Defendant,115,112,0,121,26,10,16,7,62
2003-07,Bankruptcy,Defendant,115,115,0,113,17,8,10,14,64
2003-08,Bankruptcy,Defendant,131,105,0,98,14,17,9,11,47
2003-09,Bankruptcy,Defendant,98,97,0,134,19,16,11,9,79
2003-10,Bankruptcy,Defendant,112,102,0,129,16,14,13,14,72
2003-11,Bankruptcy,Defendant,84,92,0,94,25,7,6,8,48
2003-12,Bankruptcy,Defendant,85,91,0,104,19,12,9,9,55
2004-01,Bankruptcy,Defendant,119,114,0,103,18,8,7,12,58
2004-02,Bankruptcy,Defendant,105,92,1,96,15,12,13,11,45
2004-03,Bankruptcy,Defendant,106,119,0,170,28,14,11,10,107
2004-04,Bankruptcy,Defendant,99,91,0,97,8,14,16,9,50
2004-05,Bankruptcy,Defendant,93,90,0,104,19,11,9,6,59
2004-06,Bankruptcy,Defendant,142,142,0,109,23,11,20,7,48
2004-07,Bankruptcy,Defendant,133,135,0,99,25,8,11,12,43
2004-08,Bankruptcy,Defendant,164,152,0,110,19,10,12,10,59
2004-09,Bankruptcy,Defendant,159,159,0,152,45,13,16,9,69
2004-10,Bankruptcy,Defendant,164,156,0,132,47,7,20,6,52
2004-11,Bankruptcy,Defendant,137,146,0,140,38,13,21,5,63
2004-12,Bankruptcy,Defendant,117,125,0,105,29,5,12,10,49
2005-01,Bankruptcy,Defendant,123,123,1,108,26,8,19,10,45
2005-02,Bankruptcy,Defendant,92,92,1,100,27,12,15,5,41
2005-03,Bankruptcy,Defendant,103,100,2,196,79,15,12,8,82
2005-04,Bankruptcy,Defendant,99,107,0,141,50,16,14,9,52
2005-05,Bankruptcy,Defendant,111,109,0,138,46,6,15,10,61
2005-06,Bankruptcy,Defendant,124,139,0,104,27,8,18,7,44
2005-07,Bankruptcy,Defendant,114,111,0,104,24,10,15,5,50
2005-08,Bankruptcy,Defendant,95,122,0,132,20,13,23,12,64
2005-09,Bankruptcy,Defendant,156,146,0,137,22,13,17,6,79
2005-10,Bankruptcy,Defendant,155,212,0,103,19,9,15,7,53
2005-11,Bankruptcy,Defendant,148,128,0,116,16,14,31,4,51
2005-12,Bankruptcy,Defendant,123,148,0,127,16,11,28,11,61
2006-01,Bankruptcy,Defendant,183,163,0,147,19,21,20,14,73
2006-02,Bankruptcy,Defendant,148,132,0,145,30,13,14,13,75
2006-03,Bankruptcy,Defendant,131,105,0,152,19,13,15,13,92
2006-04,Bankruptcy,Defendant,80,50,0,98,16,7,6,8,61
2006-05,Bankruptcy,Defendant,74,73,0,88,16,9,5,9,49
2006-06,Bankruptcy,Defendant,87,64,0,107,13,7,8,7,72
2006-07,Bankruptcy,Defendant,55,58,1,72,7,3,7,7,48
2006-08,Bankruptcy,Defendant,71,50,0,110,20,15,8,6,61
2006-09,Bankruptcy,Defendant,58,65,0,141,14,11,11,4,101
2006-10,Bankruptcy,Defendant,57,40,0,68,7,7,7,9,38
2006-11,Bankruptcy,Defendant,51,53,0,68,10,9,11,4,34
2006-12,Bankruptcy,Defendant,56,48,0,47,6,5,1,3,32
2007-01,Bankruptcy,Defendant,55,59,0,74,14,,8,12,40
2007-02,Bankruptcy,Defendant,41,40,0,36,6,6,5,2,17
2007-03,Bankruptcy,Defendant,48,44,1,76,13,10,9,5,39
2007-04,Bankruptcy,Defendant,46,44,0,66,9,9,4,8,36
2007-05,Bankruptcy,Defendant,48,50,0,49,9,8,5,5,22
2007-06,Bankruptcy,Defendant,53,50,0,48,5,11,5,5,22
2007-07,Bankruptcy,Defendant,45,55,0,34,5,4,5,2,18
2007-08,Bankruptcy,Defendant,64,59,0,58,13,5,7,8,25
2007-09,Bankruptcy,Defendant,49,42,0,57,10,11,2,7,27
2007-10,Bankruptcy,Defendant,56,57,0,60,6,5,8,3,38
2007-11,Bankruptcy,Defendant,49,44,0,66,7,15,5,7,32
2007-12,Bankruptcy,Defendant,41,42,0,44,4,7,6,8,19
2008-01,Bankruptcy,Defendant,63,48,0,66,13,9,3,6,35
2008-02,Bankruptcy,Defendant,44,50,0,49,12,6,3,3,25
2008-03,Bankruptcy,Defendant,59,60,0,57,8,15,7,3,24
2008-04,Bankruptcy,Defendant,63,59,0,74,18,7,7,4,38
2008-05,Bankruptcy,Defendant,48,43,0,56,12,5,6,4,29
2008-06,Bankruptcy,Defendant,51,48,0,50,4,5,7,3,31
2008-07,Bankruptcy,Defendant,49,57,0,61,9,5,6,6,35
2008-08,Bankruptcy,Defendant,53,51,0,56,9,4,7,6,30
2008-09,Bankruptcy,Defendant,56,64,1,87,12,19,1,4,51
2008-10,Bankruptcy,Defendant,56,53,1,61,8,13,1,2,37
2008-11,Bankruptcy,Defendant,46,67,0,52,9,6,2,,35
2008-12,Bankruptcy,Defendant,58,52,2,45,6,6,1,7,25
2009-01,Bankruptcy,Defendant,69,73,0,63,10,11,5,3,34
2009-02,Bankruptcy,Defendant,51,45,0,60,10,10,2,2,36
2009-03,Bankruptcy,Defendant,61,60,0,84,11,8,8,6,51
2009-04,Bankruptcy,Defendant,54,60,0,70,9,15,5,7,34
2009-05,Bankruptcy,Defendant,51,51,0,59,8,5,5,8,33
2009-06,Bankruptcy,Defendant,52,57,0,65,4,6,4,7,44
2009-07,Bankruptcy,Defendant,62,53,0,63,9,11,3,7,33
2009-08,Bankruptcy,Defendant,62,61,2,69,13,10,6,10,30
2009-09,Bankruptcy,Defendant,49,51,0,54,6,6,,7,35
2009-10,Bankruptcy,Defendant,53,61,0,58,11,11,3,7,26
2009-11,Bankruptcy,Defendant,61,57,0,70,16,5,4,5,40
2009-12,Bankruptcy,Defendant,72,60,0,66,19,9,6,3,29
2010-01,Bankruptcy,Defendant,56,64,0,70,10,5,3,10,42
2010-02,Bankruptcy,Defendant,74,66,0,58,9,3,7,7,32
2010-03,Bankruptcy,Defendant,56,65,0,87,16,13,5,7,46
2010-04,Bankruptcy,Defendant,80,72,0,60,8,8,1,6,37
2010-05,Bankruptcy,Defendant,61,72,0,50,12,5,6,5,22
2010-06,Bankruptcy,Defendant,82,82,0,56,6,3,6,3,38
2010-07,Bankruptcy,Defendant,71,71,0,60,8,9,4,5,34
2010-08,Bankruptcy,Defendant,71,75,1,78,14,10,7,6,41
2010-09,Bankruptcy,Defendant,84,82,0,69,5,7,4,11,42
2010-10,Bankruptcy,Defendant,73,71,1,64,11,3,6,6,38
2010-11,Bankruptcy,Defendant,62,71,0,70,8,5,8,13,36
2010-12,Bankruptcy,Defendant,66,69,0,47,7,8,7,9,16
2011-01,Bankruptcy,Defendant,76,69,2,72,8,4,9,8,43
2011-02,Bankruptcy,Defendant,73,71,0,73,10,4,5,5,49
2011-03,Bankruptcy,Defendant,70,73,1,92,10,4,2,5,71
2011-04,Bankruptcy,Defendant,62,82,1,66,13,2,4,11,36
2011-05,Bankruptcy,Defendant,70,71,0,65,9,4,4,11,37
2011-06,Bankruptcy,Defendant,93,93,0,57,10,5,2,8,32
2011-07,Bankruptcy,Defendant,67,62,0,84,12,8,12,9,43
2011-08,Bankruptcy,Defendant,92,79,0,86,22,3,5,8,48
2011-09,Bankruptcy,Defendant,95,94,1,80,13,9,2,13,43
2011-10,Bankruptcy,Defendant,77,75,0,71,5,4,13,15,34
2011-11,Bankruptcy,Defendant,64,67,0,67,3,9,4,8,43
2011-12,Bankruptcy,Defendant,65,62,0,80,19,3,8,9,41
2012-01,Bankruptcy,Defendant,76,83,0,70,14,6,9,7,34
2012-02,Bankruptcy,Defendant,64,81,0,73,15,5,7,8,38
2012-03,Bankruptcy,Defendant,95,97,0,92,16,11,7,6,52
2012-04,Bankruptcy,Defendant,98,86,0,90,18,7,5,5,55
2012-05,Bankruptcy,Defendant,70,88,0,79,15,8,4,7,45
2012-06,Bankruptcy,Defendant,80,72,0,84,12,13,8,11,40
2012-07,Bankruptcy,Defendant,66,70,0,85,14,7,12,5,47
2012-08,Bankruptcy,Defendant,81,86,0,95,24,7,8,8,48
2012-09,Bankruptcy,Defendant,68,71,1,58,9,6,11,10,22
2012-10,Bankruptcy,Defendant,83,90,0,75,9,8,5,7,46
2012-11,Bankruptcy,Defendant,78,78,0,72,12,8,4,9,39
2012-12,Bankruptcy,Defendant,83,66,0,73,10,9,9,8,37
2013-01,Bankruptcy,Defendant,78,70,0,82,12,12,11,4,43
2013-02,Bankruptcy,Defendant,56,62,0,67,10,2,5,6,44
2013-03,Bankruptcy,Defendant,79,79,0,82,11,11,6,9,45
2013-04,Bankruptcy,Defendant,67,80,0,72,10,11,5,9,37
2013-05,Bankruptcy,Defendant,96,97,0,83,18,5,10,9,41
2013-06,Bankruptcy,Defendant,81,78,0,76,14,6,10,10,36
2013-07,Bankruptcy,Defendant,94,106,0,85,12,10,10,9,44
2013-08,Bankruptcy,Defendant,95,90,0,89,15,7,10,7,50
2013-09,Bankruptcy,Defendant,81,67,0,67,9,3,4,8,43
2013-10,Bankruptcy,Defendant,84,99,0,76,5,12,6,18,35
2013-11,Bankruptcy,Defendant,79,66,0,89,14,5,10,6,54
2013-12,Bankruptcy,Defendant,75,55,0,73,8,9,5,9,42
2014-01,Bankruptcy,Defendant,80,72,0,75,12,5,7,11,40
2014-02,Bankruptcy,Defendant,66,98,0,61,9,5,8,8,31
2014-03,Bankruptcy,Defendant,75,74,0,107,13,5,6,14,69
2014-04,Bankruptcy,Defendant,91,122,0,64,10,5,4,5,40
2014-05,Bankruptcy,Defendant,139,153,0,93,13,6,6,8,60
2014-06,Bankruptcy,Defendant,167,139,0,91,11,9,9,6,56
2014-07,Bankruptcy,Defendant,112,121,1,93,8,7,2,7,69
2014-08,Bankruptcy,Defendant,117,86,0,126,11,8,23,14,70
2014-09,Bankruptcy,Defendant,99,98,1,111,13,15,5,11,67
2014-10,Bankruptcy,Defendant,117,104,0,97,11,4,3,17,62
2014-11,Bankruptcy,Defendant,94,103,0,75,10,5,3,19,38
2014-12,Bankruptcy,Defendant,101,92,0,91,13,10,4,14,50
2015-01,Bankruptcy,Defendant,98,102,0,114,22,9,2,13,68
2015-02,Bankruptcy,Defendant,87,101,1,80,10,6,5,17,42
2015-03,Bankruptcy,Defendant,106,102,0,110,9,19,1,21,60
2015-04,Bankruptcy,Defendant,83,70,0,115,11,8,1,15,80
2015-05,Bankruptcy,Defendant,88,99,0,97,17,14,1,10,55
2015-06,Bankruptcy,Defendant,117,101,0,114,17,15,3,16,63
2015-07,Bankruptcy,Defendant,73,86,0,112,7,14,3,12,76
2015-08,Bankruptcy,Defendant,89,87,0,94,8,7,6,17,56
2015-09,Bankruptcy,Defendant,87,95,0,102,6,6,1,20,69
2015-10,Bankruptcy,Defendant,83,76,0,85,11,4,2,20,48
2015-11,Bankruptcy,Defendant,87,73,0,80,6,11,4,10,49
2015-12,Bankruptcy,Defendant,82,72,0,93,12,10,7,16,48
2016-01,Bankruptcy,Defendant,55,61,0,119,10,3,8,41,57
2016-02,Bankruptcy,Defendant,85,75,0,83,7,10,5,12,49
2016-03,Bankruptcy,Defendant,71,66,0,98,12,12,3,11,60
2016-04,Bankruptcy,Defendant,73,73,0,54,4,7,4,7,32
2016-05,Bankruptcy,Defendant,58,61,0,78,4,12,5,9,48
2016-06,Bankruptcy,Defendant,60,67,0,61,2,4,3,7,45
2016-07,Bankruptcy,Defendant,68,58,0,65,14,4,2,10,35
2016-08,Bankruptcy,Defendant,68,67,0,71,14,4,1,4,48
2016-09,Bankruptcy,Defendant,63,67,0,72,6,3,1,14,48
2016-10,Bankruptcy,Defendant,69,59,2,56,9,5,2,5,35
2016-11,Bankruptcy,Defendant,66,73,0,69,14,6,3,8,38
2016-12,Bankruptcy,Defendant,65,60,0,63,7,8,,9,39
2017-01,Bankruptcy,Defendant,85,71,0,90,7,7,1,10,65
2017-02,Bankruptcy,Defendant,54,64,0,65,8,6,3,7,41
2017-03,Bankruptcy,Defendant,75,84,0,86,6,8,3,13,56
2017-04,Bankruptcy,Defendant,63,62,0,47,1,7,,9,30
2017-05,Bankruptcy,Defendant,82,84,0,67,6,4,3,12,42
2017-06,Bankruptcy,Defendant,74,68,0,74,8,9,,11,46
2017-07,Bankruptcy,Defendant,60,67,0,77,2,9,2,10,54
2017-08,Bankruptcy,Defendant,86,73,0,55,8,5,,4,38
2017-09,Bankruptcy,Defendant,56,56,0,85,5,3,1,15,61
2017-10,Bankruptcy,Defendant,81,79,0,75,10,7,1,7,50
2017-11,Bankruptcy,Defendant,66,66,0,53,8,5,4,9,27
2017-12,Bankruptcy,Defendant,43,55,0,54,3,4,,13,34
2018-01,Bankruptcy,Defendant,83,72,1,66,4,3,2,12,45
2018-02,Bankruptcy,Defendant,61,66,0,60,3,4,,9,44
2018-03,Bankruptcy,Defendant,77,68,0,103,8,10,,31,54
2018-04,Bankruptcy,Defendant,57,67,0,77,6,5,1,12,53
2018-05,Bankruptcy,Defendant,65,68,0,62,13,2,3,6,38
2018-06,Bankruptcy,Defendant,64,62,0,73,17,4,2,12,38
2018-07,Bankruptcy,Defendant,62,76,0,53,8,1,3,6,35
2018-08,Bankruptcy,Defendant,92,85,0,99,15,7,6,33,38
2018-09,Bankruptcy,Defendant,56,60,0,57,11,3,2,13,28
2018-10,Bankruptcy,Defendant,82,77,0,48,3,4,4,6,31
2018-11,Bankruptcy,Defendant,62,82,0,64,6,2,2,23,31
2018-12,Bankruptcy,Defendant,88,61,0,78,3,3,2,16,54
2019-01,Bankruptcy,Defendant,52,61,0,44,3,2,1,8,30
2019-02,Bankruptcy,Defendant,89,84,0,69,4,4,3,9,49
2019-03,Bankruptcy,Defendant,58,77,0,80,6,5,,16,53
2019-04,Bankruptcy,Defendant,56,76,0,83,5,12,3,7,56
2019-05,Bankruptcy,Defendant,84,77,0,72,5,5,1,19,42
2019-06,Bankruptcy,Defendant,66,68,0,83,4,1,3,9,66
2019-07,Bankruptcy,Defendant,79,69,1,63,9,7,2,5,40
2019-08,Bankruptcy,Defendant,67,88,0,65,8,1,1,3,52
2019-09,Bankruptcy,Defendant,111,126,0,91,8,4,5,5,69
2019-10,Bankruptcy,Defendant,149,145,0,79,6,7,3,8,55
2019-11,Bankruptcy,Defendant,122,131,0,69,6,4,,12,47
2019-12,Bankruptcy,Defendant,130,138,0,63,7,7,4,15,30
2020-01,Bankruptcy,Defendant,173,172,1,87,6,3,1,16,61
2020-02,Bankruptcy,Defendant,145,115,0,82,7,2,1,16,56
2020-03,Bankruptcy,Defendant,116,125,0,74,10,5,2,15,42
2020-04,Bankruptcy,Defendant,140,120,0,69,5,3,3,21,37
2020-05,Bankruptcy,Defendant,133,140,0,49,4,2,3,8,32
2020-06,Bankruptcy,Defendant,153,144,0,49,5,2,3,14,25
2020-07,Bankruptcy,Defendant,85,48,0,85,7,1,,10,67
2020-08,Bankruptcy,Defendant,58,62,0,64,9,5,,8,42
2020-09,Bankruptcy,Defendant,78,68,0,106,9,6,2,12,77
2020-10,Bankruptcy,Defendant,42,46,0,325,8,1,3,7,306
2020-11,Bankruptcy,Defendant,50,48,0,91,5,1,,5,80
2020-12,Bankruptcy,Defendant,47,46,0,179,1,2,1,3,172
2021-01,Bankruptcy,Defendant,49,41,0,132,6,1,2,6,117
2021-02,Bankruptcy,Defendant,38,42,0,130,6,1,2,5,116
2021-03,Bankruptcy,Defendant,61,58,0,59,8,4,5,9,33
2021-04,Bankruptcy,Defendant,48,36,0,54,4,,1,5,44
2021-05,Bankruptcy,Defendant,38,34,0,46,4,3,1,2,36
2021-06,Bankruptcy,Defendant,41,44,0,36,7,1,1,5,22
2021-07,Bankruptcy,Defendant,44,35,0,56,6,,2,4,44
2021-08,Bankruptcy,Defendant,29,33,0,37,2,,1,1,33
2021-09,Bankruptcy,Defendant,42,39,0,51,9,4,,2,36
2021-10,Bankruptcy,Defendant,29,27,0,35,8,1,1,4,21
2021-11,Bankruptcy,Defendant,29,34,0,31,,2,1,1,27
2021-12,Bankruptcy,Defendant,39,43,0,58,1,1,1,1,54
2022-01,Bankruptcy,Defendant,38,37,0,57,2,1,,1,53
2022-02,Bankruptcy,Defendant,27,35,0,34,3,,,5,26
2022-03,Bankruptcy,Defendant,34,40,0,45,3,3,,6,33
2022-04,Bankruptcy,Defendant,26,34,0,41,2,1,3,3,32
2022-05,Bankruptcy,Defendant,33,25,0,51,3,3,2,2,41
2022-06,Bankruptcy,Defendant,36,37,0,36,2,,1,4,29
2022-07,Bankruptcy,Defendant,30,34,0,28,2,1,,5,20
2022-08,Bankruptcy,Defendant,64,56,0,36,5,,,2,29
2022-09,Bankruptcy,Defendant,33,40,0,55,6,,,2,47
2022-10,Bankruptcy,Defendant,32,32,0,38,2,,,3,33
2022-11,Bankruptcy,Defendant,34,33,0,42,2,,1,25,14
2022-12,Bankruptcy,Defendant,35,59,0,26,2,,,3,21
2023-01,Bankruptcy,Defendant,82,60,0,53,3,3,1,3,43
2023-02,Bankruptcy,Defendant,56,63,0,32,4,,3,3,22
2023-03,Bankruptcy,Defendant,102,104,0,57,8,3,,2,44
2023-04,Bankruptcy,Defendant,65,69,0,38,4,3,1,3,27
2023-05,Bankruptcy,Defendant,79,89,0,39,7,2,2,5,23
2023-06,Bankruptcy,Defendant,93,102,0,52,2,2,5,3,40
2023-07,Bankruptcy,Defendant,106,82,0,54,1,2,2,6,43
2023-08,Bankruptcy,Defendant,102,121,0,54,2,1,,8,43
2023-09,Bankruptcy,Defendant,90,109,0,78,9,3,2,12,52
2023-10,Bankruptcy,Defendant,116,93,0,52,8,,1,6,37
2023-11,Bankruptcy,Defendant,96,113,0,40,5,4,4,8,19
2023-12,Bankruptcy,Defendant,109,105,0,56,4,1,4,9,38
2024-01,Bankruptcy,Defendant,129,109,0,64,5,1,1,4,53
2024-02,Bankruptcy,Defendant,129,134,0,84,5,3,6,11,59
2024-03,Bankruptcy,Defendant,139,151,0,97,7,3,9,7,71
2024-04,Bankruptcy,Defendant,142,139,0,87,9,4,5,12,57
2024-05,Bankruptcy,Defendant,164,166,0,133,2,14,19,16,82
2024-06,Bankruptcy,Defendant,114,126,0,81,5,4,10,7,55
2024-07,Bankruptcy,Defendant,148,140,0,111,6,6,12,8,79
2024-08,Bankruptcy,Defendant,146,138,0,122,7,10,9,13,83
2024-09,Bankruptcy,Defendant,170,155,0,124,4,6,10,14,90
2024-10,Bankruptcy,Defendant,147,158,0,115,1,4,12,22,76
2024-11,Bankruptcy,Defendant,132,173,0,95,4,10,11,20,50
2024-12,Bankruptcy,Defendant,180,172,0,108,3,7,22,10,66
2025-01,Bankruptcy,Defendant,173,184,0,189,8,20,32,31,98
2025-02,Bankruptcy,Defendant,144,150,0,127,2,8,11,13,93
2025-03,Bankruptcy,Defendant,165,138,0,126,3,7,15,23,78
2025-04,Bankruptcy,Defendant,116,128,0,138,5,10,36,21,66
2025-05,Bankruptcy,Defendant,118,130,0,136,4,4,42,19,67
2025-06,Bankruptcy,Defendant,146,153,0,120,6,8,19,18,69
2025-07,Bankruptcy,Defendant,180,192,0,125,5,9,19,9,83
2025-08,Bankruptcy,Defendant,205,195,0,146,5,6,25,13,97
2025-09,Bankruptcy,Defendant,178,158,1,123,3,4,29,12,75
2025-10,Bankruptcy,Defendant,205,185,0,107,6,3,13,8,77
2025-11,Bankruptcy,Defendant,148,145,0,68,1,2,4,10,51
2025-12,Bankruptcy,Defendant,173,182,0,77,2,4,9,7,55
2026-01,Bankruptcy,Defendant,183,169,0,81,2,3,12,10,54
2026-02,Bankruptcy,Defendant,217,197,0,105,4,10,9,9,73
2026-03,Bankruptcy,Defendant,255,216,1,119,3,9,15,14,78
2026-04,Bankruptcy,Defendant,206,208,0,137,11,6,17,12,91
2026-05,Bankruptcy,Defendant,221,126,0,45,2,4,4,8,27
1994-10,Civil Rights,Defendant,25,26,0,22,3,,,,19
1994-11,Civil Rights,Defendant,26,16,1,10,1,,,,9
1994-12,Civil Rights,Defendant,24,25,1,10,,,,,10
1995-01,Civil Rights,Defendant,15,21,1,10,,,,,10
1995-02,Civil Rights,Defendant,15,16,0,18,1,,1,,16
1995-03,Civil Rights,Defendant,35,39,0,19,,,,,19
1995-04,Civil Rights,Defendant,32,34,0,23,,,,,23
1995-05,Civil Rights,Defendant,38,42,1,21,1,,,,20
1995-06,Civil Rights,Defendant,40,32,1,27,5,,,,22
1995-07,Civil Rights,Defendant,33,30,0,32,3,,,,29
1995-08,Civil Rights,Defendant,33,22,4,26,2,,1,,23
1995-09,Civil Rights,Defendant,39,29,3,14,2,,,,12
1995-10,Civil Rights,Defendant,23,23,5,29,2,,,,27
1995-11,Civil Rights,Defendant,21,18,3,29,3,,,,26
1995-12,Civil Rights,Defendant,18,17,0,11,1,,,,10
1996-01,Civil Rights,Defendant,17,17,2,17,1,,2,,14
1996-02,Civil Rights,Defendant,23,21,1,27,6,,,,21
1996-03,Civil Rights,Defendant,25,22,1,22,,,1,,21
1996-04,Civil Rights,Defendant,23,20,2,16,,,,,16
1996-05,Civil Rights,Defendant,27,27,1,32,2,,,,30
1996-06,Civil Rights,Defendant,26,25,0,24,1,,1,,22
1996-07,Civil Rights,Defendant,29,31,1,20,2,,,,18
1996-08,Civil Rights,Defendant,25,26,0,20,4,,1,,15
1996-09,Civil Rights,Defendant,31,39,1,31,3,,,,28
1996-10,Civil Rights,Defendant,34,30,1,24,2,,,,22
1996-11,Civil Rights,Defendant,29,23,0,19,3,,,,16
1996-12,Civil Rights,Defendant,22,21,1,20,2,,,,18
1997-01,Civil Rights,Defendant,22,27,5,20,3,,,,17
1997-02,Civil Rights,Defendant,28,17,2,16,4,,,,12
1997-03,Civil Rights,Defendant,34,34,1,20,1,,,,19
1997-04,Civil Rights,Defendant,32,23,2,26,9,,,,17
1997-05,Civil Rights,Defendant,21,18,4,16,,,,,16
1997-06,Civil Rights,Defendant,15,17,0,39,5,,,,34
1997-07,Civil Rights,Defendant,25,23,1,27,4,,,,23
1997-08,Civil Rights,Defendant,28,32,2,37,1,,,,36
1997-09,Civil Rights,Defendant,24,16,0,25,5,,,,20
1997-10,Civil Rights,Defendant,29,31,3,19,1,,,,18
1997-11,Civil Rights,Defendant,14,19,1,12,1,,,,11
1997-12,Civil Rights,Defendant,21,19,1,14,2,,,,12
1998-01,Civil Rights,Defendant,26,17,0,6,,,,,6
1998-02,Civil Rights,Defendant,17,24,3,22,3,,,1,18
1998-03,Civil Rights,Defendant,20,31,1,22,1,,1,,20
1998-04,Civil Rights,Defendant,26,19,0,19,4,,,,15
1998-05,Civil Rights,Defendant,25,16,1,29,2,,,1,26
1998-06,Civil Rights,Defendant,26,24,1,14,1,,,,13
1998-07,Civil Rights,Defendant,19,18,0,33,3,,1,1,28
1998-08,Civil Rights,Defendant,16,18,1,20,1,,,,19
1998-09,Civil Rights,Defendant,15,14,1,27,3,,2,,22
1998-10,Civil Rights,Defendant,24,13,2,30,9,,,,21
1998-11,Civil Rights,Defendant,16,12,1,19,1,,1,1,16
1998-12,Civil Rights,Defendant,13,25,2,17,2,,,1,14
1999-01,Civil Rights,Defendant,25,14,0,25,1,2,,,22
1999-02,Civil Rights,Defendant,20,22,4,18,4,,,,14
1999-03,Civil Rights,Defendant,19,16,4,37,6,,,,31
1999-04,Civil Rights,Defendant,26,26,3,15,1,,,,14
1999-05,Civil Rights,Defendant,27,30,0,15,1,,1,,13
1999-06,Civil Rights,Defendant,24,29,0,20,5,1,,,14
1999-07,Civil Rights,Defendant,28,28,2,24,6,,,,18
1999-08,Civil Rights,Defendant,27,21,2,16,4,4,1,,7
1999-09,Civil Rights,Defendant,8,17,2,32,12,2,1,1,16
1999-10,Civil Rights,Defendant,23,33,1,18,4,2,1,1,10
1999-11,Civil Rights,Defendant,37,28,2,25,6,6,1,1,11
1999-12,Civil Rights,Defendant,51,30,2,11,4,1,1,2,3
2000-01,Civil Rights,Defendant,26,23,2,18,8,1,1,,8
2000-02,Civil Rights,Defendant,30,32,5,13,6,3,,1,3
2000-03,Civil Rights,Defendant,48,32,2,37,21,1,,4,11
2000-04,Civil Rights,Defendant,24,30,2,24,9,1,,3,11
2000-05,Civil Rights,Defendant,47,34,2,35,16,7,1,2,9
2000-06,Civil Rights,Defendant,37,29,0,35,16,4,,2,13
2000-07,Civil Rights,Defendant,31,28,0,27,7,2,,2,16
2000-08,Civil Rights,Defendant,30,27,0,31,14,2,1,2,12
2000-09,Civil Rights,Defendant,36,39,0,30,13,3,2,3,9
2000-10,Civil Rights,Defendant,42,29,1,34,12,5,,3,14
2000-11,Civil Rights,Defendant,32,32,1,28,12,2,,4,10
2000-12,Civil Rights,Defendant,28,27,2,24,8,2,1,2,11
2001-01,Civil Rights,Defendant,38,27,2,38,23,5,,3,7
2001-02,Civil Rights,Defendant,27,30,7,16,6,1,,3,6
2001-03,Civil Rights,Defendant,40,30,14,33,15,4,2,3,9
2001-04,Civil Rights,Defendant,22,22,3,26,10,3,1,4,8
2001-05,Civil Rights,Defendant,41,43,3,31,12,4,1,4,10
2001-06,Civil Rights,Defendant,20,19,2,28,11,1,,6,10
2001-07,Civil Rights,Defendant,30,31,1,27,12,3,1,2,9
2001-08,Civil Rights,Defendant,30,38,3,33,13,4,,2,14
2001-09,Civil Rights,Defendant,28,23,5,21,8,1,1,3,8
2001-10,Civil Rights,Defendant,38,29,1,37,16,5,,3,13
2001-11,Civil Rights,Defendant,24,30,3,21,6,4,,2,9
2001-12,Civil Rights,Defendant,21,29,1,21,6,2,,3,10
2002-01,Civil Rights,Defendant,28,19,1,15,4,2,,3,6
2002-02,Civil Rights,Defendant,30,25,0,24,8,3,,2,11
2002-03,Civil Rights,Defendant,32,23,2,31,15,3,1,3,9
2002-04,Civil Rights,Defendant,17,16,2,42,20,5,1,6,10
2002-05,Civil Rights,Defendant,29,26,3,29,7,3,1,5,13
2002-06,Civil Rights,Defendant,19,29,0,26,12,4,2,1,7
2002-07,Civil Rights,Defendant,30,30,2,26,9,3,,5,9
2002-08,Civil Rights,Defendant,25,23,1,45,13,,,3,29
2002-09,Civil Rights,Defendant,24,29,3,31,19,1,1,2,8
2002-10,Civil Rights,Defendant,31,25,1,27,14,4,,1,8
2002-11,Civil Rights,Defendant,20,25,0,27,12,3,1,2,9
2002-12,Civil Rights,Defendant,38,31,0,23,7,3,1,2,10
2003-01,Civil Rights,Defendant,27,23,0,32,15,5,,1,11
2003-02,Civil Rights,Defendant,25,22,0,28,11,2,1,1,13
2003-03,Civil Rights,Defendant,28,19,2,38,13,2,,4,19
2003-04,Civil Rights,Defendant,18,29,1,27,11,,1,2,13
2003-05,Civil Rights,Defendant,29,27,3,22,10,3,,2,7
2003-06,Civil Rights,Defendant,23,21,5,35,16,5,1,3,10
2003-07,Civil Rights,Defendant,26,30,1,47,24,2,2,4,15
2003-08,Civil Rights,Defendant,28,21,0,20,9,2,,2,7
2003-09,Civil Rights,Defendant,25,30,3,26,13,,,2,11
2003-10,Civil Rights,Defendant,24,27,0,31,16,2,1,1,11
2003-11,Civil Rights,Defendant,36,20,3,24,11,3,2,1,7
2003-12,Civil Rights,Defendant,28,27,0,33,20,2,,2,9
2004-01,Civil Rights,Defendant,29,30,1,19,9,3,1,2,4
2004-02,Civil Rights,Defendant,30,18,4,23,10,2,,1,10
2004-03,Civil Rights,Defendant,25,18,4,25,13,2,1,1,8
2004-04,Civil Rights,Defendant,21,24,0,11,6,,,3,2
2004-05,Civil Rights,Defendant,17,18,0,17,9,1,,3,4
2004-06,Civil Rights,Defendant,20,22,0,23,11,,,6,6
2004-07,Civil Rights,Defendant,26,21,0,19,9,1,,5,4
2004-08,Civil Rights,Defendant,37,26,1,27,9,3,,,15
2004-09,Civil Rights,Defendant,28,21,4,16,6,1,2,3,4
2004-10,Civil Rights,Defendant,23,30,2,24,11,4,,3,6
2004-11,Civil Rights,Defendant,26,25,2,15,10,1,,,4
2004-12,Civil Rights,Defendant,19,24,1,20,10,1,,1,8
2005-01,Civil Rights,Defendant,42,28,3,26,15,1,2,,8
2005-02,Civil Rights,Defendant,19,18,0,32,16,1,,4,11
2005-03,Civil Rights,Defendant,32,32,5,31,17,4,,2,8
2005-04,Civil Rights,Defendant,37,37,0,28,12,3,,4,9
2005-05,Civil Rights,Defendant,19,20,2,18,10,,,3,5
2005-06,Civil Rights,Defendant,28,31,1,43,16,6,1,2,18
2005-07,Civil Rights,Defendant,20,20,0,18,10,,,1,7
2005-08,Civil Rights,Defendant,33,31,3,37,15,2,,4,16
2005-09,Civil Rights,Defendant,25,20,2,29,19,2,,2,6
2005-10,Civil Rights,Defendant,24,25,1,26,13,,,3,10
2005-11,Civil Rights,Defendant,28,26,1,22,9,,1,3,9
2005-12,Civil Rights,Defendant,27,21,0,20,6,3,,,11
2006-01,Civil Rights,Defendant,22,27,1,35,18,1,,3,13
2006-02,Civil Rights,Defendant,20,17,2,24,11,2,1,,10
2006-03,Civil Rights,Defendant,30,30,4,27,17,1,,3,6
2006-04,Civil Rights,Defendant,30,26,1,18,11,,,3,4
2006-05,Civil Rights,Defendant,28,23,0,35,16,3,1,3,12
2006-06,Civil Rights,Defendant,18,29,2,24,9,2,,5,8
2006-07,Civil Rights,Defendant,26,20,0,26,19,,,3,4
2006-08,Civil Rights,Defendant,34,27,4,25,14,1,,3,7
2006-09,Civil Rights,Defendant,18,21,3,35,18,2,,6,9
2006-10,Civil Rights,Defendant,31,27,1,25,13,,,2,10
2006-11,Civil Rights,Defendant,23,30,1,18,7,1,,4,6
2006-12,Civil Rights,Defendant,26,26,1,26,11,5,,3,7
2007-01,Civil Rights,Defendant,30,26,0,23,13,1,,6,3
2007-02,Civil Rights,Defendant,20,18,0,16,10,,,3,3
2007-03,Civil Rights,Defendant,31,30,0,19,10,2,,1,6
2007-04,Civil Rights,Defendant,25,18,1,16,4,1,1,1,9
2007-05,Civil Rights,Defendant,28,24,0,27,18,1,,,8
2007-06,Civil Rights,Defendant,29,28,1,12,6,,,2,4
2007-07,Civil Rights,Defendant,19,21,2,19,9,1,,3,6
2007-08,Civil Rights,Defendant,21,24,1,26,8,3,,1,14
2007-09,Civil Rights,Defendant,20,15,2,19,8,1,1,1,8
2007-10,Civil Rights,Defendant,28,26,1,30,15,1,,3,11
2007-11,Civil Rights,Defendant,19,18,1,22,9,,,3,10
2007-12,Civil Rights,Defendant,23,22,0,21,9,1,,4,7
2008-01,Civil Rights,Defendant,26,21,3,31,17,3,,,11
2008-02,Civil Rights,Defendant,18,14,0,26,7,2,,4,13
2008-03,Civil Rights,Defendant,22,19,1,27,7,1,,6,13
2008-04,Civil Rights,Defendant,15,24,5,25,9,3,,2,11
2008-05,Civil Rights,Defendant,18,20,2,24,13,1,,1,9
2008-06,Civil Rights,Defendant,31,24,1,22,10,2,1,1,8
2008-07,Civil Rights,Defendant,18,17,2,24,15,,1,,8
2008-08,Civil Rights,Defendant,16,20,1,14,6,1,,3,4
2008-09,Civil Rights,Defendant,27,21,1,19,11,1,,1,6
2008-10,Civil Rights,Defendant,24,27,0,21,7,3,1,1,9
2008-11,Civil Rights,Defendant,16,12,0,13,3,,,5,5
2008-12,Civil Rights,Defendant,11,21,1,22,9,,,2,11
2009-01,Civil Rights,Defendant,20,14,0,21,11,,1,,9
2009-02,Civil Rights,Defendant,25,20,0,15,7,2,,2,4
2009-03,Civil Rights,Defendant,25,18,3,24,9,,,2,13
2009-04,Civil Rights,Defendant,13,14,1,21,5,3,,4,9
2009-05,Civil Rights,Defendant,16,15,0,15,8,1,,1,5
2009-06,Civil Rights,Defendant,10,26,0,14,6,1,,1,6
2009-07,Civil Rights,Defendant,22,21,0,19,9,1,,2,7
2009-08,Civil Rights,Defendant,22,13,2,26,9,,,2,15
2009-09,Civil Rights,Defendant,16,18,2,28,12,3,1,2,10
2009-10,Civil Rights,Defendant,22,16,1,37,9,18,,1,9
2009-11,Civil Rights,Defendant,15,24,0,17,5,1,,,11
2009-12,Civil Rights,Defendant,15,19,2,19,3,4,1,1,10
2010-01,Civil Rights,Defendant,21,12,2,19,8,2,,,9
2010-02,Civil Rights,Defendant,15,17,2,24,15,3,,1,5
2010-03,Civil Rights,Defendant,28,25,1,24,12,,,,12
2010-04,Civil Rights,Defendant,21,14,0,21,9,1,,1,10
2010-05,Civil Rights,Defendant,34,40,1,17,8,,,2,7
2010-06,Civil Rights,Defendant,41,34,0,20,9,1,,2,8
2010-07,Civil Rights,Defendant,21,22,2,31,16,3,,4,8
2010-08,Civil Rights,Defendant,29,22,0,19,7,2,,4,6
2010-09,Civil Rights,Defendant,24,16,4,21,8,,,5,8
2010-10,Civil Rights,Defendant,19,25,0,12,6,1,1,,4
2010-11,Civil Rights,Defendant,15,19,0,18,8,1,,1,8
2010-12,Civil Rights,Defendant,22,17,1,20,7,1,1,4,7
2011-01,Civil Rights,Defendant,21,25,0,19,9,1,,2,7
2011-02,Civil Rights,Defendant,23,21,0,14,5,,,2,7
2011-03,Civil Rights,Defendant,31,29,3,30,11,2,1,5,11
2011-04,Civil Rights,Defendant,27,27,2,27,9,,,3,15
2011-05,Civil Rights,Defendant,23,22,0,12,7,,,1,4
2011-06,Civil Rights,Defendant,22,16,2,33,11,1,,2,19
2011-07,Civil Rights,Defendant,11,20,2,15,8,,,3,4
2011-08,Civil Rights,Defendant,26,28,2,21,10,1,,1,9
2011-09,Civil Rights,Defendant,29,24,1,36,12,4,,5,15
2011-10,Civil Rights,Defendant,28,30,0,24,7,,,4,13
2011-11,Civil Rights,Defendant,27,25,0,20,9,1,,2,8
2011-12,Civil Rights,Defendant,27,16,1,23,8,2,,1,12
2012-01,Civil Rights,Defendant,20,24,1,26,9,4,,3,10
2012-02,Civil Rights,Defendant,33,24,0,24,12,,,2,10
2012-03,Civil Rights,Defendant,30,28,3,26,8,1,,2,15
2012-04,Civil Rights,Defendant,21,15,1,18,6,2,,1,9
2012-05,Civil Rights,Defendant,19,22,0,17,5,1,,3,8
2012-06,Civil Rights,Defendant,18,19,1,24,12,1,,1,10
2012-07,Civil Rights,Defendant,17,11,2,25,12,1,,3,9
2012-08,Civil Rights,Defendant,24,25,0,25,14,2,,1,8
2012-09,Civil Rights,Defendant,24,24,1,27,19,,,1,7
2012-10,Civil Rights,Defendant,33,23,1,17,7,2,,1,7
2012-11,Civil Rights,Defendant,22,22,0,8,4,,,1,3
2012-12,Civil Rights,Defendant,24,16,3,17,7,2,,1,7
2013-01,Civil Rights,Defendant,15,13,1,30,14,3,1,5,7
2013-02,Civil Rights,Defendant,11,10,1,25,15,2,,1,7
2013-03,Civil Rights,Defendant,12,16,0,30,15,2,,5,8
2013-04,Civil Rights,Defendant,27,24,5,19,7,1,1,1,9
2013-05,Civil Rights,Defendant,22,27,0,23,13,1,,,9
2013-06,Civil Rights,Defendant,11,17,0,20,6,1,,1,12
2013-07,Civil Rights,Defendant,21,11,0,29,15,2,,3,9
2013-08,Civil Rights,Defendant,16,21,0,18,8,,,3,7
2013-09,Civil Rights,Defendant,15,18,1,22,4,4,2,4,8
2013-10,Civil Rights,Defendant,21,19,0,11,5,,,3,3
2013-11,Civil Rights,Defendant,21,15,0,14,4,1,,1,8
2013-12,Civil Rights,Defendant,17,17,0,16,8,1,,,7
2014-01,Civil Rights,Defendant,16,17,1,20,5,2,3,3,7
2014-02,Civil Rights,Defendant,20,9,2,17,6,2,,4,5
2014-03,Civil Rights,Defendant,22,22,5,21,11,1,,1,8
2014-04,Civil Rights,Defendant,20,19,2,23,6,3,,1,13
2014-05,Civil Rights,Defendant,21,19,4,14,4,2,,,8
2014-06,Civil Rights,Defendant,18,15,0,25,14,,,3,8
2014-07,Civil Rights,Defendant,20,22,2,19,4,3,,6,6
2014-08,Civil Rights,Defendant,25,19,2,22,12,1,,3,6
2014-09,Civil Rights,Defendant,29,23,0,24,10,1,,1,12
2014-10,Civil Rights,Defendant,15,16,0,11,5,1,,2,3
2014-11,Civil Rights,Defendant,18,22,0,16,7,,1,5,3
2014-12,Civil Rights,Defendant,18,20,0,18,8,1,,4,5
2015-01,Civil Rights,Defendant,18,15,2,20,10,1,1,3,5
2015-02,Civil Rights,Defendant,17,16,3,15,9,,2,2,2
2015-03,Civil Rights,Defendant,34,21,2,21,12,,,3,6
2015-04,Civil Rights,Defendant,17,18,1,23,11,,,4,8
2015-05,Civil Rights,Defendant,19,19,1,15,6,3,,1,5
2015-06,Civil Rights,Defendant,18,26,0,18,7,1,,4,6
2015-07,Civil Rights,Defendant,25,22,0,30,9,3,2,3,13
2015-08,Civil Rights,Defendant,17,13,0,16,8,,,1,7
2015-09,Civil Rights,Defendant,16,20,1,18,9,,,4,5
2015-10,Civil Rights,Defendant,17,19,3,26,18,1,,2,5
2015-11,Civil Rights,Defendant,16,10,3,16,7,,,1,8
2015-12,Civil Rights,Defendant,18,17,3,18,10,,,4,4
2016-01,Civil Rights,Defendant,15,13,2,15,9,,,3,3
2016-02,Civil Rights,Defendant,21,18,0,37,30,,,1,6
2016-03,Civil Rights,Defendant,19,18,4,22,14,,,,8
2016-04,Civil Rights,Defendant,27,24,0,11,3,,,2,6
2016-05,Civil Rights,Defendant,24,23,2,7,4,,,2,1
2016-06,Civil Rights,Defendant,15,15,0,19,13,,1,3,2
2016-07,Civil Rights,Defendant,19,17,2,14,7,,,1,6
2016-08,Civil Rights,Defendant,21,16,1,22,8,2,,3,9
2016-09,Civil Rights,Defendant,25,30,1,20,12,2,,2,4
2016-10,Civil Rights,Defendant,11,13,0,22,11,,2,4,5
2016-11,Civil Rights,Defendant,16,18,0,11,5,1,,2,3
2016-12,Civil Rights,Defendant,22,18,0,15,7,,,2,6
2017-01,Civil Rights,Defendant,30,21,0,19,7,,,1,11
2017-02,Civil Rights,Defendant,21,24,0,26,11,,,5,10
2017-03,Civil Rights,Defendant,22,17,3,31,17,2,1,3,8
2017-04,Civil Rights,Defendant,22,19,2,16,7,1,,2,6
2017-05,Civil Rights,Defendant,14,12,1,17,9,1,,,7
2017-06,Civil Rights,Defendant,20,15,2,17,6,,,4,7
2017-07,Civil Rights,Defendant,21,22,2,25,16,2,1,,6
2017-08,Civil Rights,Defendant,16,18,3,22,11,,,4,7
2017-09,Civil Rights,Defendant,19,17,1,24,11,2,,2,9
2017-10,Civil Rights,Defendant,20,21,1,21,7,4,,2,8
2017-11,Civil Rights,Defendant,12,10,2,14,3,1,1,2,7
2017-12,Civil Rights,Defendant,15,20,0,9,6,,1,1,1
2018-01,Civil Rights,Defendant,18,18,0,16,9,3,1,,3
2018-02,Civil Rights,Defendant,17,6,2,9,6,,,1,2
2018-03,Civil Rights,Defendant,21,19,2,27,8,4,1,3,11
2018-04,Civil Rights,Defendant,19,17,0,11,2,1,,1,7
2018-05,Civil Rights,Defendant,16,14,1,13,3,,,5,5
2018-06,Civil Rights,Defendant,19,12,2,18,9,1,,2,6
2018-07,Civil Rights,Defendant,18,18,1,18,4,1,1,6,6
2018-08,Civil Rights,Defendant,22,18,0,28,12,2,1,6,7
2018-09,Civil Rights,Defendant,12,18,1,20,11,,1,3,5
2018-10,Civil Rights,Defendant,19,17,3,11,7,1,,2,1
2018-11,Civil Rights,Defendant,18,12,0,13,8,,1,2,2
2018-12,Civil Rights,Defendant,10,9,1,10,6,,1,1,2
2019-01,Civil Rights,Defendant,15,17,0,10,5,1,,1,3
2019-02,Civil Rights,Defendant,27,30,0,22,12,1,2,2,5
2019-03,Civil Rights,Defendant,18,16,2,20,9,2,,2,7
2019-04,Civil Rights,Defendant,24,21,0,25,12,1,,4,8
2019-05,Civil Rights,Defendant,22,19,1,11,8,,,2,1
2019-06,Civil Rights,Defendant,20,16,1,13,3,3,,2,5
2019-07,Civil Rights,Defendant,16,17,0,16,4,,,4,8
2019-08,Civil Rights,Defendant,22,21,0,17,8,,,2,7
2019-09,Civil Rights,Defendant,18,13,4,14,6,2,,1,5
2019-10,Civil Rights,Defendant,18,22,0,21,9,1,1,1,9
2019-11,Civil Rights,Defendant,20,18,0,18,7,,,5,6
2019-12,Civil Rights,Defendant,16,17,2,16,9,1,,3,3
2020-01,Civil Rights,Defendant,18,17,4,10,5,,,3,2
2020-02,Civil Rights,Defendant,15,14,0,16,8,2,,1,5
2020-03,Civil Rights,Defendant,19,19,1,16,5,1,,2,8
2020-04,Civil Rights,Defendant,19,23,0,24,9,2,,2,11
2020-05,Civil Rights,Defendant,16,13,1,15,7,,,3,5
2020-06,Civil Rights,Defendant,21,20,0,18,7,1,,2,8
2020-07,Civil Rights,Defendant,35,26,1,16,6,1,,4,5
2020-08,Civil Rights,Defendant,29,32,1,20,8,1,1,1,9
2020-09,Civil Rights,Defendant,19,18,4,23,7,1,,6,9
2020-10,Civil Rights,Defendant,22,17,2,16,11,,,1,4
2020-11,Civil Rights,Defendant,22,13,1,23,10,,,7,6
2020-12,Civil Rights,Defendant,20,21,1,12,8,,,,4
2021-01,Civil Rights,Defendant,19,12,2,16,9,2,,1,4
2021-02,Civil Rights,Defendant,13,11,2,17,5,,1,5,6
2021-03,Civil Rights,Defendant,12,21,1,31,18,3,,4,6
2021-04,Civil Rights,Defendant,23,22,1,23,11,,5,2,5
2021-05,Civil Rights,Defendant,17,12,3,15,7,1,,4,3
2021-06,Civil Rights,Defendant,18,19,1,15,9,,,,6
2021-07,Civil Rights,Defendant,13,15,2,28,14,1,,4,9
2021-08,Civil Rights,Defendant,17,18,0,14,4,1,1,1,7
2021-09,Civil Rights,Defendant,17,15,0,26,14,,2,3,7
2021-10,Civil Rights,Defendant,26,19,1,16,10,,1,,5
2021-11,Civil Rights,Defendant,12,19,0,11,5,,,1,5
2021-12,Civil Rights,Defendant,23,13,1,16,8,,,,8
2022-01,Civil Rights,Defendant,15,14,2,15,3,2,,3,7
2022-02,Civil Rights,Defendant,16,11,2,20,9,,,3,8
2022-03,Civil Rights,Defendant,18,14,0,16,9,1,2,,4
2022-04,Civil Rights,Defendant,13,16,3,18,9,3,,1,5
2022-05,Civil Rights,Defendant,22,16,1,14,5,,,1,8
2022-06,Civil Rights,Defendant,12,14,4,19,9,1,,2,7
2022-07,Civil Rights,Defendant,7,9,2,19,10,2,,2,5
2022-08,Civil Rights,Defendant,21,23,2,20,7,1,,2,10
2022-09,Civil Rights,Defendant,22,18,1,23,9,1,,5,8
2022-10,Civil Rights,Defendant,15,19,3,9,2,,,1,6
2022-11,Civil Rights,Defendant,23,13,0,13,6,1,,1,5
2022-12,Civil Rights,Defendant,18,16,1,17,3,4,,2,8
2023-01,Civil Rights,Defendant,14,13,2,14,8,1,,1,4
2023-02,Civil Rights,Defendant,13,5,0,18,2,1,2,4,9
2023-03,Civil Rights,Defendant,13,13,1,16,9,,1,3,3
2023-04,Civil Rights,Defendant,12,10,0,20,8,1,,3,8
2023-05,Civil Rights,Defendant,11,16,0,15,5,,,2,8
2023-06,Civil Rights,Defendant,12,10,1,14,8,2,,2,2
2023-07,Civil Rights,Defendant,18,16,0,9,1,1,2,2,3
2023-08,Civil Rights,Defendant,22,25,1,22,14,1,1,1,5
2023-09,Civil Rights,Defendant,19,12,3,15,8,1,,1,5
2023-10,Civil Rights,Defendant,15,19,0,8,5,,,,3
2023-11,Civil Rights,Defendant,20,16,2,17,6,2,,4,5
2023-12,Civil Rights,Defendant,17,12,1,10,7,,,2,1
2024-01,Civil Rights,Defendant,22,16,1,13,5,1,,2,5
2024-02,Civil Rights,Defendant,15,15,0,13,5,2,,2,4
2024-03,Civil Rights,Defendant,13,12,1,17,6,,,6,5
2024-04,Civil Rights,Defendant,15,17,2,9,5,,,1,3
2024-05,Civil Rights,Defendant,29,26,1,15,9,1,,3,2
2024-06,Civil Rights,Defendant,16,11,0,13,4,,,1,8
2024-07,Civil Rights,Defendant,13,16,1,14,9,,,2,3
2024-08,Civil Rights,Defendant,16,14,0,17,6,,,3,8
2024-09,Civil Rights,Defendant,20,19,0,14,7,,,2,5
2024-10,Civil Rights,Defendant,20,21,2,16,7,,,2,7
2024-11,Civil Rights,Defendant,17,22,0,12,5,,,3,4
2024-12,Civil Rights,Defendant,21,16,3,16,8,,,1,7
2025-01,Civil Rights,Defendant,18,14,1,17,9,1,,3,4
2025-02,Civil Rights,Defendant,23,23,2,12,6,,,2,4
2025-03,Civil Rights,Defendant,18,23,3,25,10,2,1,2,10
2025-04,Civil Rights,Defendant,28,18,0,22,13,,,3,6
2025-05,Civil Rights,Defendant,19,18,0,14,7,,,2,5
2025-06,Civil Rights,Defendant,22,17,2,13,5,1,1,,6
2025-07,Civil Rights,Defendant,17,23,0,16,6,1,,2,7
2025-08,Civil Rights,Defendant,28,24,0,13,3,,,5,5
2025-09,Civil Rights,Defendant,24,22,1,17,8,1,1,2,5
2025-10,Civil Rights,Defendant,23,24,0,9,6,,,2,1
2025-11,Civil Rights,Defendant,18,18,1,9,5,1,,3,
2025-12,Civil Rights,Defendant,27,19,1,12,2,1,,4,5
2026-01,Civil Rights,Defendant,22,26,3,15,9,,,2,4
2026-02,Civil Rights,Defendant,31,29,2,17,10,1,,1,5
2026-03,Civil Rights,Defendant,31,12,2,16,6,,,3,7
2026-04,Civil Rights,Defendant,29,19,0,14,3,1,,4,6
2026-05,Civil Rights,Defendant,21,9,1,7,3,1,1,,2
1994-10,Commercial Litigation,Defendant,1747,1494,12,1447,29,1,18,3,1396
1994-11,Commercial Litigation,Defendant,1584,1597,8,1359,36,,38,2,1283
1994-12,Commercial Litigation,Defendant,1515,1585,24,1185,27,1,31,3,1123
1995-01,Commercial Litigation,Defendant,1746,1778,28,1527,42,,46,4,1435
1995-02,Commercial Litigation,Defendant,1739,1624,17,1602,39,1,32,5,1525
1995-03,Commercial Litigation,Defendant,1838,1869,10,1609,35,1,38,3,1532
1995-04,Commercial Litigation,Defendant,1583,1633,22,1344,32,,40,7,1265
1995-05,Commercial Litigation,Defendant,1777,1760,13,1707,46,,51,6,1604
1995-06,Commercial Litigation,Defendant,1786,1730,13,1569,50,,47,2,1470
1995-07,Commercial Litigation,Defendant,1514,1522,16,1616,22,,31,6,1557
1995-08,Commercial Litigation,Defendant,1874,1690,19,1946,43,,33,9,1861
1995-09,Commercial Litigation,Defendant,1501,1578,15,1403,22,,44,8,1329
1995-10,Commercial Litigation,Defendant,1693,1712,8,1775,17,,26,4,1728
1995-11,Commercial Litigation,Defendant,1523,1607,12,1065,30,,23,2,1010
1995-12,Commercial Litigation,Defendant,1392,1340,11,1113,16,,43,5,1049
1996-01,Commercial Litigation,Defendant,1762,1603,17,1574,33,1,30,2,1508
1996-02,Commercial Litigation,Defendant,1615,1615,37,1881,38,,46,3,1794
1996-03,Commercial Litigation,Defendant,1961,1889,14,1521,44,1,37,2,1437
1996-04,Commercial Litigation,Defendant,1825,1850,11,1400,29,3,44,5,1319
1996-05,Commercial Litigation,Defendant,1996,1998,50,1739,42,,33,6,1658
1996-06,Commercial Litigation,Defendant,1870,1953,18,2310,55,1,26,5,2223
1996-07,Commercial Litigation,Defendant,2159,1908,20,2090,44,2,20,4,2020
1996-08,Commercial Litigation,Defendant,1754,1925,57,2215,31,2,25,8,2149
1996-09,Commercial Litigation,Defendant,1925,1817,17,1776,30,,40,7,1699
1996-10,Commercial Litigation,Defendant,2178,2164,11,1648,26,1,34,9,1578
1996-11,Commercial Litigation,Defendant,1796,1763,28,1093,27,1,25,1,1039
1996-12,Commercial Litigation,Defendant,1697,1692,10,1471,27,1,54,7,1382
1997-01,Commercial Litigation,Defendant,1902,2039,11,1717,31,,50,4,1632
1997-02,Commercial Litigation,Defendant,1839,1885,16,1712,23,1,24,1,1663
1997-03,Commercial Litigation,Defendant,2024,1976,9,1640,29,,24,6,1581
1997-04,Commercial Litigation,Defendant,2002,2196,15,1722,28,1,20,7,1666
1997-05,Commercial Litigation,Defendant,2104,2142,44,1520,25,,64,7,1424
1997-06,Commercial Litigation,Defendant,2145,2016,60,1653,41,,36,10,1566
1997-07,Commercial Litigation,Defendant,2167,1987,19,2236,38,1,31,5,2161
1997-08,Commercial Litigation,Defendant,1741,1723,29,1809,25,,34,8,1742
1997-09,Commercial Litigation,Defendant,1930,1945,10,1500,23,,26,8,1443
1997-10,Commercial Litigation,Defendant,2112,2085,9,1835,35,2,48,13,1737
1997-11,Commercial Litigation,Defendant,1453,1650,18,1441,34,5,39,9,1354
1997-12,Commercial Litigation,Defendant,1718,1845,12,1283,24,1,44,5,1209
1998-01,Commercial Litigation,Defendant,1748,1871,30,1513,35,2,31,7,1438
1998-02,Commercial Litigation,Defendant,1917,1760,27,2296,33,2,47,15,2199
1998-03,Commercial Litigation,Defendant,2387,1995,14,2276,39,2,37,13,2185
1998-04,Commercial Litigation,Defendant,2242,1944,55,2059,29,2,33,10,1985
1998-05,Commercial Litigation,Defendant,2097,1854,25,1813,24,,26,10,1753
1998-06,Commercial Litigation,Defendant,1950,1992,23,1823,40,,48,14,1721
1998-07,Commercial Litigation,Defendant,1964,1783,17,1960,49,1,25,14,1871
1998-08,Commercial Litigation,Defendant,1844,1744,41,2204,29,3,285,16,1871
1998-09,Commercial Litigation,Defendant,1693,1720,34,2165,59,8,35,12,2051
1998-10,Commercial Litigation,Defendant,1870,1808,13,2001,35,4,43,16,1903
1998-11,Commercial Litigation,Defendant,1529,1688,30,1472,36,2,51,25,1358
1998-12,Commercial Litigation,Defendant,1550,1652,15,1534,32,4,39,16,1443
1999-01,Commercial Litigation,Defendant,1630,1640,20,2091,31,2,31,25,2002
1999-02,Commercial Litigation,Defendant,1815,1517,20,1462,35,7,32,22,1366
1999-03,Commercial Litigation,Defendant,1946,1890,28,1845,44,5,42,26,1728
1999-04,Commercial Litigation,Defendant,1780,1636,32,1929,53,6,30,26,1814
1999-05,Commercial Litigation,Defendant,1478,1546,26,1866,46,4,42,23,1751
1999-06,Commercial Litigation,Defendant,1601,1544,50,1575,54,6,40,41,1434
1999-07,Commercial Litigation,Defendant,1598,1371,38,2140,44,10,50,66,1970
1999-08,Commercial Litigation,Defendant,1495,1416,28,1558,76,18,51,71,1342
1999-09,Commercial Litigation,Defendant,1367,1260,25,1742,75,10,69,58,1530
1999-10,Commercial Litigation,Defendant,1301,1306,9,1373,132,27,191,188,835
1999-11,Commercial Litigation,Defendant,1247,1270,8,1291,117,35,235,181,723
1999-12,Commercial Litigation,Defendant,1165,1249,19,1581,119,40,177,193,1052
2000-01,Commercial Litigation,Defendant,1386,1320,6,1257,96,40,211,190,720
2000-02,Commercial Litigation,Defendant,1378,1333,8,1346,138,33,128,197,850
2000-03,Commercial Litigation,Defendant,1538,1539,42,2001,139,38,397,288,1139
2000-04,Commercial Litigation,Defendant,1367,1301,22,1609,120,28,200,206,1055
2000-05,Commercial Litigation,Defendant,1465,1400,23,2849,147,36,200,254,2212
2000-06,Commercial Litigation,Defendant,1400,1302,15,2274,115,29,349,429,1352
2000-07,Commercial Litigation,Defendant,1162,1131,25,1197,111,41,153,212,680
2000-08,Commercial Litigation,Defendant,1350,1238,26,1576,131,27,185,181,1052
2000-09,Commercial Litigation,Defendant,1071,1140,32,1098,124,23,164,194,593
2000-10,Commercial Litigation,Defendant,1236,1344,19,1239,122,30,150,182,755
2000-11,Commercial Litigation,Defendant,1307,1211,11,1194,121,16,264,236,557
2000-12,Commercial Litigation,Defendant,1129,1249,11,1215,114,14,106,175,806
2001-01,Commercial Litigation,Defendant,1444,1448,13,1295,121,21,203,211,739
2001-02,Commercial Litigation,Defendant,1358,1465,4,998,131,36,119,212,500
2001-03,Commercial Litigation,Defendant,1631,1735,12,1340,127,23,280,224,686
2001-04,Commercial Litigation,Defendant,1539,1513,22,1213,141,10,191,216,655
2001-05,Commercial Litigation,Defendant,1496,1558,13,1497,158,17,315,241,766
2001-06,Commercial Litigation,Defendant,1519,1496,7,2210,123,38,164,192,1693
2001-07,Commercial Litigation,Defendant,1373,1440,7,2298,90,21,211,213,1763
2001-08,Commercial Litigation,Defendant,1495,1587,4,2374,111,19,128,250,1866
2001-09,Commercial Litigation,Defendant,1169,1282,24,1113,139,17,185,221,551
2001-10,Commercial Litigation,Defendant,1798,1653,19,1370,113,18,130,221,888
2001-11,Commercial Litigation,Defendant,1429,1518,4,1798,161,17,179,224,1217
2001-12,Commercial Litigation,Defendant,1262,1338,5,920,95,17,169,181,458
2002-01,Commercial Litigation,Defendant,1664,1780,8,1253,116,23,158,219,737
2002-02,Commercial Litigation,Defendant,1600,1557,8,1137,105,14,136,209,673
2002-03,Commercial Litigation,Defendant,1659,1760,5,1060,149,26,117,216,552
2002-04,Commercial Litigation,Defendant,1681,1759,10,1479,127,16,146,283,907
2002-05,Commercial Litigation,Defendant,1478,1654,17,2653,128,21,218,271,2015
2002-06,Commercial Litigation,Defendant,2061,1544,11,2217,114,16,159,228,1700
2002-07,Commercial Litigation,Defendant,1963,1609,40,2490,126,18,178,315,1853
2002-08,Commercial Litigation,Defendant,1987,1693,145,1956,184,22,199,333,1218
2002-09,Commercial Litigation,Defendant,1839,1579,19,1416,111,18,199,319,769
2002-10,Commercial Litigation,Defendant,1691,1735,20,1221,142,19,113,301,646
2002-11,Commercial Litigation,Defendant,1646,1609,11,1110,111,17,135,243,604
2002-12,Commercial Litigation,Defendant,1448,1680,8,956,138,16,128,239,435
2003-01,Commercial Litigation,Defendant,2006,1762,22,1572,153,30,165,312,912
2003-02,Commercial Litigation,Defendant,1624,1736,4,1469,108,13,160,291,897
2003-03,Commercial Litigation,Defendant,1980,1864,15,1624,150,22,212,319,921
2003-04,Commercial Litigation,Defendant,1711,1831,14,1530,200,30,247,332,721
2003-05,Commercial Litigation,Defendant,1795,1693,4,1529,171,27,251,361,719
2003-06,Commercial Litigation,Defendant,1775,1662,14,1515,132,24,206,257,896
2003-07,Commercial Litigation,Defendant,1702,1637,47,1642,149,24,233,419,817
2003-08,Commercial Litigation,Defendant,1574,1559,31,1450,144,21,142,247,896
2003-09,Commercial Litigation,Defendant,1744,1733,23,1691,224,29,207,486,745
2003-10,Commercial Litigation,Defendant,1817,1728,29,1295,128,19,175,291,682
2003-11,Commercial Litigation,Defendant,1332,1324,15,1526,118,45,217,365,781
2003-12,Commercial Litigation,Defendant,1506,1550,41,1223,114,19,129,231,730
2004-01,Commercial Litigation,Defendant,1557,1555,22,1237,109,14,101,288,725
2004-02,Commercial Litigation,Defendant,1513,1512,15,2441,241,22,294,351,1533
2004-03,Commercial Litigation,Defendant,1965,1822,26,2295,165,35,368,400,1327
2004-04,Commercial Litigation,Defendant,1530,1564,15,1413,163,25,268,363,594
2004-05,Commercial Litigation,Defendant,1465,1395,17,1048,202,17,121,245,463
2004-06,Commercial Litigation,Defendant,1588,1574,16,1314,140,25,163,342,644
2004-07,Commercial Litigation,Defendant,1621,1588,14,1899,127,19,129,232,1392
2004-08,Commercial Litigation,Defendant,1676,1695,20,1387,143,10,242,425,567
2004-09,Commercial Litigation,Defendant,1630,1583,23,1522,285,16,280,381,560
2004-10,Commercial Litigation,Defendant,1567,1570,10,1223,112,7,213,396,495
2004-11,Commercial Litigation,Defendant,1624,1655,23,1020,116,15,162,278,449
2004-12,Commercial Litigation,Defendant,1553,1502,12,1074,112,17,135,299,511
2005-01,Commercial Litigation,Defendant,1665,1587,14,1564,176,19,139,376,854
2005-02,Commercial Litigation,Defendant,1489,1557,14,1068,160,16,118,301,473
2005-03,Commercial Litigation,Defendant,1802,1760,35,2372,371,31,162,684,1124
2005-04,Commercial Litigation,Defendant,1587,1557,30,1773,167,21,121,649,815
2005-05,Commercial Litigation,Defendant,1572,1557,14,1867,168,72,274,506,847
2005-06,Commercial Litigation,Defendant,1524,1516,22,2308,166,17,174,685,1266
2005-07,Commercial Litigation,Defendant,1346,1427,14,1233,166,11,198,350,508
2005-08,Commercial Litigation,Defendant,1668,1626,28,1271,177,19,134,401,540
2005-09,Commercial Litigation,Defendant,1466,1512,15,1357,199,21,249,436,452
2005-10,Commercial Litigation,Defendant,1571,1449,20,1017,116,14,152,246,489
2005-11,Commercial Litigation,Defendant,1484,1394,14,978,146,9,164,216,443
2005-12,Commercial Litigation,Defendant,1539,1462,19,1217,266,24,127,299,501
2006-01,Commercial Litigation,Defendant,1580,1654,25,1300,133,21,177,378,591
2006-02,Commercial Litigation,Defendant,1564,1561,23,1176,180,18,135,341,502
2006-03,Commercial Litigation,Defendant,1986,1929,23,1627,196,19,210,386,816
2006-04,Commercial Litigation,Defendant,1515,1471,15,1567,186,31,132,366,852
2006-05,Commercial Litigation,Defendant,1668,1597,20,2013,192,28,140,429,1224
2006-06,Commercial Litigation,Defendant,1539,1510,33,1541,186,24,168,366,797
2006-07,Commercial Litigation,Defendant,1463,1448,25,1530,184,31,200,439,676
2006-08,Commercial Litigation,Defendant,1729,1813,18,1580,284,14,179,370,733
2006-09,Commercial Litigation,Defendant,1678,1706,13,1376,203,13,166,288,706
2006-10,Commercial Litigation,Defendant,1777,1836,21,1683,202,18,144,331,988
2006-11,Commercial Litigation,Defendant,1690,1738,20,1442,148,14,89,431,760
2006-12,Commercial Litigation,Defendant,1620,1744,19,1933,174,16,128,298,1317
2007-01,Commercial Litigation,Defendant,1962,1923,16,1600,191,18,305,350,736
2007-02,Commercial Litigation,Defendant,1893,1836,18,1495,226,14,97,317,841
2007-03,Commercial Litigation,Defendant,2033,2174,22,2167,231,29,158,667,1082
2007-04,Commercial Litigation,Defendant,2129,1928,23,1986,193,11,174,523,1085
2007-05,Commercial Litigation,Defendant,1968,1957,18,1699,149,12,130,416,992
2007-06,Commercial Litigation,Defendant,1794,1790,22,2113,176,22,177,497,1241
2007-07,Commercial Litigation,Defendant,1868,2002,20,1672,222,14,148,374,914
2007-08,Commercial Litigation,Defendant,2245,2329,16,1794,188,14,208,358,1026
2007-09,Commercial Litigation,Defendant,1785,1881,16,1401,247,20,154,293,687
2007-10,Commercial Litigation,Defendant,2398,2336,22,1874,189,16,193,443,1033
2007-11,Commercial Litigation,Defendant,2088,2124,15,1822,147,11,131,443,1090
2007-12,Commercial Litigation,Defendant,1822,1978,11,1800,165,12,135,435,1053
2008-01,Commercial Litigation,Defendant,2293,2307,22,2088,244,18,205,511,1110
2008-02,Commercial Litigation,Defendant,2284,2097,18,1776,260,14,200,421,881
2008-03,Commercial Litigation,Defendant,2290,2429,32,1673,221,18,155,390,889
2008-04,Commercial Litigation,Defendant,2580,2634,21,2147,293,17,180,657,1000
2008-05,Commercial Litigation,Defendant,2427,2377,18,3190,204,14,193,667,2112
2008-06,Commercial Litigation,Defendant,2193,2126,30,3294,267,12,351,692,1972
2008-07,Commercial Litigation,Defendant,2247,2182,31,2327,182,13,178,626,1328
2008-08,Commercial Litigation,Defendant,2376,2726,10,1642,263,7,148,489,735
2008-09,Commercial Litigation,Defendant,3237,2310,3,1981,220,18,141,442,1160
2008-10,Commercial Litigation,Defendant,2432,2416,28,2685,274,15,144,583,1669
2008-11,Commercial Litigation,Defendant,1932,1945,15,1483,173,14,130,339,827
2008-12,Commercial Litigation,Defendant,2203,2207,19,2131,159,18,132,926,896
2009-01,Commercial Litigation,Defendant,2464,2501,20,1815,192,10,137,464,1012
2009-02,Commercial Litigation,Defendant,2368,2544,8,2244,175,14,199,793,1063
2009-03,Commercial Litigation,Defendant,2921,2973,36,2200,254,22,138,569,1217
2009-04,Commercial Litigation,Defendant,2698,2746,16,2565,257,13,157,558,1580
2009-05,Commercial Litigation,Defendant,2476,2456,8,1723,178,9,169,348,1019
2009-06,Commercial Litigation,Defendant,2895,2934,54,2367,236,13,148,704,1266
2009-07,Commercial Litigation,Defendant,2852,3045,8,2448,210,16,285,627,1310
2009-08,Commercial Litigation,Defendant,2862,2829,38,2258,202,14,138,550,1354
2009-09,Commercial Litigation,Defendant,2921,2791,27,1839,219,15,184,408,1013
2009-10,Commercial Litigation,Defendant,3094,3037,9,4745,180,11,169,427,3958
2009-11,Commercial Litigation,Defendant,2788,2692,1,1589,189,10,134,373,883
2009-12,Commercial Litigation,Defendant,3297,3329,23,1778,245,12,159,479,883
2010-01,Commercial Litigation,Defendant,3044,3066,87,1745,243,15,161,473,853
2010-02,Commercial Litigation,Defendant,2838,2989,18,1808,264,12,156,452,924
2010-03,Commercial Litigation,Defendant,3249,3501,12,3016,455,14,208,857,1482
2010-04,Commercial Litigation,Defendant,3228,3321,24,2603,205,18,203,619,1558
2010-05,Commercial Litigation,Defendant,3050,2908,30,2210,315,10,202,597,1086
2010-06,Commercial Litigation,Defendant,3434,3308,9,2324,289,14,225,766,1030
2010-07,Commercial Litigation,Defendant,2864,2787,7,2483,293,15,219,508,1448
2010-08,Commercial Litigation,Defendant,2995,3084,74,2688,244,10,187,641,1606
2010-09,Commercial Litigation,Defendant,3056,3168,12,2918,367,21,175,622,1733
2010-10,Commercial Litigation,Defendant,3144,2901,12,2260,308,25,124,566,1237
2010-11,Commercial Litigation,Defendant,2643,2320,24,2447,341,14,113,689,1290
2010-12,Commercial Litigation,Defendant,2397,2510,30,2313,239,17,112,644,1301
2011-01,Commercial Litigation,Defendant,2848,2472,2,2112,201,22,107,761,1021
2011-02,Commercial Litigation,Defendant,2354,2339,6,2900,364,19,317,564,1636
2011-03,Commercial Litigation,Defendant,2963,2746,13,6668,226,27,364,1637,4414
2011-04,Commercial Litigation,Defendant,2661,2457,13,3964,199,17,133,686,2929
2011-05,Commercial Litigation,Defendant,2339,2477,10,3932,196,15,145,646,2930
2011-06,Commercial Litigation,Defendant,2560,2675,5,2089,198,22,153,638,1078
2011-07,Commercial Litigation,Defendant,2570,2575,9,1744,155,10,111,499,969
2011-08,Commercial Litigation,Defendant,2913,2866,5,2875,214,24,636,632,1369
2011-09,Commercial Litigation,Defendant,2533,2618,10,2641,218,14,292,667,1450
2011-10,Commercial Litigation,Defendant,2693,2738,9,2219,220,11,130,580,1278
2011-11,Commercial Litigation,Defendant,2580,2737,4,2036,226,19,138,563,1090
2011-12,Commercial Litigation,Defendant,2517,2562,3,2165,208,53,179,676,1049
2012-01,Commercial Litigation,Defendant,2868,2869,4,2435,191,10,435,657,1142
2012-02,Commercial Litigation,Defendant,2916,2930,8,2722,234,9,128,840,1511
2012-03,Commercial Litigation,Defendant,3055,3100,10,2680,294,14,265,744,1363
2012-04,Commercial Litigation,Defendant,2962,2935,6,1921,192,11,146,527,1045
2012-05,Commercial Litigation,Defendant,3119,3346,4,2373,241,11,145,685,1291
2012-06,Commercial Litigation,Defendant,3142,3265,2,2976,234,11,141,702,1888
2012-07,Commercial Litigation,Defendant,3608,3560,4,2439,225,11,142,894,1167
2012-08,Commercial Litigation,Defendant,3635,3622,7,3096,318,17,262,1033,1466
2012-09,Commercial Litigation,Defendant,3073,3186,6,2261,219,27,150,514,1351
2012-10,Commercial Litigation,Defendant,3993,3995,5,2379,246,20,148,671,1294
2012-11,Commercial Litigation,Defendant,3290,3207,2,2681,224,16,131,653,1657
2012-12,Commercial Litigation,Defendant,3079,2908,4,2206,241,16,124,446,1379
2013-01,Commercial Litigation,Defendant,3418,3530,5,2895,263,17,178,675,1762
2013-02,Commercial Litigation,Defendant,3289,3329,8,3192,257,18,144,642,2131
2013-03,Commercial Litigation,Defendant,3563,3552,3,3041,292,18,261,576,1894
2013-04,Commercial Litigation,Defendant,3491,3562,16,10387,301,17,191,572,9306
2013-05,Commercial Litigation,Defendant,3489,3626,1,3161,244,3,202,578,2134
2013-06,Commercial Litigation,Defendant,3382,3345,2,2802,218,20,193,711,1660
2013-07,Commercial Litigation,Defendant,3515,3461,5,3298,241,17,266,712,2062
2013-08,Commercial Litigation,Defendant,3310,3215,2,2906,221,13,340,529,1803
2013-09,Commercial Litigation,Defendant,3039,2881,9,2649,265,18,261,511,1594
2013-10,Commercial Litigation,Defendant,3139,3271,5,2195,166,22,172,353,1482
2013-11,Commercial Litigation,Defendant,2793,2884,9,3001,193,14,201,503,2090
2013-12,Commercial Litigation,Defendant,2835,3066,5,2724,219,8,169,647,1681
2014-01,Commercial Litigation,Defendant,3028,3028,13,2623,198,17,170,591,1647
2014-02,Commercial Litigation,Defendant,2768,2876,3,2815,182,21,181,491,1940
2014-03,Commercial Litigation,Defendant,3211,3278,17,3545,274,29,302,709,2231
2014-04,Commercial Litigation,Defendant,3466,3304,7,2793,209,23,165,604,1792
2014-05,Commercial Litigation,Defendant,3234,2915,23,2714,204,19,164,454,1873
2014-06,Commercial Litigation,Defendant,2899,2729,11,2722,254,26,142,652,1648
2014-07,Commercial Litigation,Defendant,2896,2883,5,2878,258,24,159,444,1993
2014-08,Commercial Litigation,Defendant,2955,2802,5,2666,269,22,142,596,1637
2014-09,Commercial Litigation,Defendant,3081,2944,25,2720,251,25,301,569,1574
2014-10,Commercial Litigation,Defendant,3212,3252,8,3693,214,24,217,568,2670
2014-11,Commercial Litigation,Defendant,2654,2746,4,2328,151,19,118,382,1658
2014-12,Commercial Litigation,Defendant,3143,3119,5,2149,163,23,127,521,1315
2015-01,Commercial Litigation,Defendant,3019,3074,14,2620,189,32,108,480,1811
2015-02,Commercial Litigation,Defendant,2967,2869,9,3905,185,24,124,632,2940
2015-03,Commercial Litigation,Defendant,3419,3318,6,3782,232,26,166,893,2465
2015-04,Commercial Litigation,Defendant,3106,3188,14,4065,198,19,148,831,2869
2015-05,Commercial Litigation,Defendant,2946,3021,6,3137,179,20,151,810,1977
2015-06,Commercial Litigation,Defendant,3342,3215,5,4176,192,23,310,777,2874
2015-07,Commercial Litigation,Defendant,3157,3178,8,3775,175,20,289,575,2716
2015-08,Commercial Litigation,Defendant,2860,2828,10,3229,136,26,155,477,2435
2015-09,Commercial Litigation,Defendant,2957,2924,6,7901,223,41,181,634,6822
2015-10,Commercial Litigation,Defendant,3292,3115,3,2882,241,23,160,742,1716
2015-11,Commercial Litigation,Defendant,2958,2923,7,2464,232,28,158,717,1329
2015-12,Commercial Litigation,Defendant,2910,2967,4,2490,245,22,156,437,1630
2016-01,Commercial Litigation,Defendant,2589,2618,3,2628,194,17,157,462,1798
2016-02,Commercial Litigation,Defendant,2915,2869,4,2623,320,21,160,348,1774
2016-03,Commercial Litigation,Defendant,3171,3158,17,2600,270,19,154,421,1736
2016-04,Commercial Litigation,Defendant,2932,2689,7,2651,243,28,228,471,1681
2016-05,Commercial Litigation,Defendant,2613,2477,1,2523,217,21,134,378,1773
2016-06,Commercial Litigation,Defendant,2672,2559,4,2935,202,31,245,560,1897
2016-07,Commercial Litigation,Defendant,2217,2285,1,3379,187,17,179,505,2491
2016-08,Commercial Litigation,Defendant,3041,2952,8,3161,193,13,163,433,2359
2016-09,Commercial Litigation,Defendant,2474,2485,9,2480,213,14,201,554,1498
2016-10,Commercial Litigation,Defendant,2364,2333,3,2466,137,22,156,484,1667
2016-11,Commercial Litigation,Defendant,2158,2074,5,2195,201,9,144,451,1390
2016-12,Commercial Litigation,Defendant,1948,2027,1,2121,168,15,152,493,1293
2017-01,Commercial Litigation,Defendant,2289,2288,6,2452,209,8,149,382,1704
2017-02,Commercial Litigation,Defendant,2350,2357,10,2500,316,23,185,415,1561
2017-03,Commercial Litigation,Defendant,2605,2751,5,3273,433,17,174,565,2084
2017-04,Commercial Litigation,Defendant,2431,2227,2,2381,177,13,150,406,1635
2017-05,Commercial Litigation,Defendant,2480,2434,4,2374,219,14,164,610,1367
2017-06,Commercial Litigation,Defendant,2363,2307,2,2579,185,9,186,481,1718
2017-07,Commercial Litigation,Defendant,2005,2032,3,2164,190,7,255,493,1219
2017-08,Commercial Litigation,Defendant,2316,2301,8,2167,213,8,157,404,1385
2017-09,Commercial Litigation,Defendant,1937,1860,6,2266,181,22,369,522,1172
2017-10,Commercial Litigation,Defendant,2035,2082,1,2032,189,16,252,423,1152
2017-11,Commercial Litigation,Defendant,1862,1817,4,2198,195,18,231,476,1278
2017-12,Commercial Litigation,Defendant,1748,1813,3,2447,142,8,223,407,1667
2018-01,Commercial Litigation,Defendant,2288,2236,3,2000,193,12,330,453,1012
2018-02,Commercial Litigation,Defendant,2082,2152,4,2222,170,9,131,380,1532
2018-03,Commercial Litigation,Defendant,2346,2332,4,2708,236,27,283,543,1619
2018-04,Commercial Litigation,Defendant,2244,2253,4,2271,180,14,279,479,1319
2018-05,Commercial Litigation,Defendant,2422,2478,2,2250,253,8,143,403,1443
2018-06,Commercial Litigation,Defendant,2227,2267,3,2241,154,21,128,463,1475
2018-07,Commercial Litigation,Defendant,2133,1926,0,2467,138,13,127,474,1715
2018-08,Commercial Litigation,Defendant,2197,2203,2,2265,163,14,137,437,1514
2018-09,Commercial Litigation,Defendant,1942,1868,7,2000,243,11,96,333,1317
2018-10,Commercial Litigation,Defendant,2246,2261,5,2285,191,10,104,381,1599
2018-11,Commercial Litigation,Defendant,1954,2028,5,1956,187,16,170,485,1098
2018-12,Commercial Litigation,Defendant,1747,1793,1,1301,139,1,158,287,716
2019-01,Commercial Litigation,Defendant,2058,2226,1,1098,107,4,106,338,543
2019-02,Commercial Litigation,Defendant,2339,2152,2,2634,201,13,109,407,1904
2019-03,Commercial Litigation,Defendant,2376,2124,0,17205,209,19,121,460,16396
2019-04,Commercial Litigation,Defendant,2289,2243,2,2256,153,10,102,421,1570
2019-05,Commercial Litigation,Defendant,2266,2252,1,2397,191,18,89,397,1702
2019-06,Commercial Litigation,Defendant,1774,1880,1,5755,124,13,103,350,5165
2019-07,Commercial Litigation,Defendant,2015,1960,2,2351,210,9,67,342,1723
2019-08,Commercial Litigation,Defendant,2054,2032,3,2126,178,20,99,401,1428
2019-09,Commercial Litigation,Defendant,1954,1841,4,2170,159,14,107,417,1473
2019-10,Commercial Litigation,Defendant,1993,2160,1,2575,162,17,146,771,1479
2019-11,Commercial Litigation,Defendant,1869,1955,4,1710,140,17,230,421,902
2019-12,Commercial Litigation,Defendant,1786,1768,4,1648,136,15,192,344,961
2020-01,Commercial Litigation,Defendant,2392,2104,1,2339,163,14,116,447,1599
2020-02,Commercial Litigation,Defendant,1905,1845,11,1756,131,12,110,356,1147
2020-03,Commercial Litigation,Defendant,1385,1357,3,1838,116,7,102,332,1281
2020-04,Commercial Litigation,Defendant,346,389,1,846,51,7,21,232,535
2020-05,Commercial Litigation,Defendant,493,383,0,967,50,6,26,224,661
2020-06,Commercial Litigation,Defendant,468,505,3,931,99,9,54,317,452
2020-07,Commercial Litigation,Defendant,551,554,0,1019,53,6,37,213,710
2020-08,Commercial Litigation,Defendant,605,664,2,1416,64,4,33,201,1114
2020-09,Commercial Litigation,Defendant,663,639,14,994,127,4,35,276,552
2020-10,Commercial Litigation,Defendant,885,702,1,1038,143,7,37,236,615
2020-11,Commercial Litigation,Defendant,493,524,3,912,64,13,61,165,609
2020-12,Commercial Litigation,Defendant,571,607,1,878,77,4,44,147,606
2021-01,Commercial Litigation,Defendant,562,513,1,958,64,10,30,120,734
2021-02,Commercial Litigation,Defendant,524,473,0,773,110,9,40,125,489
2021-03,Commercial Litigation,Defendant,694,735,4,941,134,8,37,233,529
2021-04,Commercial Litigation,Defendant,612,590,6,858,71,2,36,185,564
2021-05,Commercial Litigation,Defendant,524,528,4,741,58,5,23,143,512
2021-06,Commercial Litigation,Defendant,663,661,2,838,58,9,27,160,584
2021-07,Commercial Litigation,Defendant,604,560,2,973,65,3,17,175,713
2021-08,Commercial Litigation,Defendant,848,1001,0,2084,82,5,33,173,1791
2021-09,Commercial Litigation,Defendant,1020,1071,2,2184,78,9,31,167,1899
2021-10,Commercial Litigation,Defendant,1073,987,3,1616,58,3,33,163,1359
2021-11,Commercial Litigation,Defendant,1039,1040,3,1066,54,5,30,170,807
2021-12,Commercial Litigation,Defendant,826,758,0,1277,37,4,25,179,1032
2022-01,Commercial Litigation,Defendant,1005,1174,3,1149,115,9,28,141,856
2022-02,Commercial Litigation,Defendant,1187,1159,3,986,103,5,25,163,690
2022-03,Commercial Litigation,Defendant,1321,1567,1,1096,110,7,41,197,741
2022-04,Commercial Litigation,Defendant,1267,1301,2,1398,74,3,38,217,1066
2022-05,Commercial Litigation,Defendant,1363,1393,2,1556,85,5,25,226,1215
2022-06,Commercial Litigation,Defendant,1396,1388,4,1315,95,7,32,256,925
2022-07,Commercial Litigation,Defendant,1151,1281,1,843,74,3,28,240,498
2022-08,Commercial Litigation,Defendant,1644,1641,5,1312,115,4,39,262,892
2022-09,Commercial Litigation,Defendant,1444,1507,0,1246,152,3,33,316,742
2022-10,Commercial Litigation,Defendant,1330,1484,1,1282,99,2,33,393,755
2022-11,Commercial Litigation,Defendant,1355,1547,4,1485,83,4,35,340,1023
2022-12,Commercial Litigation,Defendant,1314,1555,1,990,95,4,15,228,648
2023-01,Commercial Litigation,Defendant,1739,1878,1,1640,123,8,29,325,1155
2023-02,Commercial Litigation,Defendant,1896,1901,0,1465,112,4,29,298,1022
2023-03,Commercial Litigation,Defendant,2771,2178,1,1866,93,3,27,399,1344
2023-04,Commercial Litigation,Defendant,1965,1893,3,1508,111,1,21,359,1016
2023-05,Commercial Litigation,Defendant,1922,1910,1,1586,90,6,35,464,991
2023-06,Commercial Litigation,Defendant,1788,1680,2,1451,102,14,54,496,785
2023-07,Commercial Litigation,Defendant,1698,1491,1,1538,91,6,39,464,938
2023-08,Commercial Litigation,Defendant,1863,1852,1,1484,73,6,51,548,806
2023-09,Commercial Litigation,Defendant,1552,1488,2,1924,141,10,48,572,1153
2023-10,Commercial Litigation,Defendant,1776,1759,0,1438,55,6,32,462,883
2023-11,Commercial Litigation,Defendant,1519,1555,0,1153,47,11,29,371,695
2023-12,Commercial Litigation,Defendant,1560,1654,1,1089,80,6,40,346,617
2024-01,Commercial Litigation,Defendant,1873,2048,0,1530,97,7,52,407,967
2024-02,Commercial Litigation,Defendant,1996,2055,2,1777,202,10,35,458,1072
2024-03,Commercial Litigation,Defendant,2085,2073,2,2360,132,5,36,576,1611
2024-04,Commercial Litigation,Defendant,2147,2255,0,1815,107,16,42,612,1038
2024-05,Commercial Litigation,Defendant,1994,2032,0,1531,94,7,24,631,775
2024-06,Commercial Litigation,Defendant,1504,1790,1,1623,100,8,36,493,986
2024-07,Commercial Litigation,Defendant,2056,2310,3,1741,94,22,35,625,965
2024-08,Commercial Litigation,Defendant,2245,2381,2,1485,122,18,52,524,769
2024-09,Commercial Litigation,Defendant,2289,2243,1,1623,100,20,39,618,846
2024-10,Commercial Litigation,Defendant,2187,2169,0,1318,109,12,37,530,630
2024-11,Commercial Litigation,Defendant,2091,1792,1,1139,89,4,35,392,619
2024-12,Commercial Litigation,Defendant,1978,1991,0,1326,81,3,45,410,787
2025-01,Commercial Litigation,Defendant,2084,2512,0,1398,112,2,43,432,809
2025-02,Commercial Litigation,Defendant,2370,2518,1,1603,111,3,61,516,912
2025-03,Commercial Litigation,Defendant,2854,2571,2,2895,95,1,112,692,1995
2025-04,Commercial Litigation,Defendant,2751,2561,1,2085,83,5,65,577,1355
2025-05,Commercial Litigation,Defendant,2464,2518,2,1585,105,4,54,613,809
2025-06,Commercial Litigation,Defendant,2394,2432,2,1530,73,13,83,579,782
2025-07,Commercial Litigation,Defendant,2459,2569,1,1739,119,24,68,685,843
2025-08,Commercial Litigation,Defendant,2491,2607,3,1944,133,11,70,586,1144
2025-09,Commercial Litigation,Defendant,2731,2872,1,1833,191,19,50,600,973
2025-10,Commercial Litigation,Defendant,2993,3199,0,1816,136,10,68,549,1053
2025-11,Commercial Litigation,Defendant,2934,2496,1,1522,76,13,35,299,1099
2025-12,Commercial Litigation,Defendant,2470,2537,0,1145,72,6,38,306,723
2026-01,Commercial Litigation,Defendant,2509,2403,1,1077,101,1,55,242,678
2026-02,Commercial Litigation,Defendant,2664,2379,1,1337,96,3,40,232,966
2026-03,Commercial Litigation,Defendant,2927,2586,1,2306,85,4,44,276,1897
2026-04,Commercial Litigation,Defendant,3069,2337,2,1561,111,2,42,296,1110
2026-05,Commercial Litigation,Defendant,1969,1128,1,1047,62,2,29,175,779
1994-10,Employment Discrimination,Defendant,112,120,1,86,9,,1,,76
1994-11,Employment Discrimination,Defendant,122,127,1,93,7,,1,,85
1994-12,Employment Discrimination,Defendant,129,132,0,90,9,,1,,80
1995-01,Employment Discrimination,Defendant,131,122,0,88,10,,1,,77
1995-02,Employment Discrimination,Defendant,103,113,0,91,8,,,,83
1995-03,Employment Discrimination,Defendant,163,161,0,102,16,,,,86
1995-04,Employment Discrimination,Defendant,122,114,0,105,17,,2,,86
1995-05,Employment Discrimination,Defendant,131,121,2,114,12,,3,,99
1995-06,Employment Discrimination,Defendant,138,150,1,154,18,,3,,133
1995-07,Employment Discrimination,Defendant,137,123,0,109,12,,2,,95
1995-08,Employment Discrimination,Defendant,142,135,2,120,16,,3,,101
1995-09,Employment Discrimination,Defendant,125,123,2,111,10,,1,1,99
1995-10,Employment Discrimination,Defendant,130,130,0,105,8,,,,97
1995-11,Employment Discrimination,Defendant,104,110,0,98,6,,1,,91
1995-12,Employment Discrimination,Defendant,127,121,0,106,11,,1,,94
1996-01,Employment Discrimination,Defendant,98,101,1,114,18,1,1,,94
1996-02,Employment Discrimination,Defendant,104,87,0,109,14,1,1,1,92
1996-03,Employment Discrimination,Defendant,125,114,2,134,10,,3,,121
1996-04,Employment Discrimination,Defendant,114,95,0,120,8,,1,,111
1996-05,Employment Discrimination,Defendant,108,124,1,129,16,,1,,112
1996-06,Employment Discrimination,Defendant,107,117,1,141,9,2,4,,126
1996-07,Employment Discrimination,Defendant,124,129,0,146,15,,,,131
1996-08,Employment Discrimination,Defendant,134,126,0,110,7,,2,,101
1996-09,Employment Discrimination,Defendant,104,127,0,127,14,,5,1,107
1996-10,Employment Discrimination,Defendant,127,119,1,115,12,,5,1,97
1996-11,Employment Discrimination,Defendant,114,122,0,105,9,,2,,94
1996-12,Employment Discrimination,Defendant,142,144,2,102,17,1,1,,83
1997-01,Employment Discrimination,Defendant,141,118,0,133,20,,2,,111
1997-02,Employment Discrimination,Defendant,114,124,1,96,9,1,2,,84
1997-03,Employment Discrimination,Defendant,140,138,1,127,14,1,3,,109
1997-04,Employment Discrimination,Defendant,122,126,2,143,19,,2,,122
1997-05,Employment Discrimination,Defendant,131,133,1,116,14,2,3,,97
1997-06,Employment Discrimination,Defendant,140,137,0,126,15,,2,,109
1997-07,Employment Discrimination,Defendant,146,153,1,143,11,,4,,128
1997-08,Employment Discrimination,Defendant,131,130,1,107,16,1,4,2,84
1997-09,Employment Discrimination,Defendant,128,149,1,136,12,1,2,1,120
1997-10,Employment Discrimination,Defendant,197,189,0,114,8,1,2,,103
1997-11,Employment Discrimination,Defendant,101,105,0,113,7,,1,1,104
1997-12,Employment Discrimination,Defendant,132,133,1,113,8,1,1,2,101
1998-01,Employment Discrimination,Defendant,121,96,1,124,11,2,2,,109
1998-02,Employment Discrimination,Defendant,122,121,1,103,8,,2,,93
1998-03,Employment Discrimination,Defendant,132,139,0,157,16,2,2,,137
1998-04,Employment Discrimination,Defendant,152,152,3,124,9,3,2,1,109
1998-05,Employment Discrimination,Defendant,115,105,3,114,9,,1,,104
1998-06,Employment Discrimination,Defendant,132,146,0,139,16,,2,,121
1998-07,Employment Discrimination,Defendant,131,139,0,113,15,,,,98
1998-08,Employment Discrimination,Defendant,139,110,0,125,11,1,1,,112
1998-09,Employment Discrimination,Defendant,116,127,2,128,19,1,5,,103
1998-10,Employment Discrimination,Defendant,132,121,1,124,18,3,2,1,100
1998-11,Employment Discrimination,Defendant,114,125,1,134,7,5,1,,121
1998-12,Employment Discrimination,Defendant,109,100,0,98,7,5,,1,85
1999-01,Employment Discrimination,Defendant,114,103,0,102,11,1,1,,89
1999-02,Employment Discrimination,Defendant,123,120,0,120,9,2,1,3,105
1999-03,Employment Discrimination,Defendant,129,149,2,152,19,4,3,2,124
1999-04,Employment Discrimination,Defendant,128,114,1,122,17,6,1,3,95
1999-05,Employment Discrimination,Defendant,104,139,1,104,13,8,3,3,77
1999-06,Employment Discrimination,Defendant,150,139,0,121,15,7,,2,97
1999-07,Employment Discrimination,Defendant,133,126,2,116,7,17,3,3,86
1999-08,Employment Discrimination,Defendant,143,152,2,110,25,18,,5,62
1999-09,Employment Discrimination,Defendant,136,157,0,192,33,21,3,6,129
1999-10,Employment Discrimination,Defendant,143,135,1,128,38,37,2,9,42
1999-11,Employment Discrimination,Defendant,133,140,0,118,40,29,3,1,45
1999-12,Employment Discrimination,Defendant,148,151,2,121,37,40,1,14,29
2000-01,Employment Discrimination,Defendant,149,124,2,100,28,30,5,4,33
2000-02,Employment Discrimination,Defendant,157,125,3,127,46,35,3,13,30
2000-03,Employment Discrimination,Defendant,114,107,1,179,60,50,4,13,52
2000-04,Employment Discrimination,Defendant,107,106,0,110,32,33,3,7,35
2000-05,Employment Discrimination,Defendant,139,132,0,118,39,28,3,9,39
2000-06,Employment Discrimination,Defendant,134,161,0,131,55,31,2,5,38
2000-07,Employment Discrimination,Defendant,130,112,1,124,45,37,1,7,34
2000-08,Employment Discrimination,Defendant,139,153,2,136,50,38,4,6,38
2000-09,Employment Discrimination,Defendant,125,119,2,125,46,30,1,8,40
2000-10,Employment Discrimination,Defendant,137,149,0,130,39,29,2,16,44
2000-11,Employment Discrimination,Defendant,135,116,1,122,36,34,3,12,37
2000-12,Employment Discrimination,Defendant,102,120,0,105,34,24,1,8,38
2001-01,Employment Discrimination,Defendant,152,120,1,157,60,51,3,9,34
2001-02,Employment Discrimination,Defendant,116,108,1,128,54,29,2,10,33
2001-03,Employment Discrimination,Defendant,135,137,3,150,69,35,1,10,35
2001-04,Employment Discrimination,Defendant,114,119,0,121,40,49,2,4,26
2001-05,Employment Discrimination,Defendant,126,120,1,144,50,42,3,14,35
2001-06,Employment Discrimination,Defendant,100,117,1,125,49,29,4,9,34
2001-07,Employment Discrimination,Defendant,122,139,0,115,37,26,6,13,33
2001-08,Employment Discrimination,Defendant,148,133,2,147,63,30,4,6,44
2001-09,Employment Discrimination,Defendant,98,99,0,113,48,19,3,7,36
2001-10,Employment Discrimination,Defendant,147,164,2,129,48,29,,12,40
2001-11,Employment Discrimination,Defendant,123,120,2,112,38,22,,13,39
2001-12,Employment Discrimination,Defendant,103,110,3,101,32,27,1,8,33
2002-01,Employment Discrimination,Defendant,121,107,1,125,37,34,2,14,38
2002-02,Employment Discrimination,Defendant,126,119,2,107,36,23,4,8,36
2002-03,Employment Discrimination,Defendant,112,111,3,145,51,27,2,17,48
2002-04,Employment Discrimination,Defendant,147,128,1,148,52,35,2,13,46
2002-05,Employment Discrimination,Defendant,123,128,1,117,51,27,2,10,27
2002-06,Employment Discrimination,Defendant,114,107,2,111,41,29,,9,32
2002-07,Employment Discrimination,Defendant,125,140,2,110,41,20,2,12,35
2002-08,Employment Discrimination,Defendant,118,113,1,156,51,32,1,13,59
2002-09,Employment Discrimination,Defendant,118,120,3,132,53,36,3,9,31
2002-10,Employment Discrimination,Defendant,154,145,0,123,36,34,2,16,35
2002-11,Employment Discrimination,Defendant,148,155,0,107,33,25,1,5,43
2002-12,Employment Discrimination,Defendant,124,140,3,122,41,20,1,15,45
2003-01,Employment Discrimination,Defendant,143,107,3,146,54,32,1,13,46
2003-02,Employment Discrimination,Defendant,99,97,1,116,40,30,1,9,36
2003-03,Employment Discrimination,Defendant,128,124,4,128,53,23,4,13,35
2003-04,Employment Discrimination,Defendant,121,126,1,138,51,32,5,9,41
2003-05,Employment Discrimination,Defendant,125,124,1,118,37,32,,7,42
2003-06,Employment Discrimination,Defendant,134,156,5,125,50,16,,14,45
2003-07,Employment Discrimination,Defendant,122,131,1,153,69,29,,11,44
2003-08,Employment Discrimination,Defendant,143,138,1,119,43,22,,12,42
2003-09,Employment Discrimination,Defendant,127,119,4,126,48,30,5,10,33
2003-10,Employment Discrimination,Defendant,136,137,2,128,53,27,1,12,35
2003-11,Employment Discrimination,Defendant,110,114,2,98,47,20,1,4,26
2003-12,Employment Discrimination,Defendant,129,143,1,120,45,23,2,8,42
2004-01,Employment Discrimination,Defendant,139,119,0,110,52,10,2,5,41
2004-02,Employment Discrimination,Defendant,124,111,1,149,73,22,,4,50
2004-03,Employment Discrimination,Defendant,129,138,4,158,67,30,2,10,49
2004-04,Employment Discrimination,Defendant,137,144,1,111,51,15,3,5,37
2004-05,Employment Discrimination,Defendant,129,129,1,109,45,19,2,10,33
2004-06,Employment Discrimination,Defendant,142,133,0,101,41,26,1,12,21
2004-07,Employment Discrimination,Defendant,141,153,0,122,61,24,2,9,26
2004-08,Employment Discrimination,Defendant,171,158,0,134,56,21,3,10,44
2004-09,Employment Discrimination,Defendant,114,133,3,141,54,26,1,28,32
2004-10,Employment Discrimination,Defendant,144,147,0,133,54,25,1,14,39
2004-11,Employment Discrimination,Defendant,125,123,1,89,30,14,1,15,29
2004-12,Employment Discrimination,Defendant,145,145,1,115,37,23,3,15,37
2005-01,Employment Discrimination,Defendant,131,117,1,124,56,23,2,11,32
2005-02,Employment Discrimination,Defendant,107,100,2,112,45,27,2,9,29
2005-03,Employment Discrimination,Defendant,153,120,1,182,94,26,3,12,47
2005-04,Employment Discrimination,Defendant,102,104,0,131,46,35,2,8,40
2005-05,Employment Discrimination,Defendant,117,123,1,130,64,26,2,8,30
2005-06,Employment Discrimination,Defendant,117,124,2,117,47,22,1,10,37
2005-07,Employment Discrimination,Defendant,121,121,0,130,51,21,1,23,34
2005-08,Employment Discrimination,Defendant,115,100,1,141,52,30,3,12,44
2005-09,Employment Discrimination,Defendant,106,122,2,124,55,23,4,5,37
2005-10,Employment Discrimination,Defendant,113,102,0,108,35,25,2,12,34
2005-11,Employment Discrimination,Defendant,127,101,1,116,46,26,1,6,37
2005-12,Employment Discrimination,Defendant,95,110,0,112,40,30,2,6,34
2006-01,Employment Discrimination,Defendant,99,89,0,136,59,21,,12,44
2006-02,Employment Discrimination,Defendant,97,89,1,102,45,23,,7,27
2006-03,Employment Discrimination,Defendant,100,109,1,177,86,22,2,11,56
2006-04,Employment Discrimination,Defendant,105,83,1,110,46,23,2,9,30
2006-05,Employment Discrimination,Defendant,98,111,1,114,48,20,2,8,36
2006-06,Employment Discrimination,Defendant,116,111,1,137,67,18,1,11,40
2006-07,Employment Discrimination,Defendant,80,74,2,103,42,22,1,6,32
2006-08,Employment Discrimination,Defendant,105,120,0,133,65,18,3,13,34
2006-09,Employment Discrimination,Defendant,93,90,0,140,66,29,1,10,34
2006-10,Employment Discrimination,Defendant,96,100,0,119,48,21,2,14,34
2006-11,Employment Discrimination,Defendant,95,94,1,94,43,14,,7,30
2006-12,Employment Discrimination,Defendant,79,92,1,86,34,17,,10,25
2007-01,Employment Discrimination,Defendant,107,101,0,105,42,20,1,10,32
2007-02,Employment Discrimination,Defendant,85,76,0,96,35,14,1,11,35
2007-03,Employment Discrimination,Defendant,94,67,1,132,63,29,,8,32
2007-04,Employment Discrimination,Defendant,75,77,0,71,34,11,,4,22
2007-05,Employment Discrimination,Defendant,88,74,0,124,59,25,1,5,34
2007-06,Employment Discrimination,Defendant,87,96,1,105,45,20,1,11,28
2007-07,Employment Discrimination,Defendant,83,97,1,107,48,25,3,8,23
2007-08,Employment Discrimination,Defendant,98,102,0,121,52,20,,10,39
2007-09,Employment Discrimination,Defendant,84,91,1,106,38,23,2,9,34
2007-10,Employment Discrimination,Defendant,120,98,0,111,35,27,2,3,44
2007-11,Employment Discrimination,Defendant,84,80,1,83,33,14,1,7,28
2007-12,Employment Discrimination,Defendant,84,102,2,67,28,9,,5,25
2008-01,Employment Discrimination,Defendant,115,88,0,105,43,15,3,12,32
2008-02,Employment Discrimination,Defendant,87,65,1,112,46,25,,9,32
2008-03,Employment Discrimination,Defendant,90,91,4,128,64,25,,8,31
2008-04,Employment Discrimination,Defendant,88,81,4,89,40,14,1,4,30
2008-05,Employment Discrimination,Defendant,79,84,0,82,40,15,2,2,23
2008-06,Employment Discrimination,Defendant,68,106,0,104,36,21,4,10,33
2008-07,Employment Discrimination,Defendant,104,95,0,98,46,20,1,4,27
2008-08,Employment Discrimination,Defendant,83,90,0,102,35,22,4,11,30
2008-09,Employment Discrimination,Defendant,76,85,0,102,41,14,,10,37
2008-10,Employment Discrimination,Defendant,106,95,1,101,45,23,,5,28
2008-11,Employment Discrimination,Defendant,74,85,1,70,30,11,,11,18
2008-12,Employment Discrimination,Defendant,87,91,0,94,33,18,4,8,31
2009-01,Employment Discrimination,Defendant,96,76,2,83,32,15,,4,32
2009-02,Employment Discrimination,Defendant,84,65,3,87,34,8,,10,35
2009-03,Employment Discrimination,Defendant,83,76,0,119,58,21,,9,31
2009-04,Employment Discrimination,Defendant,78,71,0,92,33,19,,7,33
2009-05,Employment Discrimination,Defendant,71,82,0,108,42,24,1,13,28
2009-06,Employment Discrimination,Defendant,73,68,2,135,61,25,2,9,38
2009-07,Employment Discrimination,Defendant,81,81,0,110,44,27,1,10,28
2009-08,Employment Discrimination,Defendant,77,73,0,87,40,14,1,7,25
2009-09,Employment Discrimination,Defendant,82,70,0,102,34,19,2,10,37
2009-10,Employment Discrimination,Defendant,62,65,0,91,32,21,2,11,25
2009-11,Employment Discrimination,Defendant,65,69,0,64,26,13,1,8,16
2009-12,Employment Discrimination,Defendant,79,76,1,101,36,23,2,9,31
2010-01,Employment Discrimination,Defendant,49,45,1,88,30,23,1,5,29
2010-02,Employment Discrimination,Defendant,58,60,0,69,26,13,1,5,24
2010-03,Employment Discrimination,Defendant,76,71,0,135,67,20,2,11,35
2010-04,Employment Discrimination,Defendant,75,72,1,99,40,17,1,10,31
2010-05,Employment Discrimination,Defendant,59,67,0,79,29,17,,1,32
2010-06,Employment Discrimination,Defendant,74,79,0,82,37,11,1,5,28
2010-07,Employment Discrimination,Defendant,71,68,0,82,40,14,,6,22
2010-08,Employment Discrimination,Defendant,70,71,0,77,28,13,4,5,27
2010-09,Employment Discrimination,Defendant,66,71,1,81,39,19,2,6,15
2010-10,Employment Discrimination,Defendant,95,90,0,70,22,14,,7,27
2010-11,Employment Discrimination,Defendant,84,84,0,72,29,15,2,9,17
2010-12,Employment Discrimination,Defendant,71,94,0,75,29,12,,12,22
2011-01,Employment Discrimination,Defendant,72,67,0,87,36,19,,14,18
2011-02,Employment Discrimination,Defendant,56,66,1,68,32,12,3,5,16
2011-03,Employment Discrimination,Defendant,94,78,0,90,37,17,2,7,27
2011-04,Employment Discrimination,Defendant,69,62,3,72,27,21,,7,17
2011-05,Employment Discrimination,Defendant,73,71,0,75,30,19,2,6,18
2011-06,Employment Discrimination,Defendant,76,76,2,80,35,10,1,7,27
2011-07,Employment Discrimination,Defendant,77,76,1,67,27,10,,6,24
2011-08,Employment Discrimination,Defendant,74,82,2,86,26,20,2,5,33
2011-09,Employment Discrimination,Defendant,81,68,1,80,39,17,2,4,18
2011-10,Employment Discrimination,Defendant,66,73,0,72,22,12,,13,25
2011-11,Employment Discrimination,Defendant,78,69,0,64,27,15,,2,20
2011-12,Employment Discrimination,Defendant,71,68,0,61,27,10,1,4,19
2012-01,Employment Discrimination,Defendant,75,82,3,85,34,10,1,11,29
2012-02,Employment Discrimination,Defendant,71,77,0,92,31,19,,9,33
2012-03,Employment Discrimination,Defendant,79,68,0,103,53,17,4,5,24
2012-04,Employment Discrimination,Defendant,61,50,1,65,21,9,1,6,28
2012-05,Employment Discrimination,Defendant,75,72,1,79,29,16,,8,26
2012-06,Employment Discrimination,Defendant,71,70,2,61,22,16,,4,19
2012-07,Employment Discrimination,Defendant,65,66,1,83,33,10,,8,32
2012-08,Employment Discrimination,Defendant,55,60,0,74,29,12,,7,26
2012-09,Employment Discrimination,Defendant,53,59,3,78,46,15,,1,16
2012-10,Employment Discrimination,Defendant,67,49,1,78,29,7,2,13,27
2012-11,Employment Discrimination,Defendant,52,72,1,60,26,10,1,3,20
2012-12,Employment Discrimination,Defendant,39,53,0,48,19,13,,1,15
2013-01,Employment Discrimination,Defendant,76,57,0,61,26,8,1,4,22
2013-02,Employment Discrimination,Defendant,49,65,0,61,26,14,,5,16
2013-03,Employment Discrimination,Defendant,71,64,0,91,45,17,,8,21
2013-04,Employment Discrimination,Defendant,63,65,0,67,29,10,1,7,20
2013-05,Employment Discrimination,Defendant,77,55,0,52,19,13,,2,18
2013-06,Employment Discrimination,Defendant,50,58,0,75,33,12,1,5,24
2013-07,Employment Discrimination,Defendant,80,79,0,72,39,10,,3,20
2013-08,Employment Discrimination,Defendant,51,64,0,61,22,15,,6,18
2013-09,Employment Discrimination,Defendant,48,53,0,81,46,12,2,7,14
2013-10,Employment Discrimination,Defendant,59,56,0,45,12,11,3,4,15
2013-11,Employment Discrimination,Defendant,49,37,1,54,22,11,1,5,15
2013-12,Employment Discrimination,Defendant,64,59,0,56,20,7,,6,23
2014-01,Employment Discrimination,Defendant,62,48,0,69,25,12,,6,26
2014-02,Employment Discrimination,Defendant,61,55,0,57,29,6,1,2,19
2014-03,Employment Discrimination,Defendant,56,65,0,92,38,22,,4,28
2014-04,Employment Discrimination,Defendant,82,78,0,65,25,13,3,5,19
2014-05,Employment Discrimination,Defendant,55,60,0,46,18,12,,4,12
2014-06,Employment Discrimination,Defendant,58,61,0,80,28,17,1,6,28
2014-07,Employment Discrimination,Defendant,64,54,1,56,21,14,,2,19
2014-08,Employment Discrimination,Defendant,56,61,2,58,16,19,1,3,19
2014-09,Employment Discrimination,Defendant,67,55,0,55,25,10,,3,17
2014-10,Employment Discrimination,Defendant,60,59,0,61,18,12,,12,19
2014-11,Employment Discrimination,Defendant,45,54,0,41,16,6,2,9,8
2014-12,Employment Discrimination,Defendant,48,48,1,56,13,16,2,6,19
2015-01,Employment Discrimination,Defendant,70,50,0,60,22,14,,7,17
2015-02,Employment Discrimination,Defendant,50,46,0,38,18,6,1,2,11
2015-03,Employment Discrimination,Defendant,61,59,2,76,24,12,,13,27
2015-04,Employment Discrimination,Defendant,59,67,0,69,20,11,2,7,29
2015-05,Employment Discrimination,Defendant,52,64,0,71,24,15,1,8,23
2015-06,Employment Discrimination,Defendant,63,64,2,60,20,11,1,8,20
2015-07,Employment Discrimination,Defendant,72,65,1,88,22,13,2,13,38
2015-08,Employment Discrimination,Defendant,52,57,0,54,26,5,,3,20
2015-09,Employment Discrimination,Defendant,60,50,0,62,29,7,1,7,18
2015-10,Employment Discrimination,Defendant,50,61,0,50,18,10,,7,15
2015-11,Employment Discrimination,Defendant,51,42,0,62,27,9,2,7,17
2015-12,Employment Discrimination,Defendant,60,55,0,71,21,15,,10,25
2016-01,Employment Discrimination,Defendant,52,56,0,50,21,6,1,6,16
2016-02,Employment Discrimination,Defendant,52,53,3,43,15,10,1,4,13
2016-03,Employment Discrimination,Defendant,74,68,1,76,28,9,2,12,25
2016-04,Employment Discrimination,Defendant,56,43,0,52,17,9,1,7,18
2016-05,Employment Discrimination,Defendant,45,50,0,68,29,13,,4,22
2016-06,Employment Discrimination,Defendant,58,51,1,67,24,15,2,4,22
2016-07,Employment Discrimination,Defendant,43,55,2,62,20,17,1,5,19
2016-08,Employment Discrimination,Defendant,64,67,0,58,15,14,1,8,20
2016-09,Employment Discrimination,Defendant,46,57,2,59,21,10,,10,18
2016-10,Employment Discrimination,Defendant,63,58,0,59,24,11,3,5,16
2016-11,Employment Discrimination,Defendant,68,51,2,53,12,11,,7,23
2016-12,Employment Discrimination,Defendant,57,54,0,57,23,9,1,9,15
2017-01,Employment Discrimination,Defendant,54,54,0,63,12,6,3,11,31
2017-02,Employment Discrimination,Defendant,54,42,0,58,21,8,1,6,22
2017-03,Employment Discrimination,Defendant,48,48,0,81,32,13,3,10,23
2017-04,Employment Discrimination,Defendant,44,44,2,38,12,4,,7,15
2017-05,Employment Discrimination,Defendant,61,60,0,63,23,11,,13,16
2017-06,Employment Discrimination,Defendant,55,54,0,57,19,13,1,5,19
2017-07,Employment Discrimination,Defendant,62,58,0,55,18,6,1,10,20
2017-08,Employment Discrimination,Defendant,69,61,2,55,18,9,,9,19
2017-09,Employment Discrimination,Defendant,58,56,1,55,10,15,1,5,24
2017-10,Employment Discrimination,Defendant,63,57,0,55,19,11,1,6,18
2017-11,Employment Discrimination,Defendant,48,58,0,46,13,13,2,5,13
2017-12,Employment Discrimination,Defendant,58,80,0,50,17,9,,4,20
2018-01,Employment Discrimination,Defendant,74,70,0,62,16,12,2,11,21
2018-02,Employment Discrimination,Defendant,67,61,0,46,14,11,1,4,16
2018-03,Employment Discrimination,Defendant,58,38,1,68,34,8,2,4,20
2018-04,Employment Discrimination,Defendant,57,51,0,54,22,6,2,2,22
2018-05,Employment Discrimination,Defendant,73,59,0,49,15,8,,5,21
2018-06,Employment Discrimination,Defendant,45,51,0,44,15,10,,4,15
2018-07,Employment Discrimination,Defendant,61,63,0,51,21,4,1,10,15
2018-08,Employment Discrimination,Defendant,67,69,0,47,22,8,,7,10
2018-09,Employment Discrimination,Defendant,53,76,0,68,28,11,,4,25
2018-10,Employment Discrimination,Defendant,72,59,0,63,26,14,,5,18
2018-11,Employment Discrimination,Defendant,66,64,0,62,21,8,1,8,24
2018-12,Employment Discrimination,Defendant,57,73,0,41,17,7,,4,13
2019-01,Employment Discrimination,Defendant,73,70,0,32,18,3,,5,6
2019-02,Employment Discrimination,Defendant,76,70,3,48,17,9,2,5,15
2019-03,Employment Discrimination,Defendant,73,53,0,68,35,6,2,3,22
2019-04,Employment Discrimination,Defendant,52,35,0,63,28,10,,8,17
2019-05,Employment Discrimination,Defendant,46,53,0,59,22,13,,7,17
2019-06,Employment Discrimination,Defendant,61,80,1,53,15,16,,4,18
2019-07,Employment Discrimination,Defendant,68,58,0,57,24,9,1,3,20
2019-08,Employment Discrimination,Defendant,65,66,1,50,22,7,,7,14
2019-09,Employment Discrimination,Defendant,80,84,2,69,29,11,1,5,23
2019-10,Employment Discrimination,Defendant,90,75,0,57,21,16,1,7,12
2019-11,Employment Discrimination,Defendant,52,52,0,59,18,9,,7,25
2019-12,Employment Discrimination,Defendant,66,73,0,81,35,17,1,7,21
2020-01,Employment Discrimination,Defendant,69,62,0,74,28,12,2,15,17
2020-02,Employment Discrimination,Defendant,64,54,0,81,34,16,,8,23
2020-03,Employment Discrimination,Defendant,54,86,0,59,26,7,,10,16
2020-04,Employment Discrimination,Defendant,65,65,0,42,12,6,1,7,16
2020-05,Employment Discrimination,Defendant,59,58,0,41,16,6,,6,13
2020-06,Employment Discrimination,Defendant,86,66,0,43,12,7,1,8,15
2020-07,Employment Discrimination,Defendant,46,66,0,50,21,11,1,2,15
2020-08,Employment Discrimination,Defendant,55,46,0,60,20,13,1,4,22
2020-09,Employment Discrimination,Defendant,51,51,0,61,16,10,1,6,28
2020-10,Employment Discrimination,Defendant,73,76,0,68,18,7,1,11,31
2020-11,Employment Discrimination,Defendant,55,52,0,51,10,12,1,10,18
2020-12,Employment Discrimination,Defendant,67,90,0,64,29,8,,7,20
2021-01,Employment Discrimination,Defendant,69,46,0,36,8,10,1,5,12
2021-02,Employment Discrimination,Defendant,68,62,0,47,11,12,1,4,19
2021-03,Employment Discrimination,Defendant,75,74,1,82,40,12,3,5,22
2021-04,Employment Discrimination,Defendant,62,62,1,47,16,10,1,8,12
2021-05,Employment Discrimination,Defendant,55,54,0,64,19,18,,9,18
2021-06,Employment Discrimination,Defendant,74,62,0,60,21,11,3,7,18
2021-07,Employment Discrimination,Defendant,72,71,0,46,18,10,,2,16
2021-08,Employment Discrimination,Defendant,68,64,1,63,23,18,1,6,15
2021-09,Employment Discrimination,Defendant,71,67,1,71,29,15,1,7,19
2021-10,Employment Discrimination,Defendant,57,61,1,49,13,15,1,4,16
2021-11,Employment Discrimination,Defendant,62,56,1,62,28,10,2,7,15
2021-12,Employment Discrimination,Defendant,61,62,1,65,23,19,,5,18
2022-01,Employment Discrimination,Defendant,61,74,1,63,18,11,1,7,26
2022-02,Employment Discrimination,Defendant,77,59,1,49,21,9,,7,12
2022-03,Employment Discrimination,Defendant,74,58,0,68,26,14,,5,23
2022-04,Employment Discrimination,Defendant,66,67,0,61,21,14,,6,20
2022-05,Employment Discrimination,Defendant,60,71,0,53,12,15,2,6,18
2022-06,Employment Discrimination,Defendant,60,69,0,55,16,18,3,7,11
2022-07,Employment Discrimination,Defendant,61,56,0,48,27,7,1,3,10
2022-08,Employment Discrimination,Defendant,65,59,0,57,23,13,1,5,15
2022-09,Employment Discrimination,Defendant,67,70,0,68,27,18,1,5,17
2022-10,Employment Discrimination,Defendant,57,60,1,59,20,7,1,11,20
2022-11,Employment Discrimination,Defendant,55,55,2,76,22,21,2,8,23
2022-12,Employment Discrimination,Defendant,67,72,1,62,22,11,1,12,16
2023-01,Employment Discrimination,Defendant,67,67,0,70,25,11,1,8,25
2023-02,Employment Discrimination,Defendant,70,57,0,71,23,16,1,9,22
2023-03,Employment Discrimination,Defendant,68,54,1,80,35,10,1,5,29
2023-04,Employment Discrimination,Defendant,49,40,0,51,18,12,1,5,15
2023-05,Employment Discrimination,Defendant,51,51,0,55,16,15,,12,12
2023-06,Employment Discrimination,Defendant,57,69,0,71,25,11,2,8,25
2023-07,Employment Discrimination,Defendant,51,56,0,53,23,9,,5,16
2023-08,Employment Discrimination,Defendant,70,55,0,87,40,13,3,7,24
2023-09,Employment Discrimination,Defendant,46,39,0,68,33,13,,4,18
2023-10,Employment Discrimination,Defendant,64,80,0,68,26,22,,10,10
2023-11,Employment Discrimination,Defendant,57,60,0,54,24,6,,5,19
2023-12,Employment Discrimination,Defendant,60,58,0,44,11,8,,4,21
2024-01,Employment Discrimination,Defendant,57,56,0,51,19,10,1,8,13
2024-02,Employment Discrimination,Defendant,61,65,0,58,17,14,,5,22
2024-03,Employment Discrimination,Defendant,60,65,0,65,29,12,,6,18
2024-04,Employment Discrimination,Defendant,68,60,0,54,16,9,1,7,21
2024-05,Employment Discrimination,Defendant,53,53,0,63,22,14,1,5,21
2024-06,Employment Discrimination,Defendant,51,48,0,63,27,12,,8,16
2024-07,Employment Discrimination,Defendant,59,58,0,71,29,10,2,4,26
2024-08,Employment Discrimination,Defendant,56,53,0,58,22,13,,4,19
2024-09,Employment Discrimination,Defendant,43,47,1,64,32,9,2,3,18
2024-10,Employment Discrimination,Defendant,54,67,2,56,14,13,,6,23
2024-11,Employment Discrimination,Defendant,45,51,0,53,23,9,1,7,13
2024-12,Employment Discrimination,Defendant,49,51,0,48,20,8,,6,14
2025-01,Employment Discrimination,Defendant,52,57,0,57,25,8,1,4,19
2025-02,Employment Discrimination,Defendant,59,46,0,72,27,12,,6,27
2025-03,Employment Discrimination,Defendant,61,56,1,75,35,13,,8,19
2025-04,Employment Discrimination,Defendant,50,48,0,68,27,14,,10,17
2025-05,Employment Discrimination,Defendant,36,45,0,50,18,6,,5,21
2025-06,Employment Discrimination,Defendant,56,48,1,41,17,6,,2,16
2025-07,Employment Discrimination,Defendant,34,56,1,54,23,6,1,7,17
2025-08,Employment Discrimination,Defendant,55,62,0,42,19,2,1,2,18
2025-09,Employment Discrimination,Defendant,57,70,0,59,28,6,,6,19
2025-10,Employment Discrimination,Defendant,50,65,0,31,14,1,,3,13
2025-11,Employment Discrimination,Defendant,55,49,0,22,13,1,,1,7
2025-12,Employment Discrimination,Defendant,58,60,0,25,12,5,,2,6
2026-01,Employment Discrimination,Defendant,56,39,0,32,15,1,,2,14
2026-02,Employment Discrimination,Defendant,44,41,0,31,15,1,,4,11
2026-03,Employment Discrimination,Defendant,64,47,0,57,24,6,1,5,21
2026-04,Employment Discrimination,Defendant,53,46,0,23,13,4,,,6
2026-05,Employment Discrimination,Defendant,38,21,0,12,3,1,,1,7
1994-10,Environmental/Lands,Defendant,88,82,5,50,4,,,,46
1994-11,Environmental/Lands,Defendant,80,79,3,60,2,,1,,57
1994-12,Environmental/Lands,Defendant,75,64,1,55,7,,1,,47
1995-01,Environmental/Lands,Defendant,85,77,2,86,4,,3,,79
1995-02,Environmental/Lands,Defendant,62,65,1,61,5,1,1,,54
1995-03,Environmental/Lands,Defendant,81,80,1,76,4,,8,,64
1995-04,Environmental/Lands,Defendant,72,65,4,61,4,,3,,54
1995-05,Environmental/Lands,Defendant,79,73,7,87,4,,4,,79
1995-06,Environmental/Lands,Defendant,77,72,1,118,2,,5,,111
1995-07,Environmental/Lands,Defendant,67,75,4,56,2,1,1,,52
1995-08,Environmental/Lands,Defendant,89,73,6,82,4,,3,,75
1995-09,Environmental/Lands,Defendant,71,71,5,54,6,,2,,46
1995-10,Environmental/Lands,Defendant,77,77,1,75,1,,2,,72
1995-11,Environmental/Lands,Defendant,65,66,3,63,2,,4,,57
1995-12,Environmental/Lands,Defendant,72,80,0,60,3,,1,,56
1996-01,Environmental/Lands,Defendant,85,73,5,59,6,1,3,,49
1996-02,Environmental/Lands,Defendant,59,67,2,77,8,,4,,65
1996-03,Environmental/Lands,Defendant,85,77,0,71,5,,,1,65
1996-04,Environmental/Lands,Defendant,88,84,3,68,4,,3,,61
1996-05,Environmental/Lands,Defendant,90,94,1,79,6,,2,,71
1996-06,Environmental/Lands,Defendant,95,87,8,136,4,,4,1,127
1996-07,Environmental/Lands,Defendant,67,56,3,68,6,1,,,61
1996-08,Environmental/Lands,Defendant,91,88,1,72,7,,1,,64
1996-09,Environmental/Lands,Defendant,76,74,3,75,4,,3,1,67
1996-10,Environmental/Lands,Defendant,87,75,4,65,6,,1,,58
1996-11,Environmental/Lands,Defendant,56,55,2,70,4,,4,,62
1996-12,Environmental/Lands,Defendant,57,59,5,57,6,,2,,49
1997-01,Environmental/Lands,Defendant,57,54,1,73,4,,1,,68
1997-02,Environmental/Lands,Defendant,91,81,1,63,3,,3,,57
1997-03,Environmental/Lands,Defendant,94,82,3,83,7,,3,,73
1997-04,Environmental/Lands,Defendant,67,79,2,58,3,,1,,54
1997-05,Environmental/Lands,Defendant,74,75,1,93,3,,4,,86
1997-06,Environmental/Lands,Defendant,74,77,3,90,5,,1,,84
1997-07,Environmental/Lands,Defendant,77,83,1,74,5,1,2,,66
1997-08,Environmental/Lands,Defendant,66,62,1,79,5,,2,2,70
1997-09,Environmental/Lands,Defendant,76,70,2,73,4,,1,,68
1997-10,Environmental/Lands,Defendant,66,73,3,70,2,,3,2,63
1997-11,Environmental/Lands,Defendant,61,56,1,58,10,,,,48
1997-12,Environmental/Lands,Defendant,66,61,2,60,5,1,3,,51
1998-01,Environmental/Lands,Defendant,73,66,3,60,7,,2,1,50
1998-02,Environmental/Lands,Defendant,73,70,3,86,15,,6,,65
1998-03,Environmental/Lands,Defendant,82,86,4,92,9,2,2,1,78
1998-04,Environmental/Lands,Defendant,65,69,1,71,5,,2,,64
1998-05,Environmental/Lands,Defendant,80,67,3,54,4,3,3,,44
1998-06,Environmental/Lands,Defendant,90,83,3,68,11,,3,1,53
1998-07,Environmental/Lands,Defendant,98,83,2,73,7,3,2,1,60
1998-08,Environmental/Lands,Defendant,70,68,8,84,4,,5,1,74
1998-09,Environmental/Lands,Defendant,77,64,7,95,7,,3,4,81
1998-10,Environmental/Lands,Defendant,61,68,2,68,4,1,3,,60
1998-11,Environmental/Lands,Defendant,65,48,0,52,6,,,,46
1998-12,Environmental/Lands,Defendant,64,81,4,62,8,3,3,3,45
1999-01,Environmental/Lands,Defendant,69,62,1,81,2,2,3,1,73
1999-02,Environmental/Lands,Defendant,68,76,2,79,3,4,5,3,64
1999-03,Environmental/Lands,Defendant,81,66,5,70,3,1,3,1,62
1999-04,Environmental/Lands,Defendant,69,63,0,64,10,3,3,,48
1999-05,Environmental/Lands,Defendant,68,76,1,62,8,1,3,1,49
1999-06,Environmental/Lands,Defendant,88,85,1,60,10,,3,1,46
1999-07,Environmental/Lands,Defendant,71,62,2,101,12,3,3,6,77
1999-08,Environmental/Lands,Defendant,82,78,3,74,8,3,1,6,56
1999-09,Environmental/Lands,Defendant,76,78,4,72,14,4,2,3,49
1999-10,Environmental/Lands,Defendant,62,56,3,62,17,4,5,4,32
1999-11,Environmental/Lands,Defendant,57,50,4,77,16,9,6,12,34
1999-12,Environmental/Lands,Defendant,60,71,2,86,22,9,14,8,33
2000-01,Environmental/Lands,Defendant,79,69,4,73,20,4,4,17,28
2000-02,Environmental/Lands,Defendant,63,53,2,75,10,10,5,11,39
2000-03,Environmental/Lands,Defendant,67,65,2,103,22,2,10,10,59
2000-04,Environmental/Lands,Defendant,55,57,3,56,15,7,2,10,22
2000-05,Environmental/Lands,Defendant,90,83,0,74,18,10,6,8,32
2000-06,Environmental/Lands,Defendant,77,85,2,79,9,5,7,16,42
2000-07,Environmental/Lands,Defendant,62,50,2,69,19,2,14,8,26
2000-08,Environmental/Lands,Defendant,63,59,2,51,13,5,4,8,21
2000-09,Environmental/Lands,Defendant,60,60,6,74,21,9,5,12,27
2000-10,Environmental/Lands,Defendant,77,68,4,57,10,11,4,9,23
2000-11,Environmental/Lands,Defendant,65,119,3,60,13,5,4,11,27
2000-12,Environmental/Lands,Defendant,125,79,0,49,9,10,3,7,20
2001-01,Environmental/Lands,Defendant,85,81,4,69,8,7,2,11,41
2001-02,Environmental/Lands,Defendant,69,50,1,51,10,4,2,8,27
2001-03,Environmental/Lands,Defendant,60,65,6,77,11,12,6,7,41
2001-04,Environmental/Lands,Defendant,71,64,0,67,9,9,5,10,34
2001-05,Environmental/Lands,Defendant,75,74,4,66,8,13,2,15,28
2001-06,Environmental/Lands,Defendant,54,52,1,80,11,8,5,20,36
2001-07,Environmental/Lands,Defendant,52,44,4,59,10,3,7,9,30
2001-08,Environmental/Lands,Defendant,50,57,4,75,19,13,7,9,27
2001-09,Environmental/Lands,Defendant,45,40,6,49,12,3,2,9,23
2001-10,Environmental/Lands,Defendant,51,52,4,56,12,7,2,6,29
2001-11,Environmental/Lands,Defendant,45,50,2,70,17,8,5,13,27
2001-12,Environmental/Lands,Defendant,59,46,0,48,8,6,6,6,22
2002-01,Environmental/Lands,Defendant,59,58,1,40,8,3,6,6,17
2002-02,Environmental/Lands,Defendant,51,45,1,46,9,7,3,8,19
2002-03,Environmental/Lands,Defendant,50,59,2,55,14,8,1,9,23
2002-04,Environmental/Lands,Defendant,71,66,0,58,11,4,7,18,18
2002-05,Environmental/Lands,Defendant,45,51,2,70,11,9,2,16,32
2002-06,Environmental/Lands,Defendant,70,66,1,55,9,4,4,7,31
2002-07,Environmental/Lands,Defendant,58,54,3,52,7,5,4,10,26
2002-08,Environmental/Lands,Defendant,64,57,2,159,6,3,3,8,139
2002-09,Environmental/Lands,Defendant,67,61,2,51,12,10,1,8,20
2002-10,Environmental/Lands,Defendant,69,67,2,63,17,7,2,12,25
2002-11,Environmental/Lands,Defendant,60,55,6,46,7,4,3,9,23
2002-12,Environmental/Lands,Defendant,50,51,0,45,5,5,5,7,23
2003-01,Environmental/Lands,Defendant,39,35,1,57,12,5,4,6,30
2003-02,Environmental/Lands,Defendant,63,53,3,56,10,7,1,19,19
2003-03,Environmental/Lands,Defendant,58,55,0,71,33,3,3,12,20
2003-04,Environmental/Lands,Defendant,49,56,2,67,14,15,1,11,26
2003-05,Environmental/Lands,Defendant,65,57,3,50,14,,3,6,27
2003-06,Environmental/Lands,Defendant,53,56,2,56,15,6,,10,25
2003-07,Environmental/Lands,Defendant,61,56,1,80,19,8,5,8,40
2003-08,Environmental/Lands,Defendant,49,53,1,50,16,4,1,6,23
2003-09,Environmental/Lands,Defendant,52,51,8,52,16,4,8,5,19
2003-10,Environmental/Lands,Defendant,65,52,0,53,10,10,3,5,25
2003-11,Environmental/Lands,Defendant,51,48,0,43,9,7,2,10,15
2003-12,Environmental/Lands,Defendant,51,55,1,45,8,11,5,7,14
2004-01,Environmental/Lands,Defendant,63,56,4,46,9,5,1,8,23
2004-02,Environmental/Lands,Defendant,48,42,0,58,15,5,2,7,29
2004-03,Environmental/Lands,Defendant,67,81,6,74,22,8,7,8,29
2004-04,Environmental/Lands,Defendant,65,65,3,43,8,6,,9,20
2004-05,Environmental/Lands,Defendant,71,60,2,40,11,4,2,8,15
2004-06,Environmental/Lands,Defendant,51,41,1,46,14,7,1,7,17
2004-07,Environmental/Lands,Defendant,50,54,0,44,10,8,1,7,18
2004-08,Environmental/Lands,Defendant,52,48,2,67,20,8,4,5,30
2004-09,Environmental/Lands,Defendant,61,61,4,54,15,5,1,7,26
2004-10,Environmental/Lands,Defendant,62,56,2,63,11,7,3,6,36
2004-11,Environmental/Lands,Defendant,55,53,0,63,7,10,3,3,40
2004-12,Environmental/Lands,Defendant,45,46,0,54,10,6,5,7,26
2005-01,Environmental/Lands,Defendant,44,39,1,58,14,5,2,8,29
2005-02,Environmental/Lands,Defendant,39,41,0,41,6,2,4,4,25
2005-03,Environmental/Lands,Defendant,54,51,4,66,22,6,2,5,31
2005-04,Environmental/Lands,Defendant,36,44,1,42,10,3,4,2,23
2005-05,Environmental/Lands,Defendant,35,31,3,46,13,8,2,9,14
2005-06,Environmental/Lands,Defendant,57,58,1,40,7,8,1,4,20
2005-07,Environmental/Lands,Defendant,53,47,4,58,19,8,2,7,22
2005-08,Environmental/Lands,Defendant,55,48,1,58,19,10,3,4,22
2005-09,Environmental/Lands,Defendant,37,33,4,62,17,6,3,6,30
2005-10,Environmental/Lands,Defendant,35,35,2,41,7,5,3,7,19
2005-11,Environmental/Lands,Defendant,42,38,2,54,15,7,4,6,22
2005-12,Environmental/Lands,Defendant,41,38,2,34,7,5,,3,19
2006-01,Environmental/Lands,Defendant,48,50,4,36,9,2,1,4,20
2006-02,Environmental/Lands,Defendant,36,38,2,34,4,6,2,3,19
2006-03,Environmental/Lands,Defendant,36,39,7,64,21,3,6,5,29
2006-04,Environmental/Lands,Defendant,49,46,3,46,6,8,3,3,26
2006-05,Environmental/Lands,Defendant,44,41,4,39,10,2,1,4,22
2006-06,Environmental/Lands,Defendant,41,43,0,52,16,4,7,2,23
2006-07,Environmental/Lands,Defendant,49,60,3,31,4,9,2,3,13
2006-08,Environmental/Lands,Defendant,61,51,0,66,14,6,3,10,33
2006-09,Environmental/Lands,Defendant,43,44,1,49,13,8,3,5,20
2006-10,Environmental/Lands,Defendant,55,43,0,46,14,6,,6,20
2006-11,Environmental/Lands,Defendant,43,39,3,25,8,3,2,3,9
2006-12,Environmental/Lands,Defendant,51,68,0,32,7,4,2,3,16
2007-01,Environmental/Lands,Defendant,46,33,1,74,10,4,2,11,47
2007-02,Environmental/Lands,Defendant,32,40,1,34,7,4,2,2,19
2007-03,Environmental/Lands,Defendant,47,32,2,70,16,1,3,10,40
2007-04,Environmental/Lands,Defendant,37,34,1,53,9,2,2,21,19
2007-05,Environmental/Lands,Defendant,42,51,1,46,10,5,2,8,21
2007-06,Environmental/Lands,Defendant,42,31,2,36,8,7,5,3,13
2007-07,Environmental/Lands,Defendant,47,45,0,38,10,5,3,8,12
2007-08,Environmental/Lands,Defendant,41,38,1,45,16,4,,7,18
2007-09,Environmental/Lands,Defendant,31,37,1,60,18,4,,10,28
2007-10,Environmental/Lands,Defendant,55,59,0,60,16,6,3,4,31
2007-11,Environmental/Lands,Defendant,54,36,1,36,8,3,4,4,17
2007-12,Environmental/Lands,Defendant,35,38,0,49,10,2,,8,29
2008-01,Environmental/Lands,Defendant,54,43,1,52,8,20,2,4,18
2008-02,Environmental/Lands,Defendant,33,34,0,59,11,8,1,11,28
2008-03,Environmental/Lands,Defendant,49,50,5,52,15,2,2,5,28
2008-04,Environmental/Lands,Defendant,46,40,1,56,9,2,1,4,40
2008-05,Environmental/Lands,Defendant,42,35,1,40,4,6,5,12,13
2008-06,Environmental/Lands,Defendant,35,40,0,38,8,5,,3,22
2008-07,Environmental/Lands,Defendant,38,39,2,43,10,3,3,2,25
2008-08,Environmental/Lands,Defendant,47,45,3,47,11,11,2,7,16
2008-09,Environmental/Lands,Defendant,45,32,4,31,6,5,1,4,15
2008-10,Environmental/Lands,Defendant,33,43,1,46,9,4,,6,27
2008-11,Environmental/Lands,Defendant,44,49,2,34,7,3,1,1,22
2008-12,Environmental/Lands,Defendant,51,50,1,44,8,5,2,10,19
2009-01,Environmental/Lands,Defendant,77,73,2,38,9,5,,12,12
2009-02,Environmental/Lands,Defendant,47,45,0,46,3,7,,7,29
2009-03,Environmental/Lands,Defendant,52,38,5,37,7,3,1,7,19
2009-04,Environmental/Lands,Defendant,47,45,2,44,13,3,,10,18
2009-05,Environmental/Lands,Defendant,43,45,5,48,16,4,,4,24
2009-06,Environmental/Lands,Defendant,65,59,0,47,11,6,1,3,26
2009-07,Environmental/Lands,Defendant,40,33,2,64,9,3,1,13,38
2009-08,Environmental/Lands,Defendant,45,45,5,64,14,8,,4,38
2009-09,Environmental/Lands,Defendant,47,43,1,38,8,,2,4,24
2009-10,Environmental/Lands,Defendant,57,54,0,36,10,3,4,3,16
2009-11,Environmental/Lands,Defendant,31,32,1,37,9,3,1,7,17
2009-12,Environmental/Lands,Defendant,47,47,3,35,6,5,3,5,16
2010-01,Environmental/Lands,Defendant,50,41,6,36,9,7,2,2,16
2010-02,Environmental/Lands,Defendant,39,35,1,29,7,4,2,3,13
2010-03,Environmental/Lands,Defendant,48,42,5,55,5,10,2,6,32
2010-04,Environmental/Lands,Defendant,22,31,2,67,7,7,,10,43
2010-05,Environmental/Lands,Defendant,31,34,2,36,6,6,1,7,16
2010-06,Environmental/Lands,Defendant,50,54,1,44,1,6,,5,32
2010-07,Environmental/Lands,Defendant,41,40,2,47,5,6,2,10,24
2010-08,Environmental/Lands,Defendant,43,40,0,44,4,3,3,7,27
2010-09,Environmental/Lands,Defendant,32,31,4,72,9,10,4,11,38
2010-10,Environmental/Lands,Defendant,39,46,0,34,6,5,1,6,16
2010-11,Environmental/Lands,Defendant,43,32,0,23,6,1,1,4,11
2010-12,Environmental/Lands,Defendant,25,35,0,42,10,4,2,8,18
2011-01,Environmental/Lands,Defendant,46,44,1,30,8,2,1,2,17
2011-02,Environmental/Lands,Defendant,37,28,0,36,7,8,2,5,14
2011-03,Environmental/Lands,Defendant,33,30,2,75,14,3,1,6,51
2011-04,Environmental/Lands,Defendant,38,31,3,41,5,1,3,1,31
2011-05,Environmental/Lands,Defendant,31,44,0,38,5,4,3,3,23
2011-06,Environmental/Lands,Defendant,39,35,1,44,14,2,1,9,18
2011-07,Environmental/Lands,Defendant,41,37,1,30,8,4,1,2,15
2011-08,Environmental/Lands,Defendant,58,43,1,33,4,2,4,8,15
2011-09,Environmental/Lands,Defendant,36,30,23,44,12,4,1,1,26
2011-10,Environmental/Lands,Defendant,34,30,1,40,10,4,6,4,16
2011-11,Environmental/Lands,Defendant,38,40,0,26,6,,1,6,13
2011-12,Environmental/Lands,Defendant,33,30,0,25,4,4,1,3,13
2012-01,Environmental/Lands,Defendant,39,32,3,46,12,5,,6,23
2012-02,Environmental/Lands,Defendant,36,38,0,42,15,6,2,4,15
2012-03,Environmental/Lands,Defendant,52,44,4,58,8,6,3,7,34
2012-04,Environmental/Lands,Defendant,41,45,3,51,9,3,2,5,32
2012-05,Environmental/Lands,Defendant,49,47,1,34,5,1,,6,22
2012-06,Environmental/Lands,Defendant,40,41,1,34,4,1,,6,23
2012-07,Environmental/Lands,Defendant,37,47,1,42,8,2,3,8,21
2012-08,Environmental/Lands,Defendant,58,50,0,38,14,4,2,2,16
2012-09,Environmental/Lands,Defendant,41,41,1,48,11,4,6,1,26
2012-10,Environmental/Lands,Defendant,41,38,2,40,8,1,4,3,24
2012-11,Environmental/Lands,Defendant,45,37,0,34,6,2,1,6,19
2012-12,Environmental/Lands,Defendant,33,33,1,34,15,1,,1,17
2013-01,Environmental/Lands,Defendant,29,32,0,33,8,1,5,7,12
2013-02,Environmental/Lands,Defendant,20,28,0,36,4,4,3,3,22
2013-03,Environmental/Lands,Defendant,43,32,1,42,14,2,3,4,19
2013-04,Environmental/Lands,Defendant,52,49,1,44,7,5,,7,25
2013-05,Environmental/Lands,Defendant,50,48,0,43,9,4,4,10,16
2013-06,Environmental/Lands,Defendant,44,48,1,36,7,2,6,6,15
2013-07,Environmental/Lands,Defendant,28,29,0,45,13,1,2,5,24
2013-08,Environmental/Lands,Defendant,31,25,1,37,9,2,5,8,13
2013-09,Environmental/Lands,Defendant,33,29,0,47,11,7,3,10,16
2013-10,Environmental/Lands,Defendant,39,42,0,33,6,1,4,5,17
2013-11,Environmental/Lands,Defendant,28,33,0,34,4,1,4,4,21
2013-12,Environmental/Lands,Defendant,34,34,1,25,5,2,2,2,14
2014-01,Environmental/Lands,Defendant,37,34,2,27,5,,1,4,17
2014-02,Environmental/Lands,Defendant,31,30,1,33,10,6,2,1,14
2014-03,Environmental/Lands,Defendant,48,36,4,40,10,4,3,11,12
2014-04,Environmental/Lands,Defendant,27,37,1,39,11,1,,11,16
2014-05,Environmental/Lands,Defendant,38,36,1,32,8,2,2,9,11
2014-06,Environmental/Lands,Defendant,36,32,0,30,13,2,1,2,12
2014-07,Environmental/Lands,Defendant,26,31,2,45,8,1,3,8,25
2014-08,Environmental/Lands,Defendant,36,28,0,42,9,6,3,8,16
2014-09,Environmental/Lands,Defendant,28,31,12,52,13,1,1,8,29
2014-10,Environmental/Lands,Defendant,32,34,4,36,10,2,3,5,16
2014-11,Environmental/Lands,Defendant,43,38,0,27,4,10,1,4,8
2014-12,Environmental/Lands,Defendant,33,28,2,38,8,4,1,7,18
2015-01,Environmental/Lands,Defendant,40,45,2,24,2,3,1,5,13
2015-02,Environmental/Lands,Defendant,40,28,1,39,11,6,,4,18
2015-03,Environmental/Lands,Defendant,47,51,0,32,7,3,2,5,15
2015-04,Environmental/Lands,Defendant,39,42,4,52,10,1,2,8,31
2015-05,Environmental/Lands,Defendant,30,39,1,45,5,3,2,4,31
2015-06,Environmental/Lands,Defendant,35,34,0,39,9,5,1,6,18
2015-07,Environmental/Lands,Defendant,42,30,1,27,6,1,4,3,13
2015-08,Environmental/Lands,Defendant,34,40,1,66,3,6,1,11,45
2015-09,Environmental/Lands,Defendant,35,39,0,53,13,1,1,9,29
2015-10,Environmental/Lands,Defendant,49,37,1,39,4,,2,13,20
2015-11,Environmental/Lands,Defendant,18,24,0,25,4,2,1,3,15
2015-12,Environmental/Lands,Defendant,26,21,0,30,2,3,,8,17
2016-01,Environmental/Lands,Defendant,31,30,1,33,7,3,,5,18
2016-02,Environmental/Lands,Defendant,30,29,1,25,8,1,1,6,9
2016-03,Environmental/Lands,Defendant,36,32,0,45,9,3,1,6,26
2016-04,Environmental/Lands,Defendant,32,28,0,29,4,5,1,5,14
2016-05,Environmental/Lands,Defendant,37,39,2,28,3,2,3,4,16
2016-06,Environmental/Lands,Defendant,39,40,1,28,6,3,,7,12
2016-07,Environmental/Lands,Defendant,31,30,0,25,5,2,2,6,10
2016-08,Environmental/Lands,Defendant,35,31,2,40,5,2,,14,19
2016-09,Environmental/Lands,Defendant,30,27,1,35,9,2,1,5,18
2016-10,Environmental/Lands,Defendant,28,30,2,17,4,2,,1,10
2016-11,Environmental/Lands,Defendant,33,25,0,29,6,2,2,5,14
2016-12,Environmental/Lands,Defendant,34,36,0,29,9,3,1,,16
2017-01,Environmental/Lands,Defendant,28,22,2,39,8,2,3,7,19
2017-02,Environmental/Lands,Defendant,32,25,1,30,9,,4,,17
2017-03,Environmental/Lands,Defendant,18,26,1,47,14,,1,3,29
2017-04,Environmental/Lands,Defendant,23,15,0,24,4,2,1,3,14
2017-05,Environmental/Lands,Defendant,35,35,0,32,6,2,,2,22
2017-06,Environmental/Lands,Defendant,27,27,0,36,4,3,2,7,20
2017-07,Environmental/Lands,Defendant,21,20,0,28,3,2,1,5,17
2017-08,Environmental/Lands,Defendant,33,36,0,44,9,2,2,8,23
2017-09,Environmental/Lands,Defendant,22,25,0,25,6,3,2,,14
2017-10,Environmental/Lands,Defendant,25,28,0,18,4,2,,3,9
2017-11,Environmental/Lands,Defendant,23,20,0,20,5,1,1,3,10
2017-12,Environmental/Lands,Defendant,21,19,0,23,3,1,1,3,15
2018-01,Environmental/Lands,Defendant,25,28,1,38,5,2,3,5,23
2018-02,Environmental/Lands,Defendant,24,22,0,21,1,1,2,4,13
2018-03,Environmental/Lands,Defendant,24,21,2,33,6,3,1,4,19
2018-04,Environmental/Lands,Defendant,24,30,1,17,2,1,1,4,9
2018-05,Environmental/Lands,Defendant,31,32,0,33,3,3,4,5,18
2018-06,Environmental/Lands,Defendant,23,23,1,18,4,,1,1,12
2018-07,Environmental/Lands,Defendant,23,20,0,29,2,3,,5,19
2018-08,Environmental/Lands,Defendant,22,22,3,32,12,4,,5,11
2018-09,Environmental/Lands,Defendant,13,12,1,19,7,2,1,3,6
2018-10,Environmental/Lands,Defendant,25,22,0,24,3,1,1,3,16
2018-11,Environmental/Lands,Defendant,26,30,1,22,5,4,4,3,6
2018-12,Environmental/Lands,Defendant,32,22,0,33,9,2,,2,20
2019-01,Environmental/Lands,Defendant,18,26,0,17,3,,,,14
2019-02,Environmental/Lands,Defendant,28,25,0,30,5,,5,2,18
2019-03,Environmental/Lands,Defendant,26,24,1,34,9,2,,4,19
2019-04,Environmental/Lands,Defendant,31,36,0,28,5,2,1,4,16
2019-05,Environmental/Lands,Defendant,37,28,0,30,1,1,1,6,21
2019-06,Environmental/Lands,Defendant,26,27,0,18,3,2,1,2,10
2019-07,Environmental/Lands,Defendant,30,35,0,29,5,2,,5,17
2019-08,Environmental/Lands,Defendant,33,28,0,27,10,1,2,3,11
2019-09,Environmental/Lands,Defendant,29,31,0,34,8,1,3,7,15
2019-10,Environmental/Lands,Defendant,34,31,0,25,5,2,,3,15
2019-11,Environmental/Lands,Defendant,34,31,0,14,1,,,3,10
2019-12,Environmental/Lands,Defendant,16,18,0,20,1,2,1,3,13
2020-01,Environmental/Lands,Defendant,42,40,0,29,6,,,4,19
2020-02,Environmental/Lands,Defendant,24,29,1,29,6,,,5,18
2020-03,Environmental/Lands,Defendant,36,31,0,35,5,4,1,3,22
2020-04,Environmental/Lands,Defendant,29,35,1,31,5,2,1,6,17
2020-05,Environmental/Lands,Defendant,45,45,2,32,5,1,,8,18
2020-06,Environmental/Lands,Defendant,38,31,0,31,4,1,1,5,20
2020-07,Environmental/Lands,Defendant,30,31,0,17,,6,1,4,6
2020-08,Environmental/Lands,Defendant,35,35,0,32,9,1,3,5,14
2020-09,Environmental/Lands,Defendant,25,24,0,28,6,2,1,5,14
2020-10,Environmental/Lands,Defendant,27,31,1,27,7,3,1,2,14
2020-11,Environmental/Lands,Defendant,26,23,1,9,2,,1,1,5
2020-12,Environmental/Lands,Defendant,35,33,1,27,7,3,2,6,9
2021-01,Environmental/Lands,Defendant,40,37,0,25,1,3,2,7,12
2021-02,Environmental/Lands,Defendant,19,17,1,24,2,6,1,5,10
2021-03,Environmental/Lands,Defendant,31,27,3,38,16,1,6,5,10
2021-04,Environmental/Lands,Defendant,25,30,0,20,5,,2,2,11
2021-05,Environmental/Lands,Defendant,25,23,0,23,9,1,1,2,10
2021-06,Environmental/Lands,Defendant,16,18,0,23,2,4,1,1,15
2021-07,Environmental/Lands,Defendant,31,22,0,17,2,,1,3,11
2021-08,Environmental/Lands,Defendant,21,23,0,26,6,2,1,7,10
2021-09,Environmental/Lands,Defendant,26,19,1,28,5,1,2,5,15
2021-10,Environmental/Lands,Defendant,25,24,1,38,1,2,,5,30
2021-11,Environmental/Lands,Defendant,17,22,1,18,3,2,,5,8
2021-12,Environmental/Lands,Defendant,13,19,0,18,4,,2,3,9
2022-01,Environmental/Lands,Defendant,29,25,0,20,6,,,4,10
2022-02,Environmental/Lands,Defendant,18,21,1,9,2,1,1,1,4
2022-03,Environmental/Lands,Defendant,19,18,0,40,6,3,1,9,21
2022-04,Environmental/Lands,Defendant,23,31,0,28,,4,2,7,15
2022-05,Environmental/Lands,Defendant,31,29,0,24,,2,1,5,16
2022-06,Environmental/Lands,Defendant,32,30,0,29,3,3,,3,20
2022-07,Environmental/Lands,Defendant,25,21,2,21,3,1,,8,9
2022-08,Environmental/Lands,Defendant,26,20,2,48,9,4,5,12,18
2022-09,Environmental/Lands,Defendant,20,20,1,51,10,6,2,4,29
2022-10,Environmental/Lands,Defendant,21,21,0,20,3,6,,4,7
2022-11,Environmental/Lands,Defendant,25,24,0,19,3,2,1,5,8
2022-12,Environmental/Lands,Defendant,16,16,0,21,1,3,,2,15
2023-01,Environmental/Lands,Defendant,16,14,1,24,5,1,,6,12
2023-02,Environmental/Lands,Defendant,16,14,0,22,5,3,,4,10
2023-03,Environmental/Lands,Defendant,22,23,0,30,4,5,2,3,16
2023-04,Environmental/Lands,Defendant,24,24,0,17,3,1,1,1,11
2023-05,Environmental/Lands,Defendant,28,30,0,29,5,1,2,4,17
2023-06,Environmental/Lands,Defendant,31,27,0,19,6,1,1,3,8
2023-07,Environmental/Lands,Defendant,19,15,0,16,3,2,,4,7
2023-08,Environmental/Lands,Defendant,27,25,1,26,4,2,2,6,12
2023-09,Environmental/Lands,Defendant,23,34,1,28,5,2,,9,12
2023-10,Environmental/Lands,Defendant,18,15,0,21,4,1,1,9,6
2023-11,Environmental/Lands,Defendant,20,22,0,15,5,1,,7,2
2023-12,Environmental/Lands,Defendant,27,23,0,16,5,1,1,,9
2024-01,Environmental/Lands,Defendant,29,29,0,17,4,,1,6,6
2024-02,Environmental/Lands,Defendant,16,14,1,22,6,3,1,3,9
2024-03,Environmental/Lands,Defendant,28,33,0,32,6,2,,5,19
2024-04,Environmental/Lands,Defendant,45,38,0,25,3,1,,5,16
2024-05,Environmental/Lands,Defendant,29,34,0,24,4,1,,9,10
2024-06,Environmental/Lands,Defendant,47,46,0,28,2,1,1,9,15
2024-07,Environmental/Lands,Defendant,52,54,0,25,4,1,,8,12
2024-08,Environmental/Lands,Defendant,55,58,1,24,2,2,1,9,10
2024-09,Environmental/Lands,Defendant,64,67,0,32,4,2,3,3,20
2024-10,Environmental/Lands,Defendant,64,67,1,35,4,5,2,10,14
2024-11,Environmental/Lands,Defendant,63,50,2,38,7,2,1,7,21
2024-12,Environmental/Lands,Defendant,53,65,0,40,5,3,2,13,17
2025-01,Environmental/Lands,Defendant,64,54,2,32,4,4,1,7,16
2025-02,Environmental/Lands,Defendant,67,68,2,67,5,6,,8,48
2025-03,Environmental/Lands,Defendant,50,46,1,36,4,1,2,4,25
2025-04,Environmental/Lands,Defendant,91,92,0,52,2,1,1,15,33
2025-05,Environmental/Lands,Defendant,88,85,0,40,7,1,,9,23
2025-06,Environmental/Lands,Defendant,59,92,0,23,1,2,,8,12
2025-07,Environmental/Lands,Defendant,121,87,0,38,4,3,1,3,27
2025-08,Environmental/Lands,Defendant,102,104,3,44,2,,,11,31
2025-09,Environmental/Lands,Defendant,64,69,2,35,,1,,13,21
2025-10,Environmental/Lands,Defendant,74,98,0,18,3,1,1,4,9
2025-11,Environmental/Lands,Defendant,61,77,0,19,2,1,,4,12
2025-12,Environmental/Lands,Defendant,83,96,0,18,1,,2,6,9
2026-01,Environmental/Lands,Defendant,96,82,0,27,2,,2,6,17
2026-02,Environmental/Lands,Defendant,66,59,0,19,,,,6,13
2026-03,Environmental/Lands,Defendant,93,69,0,21,4,1,,3,13
2026-04,Environmental/Lands,Defendant,83,63,2,79,4,1,,1,73
2026-05,Environmental/Lands,Defendant,72,33,0,20,1,2,,3,14
1994-10,Fraud,Defendant,5,3,2,2,,,,,2
1994-11,Fraud,Defendant,15,13,3,7,1,,,,6
1994-12,Fraud,Defendant,5,5,2,1,,,,,1
1995-01,Fraud,Defendant,9,9,3,6,,,,,6
1995-02,Fraud,Defendant,13,7,3,4,,,,,4
1995-03,Fraud,Defendant,8,9,3,6,,,,,6
1995-04,Fraud,Defendant,13,7,3,7,2,,,,5
1995-05,Fraud,Defendant,6,6,2,8,1,,,,7
1995-06,Fraud,Defendant,14,11,4,11,1,,,,10
1995-07,Fraud,Defendant,9,5,2,7,,,1,,6
1995-08,Fraud,Defendant,13,10,3,7,1,,,,6
1995-09,Fraud,Defendant,11,8,3,6,,,,,6
1995-10,Fraud,Defendant,26,7,4,8,3,,,,5
1995-11,Fraud,Defendant,10,7,0,8,1,,,1,6
1995-12,Fraud,Defendant,10,7,2,3,,,,,3
1996-01,Fraud,Defendant,11,8,4,5,,,1,,4
1996-02,Fraud,Defendant,9,5,1,21,2,,,,19
1996-03,Fraud,Defendant,10,6,2,12,2,,,1,9
1996-04,Fraud,Defendant,13,7,0,5,1,,,1,3
1996-05,Fraud,Defendant,7,6,5,8,,,,,8
1996-06,Fraud,Defendant,16,8,3,5,1,,,,4
1996-07,Fraud,Defendant,9,5,1,6,,,,,6
1996-08,Fraud,Defendant,7,5,4,4,,,,,4
1996-09,Fraud,Defendant,7,7,3,7,1,,,,6
1996-10,Fraud,Defendant,21,16,4,6,,,,1,5
1996-11,Fraud,Defendant,11,7,1,4,,,,,4
1996-12,Fraud,Defendant,16,10,1,7,,,,,7
1997-01,Fraud,Defendant,9,4,3,5,,,,,5
1997-02,Fraud,Defendant,13,9,3,5,,,,,5
1997-03,Fraud,Defendant,11,10,0,5,,,,,5
1997-04,Fraud,Defendant,8,6,4,7,1,,,,6
1997-05,Fraud,Defendant,10,6,2,10,,1,,,9
1997-06,Fraud,Defendant,9,9,3,8,,,1,,7
1997-07,Fraud,Defendant,8,5,2,11,1,,,,10
1997-08,Fraud,Defendant,9,10,0,4,,,,,4
1997-09,Fraud,Defendant,12,3,1,6,,,,,6
1997-10,Fraud,Defendant,14,7,0,10,1,,,,9
1997-11,Fraud,Defendant,5,4,2,9,,,1,,8
1997-12,Fraud,Defendant,7,4,1,6,,,,,6
1998-01,Fraud,Defendant,6,5,2,3,,1,,,2
1998-02,Fraud,Defendant,11,7,0,7,1,,,,6
1998-03,Fraud,Defendant,11,9,6,10,3,,,1,6
1998-04,Fraud,Defendant,14,10,3,10,,,,,10
1998-05,Fraud,Defendant,11,7,2,6,1,,,,5
1998-06,Fraud,Defendant,9,1,3,3,,,,,3
1998-07,Fraud,Defendant,4,1,2,6,1,,,,5
1998-08,Fraud,Defendant,6,4,1,8,,,,,8
1998-09,Fraud,Defendant,9,7,2,6,,,,,6
1998-10,Fraud,Defendant,7,6,3,5,,,,1,4
1998-11,Fraud,Defendant,5,4,0,8,,,,,8
1998-12,Fraud,Defendant,6,5,5,4,,,,1,3
1999-01,Fraud,Defendant,13,6,4,7,1,,,,6
1999-02,Fraud,Defendant,11,8,1,6,,,,,6
1999-03,Fraud,Defendant,12,7,3,6,2,,,,4
1999-04,Fraud,Defendant,11,7,2,5,,,,1,4
1999-05,Fraud,Defendant,9,5,7,6,1,,,1,4
1999-06,Fraud,Defendant,6,4,8,9,1,,,1,7
1999-07,Fraud,Defendant,6,3,5,6,1,,1,1,3
1999-08,Fraud,Defendant,5,5,4,6,1,,,,5
1999-09,Fraud,Defendant,4,4,3,6,2,,,1,3
1999-10,Fraud,Defendant,3,4,0,2,,,,,2
1999-11,Fraud,Defendant,4,5,0,5,,2,,3,
1999-12,Fraud,Defendant,6,2,1,3,2,,,,1
2000-01,Fraud,Defendant,4,2,0,8,1,3,1,1,2
2000-02,Fraud,Defendant,5,2,1,4,1,,1,,2
2000-03,Fraud,Defendant,4,0,11,6,1,2,1,2,
2000-04,Fraud,Defendant,7,6,10,4,2,,1,,1
2000-05,Fraud,Defendant,2,3,1,3,,1,,1,1
2000-06,Fraud,Defendant,5,2,2,6,2,2,,1,1
2000-07,Fraud,Defendant,4,5,2,4,1,,,1,2
2000-08,Fraud,Defendant,5,2,4,7,2,1,,1,3
2000-09,Fraud,Defendant,1,1,5,7,3,,,1,3
2000-10,Fraud,Defendant,4,3,3,2,,1,,,1
2000-11,Fraud,Defendant,4,5,2,2,,1,,,1
2000-12,Fraud,Defendant,4,1,0,4,,1,,1,2
2001-01,Fraud,Defendant,4,2,0,3,2,,,,1
2001-02,Fraud,Defendant,4,2,3,3,,,,,3
2001-03,Fraud,Defendant,2,1,3,3,1,1,,,1
2001-04,Fraud,Defendant,1,2,2,4,,1,,1,2
2001-05,Fraud,Defendant,4,2,1,2,,,,1,1
2001-06,Fraud,Defendant,8,6,5,2,2,,,,
2001-07,Fraud,Defendant,1,0,4,1,,,,,1
2001-08,Fraud,Defendant,2,3,2,7,3,,,3,1
2001-09,Fraud,Defendant,5,4,7,2,,1,,,1
2001-10,Fraud,Defendant,5,5,0,3,1,,,,2
2001-11,Fraud,Defendant,5,1,2,4,2,1,,1,
2001-12,Fraud,Defendant,3,1,2,3,,1,,1,1
2002-01,Fraud,Defendant,1,0,1,1,,,,1,
2002-02,Fraud,Defendant,3,3,1,1,,,,,1
2002-03,Fraud,Defendant,2,0,1,3,1,1,,,1
2002-04,Fraud,Defendant,3,1,3,5,2,,,1,2
2002-05,Fraud,Defendant,4,3,2,5,,1,,,4
2002-06,Fraud,Defendant,5,1,6,1,1,,,,
2002-07,Fraud,Defendant,8,5,0,1,,,,1,
2002-08,Fraud,Defendant,5,5,1,1,,,,,1
2002-09,Fraud,Defendant,8,5,1,1,,,,1,
2002-10,Fraud,Defendant,3,2,1,1,,,,,1
2002-11,Fraud,Defendant,2,1,0,1,,,,1,
2002-12,Fraud,Defendant,2,0,1,4,,3,,,1
2003-01,Fraud,Defendant,2,2,0,1,1,,,,
2003-02,Fraud,Defendant,1,0,1,3,,1,,2,
2003-03,Fraud,Defendant,2,1,0,4,1,1,,2,
2003-04,Fraud,Defendant,5,2,5,3,,1,,1,1
2003-05,Fraud,Defendant,3,2,4,2,,,,,2
2003-06,Fraud,Defendant,3,0,0,2,,,,1,1
2003-07,Fraud,Defendant,3,3,5,1,,,,,1
2003-08,Fraud,Defendant,6,4,1,4,1,1,,2,
2003-09,Fraud,Defendant,0,2,1,2,1,,,,1
2003-10,Fraud,Defendant,3,1,3,2,,1,,1,
2003-11,Fraud,Defendant,2,1,2,2,,,1,,1
2003-12,Fraud,Defendant,2,3,2,2,1,,,1,
2004-01,Fraud,Defendant,6,3,2,2,1,1,,,
2004-02,Fraud,Defendant,5,4,4,6,,,,1,5
2004-03,Fraud,Defendant,4,1,3,3,,2,,1,
2004-04,Fraud,Defendant,5,6,1,2,1,1,,,
2004-05,Fraud,Defendant,5,3,1,2,1,,,,1
2004-06,Fraud,Defendant,6,5,0,1,,,,1,
2004-07,Fraud,Defendant,9,2,0,3,1,,,,2
2004-08,Fraud,Defendant,0,0,1,2,2,,,,
2004-09,Fraud,Defendant,3,2,1,3,,,,1,2
2004-10,Fraud,Defendant,5,5,0,3,1,,,2,
2004-11,Fraud,Defendant,6,4,2,0,,,,,
2004-12,Fraud,Defendant,1,0,2,2,1,1,,,
2005-01,Fraud,Defendant,3,3,3,5,4,,,,1
2005-02,Fraud,Defendant,7,8,0,3,3,,,,
2005-03,Fraud,Defendant,4,1,0,4,2,,,,2
2005-04,Fraud,Defendant,4,4,1,2,2,,,,
2005-05,Fraud,Defendant,2,2,1,6,1,1,,2,2
2005-06,Fraud,Defendant,5,3,1,0,,,,,
2005-07,Fraud,Defendant,4,2,0,2,1,1,,,
2005-08,Fraud,Defendant,3,1,3,4,1,,,,3
2005-09,Fraud,Defendant,5,2,1,0,,,,,
2005-10,Fraud,Defendant,3,2,1,1,1,,,,
2005-11,Fraud,Defendant,7,5,1,1,,,,1,
2005-12,Fraud,Defendant,6,3,0,3,,,,1,2
2006-01,Fraud,Defendant,4,2,1,4,2,1,,1,
2006-02,Fraud,Defendant,4,1,3,3,,1,,,2
2006-03,Fraud,Defendant,4,4,1,3,,1,,1,1
2006-04,Fraud,Defendant,2,2,3,2,,,,2,
2006-05,Fraud,Defendant,5,2,2,4,1,1,,,2
2006-06,Fraud,Defendant,1,4,0,1,1,,,,
2006-07,Fraud,Defendant,10,3,0,2,2,,,,
2006-08,Fraud,Defendant,3,2,4,4,,,,1,3
2006-09,Fraud,Defendant,3,2,1,2,,,,,2
2006-10,Fraud,Defendant,6,3,1,1,,1,,,
2006-11,Fraud,Defendant,4,1,2,0,,,,,
2006-12,Fraud,Defendant,3,2,0,1,1,,,,
2007-01,Fraud,Defendant,0,0,0,4,,,,2,2
2007-02,Fraud,Defendant,1,1,3,2,,,,1,1
2007-03,Fraud,Defendant,2,2,4,0,,,,,
2007-04,Fraud,Defendant,2,3,3,2,,,,,2
2007-05,Fraud,Defendant,6,1,2,6,2,1,,2,1
2007-06,Fraud,Defendant,4,5,2,1,,,,1,
2007-07,Fraud,Defendant,5,0,3,7,2,2,,1,2
2007-08,Fraud,Defendant,4,2,2,4,,1,,2,1
2007-09,Fraud,Defendant,3,1,2,2,,,,1,1
2007-10,Fraud,Defendant,8,3,0,3,1,,,,2
2007-11,Fraud,Defendant,2,5,0,2,2,,,,
2007-12,Fraud,Defendant,2,1,2,2,,1,,,1
2008-01,Fraud,Defendant,5,2,2,5,,,1,1,3
2008-02,Fraud,Defendant,7,2,2,6,3,,1,2,
2008-03,Fraud,Defendant,4,2,3,2,,1,,1,
2008-04,Fraud,Defendant,2,0,2,4,2,,,,2
2008-05,Fraud,Defendant,1,1,1,1,,1,,,
2008-06,Fraud,Defendant,3,2,0,2,1,,,,1
2008-07,Fraud,Defendant,4,3,2,5,1,,,1,3
2008-08,Fraud,Defendant,1,3,3,1,1,,,,
2008-09,Fraud,Defendant,5,1,1,3,2,1,,,
2008-10,Fraud,Defendant,2,3,1,1,,1,,,
2008-11,Fraud,Defendant,5,2,0,3,1,,,2,
2008-12,Fraud,Defendant,2,1,2,7,2,,,1,4
2009-01,Fraud,Defendant,4,4,4,1,,,,,1
2009-02,Fraud,Defendant,4,1,2,2,2,,,,
2009-03,Fraud,Defendant,2,1,0,6,3,,,1,2
2009-04,Fraud,Defendant,6,2,3,2,1,1,,,
2009-05,Fraud,Defendant,6,3,0,2,,,,1,1
2009-06,Fraud,Defendant,1,2,2,1,1,,,,
2009-07,Fraud,Defendant,6,5,2,0,,,,,
2009-08,Fraud,Defendant,7,6,0,1,1,,,,
2009-09,Fraud,Defendant,5,3,2,3,,1,,1,1
2009-10,Fraud,Defendant,4,3,3,1,,1,,,
2009-11,Fraud,Defendant,4,2,3,0,,,,,
2009-12,Fraud,Defendant,6,3,0,1,,,,1,
2010-01,Fraud,Defendant,8,4,1,1,,,,1,
2010-02,Fraud,Defendant,2,4,1,1,,,,,1
2010-03,Fraud,Defendant,1,1,2,3,1,,,2,
2010-04,Fraud,Defendant,1,1,1,3,1,,,1,1
2010-05,Fraud,Defendant,3,1,0,3,,,,1,2
2010-06,Fraud,Defendant,2,0,0,4,1,,,,3
2010-07,Fraud,Defendant,2,1,2,3,,,,2,1
2010-08,Fraud,Defendant,6,4,3,2,1,,,1,
2010-09,Fraud,Defendant,0,0,7,1,,,,1,
2010-10,Fraud,Defendant,3,2,0,2,1,1,,,
2010-11,Fraud,Defendant,4,2,0,3,2,,,,1
2010-12,Fraud,Defendant,3,0,0,1,,,,,1
2011-01,Fraud,Defendant,5,4,3,2,,,,,2
2011-02,Fraud,Defendant,3,1,1,2,,,,,2
2011-03,Fraud,Defendant,5,4,0,3,,1,,1,1
2011-04,Fraud,Defendant,8,4,2,2,,,,,2
2011-05,Fraud,Defendant,7,4,0,4,,1,,,3
2011-06,Fraud,Defendant,5,2,0,5,1,,,,4
2011-07,Fraud,Defendant,2,2,1,2,,1,,,1
2011-08,Fraud,Defendant,1,2,2,1,,,,,1
2011-09,Fraud,Defendant,4,3,6,1,1,,,,
2011-10,Fraud,Defendant,3,3,4,0,,,,,
2011-11,Fraud,Defendant,3,2,0,2,,1,,1,
2011-12,Fraud,Defendant,2,4,0,3,,1,,1,1
2012-01,Fraud,Defendant,4,3,1,1,,,,,1
2012-02,Fraud,Defendant,3,1,1,3,1,,,,2
2012-03,Fraud,Defendant,5,1,1,2,,,,1,1
2012-04,Fraud,Defendant,7,4,1,4,1,,,2,1
2012-05,Fraud,Defendant,1,2,2,5,3,,,1,1
2012-06,Fraud,Defendant,6,2,1,3,1,1,,1,
2012-07,Fraud,Defendant,5,4,1,2,1,,,,1
2012-08,Fraud,Defendant,4,2,1,2,1,,,1,
2012-09,Fraud,Defendant,5,4,1,4,1,,,1,2
2012-10,Fraud,Defendant,1,1,1,1,,,,1,
2012-11,Fraud,Defendant,1,1,2,0,,,,,
2012-12,Fraud,Defendant,0,0,0,2,,,,1,1
2013-01,Fraud,Defendant,3,2,2,1,,,,1,
2013-02,Fraud,Defendant,4,1,0,3,2,,,,1
2013-03,Fraud,Defendant,7,4,2,4,,,,1,3
2013-04,Fraud,Defendant,9,4,1,3,,,,1,2
2013-05,Fraud,Defendant,7,3,0,2,1,,,1,
2013-06,Fraud,Defendant,3,1,1,3,1,,,1,1
2013-07,Fraud,Defendant,3,2,2,0,,,,,
2013-08,Fraud,Defendant,4,4,0,4,3,,,,1
2013-09,Fraud,Defendant,5,3,2,5,1,,,1,3
2013-10,Fraud,Defendant,7,6,2,7,2,,,3,2
2013-11,Fraud,Defendant,5,3,1,0,,,,,
2013-12,Fraud,Defendant,6,3,0,2,,,,1,1
2014-01,Fraud,Defendant,9,6,1,3,,,,2,1
2014-02,Fraud,Defendant,2,2,2,0,,,,,
2014-03,Fraud,Defendant,7,0,3,3,1,,,1,1
2014-04,Fraud,Defendant,3,1,2,1,1,,,,
2014-05,Fraud,Defendant,6,2,1,1,1,,,,
2014-06,Fraud,Defendant,2,3,5,2,,1,,1,
2014-07,Fraud,Defendant,6,2,6,2,,,,2,
2014-08,Fraud,Defendant,1,2,4,2,,1,1,,
2014-09,Fraud,Defendant,3,1,2,1,,1,,,
2014-10,Fraud,Defendant,4,3,1,2,,,,,2
2014-11,Fraud,Defendant,4,3,0,4,1,1,,,2
2014-12,Fraud,Defendant,1,0,1,4,,,,2,2
2015-01,Fraud,Defendant,3,3,0,6,,,,5,1
2015-02,Fraud,Defendant,2,3,0,1,,,,,1
2015-03,Fraud,Defendant,9,4,2,2,,,,1,1
2015-04,Fraud,Defendant,6,5,0,5,2,1,,,2
2015-05,Fraud,Defendant,4,3,3,3,2,,,,1
2015-06,Fraud,Defendant,4,3,2,1,,,,,1
2015-07,Fraud,Defendant,2,4,0,1,,,,1,
2015-08,Fraud,Defendant,6,5,0,3,1,2,,,
2015-09,Fraud,Defendant,2,2,0,0,,,,,
2015-10,Fraud,Defendant,5,6,3,2,,,1,1,
2015-11,Fraud,Defendant,4,3,2,1,,,,1,
2015-12,Fraud,Defendant,4,1,1,1,,,,1,
2016-01,Fraud,Defendant,7,5,0,2,,,,1,1
2016-02,Fraud,Defendant,5,2,1,6,1,,,2,3
2016-03,Fraud,Defendant,2,1,1,7,1,,1,,5
2016-04,Fraud,Defendant,1,0,0,0,,,,,
2016-05,Fraud,Defendant,1,1,2,3,2,,,,1
2016-06,Fraud,Defendant,2,3,2,3,1,1,,,1
2016-07,Fraud,Defendant,1,2,1,4,1,1,,2,
2016-08,Fraud,Defendant,2,0,3,3,,1,,,2
2016-09,Fraud,Defendant,1,2,0,3,,,,,3
2016-10,Fraud,Defendant,2,1,0,3,2,,,,1
2016-11,Fraud,Defendant,2,0,1,3,,,,1,2
2016-12,Fraud,Defendant,1,1,1,0,,,,,
2017-01,Fraud,Defendant,4,0,0,4,,1,,1,2
2017-02,Fraud,Defendant,2,0,0,1,1,,,,
2017-03,Fraud,Defendant,1,0,5,3,,1,,1,1
2017-04,Fraud,Defendant,2,2,5,2,,,,2,
2017-05,Fraud,Defendant,3,2,1,3,,,,,3
2017-06,Fraud,Defendant,6,4,1,4,1,1,,,2
2017-07,Fraud,Defendant,1,0,1,4,,,,3,1
2017-08,Fraud,Defendant,4,0,4,3,,,,2,1
2017-09,Fraud,Defendant,1,2,2,3,1,1,,1,
2017-10,Fraud,Defendant,1,1,0,1,1,,,,
2017-11,Fraud,Defendant,1,1,0,0,,,,,
2017-12,Fraud,Defendant,1,3,1,1,1,,,,
2018-01,Fraud,Defendant,2,1,1,3,1,,,1,1
2018-02,Fraud,Defendant,3,1,0,3,1,,1,,1
2018-03,Fraud,Defendant,3,4,2,3,2,1,,,
2018-04,Fraud,Defendant,2,0,1,1,,,,,1
2018-05,Fraud,Defendant,3,2,0,2,,,1,1,
2018-06,Fraud,Defendant,0,2,1,1,,,,,1
2018-07,Fraud,Defendant,1,0,2,2,2,,,,
2018-08,Fraud,Defendant,2,3,0,2,,1,1,,
2018-09,Fraud,Defendant,3,1,3,1,,,,,1
2018-10,Fraud,Defendant,1,2,2,2,2,,,,
2018-11,Fraud,Defendant,2,2,0,3,1,,,2,
2018-12,Fraud,Defendant,4,4,0,1,1,,,,
2019-01,Fraud,Defendant,1,1,0,3,1,,,2,
2019-02,Fraud,Defendant,1,2,0,0,,,,,
2019-04,Fraud,Defendant,5,5,0,0,,,,,
2019-05,Fraud,Defendant,1,1,0,0,,,,,
2019-06,Fraud,Defendant,4,2,1,0,,,,,
2019-07,Fraud,Defendant,4,2,0,2,1,,,1,
2019-08,Fraud,Defendant,1,1,0,3,1,,,,2
2019-09,Fraud,Defendant,1,0,3,4,1,,,2,1
2019-10,Fraud,Defendant,3,3,0,1,1,,,,
2019-11,Fraud,Defendant,2,1,1,1,,,,1,
2020-01,Fraud,Defendant,3,1,0,1,,,,1,
2020-02,Fraud,Defendant,2,0,0,1,,1,,,
2020-03,Fraud,Defendant,3,3,1,1,,,,1,
2020-04,Fraud,Defendant,1,2,0,2,1,,,,1
2020-05,Fraud,Defendant,3,0,0,3,,1,,,2
2020-06,Fraud,Defendant,4,4,1,3,1,1,,,1
2020-07,Fraud,Defendant,3,4,0,2,,,1,1,
2020-08,Fraud,Defendant,3,2,1,0,,,,,
2020-09,Fraud,Defendant,3,3,0,0,,,,,
2020-10,Fraud,Defendant,4,2,0,2,,,,,2
2020-11,Fraud,Defendant,6,6,0,1,,,,,1
2020-12,Fraud,Defendant,2,1,0,1,1,,,,
2021-01,Fraud,Defendant,1,1,0,2,1,,,,1
2021-02,Fraud,Defendant,2,0,0,2,,,1,,1
2021-03,Fraud,Defendant,3,1,0,6,4,,,1,1
2021-04,Fraud,Defendant,6,5,1,2,,1,,,1
2021-05,Fraud,Defendant,3,3,1,2,1,,,,1
2021-06,Fraud,Defendant,2,2,1,2,,1,,1,
2021-07,Fraud,Defendant,2,2,0,4,,,1,2,1
2021-08,Fraud,Defendant,4,4,1,1,,,,,1
2021-09,Fraud,Defendant,4,2,2,1,,,,1,
2021-10,Fraud,Defendant,8,4,2,1,,,,1,
2021-11,Fraud,Defendant,7,3,0,4,,,,2,2
2021-12,Fraud,Defendant,6,4,0,2,,1,,1,
2022-01,Fraud,Defendant,3,4,2,1,,,,,1
2022-02,Fraud,Defendant,3,1,2,3,,,1,1,1
2022-03,Fraud,Defendant,6,2,0,1,,,,1,
2022-04,Fraud,Defendant,2,2,0,3,,,,3,
2022-05,Fraud,Defendant,5,2,1,3,,1,,1,1
2022-06,Fraud,Defendant,4,5,1,1,,,,,1
2022-07,Fraud,Defendant,5,2,1,1,,,,1,
2022-08,Fraud,Defendant,3,3,0,3,2,,,,1
2022-09,Fraud,Defendant,0,0,3,6,2,,,2,2
2022-10,Fraud,Defendant,4,2,0,3,,,,3,
2022-11,Fraud,Defendant,2,2,1,2,,,,1,1
2022-12,Fraud,Defendant,5,2,2,1,,,,1,
2023-01,Fraud,Defendant,6,0,1,3,1,,,1,1
2023-02,Fraud,Defendant,2,3,0,1,,,,1,
2023-03,Fraud,Defendant,3,1,2,2,,1,,,1
2023-04,Fraud,Defendant,0,0,0,1,1,,,,
2023-05,Fraud,Defendant,6,4,1,7,1,,,4,2
2023-06,Fraud,Defendant,2,3,0,0,,,,,
2023-07,Fraud,Defendant,5,2,1,1,,,,,1
2023-08,Fraud,Defendant,2,2,2,3,1,1,,,1
2023-09,Fraud,Defendant,3,1,0,2,,,,,2
2023-10,Fraud,Defendant,3,3,0,2,,1,,1,
2023-11,Fraud,Defendant,3,3,0,0,,,,,
2023-12,Fraud,Defendant,2,1,0,2,1,,,1,
2024-01,Fraud,Defendant,1,0,1,2,,1,,,1
2024-02,Fraud,Defendant,4,3,1,2,1,,,1,
2024-03,Fraud,Defendant,4,3,9,2,1,,,,1
2024-04,Fraud,Defendant,3,2,0,3,,,,2,1
2024-05,Fraud,Defendant,2,0,1,2,,,,1,1
2024-06,Fraud,Defendant,6,6,0,2,,,,2,
2024-07,Fraud,Defendant,4,2,0,1,,,,1,
2024-08,Fraud,Defendant,4,5,0,2,1,,,1,
2024-09,Fraud,Defendant,4,6,1,0,,,,,
2024-10,Fraud,Defendant,5,2,0,1,,,,,1
2024-11,Fraud,Defendant,3,3,2,0,,,,,
2024-12,Fraud,Defendant,3,3,0,0,,,,,
2025-01,Fraud,Defendant,16,15,2,1,1,,,,
2025-02,Fraud,Defendant,3,2,0,1,,,,,1
2025-03,Fraud,Defendant,2,2,2,2,,,,2,
2025-04,Fraud,Defendant,6,6,0,1,,1,,,
2025-05,Fraud,Defendant,7,6,3,3,,1,,,2
2025-06,Fraud,Defendant,4,4,1,1,1,,,,
2025-07,Fraud,Defendant,4,3,1,6,2,1,,1,2
2025-08,Fraud,Defendant,5,3,0,2,1,,,,1
2025-09,Fraud,Defendant,7,5,1,1,1,,,,
2025-10,Fraud,Defendant,1,2,1,4,1,,,3,
2025-11,Fraud,Defendant,4,4,0,2,1,,,1,
2025-12,Fraud,Defendant,3,2,0,2,1,,,1,
2026-01,Fraud,Defendant,3,4,1,2,,1,,1,
2026-02,Fraud,Defendant,2,2,0,4,,,,2,2
2026-03,Fraud,Defendant,9,8,1,5,,1,,3,1
2026-04,Fraud,Defendant,3,1,0,3,1,,,,2
2026-05,Fraud,Defendant,0,0,0,1,,,,,1
1994-10,Immigration,Defendant,57,57,8,72,5,,4,,63
1994-11,Immigration,Defendant,59,59,3,70,13,,,,57
1994-12,Immigration,Defendant,55,57,0,49,3,,4,,42
1995-01,Immigration,Defendant,42,35,1,38,2,,1,,35
1995-02,Immigration,Defendant,42,54,3,53,6,,2,,45
1995-03,Immigration,Defendant,57,48,1,53,6,,,,47
1995-04,Immigration,Defendant,56,52,0,46,17,,,1,28
1995-05,Immigration,Defendant,50,51,0,29,2,1,,,26
1995-06,Immigration,Defendant,48,57,1,33,1,,1,,31
1995-07,Immigration,Defendant,60,43,2,31,7,,1,,23
1995-08,Immigration,Defendant,50,47,0,88,5,,,,83
1995-09,Immigration,Defendant,48,45,1,41,2,,,,39
1995-10,Immigration,Defendant,52,51,2,54,8,,,,46
1995-11,Immigration,Defendant,46,51,2,196,30,,1,1,164
1995-12,Immigration,Defendant,49,52,0,38,5,,1,,32
1996-01,Immigration,Defendant,46,45,2,56,10,,1,,45
1996-02,Immigration,Defendant,56,50,2,149,13,,2,,134
1996-03,Immigration,Defendant,65,56,0,63,12,,1,,50
1996-04,Immigration,Defendant,39,48,0,55,6,,1,,48
1996-05,Immigration,Defendant,63,74,1,44,7,,2,,35
1996-06,Immigration,Defendant,69,53,2,87,11,,2,,74
1996-07,Immigration,Defendant,65,67,0,56,2,,2,,52
1996-08,Immigration,Defendant,64,61,1,36,3,,1,,32
1996-09,Immigration,Defendant,70,65,0,43,6,,2,,35
1996-10,Immigration,Defendant,70,78,1,38,4,,,,34
1996-11,Immigration,Defendant,67,64,0,98,28,1,1,,68
1996-12,Immigration,Defendant,43,72,1,46,8,5,,1,32
1997-01,Immigration,Defendant,89,64,0,63,12,,1,,50
1997-02,Immigration,Defendant,41,49,0,46,11,1,2,,32
1997-03,Immigration,Defendant,84,86,2,55,6,,4,1,44
1997-04,Immigration,Defendant,92,89,0,84,8,,2,,74
1997-05,Immigration,Defendant,85,73,0,56,9,,,1,46
1997-06,Immigration,Defendant,72,73,1,84,13,,2,2,67
1997-07,Immigration,Defendant,92,87,9,61,8,,1,1,51
1997-08,Immigration,Defendant,89,85,0,41,3,,,1,37
1997-09,Immigration,Defendant,99,95,3,68,6,,,,62
1997-10,Immigration,Defendant,114,114,3,63,6,2,1,3,51
1997-11,Immigration,Defendant,83,76,1,59,8,1,,2,48
1997-12,Immigration,Defendant,76,72,0,49,3,,3,2,41
1998-01,Immigration,Defendant,77,78,2,71,8,1,,,62
1998-02,Immigration,Defendant,85,78,3,106,7,,,5,94
1998-03,Immigration,Defendant,102,94,5,62,10,1,1,6,44
1998-04,Immigration,Defendant,100,91,4,52,3,,,3,46
1998-05,Immigration,Defendant,77,90,4,56,6,1,1,4,44
1998-06,Immigration,Defendant,104,116,5,41,4,,,2,35
1998-07,Immigration,Defendant,112,116,3,59,5,,2,5,47
1998-08,Immigration,Defendant,89,77,3,125,11,2,1,4,107
1998-09,Immigration,Defendant,110,91,4,63,7,2,,3,51
1998-10,Immigration,Defendant,95,105,3,94,17,,1,3,73
1998-11,Immigration,Defendant,133,129,6,53,12,,,4,37
1998-12,Immigration,Defendant,124,124,3,68,10,,3,5,50
1999-01,Immigration,Defendant,123,107,4,74,14,,,11,49
1999-02,Immigration,Defendant,89,104,0,75,16,1,,2,56
1999-03,Immigration,Defendant,163,156,5,106,23,5,4,15,59
1999-04,Immigration,Defendant,149,170,1,99,18,1,4,16,60
1999-05,Immigration,Defendant,205,195,1,103,14,1,11,16,61
1999-06,Immigration,Defendant,186,179,7,98,17,2,14,15,50
1999-07,Immigration,Defendant,153,163,4,113,15,3,9,33,53
1999-08,Immigration,Defendant,178,192,1,145,21,1,21,36,66
1999-09,Immigration,Defendant,181,194,5,136,24,5,24,32,51
1999-10,Immigration,Defendant,198,231,4,124,34,8,18,33,31
1999-11,Immigration,Defendant,277,206,1,115,41,10,8,27,29
1999-12,Immigration,Defendant,192,247,1,101,30,2,17,38,14
2000-01,Immigration,Defendant,228,197,6,108,29,7,16,31,25
2000-02,Immigration,Defendant,218,236,5,130,49,11,6,39,25
2000-03,Immigration,Defendant,264,237,6,230,77,11,15,87,40
2000-04,Immigration,Defendant,203,241,4,249,49,37,13,101,49
2000-05,Immigration,Defendant,287,244,2,242,74,14,15,74,65
2000-06,Immigration,Defendant,245,234,5,270,60,24,16,90,80
2000-07,Immigration,Defendant,246,240,5,257,59,35,13,57,93
2000-08,Immigration,Defendant,254,238,4,194,59,23,10,54,48
2000-09,Immigration,Defendant,246,281,8,189,67,11,15,51,45
2000-10,Immigration,Defendant,252,222,5,171,63,3,14,51,40
2000-11,Immigration,Defendant,203,197,0,175,66,9,11,60,29
2000-12,Immigration,Defendant,177,194,6,199,61,23,11,64,40
2001-01,Immigration,Defendant,250,250,12,240,60,37,14,61,68
2001-02,Immigration,Defendant,207,225,3,195,61,22,13,52,47
2001-03,Immigration,Defendant,287,219,8,261,74,36,8,57,86
2001-04,Immigration,Defendant,222,199,3,186,61,12,8,73,32
2001-05,Immigration,Defendant,228,241,1,228,77,43,17,53,38
2001-06,Immigration,Defendant,209,193,7,202,69,19,9,57,48
2001-07,Immigration,Defendant,251,275,8,300,84,25,39,66,86
2001-08,Immigration,Defendant,252,283,2,477,96,9,39,107,226
2001-09,Immigration,Defendant,219,214,4,224,71,4,13,75,61
2001-10,Immigration,Defendant,283,262,1,216,82,2,12,59,61
2001-11,Immigration,Defendant,213,195,1,191,83,5,13,65,25
2001-12,Immigration,Defendant,183,187,4,198,82,7,6,69,34
2002-01,Immigration,Defendant,237,241,7,280,148,3,19,73,37
2002-02,Immigration,Defendant,229,229,6,196,92,3,11,54,36
2002-03,Immigration,Defendant,257,254,2,228,129,5,8,54,32
2002-04,Immigration,Defendant,292,304,3,244,110,3,11,47,73
2002-05,Immigration,Defendant,310,290,2,251,109,3,5,65,69
2002-06,Immigration,Defendant,264,240,3,254,123,4,12,41,74
2002-07,Immigration,Defendant,274,281,5,306,128,3,11,49,115
2002-08,Immigration,Defendant,253,230,3,250,129,4,13,32,72
2002-09,Immigration,Defendant,240,249,23,204,107,5,12,32,48
2002-10,Immigration,Defendant,300,277,6,246,111,3,9,51,72
2002-11,Immigration,Defendant,248,232,7,212,88,9,13,51,51
2002-12,Immigration,Defendant,279,302,3,179,79,3,12,54,31
2003-01,Immigration,Defendant,319,293,6,234,114,1,13,49,57
2003-02,Immigration,Defendant,300,271,4,220,106,3,15,60,36
2003-03,Immigration,Defendant,251,260,7,243,125,4,12,53,49
2003-04,Immigration,Defendant,290,279,7,257,130,3,8,48,68
2003-05,Immigration,Defendant,259,275,7,260,149,4,7,42,58
2003-06,Immigration,Defendant,268,244,4,310,167,8,10,60,65
2003-07,Immigration,Defendant,261,255,11,296,150,3,14,71,58
2003-08,Immigration,Defendant,255,287,10,267,132,4,8,65,58
2003-09,Immigration,Defendant,323,293,9,279,118,8,14,62,77
2003-10,Immigration,Defendant,307,284,4,336,142,5,9,97,83
2003-11,Immigration,Defendant,229,246,2,222,84,,14,57,67
2003-12,Immigration,Defendant,305,324,3,235,101,8,14,58,54
2004-01,Immigration,Defendant,341,331,4,306,136,5,19,73,73
2004-02,Immigration,Defendant,312,283,5,283,103,3,9,90,78
2004-03,Immigration,Defendant,345,320,8,350,131,5,15,102,97
2004-04,Immigration,Defendant,336,324,7,338,167,2,15,74,80
2004-05,Immigration,Defendant,324,326,9,261,115,5,13,70,58
2004-06,Immigration,Defendant,315,287,8,287,118,6,11,82,70
2004-07,Immigration,Defendant,303,318,3,264,113,12,12,59,68
2004-08,Immigration,Defendant,316,262,5,318,132,4,20,91,71
2004-09,Immigration,Defendant,257,273,14,247,111,7,4,66,59
2004-10,Immigration,Defendant,248,232,6,223,108,2,11,52,50
2004-11,Immigration,Defendant,329,319,5,256,103,5,17,58,73
2004-12,Immigration,Defendant,333,341,7,213,101,2,10,45,55
2005-01,Immigration,Defendant,355,340,7,296,134,4,13,63,82
2005-02,Immigration,Defendant,332,317,15,261,91,6,16,75,73
2005-03,Immigration,Defendant,377,367,10,325,139,12,7,86,81
2005-04,Immigration,Defendant,339,327,4,297,113,4,9,74,97
2005-05,Immigration,Defendant,399,385,6,289,84,5,15,77,108
2005-06,Immigration,Defendant,290,260,14,377,85,19,9,100,164
2005-07,Immigration,Defendant,242,256,15,244,69,6,12,65,92
2005-08,Immigration,Defendant,313,323,12,350,105,4,8,91,142
2005-09,Immigration,Defendant,222,206,19,268,68,3,8,70,119
2005-10,Immigration,Defendant,248,238,8,285,76,6,11,83,109
2005-11,Immigration,Defendant,246,244,7,284,87,5,25,70,97
2005-12,Immigration,Defendant,257,279,14,250,64,4,16,58,108
2006-01,Immigration,Defendant,302,283,8,276,54,7,11,74,130
2006-02,Immigration,Defendant,235,259,5,296,72,3,22,64,135
2006-03,Immigration,Defendant,429,357,5,365,84,12,24,105,140
2006-04,Immigration,Defendant,415,383,10,282,62,7,16,82,115
2006-05,Immigration,Defendant,396,398,15,381,111,12,37,91,130
2006-06,Immigration,Defendant,407,391,4,384,109,12,24,109,130
2006-07,Immigration,Defendant,384,365,11,370,101,4,38,100,127
2006-08,Immigration,Defendant,506,526,8,464,113,15,44,160,132
2006-09,Immigration,Defendant,547,559,17,453,115,11,41,161,125
2006-10,Immigration,Defendant,650,641,14,548,141,23,40,191,153
2006-11,Immigration,Defendant,627,603,9,503,124,21,55,189,114
2006-12,Immigration,Defendant,605,581,4,458,88,12,46,177,135
2007-01,Immigration,Defendant,639,705,8,611,119,26,73,254,139
2007-02,Immigration,Defendant,702,604,16,451,93,17,43,185,113
2007-03,Immigration,Defendant,630,616,24,509,135,17,33,192,132
2007-04,Immigration,Defendant,589,568,16,517,132,16,37,202,130
2007-05,Immigration,Defendant,539,527,16,685,187,25,80,254,139
2007-06,Immigration,Defendant,523,505,10,598,172,25,59,232,110
2007-07,Immigration,Defendant,537,518,6,556,145,21,57,229,104
2007-08,Immigration,Defendant,546,554,12,648,159,36,69,223,161
2007-09,Immigration,Defendant,528,515,23,555,137,37,53,217,111
2007-10,Immigration,Defendant,630,614,19,647,189,67,66,231,94
2007-11,Immigration,Defendant,541,544,6,569,165,28,63,242,71
2007-12,Immigration,Defendant,466,455,5,468,139,35,41,187,66
2008-01,Immigration,Defendant,537,514,14,585,179,46,48,234,78
2008-02,Immigration,Defendant,521,484,16,644,177,43,55,280,89
2008-03,Immigration,Defendant,448,434,17,696,195,47,74,259,121
2008-04,Immigration,Defendant,444,398,18,663,219,39,52,275,78
2008-05,Immigration,Defendant,346,363,12,487,140,39,32,190,86
2008-06,Immigration,Defendant,384,332,11,496,175,20,41,184,76
2008-07,Immigration,Defendant,315,286,11,484,160,19,39,180,86
2008-08,Immigration,Defendant,310,317,14,390,123,19,21,148,79
2008-09,Immigration,Defendant,300,286,16,428,117,21,23,158,109
2008-10,Immigration,Defendant,290,296,13,336,122,15,19,123,57
2008-11,Immigration,Defendant,237,250,4,303,105,13,14,116,55
2008-12,Immigration,Defendant,262,264,5,321,112,27,23,108,51
2009-01,Immigration,Defendant,324,317,3,326,106,26,10,133,51
2009-02,Immigration,Defendant,295,294,7,282,90,19,12,116,45
2009-03,Immigration,Defendant,318,286,7,340,112,20,13,140,55
2009-04,Immigration,Defendant,305,273,13,314,101,15,11,106,81
2009-05,Immigration,Defendant,257,283,6,323,111,13,7,111,81
2009-06,Immigration,Defendant,297,271,10,338,130,14,14,124,56
2009-07,Immigration,Defendant,277,259,9,329,117,13,13,124,62
2009-08,Immigration,Defendant,229,228,6,268,81,27,7,81,72
2009-09,Immigration,Defendant,240,248,19,306,100,26,14,101,65
2009-10,Immigration,Defendant,217,194,6,280,91,12,12,110,55
2009-11,Immigration,Defendant,196,211,1,223,64,17,7,89,46
2009-12,Immigration,Defendant,216,195,2,220,70,27,19,69,35
2010-01,Immigration,Defendant,186,191,3,171,70,12,11,51,27
2010-02,Immigration,Defendant,207,196,6,213,78,18,5,69,43
2010-03,Immigration,Defendant,243,223,4,276,128,10,10,70,58
2010-04,Immigration,Defendant,210,213,3,216,66,19,8,78,45
2010-05,Immigration,Defendant,200,195,1,224,83,31,7,67,36
2010-06,Immigration,Defendant,211,193,8,221,85,7,9,83,37
2010-07,Immigration,Defendant,189,184,5,197,67,8,4,63,55
2010-08,Immigration,Defendant,176,170,13,205,78,14,10,62,41
2010-09,Immigration,Defendant,162,150,17,211,76,8,8,68,51
2010-10,Immigration,Defendant,186,183,3,177,73,10,6,40,48
2010-11,Immigration,Defendant,173,174,4,154,64,6,2,57,25
2010-12,Immigration,Defendant,187,184,6,169,76,8,5,49,31
2011-01,Immigration,Defendant,199,198,2,200,73,15,4,59,49
2011-02,Immigration,Defendant,185,193,2,159,60,4,6,61,28
2011-03,Immigration,Defendant,236,255,13,246,86,36,5,58,61
2011-04,Immigration,Defendant,202,194,1,195,85,8,7,49,46
2011-05,Immigration,Defendant,221,186,5,203,74,12,1,72,44
2011-06,Immigration,Defendant,220,213,5,209,87,8,6,66,42
2011-07,Immigration,Defendant,154,142,9,183,83,9,2,58,31
2011-08,Immigration,Defendant,203,186,12,202,89,14,5,62,32
2011-09,Immigration,Defendant,181,173,1,181,82,9,4,47,39
2011-10,Immigration,Defendant,174,173,2,173,74,5,3,61,30
2011-11,Immigration,Defendant,177,194,2,183,72,3,2,62,44
2011-12,Immigration,Defendant,197,203,3,145,70,5,6,37,27
2012-01,Immigration,Defendant,231,207,10,178,97,6,8,42,25
2012-02,Immigration,Defendant,186,189,1,173,85,4,6,47,31
2012-03,Immigration,Defendant,185,171,6,247,106,3,9,76,53
2012-04,Immigration,Defendant,185,183,6,176,73,12,8,51,32
2012-05,Immigration,Defendant,202,203,3,177,76,4,9,56,32
2012-06,Immigration,Defendant,178,169,2,174,75,5,3,58,33
2012-07,Immigration,Defendant,185,180,0,178,77,4,5,53,39
2012-08,Immigration,Defendant,197,187,3,202,90,7,2,62,41
2012-09,Immigration,Defendant,151,159,9,192,101,1,8,48,34
2012-10,Immigration,Defendant,174,164,2,179,67,1,3,60,48
2012-11,Immigration,Defendant,138,147,1,159,52,1,4,56,46
2012-12,Immigration,Defendant,140,131,4,155,64,4,4,56,27
2013-01,Immigration,Defendant,169,173,4,158,55,3,7,47,46
2013-02,Immigration,Defendant,169,135,3,142,48,,6,55,33
2013-03,Immigration,Defendant,168,153,3,186,86,2,9,52,37
2013-04,Immigration,Defendant,201,172,9,173,77,4,8,47,37
2013-05,Immigration,Defendant,154,170,8,199,86,4,7,62,40
2013-06,Immigration,Defendant,140,128,3,154,53,6,5,52,38
2013-07,Immigration,Defendant,159,165,3,154,58,3,4,63,26
2013-08,Immigration,Defendant,126,119,2,141,61,2,5,43,30
2013-09,Immigration,Defendant,144,146,2,155,70,7,2,44,32
2013-10,Immigration,Defendant,177,180,2,124,47,2,5,48,22
2013-11,Immigration,Defendant,155,155,5,175,87,3,11,43,31
2013-12,Immigration,Defendant,158,152,4,140,52,2,8,45,33
2014-01,Immigration,Defendant,134,134,4,168,59,1,7,62,39
2014-02,Immigration,Defendant,142,132,4,150,46,8,7,58,31
2014-03,Immigration,Defendant,169,165,4,151,41,5,1,77,27
2014-04,Immigration,Defendant,165,168,3,149,37,1,4,75,32
2014-05,Immigration,Defendant,179,174,6,143,43,3,2,71,24
2014-06,Immigration,Defendant,163,156,3,167,49,12,4,58,44
2014-07,Immigration,Defendant,189,181,8,151,59,,5,62,25
2014-08,Immigration,Defendant,163,169,7,155,61,3,7,61,23
2014-09,Immigration,Defendant,147,129,0,147,45,,4,64,34
2014-10,Immigration,Defendant,162,156,5,179,50,10,6,67,46
2014-11,Immigration,Defendant,135,132,7,146,51,3,5,60,27
2014-12,Immigration,Defendant,152,159,2,155,47,,7,72,29
2015-01,Immigration,Defendant,164,153,3,158,54,2,8,63,31
2015-02,Immigration,Defendant,125,144,5,142,55,2,5,50,30
2015-03,Immigration,Defendant,179,174,8,177,77,3,5,69,23
2015-04,Immigration,Defendant,211,203,11,145,46,6,4,54,35
2015-05,Immigration,Defendant,167,173,0,159,45,2,1,86,25
2015-06,Immigration,Defendant,194,190,7,224,63,5,3,81,72
2015-07,Immigration,Defendant,201,178,8,161,54,4,3,66,34
2015-08,Immigration,Defendant,189,227,3,175,54,1,4,77,39
2015-09,Immigration,Defendant,200,212,8,160,51,4,2,70,33
2015-10,Immigration,Defendant,224,195,5,155,65,3,5,63,19
2015-11,Immigration,Defendant,173,191,2,152,61,3,2,59,27
2015-12,Immigration,Defendant,252,231,1,233,82,11,7,74,59
2016-01,Immigration,Defendant,209,202,3,196,72,8,10,65,41
2016-02,Immigration,Defendant,223,236,9,219,96,16,3,73,31
2016-03,Immigration,Defendant,232,228,4,248,91,7,14,92,44
2016-04,Immigration,Defendant,224,231,2,232,91,15,9,73,44
2016-05,Immigration,Defendant,257,256,2,210,91,2,1,70,46
2016-06,Immigration,Defendant,264,265,1,239,75,35,2,75,52
2016-07,Immigration,Defendant,211,251,6,177,79,1,4,64,29
2016-08,Immigration,Defendant,295,293,2,245,91,2,4,88,60
2016-09,Immigration,Defendant,251,276,4,256,73,34,4,78,67
2016-10,Immigration,Defendant,273,237,1,201,62,,1,89,49
2016-11,Immigration,Defendant,242,262,1,243,72,13,5,105,48
2016-12,Immigration,Defendant,314,385,0,202,63,,4,89,46
2017-01,Immigration,Defendant,380,338,1,241,84,3,2,79,73
2017-02,Immigration,Defendant,311,291,1,236,106,4,6,74,46
2017-03,Immigration,Defendant,354,321,2,367,137,5,8,118,99
2017-04,Immigration,Defendant,283,252,2,310,97,7,8,102,96
2017-05,Immigration,Defendant,291,291,4,365,125,7,8,120,105
2017-06,Immigration,Defendant,250,247,3,309,107,4,9,111,78
2017-07,Immigration,Defendant,234,220,9,291,78,5,6,123,79
2017-08,Immigration,Defendant,236,243,0,254,92,2,13,109,38
2017-09,Immigration,Defendant,221,254,2,227,73,1,9,80,64
2017-10,Immigration,Defendant,301,290,2,244,103,4,8,87,42
2017-11,Immigration,Defendant,269,290,0,240,92,3,9,83,53
2017-12,Immigration,Defendant,319,315,0,230,63,5,4,89,69
2018-01,Immigration,Defendant,356,342,3,276,101,5,18,100,52
2018-02,Immigration,Defendant,288,285,2,303,108,,12,105,78
2018-03,Immigration,Defendant,358,349,3,325,128,2,13,120,62
2018-04,Immigration,Defendant,335,299,1,295,116,2,9,121,47
2018-05,Immigration,Defendant,314,305,3,326,106,11,13,126,70
2018-06,Immigration,Defendant,313,292,4,307,93,8,8,129,69
2018-07,Immigration,Defendant,298,328,5,270,69,5,10,124,62
2018-08,Immigration,Defendant,331,340,1,321,98,1,6,152,64
2018-09,Immigration,Defendant,271,244,3,356,76,3,12,107,158
2018-10,Immigration,Defendant,291,300,3,358,95,10,12,161,80
2018-11,Immigration,Defendant,299,292,6,280,78,7,11,134,50
2018-12,Immigration,Defendant,267,259,4,206,64,3,12,84,43
2019-01,Immigration,Defendant,249,273,0,204,56,4,8,105,31
2019-02,Immigration,Defendant,342,303,0,242,67,2,8,126,39
2019-03,Immigration,Defendant,364,353,4,324,115,7,11,144,47
2019-04,Immigration,Defendant,321,343,0,293,106,4,8,133,42
2019-05,Immigration,Defendant,325,358,0,299,111,5,12,140,31
2019-06,Immigration,Defendant,369,305,0,297,81,21,16,137,42
2019-07,Immigration,Defendant,331,350,9,315,90,8,19,164,34
2019-08,Immigration,Defendant,347,354,3,356,103,5,15,183,50
2019-09,Immigration,Defendant,351,345,2,323,101,8,19,152,43
2019-10,Immigration,Defendant,399,409,8,385,111,1,12,187,74
2019-11,Immigration,Defendant,354,358,4,268,76,4,13,146,29
2019-12,Immigration,Defendant,418,381,4,328,70,6,14,194,44
2020-01,Immigration,Defendant,390,368,3,382,101,6,14,215,46
2020-02,Immigration,Defendant,389,393,6,413,97,3,18,214,81
2020-03,Immigration,Defendant,357,434,6,358,111,4,36,159,48
2020-04,Immigration,Defendant,633,608,0,336,99,7,30,146,54
2020-05,Immigration,Defendant,432,407,1,290,97,13,21,117,42
2020-06,Immigration,Defendant,408,403,2,328,113,7,16,147,45
2020-07,Immigration,Defendant,405,418,1,359,90,5,21,191,52
2020-08,Immigration,Defendant,431,473,2,353,108,8,21,173,43
2020-09,Immigration,Defendant,556,504,1,397,100,8,19,225,45
2020-10,Immigration,Defendant,467,468,2,570,97,35,14,251,173
2020-11,Immigration,Defendant,374,355,5,391,89,11,19,216,56
2020-12,Immigration,Defendant,457,449,7,410,100,6,19,242,43
2021-01,Immigration,Defendant,432,483,2,433,109,10,18,255,41
2021-02,Immigration,Defendant,477,428,9,468,106,9,18,268,67
2021-03,Immigration,Defendant,568,575,18,527,123,11,21,318,54
2021-04,Immigration,Defendant,450,525,4,511,117,7,16,323,48
2021-05,Immigration,Defendant,531,537,3,560,108,23,17,224,188
2021-06,Immigration,Defendant,589,648,1,480,97,2,17,317,47
2021-07,Immigration,Defendant,617,522,1,598,107,5,32,356,98
2021-08,Immigration,Defendant,501,615,0,569,68,8,23,395,75
2021-09,Immigration,Defendant,700,611,5,586,88,10,19,375,94
2021-10,Immigration,Defendant,640,613,6,673,83,6,25,485,74
2021-11,Immigration,Defendant,543,577,2,568,60,10,16,343,139
2021-12,Immigration,Defendant,537,573,4,636,84,11,24,401,116
2022-01,Immigration,Defendant,583,561,1,624,72,7,24,393,128
2022-02,Immigration,Defendant,523,561,4,557,55,9,24,345,124
2022-03,Immigration,Defendant,712,765,11,612,62,6,29,411,104
2022-04,Immigration,Defendant,836,769,2,671,56,5,22,455,133
2022-05,Immigration,Defendant,780,746,6,651,54,5,22,454,116
2022-06,Immigration,Defendant,815,846,7,700,52,5,25,540,78
2022-07,Immigration,Defendant,879,830,6,697,56,8,11,560,62
2022-08,Immigration,Defendant,959,973,9,812,72,5,17,632,86
2022-09,Immigration,Defendant,901,894,3,703,43,5,18,531,106
2022-10,Immigration,Defendant,857,943,5,715,46,5,8,485,171
2022-11,Immigration,Defendant,873,843,6,705,44,10,5,508,138
2022-12,Immigration,Defendant,710,745,9,738,48,14,5,565,106
2023-01,Immigration,Defendant,799,843,7,721,65,6,11,546,93
2023-02,Immigration,Defendant,980,945,4,617,53,3,4,490,67
2023-03,Immigration,Defendant,1227,1165,3,771,77,6,6,592,90
2023-04,Immigration,Defendant,923,999,6,757,58,5,4,637,53
2023-05,Immigration,Defendant,1116,1141,3,885,62,5,6,713,99
2023-06,Immigration,Defendant,1156,1128,8,879,61,10,8,647,153
2023-07,Immigration,Defendant,973,983,2,878,82,9,5,634,148
2023-08,Immigration,Defendant,1173,1140,4,947,74,24,4,631,214
2023-09,Immigration,Defendant,1013,1056,5,896,70,60,5,524,237
2023-10,Immigration,Defendant,1143,1066,0,989,73,47,6,568,295
2023-11,Immigration,Defendant,1020,1015,1,936,57,32,8,530,309
2023-12,Immigration,Defendant,865,846,2,872,62,60,7,509,234
2024-01,Immigration,Defendant,972,988,5,957,68,80,12,540,257
2024-02,Immigration,Defendant,1006,975,3,770,59,32,10,478,191
2024-03,Immigration,Defendant,999,1035,15,926,90,82,3,541,210
2024-04,Immigration,Defendant,1130,1125,11,929,82,46,7,564,230
2024-05,Immigration,Defendant,1203,1183,1,925,72,106,9,526,212
2024-06,Immigration,Defendant,938,933,8,784,64,45,6,461,208
2024-07,Immigration,Defendant,1084,1150,2,901,86,52,4,559,200
2024-08,Immigration,Defendant,1150,1153,2,981,119,56,3,591,212
2024-09,Immigration,Defendant,1082,1055,5,897,104,63,6,514,210
2024-10,Immigration,Defendant,1148,1154,2,947,96,50,3,642,156
2024-11,Immigration,Defendant,1092,1124,1,773,88,41,5,500,139
2024-12,Immigration,Defendant,1181,1171,1,856,90,41,4,563,158
2025-01,Immigration,Defendant,1148,1071,1,936,81,39,1,610,205
2025-02,Immigration,Defendant,939,900,2,873,113,22,5,635,98
2025-03,Immigration,Defendant,1032,1012,4,1011,146,47,8,669,141
2025-04,Immigration,Defendant,1019,889,1,785,113,36,2,535,99
2025-05,Immigration,Defendant,864,931,4,782,132,40,9,469,132
2025-06,Immigration,Defendant,876,889,8,667,111,31,9,445,71
2025-07,Immigration,Defendant,963,960,2,663,135,26,15,397,90
2025-08,Immigration,Defendant,1023,1023,7,673,136,28,19,400,90
2025-09,Immigration,Defendant,1306,1318,3,641,104,24,42,391,80
2025-10,Immigration,Defendant,1834,1918,6,611,94,11,119,299,88
2025-11,Immigration,Defendant,2350,2579,6,688,90,5,209,285,99
2025-12,Immigration,Defendant,3506,3567,5,1092,145,11,450,359,127
2026-01,Immigration,Defendant,5733,6186,4,1655,206,8,904,356,181
2026-02,Immigration,Defendant,7672,7854,2,2239,299,17,1309,339,275
2026-03,Immigration,Defendant,8365,8383,14,2349,286,20,1110,410,523
2026-04,Immigration,Defendant,8055,7854,8,2076,356,7,973,323,417
2026-05,Immigration,Defendant,6504,5145,3,1169,199,2,474,191,303
1994-10,Prisoner Litigation,Defendant,428,398,3,347,20,,3,,324
1994-11,Prisoner Litigation,Defendant,445,463,6,348,15,,3,,330
1994-12,Prisoner Litigation,Defendant,423,418,6,343,28,,4,,311
1995-01,Prisoner Litigation,Defendant,453,461,6,339,18,,6,,315
1995-02,Prisoner Litigation,Defendant,456,440,3,356,30,,5,1,320
1995-03,Prisoner Litigation,Defendant,511,538,2,404,42,,4,,358
1995-04,Prisoner Litigation,Defendant,460,484,2,302,27,,7,,268
1995-05,Prisoner Litigation,Defendant,552,519,3,430,41,,2,,387
1995-06,Prisoner Litigation,Defendant,524,524,6,393,33,,2,,358
1995-07,Prisoner Litigation,Defendant,489,506,5,375,33,,6,1,335
1995-08,Prisoner Litigation,Defendant,519,523,6,434,46,,4,,384
1995-09,Prisoner Litigation,Defendant,510,448,5,407,37,,3,,367
1995-10,Prisoner Litigation,Defendant,517,514,1,434,38,,3,,393
1995-11,Prisoner Litigation,Defendant,455,461,3,395,37,,2,,356
1995-12,Prisoner Litigation,Defendant,515,567,3,347,31,,3,,313
1996-01,Prisoner Litigation,Defendant,879,883,3,431,37,,4,1,389
1996-02,Prisoner Litigation,Defendant,896,843,3,482,48,,1,,433
1996-03,Prisoner Litigation,Defendant,906,859,4,542,44,,11,,487
1996-04,Prisoner Litigation,Defendant,982,972,7,683,48,,7,,628
1996-05,Prisoner Litigation,Defendant,806,806,7,660,62,,14,,584
1996-06,Prisoner Litigation,Defendant,736,695,10,767,63,,7,,697
1996-07,Prisoner Litigation,Defendant,739,747,6,750,55,,12,1,682
1996-08,Prisoner Litigation,Defendant,762,695,3,696,57,,6,,633
1996-09,Prisoner Litigation,Defendant,666,655,1,675,59,,5,,611
1996-10,Prisoner Litigation,Defendant,664,637,1,682,55,,10,,617
1996-11,Prisoner Litigation,Defendant,552,552,3,598,60,,7,1,530
1996-12,Prisoner Litigation,Defendant,652,691,14,657,69,,12,2,574
1997-01,Prisoner Litigation,Defendant,632,597,9,662,80,,7,2,573
1997-02,Prisoner Litigation,Defendant,664,667,9,603,58,,10,1,534
1997-03,Prisoner Litigation,Defendant,908,983,3,638,83,,10,1,544
1997-04,Prisoner Litigation,Defendant,2694,3353,3,691,64,,7,3,617
1997-05,Prisoner Litigation,Defendant,1508,951,11,731,81,,9,1,640
1997-06,Prisoner Litigation,Defendant,856,706,11,700,98,,15,,587
1997-07,Prisoner Litigation,Defendant,636,555,6,715,78,,11,1,625
1997-08,Prisoner Litigation,Defendant,605,572,5,630,86,,4,1,539
1997-09,Prisoner Litigation,Defendant,596,563,3,667,63,1,8,,595
1997-10,Prisoner Litigation,Defendant,617,572,3,674,87,,11,3,573
1997-11,Prisoner Litigation,Defendant,447,435,2,517,88,,7,,422
1997-12,Prisoner Litigation,Defendant,528,520,5,573,89,,9,3,472
1998-01,Prisoner Litigation,Defendant,580,545,5,601,88,,4,,509
1998-02,Prisoner Litigation,Defendant,543,524,12,611,88,,4,2,517
1998-03,Prisoner Litigation,Defendant,624,590,10,700,109,,11,2,578
1998-04,Prisoner Litigation,Defendant,591,606,3,689,82,,8,3,596
1998-05,Prisoner Litigation,Defendant,580,557,5,614,84,,6,1,523
1998-06,Prisoner Litigation,Defendant,617,620,9,653,113,,10,,530
1998-07,Prisoner Litigation,Defendant,642,639,5,684,89,,3,3,589
1998-08,Prisoner Litigation,Defendant,659,643,8,749,114,,4,3,628
1998-09,Prisoner Litigation,Defendant,577,575,16,700,106,,7,2,585
1998-10,Prisoner Litigation,Defendant,681,673,14,554,92,,4,2,456
1998-11,Prisoner Litigation,Defendant,562,576,3,543,90,,4,4,445
1998-12,Prisoner Litigation,Defendant,605,601,8,607,90,,5,6,506
1999-01,Prisoner Litigation,Defendant,570,518,5,540,90,1,5,5,439
1999-02,Prisoner Litigation,Defendant,528,523,7,577,94,1,5,2,475
1999-03,Prisoner Litigation,Defendant,717,682,12,729,156,,20,3,550
1999-04,Prisoner Litigation,Defendant,646,649,6,638,101,,6,4,527
1999-05,Prisoner Litigation,Defendant,536,519,17,561,102,1,11,2,445
1999-06,Prisoner Litigation,Defendant,578,580,8,679,133,,5,3,538
1999-07,Prisoner Litigation,Defendant,543,577,10,649,146,,19,6,478
1999-08,Prisoner Litigation,Defendant,609,569,9,738,193,,22,16,507
1999-09,Prisoner Litigation,Defendant,570,536,10,578,204,,16,9,349
1999-10,Prisoner Litigation,Defendant,547,558,10,557,254,1,15,10,277
1999-11,Prisoner Litigation,Defendant,469,494,4,601,315,1,12,17,256
1999-12,Prisoner Litigation,Defendant,518,498,1,519,269,1,13,17,219
2000-01,Prisoner Litigation,Defendant,569,584,5,525,246,1,20,26,232
2000-02,Prisoner Litigation,Defendant,592,577,3,533,226,2,20,13,272
2000-03,Prisoner Litigation,Defendant,667,625,13,791,370,3,29,65,324
2000-04,Prisoner Litigation,Defendant,556,538,5,567,259,4,11,51,242
2000-05,Prisoner Litigation,Defendant,560,529,7,576,276,2,20,37,241
2000-06,Prisoner Litigation,Defendant,561,560,3,605,265,1,22,59,258
2000-07,Prisoner Litigation,Defendant,511,508,5,499,248,3,8,22,218
2000-08,Prisoner Litigation,Defendant,704,691,10,615,282,,38,22,273
2000-09,Prisoner Litigation,Defendant,676,722,4,565,273,1,14,23,254
2000-10,Prisoner Litigation,Defendant,792,761,8,586,296,,19,29,242
2000-11,Prisoner Litigation,Defendant,656,650,8,518,261,,11,43,203
2000-12,Prisoner Litigation,Defendant,594,590,11,534,250,,13,40,231
2001-01,Prisoner Litigation,Defendant,731,732,16,600,328,1,16,24,231
2001-02,Prisoner Litigation,Defendant,707,656,8,554,311,,17,6,220
2001-03,Prisoner Litigation,Defendant,729,746,13,662,343,,16,19,284
2001-04,Prisoner Litigation,Defendant,639,647,11,544,306,,11,10,217
2001-05,Prisoner Litigation,Defendant,767,738,11,595,303,,14,13,265
2001-06,Prisoner Litigation,Defendant,1209,1327,5,606,310,1,10,10,275
2001-07,Prisoner Litigation,Defendant,883,749,13,740,411,,14,15,300
2001-08,Prisoner Litigation,Defendant,670,569,14,805,410,,12,10,373
2001-09,Prisoner Litigation,Defendant,486,481,11,607,336,1,10,16,244
2001-10,Prisoner Litigation,Defendant,602,619,10,691,345,,8,13,325
2001-11,Prisoner Litigation,Defendant,524,533,7,624,322,1,3,9,289
2001-12,Prisoner Litigation,Defendant,479,466,7,600,319,2,6,14,259
2002-01,Prisoner Litigation,Defendant,516,543,4,691,329,1,9,18,334
2002-02,Prisoner Litigation,Defendant,523,509,11,589,292,1,9,16,271
2002-03,Prisoner Litigation,Defendant,565,552,10,679,367,2,9,8,293
2002-04,Prisoner Litigation,Defendant,567,573,9,636,304,,13,13,306
2002-05,Prisoner Litigation,Defendant,576,579,10,672,359,,12,9,292
2002-06,Prisoner Litigation,Defendant,551,518,6,617,307,1,3,6,300
2002-07,Prisoner Litigation,Defendant,538,500,10,650,346,,11,11,282
2002-08,Prisoner Litigation,Defendant,514,503,6,615,315,2,8,14,276
2002-09,Prisoner Litigation,Defendant,521,521,10,581,301,,8,11,261
2002-10,Prisoner Litigation,Defendant,571,569,18,595,317,1,8,10,259
2002-11,Prisoner Litigation,Defendant,463,448,3,554,294,1,5,20,234
2002-12,Prisoner Litigation,Defendant,484,496,4,559,264,,13,7,275
2003-01,Prisoner Litigation,Defendant,600,595,7,584,319,1,11,14,239
2003-02,Prisoner Litigation,Defendant,449,462,4,569,276,,42,6,245
2003-03,Prisoner Litigation,Defendant,536,521,9,623,309,1,8,12,293
2003-04,Prisoner Litigation,Defendant,566,555,8,680,339,,10,12,319
2003-05,Prisoner Litigation,Defendant,543,539,10,600,297,2,10,6,285
2003-06,Prisoner Litigation,Defendant,542,542,6,571,292,1,7,10,261
2003-07,Prisoner Litigation,Defendant,515,508,9,562,310,1,9,10,232
2003-08,Prisoner Litigation,Defendant,460,462,9,523,277,,9,14,223
2003-09,Prisoner Litigation,Defendant,519,541,6,567,272,,14,10,271
2003-10,Prisoner Litigation,Defendant,590,567,5,541,280,2,6,8,245
2003-11,Prisoner Litigation,Defendant,444,438,4,458,201,2,10,17,228
2003-12,Prisoner Litigation,Defendant,483,479,1,436,212,1,6,5,212
2004-01,Prisoner Litigation,Defendant,487,504,7,389,194,1,8,10,176
2004-02,Prisoner Litigation,Defendant,462,476,0,467,240,,12,10,205
2004-03,Prisoner Litigation,Defendant,575,541,8,633,320,1,18,8,286
2004-04,Prisoner Litigation,Defendant,567,571,9,482,264,1,14,12,191
2004-05,Prisoner Litigation,Defendant,543,555,2,471,276,,8,6,181
2004-06,Prisoner Litigation,Defendant,592,620,3,484,253,,7,11,213
2004-07,Prisoner Litigation,Defendant,767,812,5,505,277,1,5,7,215
2004-08,Prisoner Litigation,Defendant,980,983,9,620,333,1,12,11,263
2004-09,Prisoner Litigation,Defendant,870,896,8,619,339,,19,9,252
2004-10,Prisoner Litigation,Defendant,856,872,15,551,293,1,11,20,226
2004-11,Prisoner Litigation,Defendant,758,724,4,579,288,1,10,16,264
2004-12,Prisoner Litigation,Defendant,694,750,4,585,327,2,13,14,229
2005-01,Prisoner Litigation,Defendant,843,843,7,522,321,,9,17,175
2005-02,Prisoner Litigation,Defendant,998,927,5,663,399,2,9,14,239
2005-03,Prisoner Litigation,Defendant,1148,1115,8,827,498,3,15,15,296
2005-04,Prisoner Litigation,Defendant,959,890,8,725,459,1,13,9,243
2005-05,Prisoner Litigation,Defendant,833,816,11,707,433,,8,12,254
2005-06,Prisoner Litigation,Defendant,853,809,14,840,524,,11,18,287
2005-07,Prisoner Litigation,Defendant,663,634,7,779,423,1,12,15,328
2005-08,Prisoner Litigation,Defendant,698,676,9,860,469,1,11,27,352
2005-09,Prisoner Litigation,Defendant,548,514,12,779,434,3,11,10,321
2005-10,Prisoner Litigation,Defendant,555,572,4,844,466,1,38,17,322
2005-11,Prisoner Litigation,Defendant,549,551,11,682,347,2,11,18,304
2005-12,Prisoner Litigation,Defendant,581,607,14,746,388,1,16,17,324
2006-01,Prisoner Litigation,Defendant,918,868,5,791,431,,8,16,336
2006-02,Prisoner Litigation,Defendant,496,467,0,648,357,8,17,13,253
2006-03,Prisoner Litigation,Defendant,541,520,34,872,469,,39,17,347
2006-04,Prisoner Litigation,Defendant,436,435,2,642,343,,15,22,262
2006-05,Prisoner Litigation,Defendant,477,454,4,746,385,2,21,18,320
2006-06,Prisoner Litigation,Defendant,502,483,9,713,377,2,27,15,292
2006-07,Prisoner Litigation,Defendant,454,442,9,620,358,1,17,10,234
2006-08,Prisoner Litigation,Defendant,516,532,8,624,336,1,19,23,245
2006-09,Prisoner Litigation,Defendant,480,471,7,621,309,1,13,15,283
2006-10,Prisoner Litigation,Defendant,622,597,7,613,312,1,7,12,281
2006-11,Prisoner Litigation,Defendant,495,474,3,517,281,,16,16,204
2006-12,Prisoner Litigation,Defendant,425,445,3,449,246,,15,16,172
2007-01,Prisoner Litigation,Defendant,528,517,6,576,332,,10,16,218
2007-02,Prisoner Litigation,Defendant,433,427,6,450,265,3,20,11,151
2007-03,Prisoner Litigation,Defendant,478,490,4,629,374,1,14,18,222
2007-04,Prisoner Litigation,Defendant,512,537,1,547,300,1,12,14,220
2007-05,Prisoner Litigation,Defendant,528,505,7,594,348,1,12,16,217
2007-06,Prisoner Litigation,Defendant,523,551,7,579,321,1,10,16,231
2007-07,Prisoner Litigation,Defendant,546,543,4,571,354,2,14,14,187
2007-08,Prisoner Litigation,Defendant,543,541,10,678,334,1,31,11,301
2007-09,Prisoner Litigation,Defendant,460,460,13,507,299,1,14,15,178
2007-10,Prisoner Litigation,Defendant,619,589,7,614,341,1,16,21,235
2007-11,Prisoner Litigation,Defendant,669,700,4,484,290,2,18,11,163
2007-12,Prisoner Litigation,Defendant,804,940,0,468,280,,21,10,157
2008-01,Prisoner Litigation,Defendant,1946,2037,4,576,356,2,24,12,182
2008-02,Prisoner Litigation,Defendant,5938,6144,3,1193,448,18,429,12,286
2008-03,Prisoner Litigation,Defendant,8485,8095,23,3688,1127,55,1850,21,635
2008-04,Prisoner Litigation,Defendant,4276,3985,13,3315,1238,25,1498,16,538
2008-05,Prisoner Litigation,Defendant,2572,2525,16,2815,1102,28,1298,18,369
2008-06,Prisoner Litigation,Defendant,2049,1964,9,2382,1021,33,980,27,321
2008-07,Prisoner Litigation,Defendant,1634,1622,23,2080,920,20,777,24,339
2008-08,Prisoner Litigation,Defendant,1318,1281,18,1712,820,13,544,15,320
2008-09,Prisoner Litigation,Defendant,1172,1154,14,1625,763,3,396,24,439
2008-10,Prisoner Litigation,Defendant,1101,1072,15,1602,749,2,449,14,388
2008-11,Prisoner Litigation,Defendant,885,891,10,1018,471,2,278,13,254
2008-12,Prisoner Litigation,Defendant,818,824,13,1369,563,3,278,17,508
2009-01,Prisoner Litigation,Defendant,853,885,2,1275,531,1,325,20,398
2009-02,Prisoner Litigation,Defendant,879,865,23,1345,575,5,281,14,470
2009-03,Prisoner Litigation,Defendant,985,948,75,1524,676,4,305,25,514
2009-04,Prisoner Litigation,Defendant,898,844,21,1277,603,3,205,26,440
2009-05,Prisoner Litigation,Defendant,727,698,9,1061,512,1,177,20,351
2009-06,Prisoner Litigation,Defendant,808,811,11,1370,583,1,214,21,551
2009-07,Prisoner Litigation,Defendant,762,717,18,1234,604,1,201,20,408
2009-08,Prisoner Litigation,Defendant,668,662,19,1014,468,2,153,23,368
2009-09,Prisoner Litigation,Defendant,647,630,57,1050,460,1,113,19,457
2009-10,Prisoner Litigation,Defendant,674,648,5,877,380,1,111,22,363
2009-11,Prisoner Litigation,Defendant,586,613,11,719,367,1,72,14,265
2009-12,Prisoner Litigation,Defendant,576,564,10,885,457,,75,18,335
2010-01,Prisoner Litigation,Defendant,574,580,8,748,386,3,64,9,286
2010-02,Prisoner Litigation,Defendant,580,604,6,768,361,,52,9,346
2010-03,Prisoner Litigation,Defendant,717,684,23,973,500,1,80,15,377
2010-04,Prisoner Litigation,Defendant,621,617,95,799,407,,63,18,311
2010-05,Prisoner Litigation,Defendant,573,574,13,638,352,2,59,11,214
2010-06,Prisoner Litigation,Defendant,604,592,10,767,439,1,47,9,271
2010-07,Prisoner Litigation,Defendant,726,795,6,724,390,1,46,12,275
2010-08,Prisoner Litigation,Defendant,774,746,13,722,405,,49,7,261
2010-09,Prisoner Litigation,Defendant,684,671,29,712,383,,63,11,255
2010-10,Prisoner Litigation,Defendant,685,649,29,631,312,2,43,8,266
2010-11,Prisoner Litigation,Defendant,685,670,2,641,328,2,76,12,223
2010-12,Prisoner Litigation,Defendant,570,563,10,673,361,,46,14,252
2011-01,Prisoner Litigation,Defendant,677,653,9,684,400,,65,15,204
2011-02,Prisoner Litigation,Defendant,559,539,6,688,415,1,40,10,222
2011-03,Prisoner Litigation,Defendant,726,683,12,815,476,1,27,19,292
2011-04,Prisoner Litigation,Defendant,583,566,5,663,375,,40,14,234
2011-05,Prisoner Litigation,Defendant,572,562,7,609,360,,21,12,216
2011-06,Prisoner Litigation,Defendant,582,596,1,639,379,,31,12,217
2011-07,Prisoner Litigation,Defendant,945,974,1,610,342,1,35,12,220
2011-08,Prisoner Litigation,Defendant,1281,1288,9,802,471,,37,17,277
2011-09,Prisoner Litigation,Defendant,1412,1459,7,721,392,1,52,24,252
2011-10,Prisoner Litigation,Defendant,2712,2788,11,1123,414,,390,14,305
2011-11,Prisoner Litigation,Defendant,3474,3468,24,2154,724,2,1035,18,375
2011-12,Prisoner Litigation,Defendant,1742,1750,8,1306,589,,425,8,284
2012-01,Prisoner Litigation,Defendant,1506,1407,17,1583,753,,484,11,335
2012-02,Prisoner Litigation,Defendant,1122,1135,59,1436,756,,375,10,295
2012-03,Prisoner Litigation,Defendant,1046,1024,27,1364,694,,259,19,392
2012-04,Prisoner Litigation,Defendant,970,920,15,1204,704,3,205,20,272
2012-05,Prisoner Litigation,Defendant,984,957,18,1044,570,,140,12,322
2012-06,Prisoner Litigation,Defendant,938,913,5,1021,561,,143,11,306
2012-07,Prisoner Litigation,Defendant,854,929,12,942,506,,91,15,330
2012-08,Prisoner Litigation,Defendant,896,964,12,1116,574,1,85,12,444
2012-09,Prisoner Litigation,Defendant,708,699,3,904,503,,72,19,310
2012-10,Prisoner Litigation,Defendant,834,786,4,973,426,,69,15,463
2012-11,Prisoner Litigation,Defendant,735,651,5,884,446,1,83,15,339
2012-12,Prisoner Litigation,Defendant,575,599,8,627,316,,58,1,252
2013-01,Prisoner Litigation,Defendant,815,715,6,928,548,1,58,18,303
2013-02,Prisoner Litigation,Defendant,581,592,10,812,394,,67,18,333
2013-03,Prisoner Litigation,Defendant,727,719,13,990,518,,42,16,414
2013-04,Prisoner Litigation,Defendant,625,591,9,1006,497,2,46,19,442
2013-05,Prisoner Litigation,Defendant,685,680,3,751,422,,46,15,268
2013-06,Prisoner Litigation,Defendant,692,736,3,773,369,1,35,13,355
2013-07,Prisoner Litigation,Defendant,743,735,4,862,454,,37,15,356
2013-08,Prisoner Litigation,Defendant,794,836,5,774,397,1,40,17,319
2013-09,Prisoner Litigation,Defendant,664,706,6,847,436,,37,11,363
2013-10,Prisoner Litigation,Defendant,754,660,0,790,423,2,51,14,300
2013-11,Prisoner Litigation,Defendant,549,545,5,609,362,,40,11,196
2013-12,Prisoner Litigation,Defendant,559,550,6,580,337,1,32,12,198
2014-01,Prisoner Litigation,Defendant,587,546,2,667,384,,38,9,236
2014-02,Prisoner Litigation,Defendant,551,553,2,631,362,2,27,7,233
2014-03,Prisoner Litigation,Defendant,605,600,8,725,394,,36,23,272
2014-04,Prisoner Litigation,Defendant,601,560,4,694,368,,30,23,273
2014-05,Prisoner Litigation,Defendant,606,604,5,746,425,,38,15,268
2014-06,Prisoner Litigation,Defendant,945,994,0,678,381,1,28,15,253
2014-07,Prisoner Litigation,Defendant,636,603,1,682,420,,24,16,222
2014-08,Prisoner Litigation,Defendant,600,626,4,645,395,,20,14,216
2014-09,Prisoner Litigation,Defendant,822,761,12,749,414,3,19,10,303
2014-10,Prisoner Litigation,Defendant,2119,2088,0,669,343,1,36,14,275
2014-11,Prisoner Litigation,Defendant,3749,4020,4,820,388,,131,19,282
2014-12,Prisoner Litigation,Defendant,2777,2822,5,1249,570,,414,9,256
2015-01,Prisoner Litigation,Defendant,2574,2471,11,1414,564,1,577,19,253
2015-02,Prisoner Litigation,Defendant,2240,2230,4,1510,565,10,696,14,225
2015-03,Prisoner Litigation,Defendant,2172,2036,8,2078,719,22,962,26,349
2015-04,Prisoner Litigation,Defendant,1971,1874,15,2289,742,14,1086,23,424
2015-05,Prisoner Litigation,Defendant,1511,1489,21,1821,689,5,800,29,298
2015-06,Prisoner Litigation,Defendant,1612,1515,16,2181,959,30,835,21,336
2015-07,Prisoner Litigation,Defendant,1546,1536,33,1954,797,2,775,19,361
2015-08,Prisoner Litigation,Defendant,1435,1298,17,1722,761,,645,18,298
2015-09,Prisoner Litigation,Defendant,1275,1182,18,1573,685,,570,11,307
2015-10,Prisoner Litigation,Defendant,1526,1299,16,1933,845,,763,19,306
2015-11,Prisoner Litigation,Defendant,1010,978,24,1504,714,3,452,12,323
2015-12,Prisoner Litigation,Defendant,980,935,26,1335,644,,399,13,279
2016-01,Prisoner Litigation,Defendant,1062,924,32,1178,588,,349,14,227
2016-02,Prisoner Litigation,Defendant,1039,1055,16,1075,559,2,238,16,260
2016-03,Prisoner Litigation,Defendant,1031,1029,16,1356,689,,240,29,398
2016-04,Prisoner Litigation,Defendant,1198,1132,16,1061,529,1,238,23,270
2016-05,Prisoner Litigation,Defendant,2231,2280,11,1343,664,,378,21,280
2016-06,Prisoner Litigation,Defendant,7917,8572,14,1238,575,1,255,34,373
2016-07,Prisoner Litigation,Defendant,1758,1414,12,1331,761,1,253,33,283
2016-08,Prisoner Litigation,Defendant,1331,1241,6,1484,810,2,283,56,333
2016-09,Prisoner Litigation,Defendant,1074,919,6,1287,657,1,229,32,368
2016-10,Prisoner Litigation,Defendant,1186,1002,6,1203,704,,183,35,281
2016-11,Prisoner Litigation,Defendant,763,749,7,1084,608,,183,32,261
2016-12,Prisoner Litigation,Defendant,643,629,15,1138,599,,198,16,325
2017-01,Prisoner Litigation,Defendant,622,618,7,1080,530,,159,22,369
2017-02,Prisoner Litigation,Defendant,627,627,5,913,457,1,113,38,304
2017-03,Prisoner Litigation,Defendant,750,709,200,2226,1037,1,210,534,444
2017-04,Prisoner Litigation,Defendant,683,684,5,1635,771,,122,352,390
2017-05,Prisoner Litigation,Defendant,716,700,38,1377,814,1,119,125,318
2017-06,Prisoner Litigation,Defendant,683,692,135,1096,622,1,75,75,323
2017-07,Prisoner Litigation,Defendant,550,540,2,900,498,,85,61,256
2017-08,Prisoner Litigation,Defendant,546,517,5,1148,627,1,136,46,338
2017-09,Prisoner Litigation,Defendant,435,427,159,823,426,1,55,32,309
2017-10,Prisoner Litigation,Defendant,509,510,82,881,494,1,71,33,282
2017-11,Prisoner Litigation,Defendant,445,444,4,742,396,2,29,22,293
2017-12,Prisoner Litigation,Defendant,368,363,0,699,384,2,72,21,220
2018-01,Prisoner Litigation,Defendant,464,450,5,665,383,,36,15,231
2018-02,Prisoner Litigation,Defendant,448,439,0,646,306,1,38,20,281
2018-03,Prisoner Litigation,Defendant,526,513,4,824,419,,33,23,349
2018-04,Prisoner Litigation,Defendant,514,499,26,714,389,3,50,22,250
2018-05,Prisoner Litigation,Defendant,517,529,3,683,357,3,57,26,240
2018-06,Prisoner Litigation,Defendant,550,563,3,651,378,,52,21,200
2018-07,Prisoner Litigation,Defendant,578,597,0,684,405,,40,27,212
2018-08,Prisoner Litigation,Defendant,555,570,8,684,392,,50,21,221
2018-09,Prisoner Litigation,Defendant,411,400,5,649,352,,59,18,220
2018-10,Prisoner Litigation,Defendant,535,503,1,623,333,,45,17,228
2018-11,Prisoner Litigation,Defendant,413,411,3,608,337,,29,22,220
2018-12,Prisoner Litigation,Defendant,361,389,3,510,261,1,24,15,209
2019-01,Prisoner Litigation,Defendant,1186,1349,1,704,317,1,77,94,215
2019-02,Prisoner Litigation,Defendant,1201,1251,6,821,363,1,209,11,237
2019-03,Prisoner Litigation,Defendant,1099,1129,11,1035,437,,289,21,288
2019-04,Prisoner Litigation,Defendant,985,1008,15,1019,521,,171,49,278
2019-05,Prisoner Litigation,Defendant,917,849,11,905,465,,167,16,257
2019-06,Prisoner Litigation,Defendant,802,771,4,806,425,1,148,13,219
2019-07,Prisoner Litigation,Defendant,854,796,11,908,491,3,135,21,258
2019-08,Prisoner Litigation,Defendant,986,921,16,953,494,2,133,27,297
2019-09,Prisoner Litigation,Defendant,747,640,28,982,527,1,145,29,280
2019-10,Prisoner Litigation,Defendant,754,704,46,731,362,,111,19,239
2019-11,Prisoner Litigation,Defendant,673,619,42,624,331,1,52,9,231
2019-12,Prisoner Litigation,Defendant,598,627,27,700,367,1,74,16,242
2020-01,Prisoner Litigation,Defendant,698,676,4,909,424,,199,15,271
2020-02,Prisoner Litigation,Defendant,643,646,2,823,387,,190,15,231
2020-03,Prisoner Litigation,Defendant,730,778,30,895,478,1,128,14,274
2020-04,Prisoner Litigation,Defendant,2586,3029,2,1433,914,,239,22,258
2020-05,Prisoner Litigation,Defendant,3507,3777,4,1733,1165,1,264,47,256
2020-06,Prisoner Litigation,Defendant,3794,4064,6,2269,1583,,313,34,339
2020-07,Prisoner Litigation,Defendant,3303,3183,10,2315,1590,6,382,44,293
2020-08,Prisoner Litigation,Defendant,2790,2724,7,2288,1584,,303,43,358
2020-09,Prisoner Litigation,Defendant,2444,2355,8,2194,1487,,270,49,388
2020-10,Prisoner Litigation,Defendant,2125,2051,4,2155,1490,3,261,42,359
2020-11,Prisoner Litigation,Defendant,1832,1874,3,1783,1256,1,209,25,292
2020-12,Prisoner Litigation,Defendant,1971,1961,3,2084,1458,1,267,19,339
2021-01,Prisoner Litigation,Defendant,1908,1859,12,2016,1468,1,217,28,302
2021-02,Prisoner Litigation,Defendant,1492,1473,7,1771,1225,,190,33,323
2021-03,Prisoner Litigation,Defendant,1582,1535,18,2083,1408,2,179,25,469
2021-04,Prisoner Litigation,Defendant,1276,1138,10,1829,1278,1,158,16,376
2021-05,Prisoner Litigation,Defendant,1022,978,19,1476,1001,6,123,24,322
2021-06,Prisoner Litigation,Defendant,898,854,12,1505,996,1,113,27,368
2021-07,Prisoner Litigation,Defendant,796,836,9,1286,757,,110,41,378
2021-08,Prisoner Litigation,Defendant,972,832,14,1229,749,,83,29,368
2021-09,Prisoner Litigation,Defendant,813,772,6,1256,715,1,96,38,406
2021-10,Prisoner Litigation,Defendant,713,710,11,1046,674,1,61,17,293
2021-11,Prisoner Litigation,Defendant,622,612,8,962,578,1,79,13,291
2021-12,Prisoner Litigation,Defendant,626,629,4,820,492,,67,6,255
2022-01,Prisoner Litigation,Defendant,769,762,5,912,555,2,51,17,287
2022-02,Prisoner Litigation,Defendant,701,702,2,883,551,,62,16,254
2022-03,Prisoner Litigation,Defendant,857,833,10,1204,688,1,86,29,400
2022-04,Prisoner Litigation,Defendant,760,719,8,938,597,,41,18,282
2022-05,Prisoner Litigation,Defendant,783,685,9,857,513,,62,21,261
2022-06,Prisoner Litigation,Defendant,929,735,6,896,557,1,50,13,275
2022-07,Prisoner Litigation,Defendant,674,670,7,880,559,1,55,19,246
2022-08,Prisoner Litigation,Defendant,794,806,5,869,512,1,72,13,271
2022-09,Prisoner Litigation,Defendant,879,697,5,1000,618,,67,21,294
2022-10,Prisoner Litigation,Defendant,802,716,2,840,459,,45,13,323
2022-11,Prisoner Litigation,Defendant,695,712,3,913,610,1,46,16,240
2022-12,Prisoner Litigation,Defendant,634,650,2,745,490,,60,14,181
2023-01,Prisoner Litigation,Defendant,756,754,6,860,578,2,39,22,219
2023-02,Prisoner Litigation,Defendant,819,786,0,739,424,2,61,18,234
2023-03,Prisoner Litigation,Defendant,800,769,5,943,565,,48,20,310
2023-04,Prisoner Litigation,Defendant,661,640,2,800,532,,43,23,202
2023-05,Prisoner Litigation,Defendant,746,761,1,841,581,1,48,31,180
2023-06,Prisoner Litigation,Defendant,764,726,4,809,513,2,49,22,223
2023-07,Prisoner Litigation,Defendant,669,637,5,828,556,,43,33,196
2023-08,Prisoner Litigation,Defendant,715,720,2,828,544,,46,20,218
2023-09,Prisoner Litigation,Defendant,637,662,2,836,481,,41,18,296
2023-10,Prisoner Litigation,Defendant,772,900,1,824,488,2,47,26,261
2023-11,Prisoner Litigation,Defendant,3376,3883,2,836,502,1,98,18,217
2023-12,Prisoner Litigation,Defendant,2705,2730,1,1179,590,3,377,12,197
2024-01,Prisoner Litigation,Defendant,3278,3256,2,2390,932,2,1015,17,424
2024-02,Prisoner Litigation,Defendant,2826,2797,7,2132,1092,2,785,24,229
2024-03,Prisoner Litigation,Defendant,2310,2239,2,2085,1235,1,495,27,327
2024-04,Prisoner Litigation,Defendant,2001,1908,2,2213,1455,,436,17,305
2024-05,Prisoner Litigation,Defendant,1616,1479,0,2161,1446,1,378,19,317
2024-06,Prisoner Litigation,Defendant,1150,1139,3,1568,1045,1,253,11,258
2024-07,Prisoner Litigation,Defendant,1429,1285,1,1539,1035,,256,16,232
2024-08,Prisoner Litigation,Defendant,1152,1110,0,1435,917,,214,18,286
2024-09,Prisoner Litigation,Defendant,943,940,4,1289,821,,126,15,327
2024-10,Prisoner Litigation,Defendant,1021,949,4,1286,851,1,182,20,232
2024-11,Prisoner Litigation,Defendant,790,743,2,956,619,1,105,15,216
2024-12,Prisoner Litigation,Defendant,762,809,2,898,553,,141,14,190
2025-01,Prisoner Litigation,Defendant,969,909,0,1134,788,2,117,23,204
2025-02,Prisoner Litigation,Defendant,785,808,0,1085,739,1,110,17,218
2025-03,Prisoner Litigation,Defendant,886,896,6,1233,778,2,117,27,309
2025-04,Prisoner Litigation,Defendant,893,839,0,1278,823,,119,31,305
2025-05,Prisoner Litigation,Defendant,776,756,2,993,636,1,91,22,243
2025-06,Prisoner Litigation,Defendant,679,654,2,903,579,1,83,15,225
2025-07,Prisoner Litigation,Defendant,717,714,3,992,629,,123,16,224
2025-08,Prisoner Litigation,Defendant,771,716,3,847,607,,71,15,154
2025-09,Prisoner Litigation,Defendant,625,643,5,855,555,2,45,9,244
2025-10,Prisoner Litigation,Defendant,747,679,3,812,495,1,113,22,181
2025-11,Prisoner Litigation,Defendant,641,550,1,560,319,,45,18,178
2025-12,Prisoner Litigation,Defendant,720,682,2,697,434,,44,15,204
2026-01,Prisoner Litigation,Defendant,672,680,3,585,419,,44,16,106
2026-02,Prisoner Litigation,Defendant,777,701,1,591,401,,45,14,131
2026-03,Prisoner Litigation,Defendant,919,834,2,719,433,1,54,8,223
2026-04,Prisoner Litigation,Defendant,832,715,5,553,370,,39,12,132
2026-05,Prisoner Litigation,Defendant,602,480,7,401,272,,32,4,93
1994-10,Program Litigation,Defendant,315,282,34,224,18,,3,,203
1994-11,Program Litigation,Defendant,302,266,31,227,17,1,3,1,205
1994-12,Program Litigation,Defendant,297,311,27,290,18,1,11,1,259
1995-01,Program Litigation,Defendant,327,295,22,274,21,,20,,233
1995-02,Program Litigation,Defendant,292,258,21,242,7,,15,,220
1995-03,Program Litigation,Defendant,357,331,31,299,19,,11,2,267
1995-04,Program Litigation,Defendant,280,249,9,258,21,,11,,226
1995-05,Program Litigation,Defendant,341,299,21,284,24,,17,,243
1995-06,Program Litigation,Defendant,287,267,35,380,21,,4,,355
1995-07,Program Litigation,Defendant,298,248,21,263,15,,14,,234
1995-08,Program Litigation,Defendant,373,325,25,326,30,,16,1,279
1995-09,Program Litigation,Defendant,329,271,16,282,27,,17,,238
1995-10,Program Litigation,Defendant,320,308,31,274,21,1,8,,244
1995-11,Program Litigation,Defendant,300,273,24,248,20,,9,,219
1995-12,Program Litigation,Defendant,280,307,16,272,17,,13,,242
1996-01,Program Litigation,Defendant,316,297,19,313,23,1,22,,267
1996-02,Program Litigation,Defendant,327,295,39,296,20,,22,,254
1996-03,Program Litigation,Defendant,330,280,21,295,19,,18,,258
1996-04,Program Litigation,Defendant,333,286,30,304,20,,15,1,268
1996-05,Program Litigation,Defendant,346,299,22,306,19,1,14,,272
1996-06,Program Litigation,Defendant,326,304,39,468,26,,17,2,423
1996-07,Program Litigation,Defendant,287,266,24,327,22,1,2,,302
1996-08,Program Litigation,Defendant,310,270,14,278,13,,7,,258
1996-09,Program Litigation,Defendant,263,243,23,265,19,1,10,1,234
1996-10,Program Litigation,Defendant,348,291,27,274,24,,5,1,244
1996-11,Program Litigation,Defendant,280,272,21,243,41,,8,2,192
1996-12,Program Litigation,Defendant,270,238,30,282,28,,11,1,242
1997-01,Program Litigation,Defendant,310,248,30,303,31,,17,,255
1997-02,Program Litigation,Defendant,274,256,12,274,36,1,5,1,231
1997-03,Program Litigation,Defendant,344,297,27,265,18,1,10,,236
1997-04,Program Litigation,Defendant,311,270,23,292,19,1,2,,270
1997-05,Program Litigation,Defendant,307,295,57,342,25,,22,1,294
1997-06,Program Litigation,Defendant,307,260,23,389,19,,15,2,353
1997-07,Program Litigation,Defendant,323,279,19,275,21,1,6,,247
1997-08,Program Litigation,Defendant,307,233,35,284,24,1,13,1,245
1997-09,Program Litigation,Defendant,303,283,32,298,21,1,11,2,263
1997-10,Program Litigation,Defendant,256,231,16,253,22,1,14,1,215
1997-11,Program Litigation,Defendant,245,225,16,265,25,3,11,2,224
1997-12,Program Litigation,Defendant,246,236,28,236,16,3,12,4,201
1998-01,Program Litigation,Defendant,298,244,37,238,19,,11,3,205
1998-02,Program Litigation,Defendant,262,246,33,229,14,2,12,2,199
1998-03,Program Litigation,Defendant,288,242,24,284,29,1,12,1,241
1998-04,Program Litigation,Defendant,260,253,36,274,46,1,22,1,204
1998-05,Program Litigation,Defendant,257,226,19,231,16,1,14,3,197
1998-06,Program Litigation,Defendant,314,304,31,268,27,3,16,3,219
1998-07,Program Litigation,Defendant,364,298,29,306,54,,19,2,231
1998-08,Program Litigation,Defendant,260,196,22,265,30,1,9,4,221
1998-09,Program Litigation,Defendant,250,257,52,299,29,7,14,5,244
1998-10,Program Litigation,Defendant,308,261,22,241,29,1,11,5,195
1998-11,Program Litigation,Defendant,263,215,12,175,21,2,9,2,141
1998-12,Program Litigation,Defendant,259,216,26,217,22,8,6,8,173
1999-01,Program Litigation,Defendant,271,198,18,209,19,3,14,3,170
1999-02,Program Litigation,Defendant,275,261,32,264,26,2,24,4,208
1999-03,Program Litigation,Defendant,294,257,31,280,37,3,25,5,210
1999-04,Program Litigation,Defendant,280,239,50,254,35,1,15,5,198
1999-05,Program Litigation,Defendant,268,226,27,235,31,4,25,5,170
1999-06,Program Litigation,Defendant,287,239,32,238,30,4,21,8,175
1999-07,Program Litigation,Defendant,232,211,49,305,52,7,28,5,213
1999-08,Program Litigation,Defendant,272,214,28,273,47,16,23,11,176
1999-09,Program Litigation,Defendant,281,266,44,393,63,12,32,9,277
1999-10,Program Litigation,Defendant,257,213,24,205,59,25,37,16,68
1999-11,Program Litigation,Defendant,258,239,24,227,79,33,34,23,58
1999-12,Program Litigation,Defendant,241,220,18,207,74,27,26,16,64
2000-01,Program Litigation,Defendant,230,205,28,180,57,24,22,19,58
2000-02,Program Litigation,Defendant,264,220,35,223,70,25,35,27,66
2000-03,Program Litigation,Defendant,266,237,72,322,99,29,40,33,121
2000-04,Program Litigation,Defendant,239,199,33,208,65,22,28,26,67
2000-05,Program Litigation,Defendant,240,246,15,226,61,32,32,23,78
2000-06,Program Litigation,Defendant,277,238,29,228,72,28,31,24,73
2000-07,Program Litigation,Defendant,234,195,32,259,83,27,34,23,92
2000-08,Program Litigation,Defendant,253,225,17,214,70,39,25,24,56
2000-09,Program Litigation,Defendant,224,198,36,267,92,33,29,19,94
2000-10,Program Litigation,Defendant,248,209,29,180,45,29,25,16,65
2000-11,Program Litigation,Defendant,230,223,44,210,67,22,45,18,58
2000-12,Program Litigation,Defendant,228,198,13,206,50,32,30,15,79
2001-01,Program Litigation,Defendant,265,229,40,249,82,31,43,16,77
2001-02,Program Litigation,Defendant,210,174,49,238,79,15,54,22,68
2001-03,Program Litigation,Defendant,249,239,31,253,77,28,37,32,79
2001-04,Program Litigation,Defendant,261,193,30,164,44,26,31,19,44
2001-05,Program Litigation,Defendant,244,217,20,191,54,21,41,18,57
2001-06,Program Litigation,Defendant,279,225,46,209,64,27,46,14,58
2001-07,Program Litigation,Defendant,242,197,35,214,59,30,39,24,62
2001-08,Program Litigation,Defendant,285,225,49,252,65,35,60,24,68
2001-09,Program Litigation,Defendant,226,199,25,249,76,24,53,32,64
2001-10,Program Litigation,Defendant,226,201,40,212,64,28,45,16,59
2001-11,Program Litigation,Defendant,223,192,21,204,52,31,47,22,52
2001-12,Program Litigation,Defendant,199,201,19,180,59,14,36,15,56
2002-01,Program Litigation,Defendant,240,216,38,204,79,14,43,14,54
2002-02,Program Litigation,Defendant,225,211,13,190,49,26,35,19,61
2002-03,Program Litigation,Defendant,245,231,23,228,75,28,48,18,59
2002-04,Program Litigation,Defendant,275,233,56,240,74,36,43,22,65
2002-05,Program Litigation,Defendant,245,219,34,207,61,36,38,14,58
2002-06,Program Litigation,Defendant,223,208,44,174,56,24,18,17,59
2002-07,Program Litigation,Defendant,261,229,20,200,50,37,29,21,63
2002-08,Program Litigation,Defendant,267,202,29,543,58,31,40,20,394
2002-09,Program Litigation,Defendant,177,164,37,207,65,35,26,14,67
2002-10,Program Litigation,Defendant,213,176,34,219,65,24,29,19,82
2002-11,Program Litigation,Defendant,203,186,15,175,60,17,29,20,49
2002-12,Program Litigation,Defendant,229,199,25,177,49,24,30,18,56
2003-01,Program Litigation,Defendant,209,172,13,228,69,23,35,25,76
2003-02,Program Litigation,Defendant,216,190,30,179,40,31,32,25,51
2003-03,Program Litigation,Defendant,208,193,19,195,59,18,36,21,61
2003-04,Program Litigation,Defendant,230,194,67,218,50,15,45,24,84
2003-05,Program Litigation,Defendant,209,205,18,172,49,25,20,23,55
2003-06,Program Litigation,Defendant,199,183,28,183,53,26,18,14,72
2003-07,Program Litigation,Defendant,217,180,28,229,60,18,28,30,93
2003-08,Program Litigation,Defendant,196,164,45,196,58,22,30,23,63
2003-09,Program Litigation,Defendant,203,193,74,220,62,31,25,17,85
2003-10,Program Litigation,Defendant,215,191,23,176,53,23,26,20,54
2003-11,Program Litigation,Defendant,166,146,7,162,38,17,13,16,78
2003-12,Program Litigation,Defendant,211,187,15,161,58,16,16,22,49
2004-01,Program Litigation,Defendant,208,164,15,178,60,20,27,25,46
2004-02,Program Litigation,Defendant,183,173,23,195,51,25,25,13,81
2004-03,Program Litigation,Defendant,225,186,32,223,71,17,30,22,83
2004-04,Program Litigation,Defendant,196,174,13,163,43,21,25,17,57
2004-05,Program Litigation,Defendant,186,165,13,168,36,23,26,20,63
2004-06,Program Litigation,Defendant,245,200,20,176,37,22,38,16,63
2004-07,Program Litigation,Defendant,217,179,23,167,52,23,26,21,45
2004-08,Program Litigation,Defendant,192,171,42,203,71,27,25,26,54
2004-09,Program Litigation,Defendant,191,164,39,214,76,26,29,12,71
2004-10,Program Litigation,Defendant,205,198,19,208,62,16,29,15,86
2004-11,Program Litigation,Defendant,171,141,20,177,37,8,25,14,93
2004-12,Program Litigation,Defendant,156,166,13,165,53,21,15,15,61
2005-01,Program Litigation,Defendant,156,145,11,149,39,19,8,19,64
2005-02,Program Litigation,Defendant,187,157,13,174,49,17,8,12,88
2005-03,Program Litigation,Defendant,192,154,34,220,85,31,6,45,53
2005-04,Program Litigation,Defendant,166,160,47,142,40,19,2,23,58
2005-05,Program Litigation,Defendant,194,170,33,124,45,13,3,18,45
2005-06,Program Litigation,Defendant,182,146,15,175,61,16,8,26,64
2005-07,Program Litigation,Defendant,138,126,12,141,51,13,5,20,52
2005-08,Program Litigation,Defendant,161,122,21,165,55,16,3,21,70
2005-09,Program Litigation,Defendant,183,163,61,194,69,15,2,18,90
2005-10,Program Litigation,Defendant,141,114,19,139,37,24,1,18,59
2005-11,Program Litigation,Defendant,153,154,13,135,41,9,3,24,58
2005-12,Program Litigation,Defendant,143,135,17,119,37,10,5,16,51
2006-01,Program Litigation,Defendant,173,132,23,131,41,12,4,27,47
2006-02,Program Litigation,Defendant,120,129,17,120,38,12,5,12,53
2006-03,Program Litigation,Defendant,203,171,31,193,79,20,4,20,70
2006-04,Program Litigation,Defendant,145,134,18,135,58,17,1,18,41
2006-05,Program Litigation,Defendant,213,172,14,168,50,12,5,31,70
2006-06,Program Litigation,Defendant,173,152,20,171,62,14,7,17,71
2006-07,Program Litigation,Defendant,145,112,16,104,36,22,5,10,31
2006-08,Program Litigation,Defendant,148,130,21,183,62,16,3,26,76
2006-09,Program Litigation,Defendant,133,106,41,155,69,22,5,18,41
2006-10,Program Litigation,Defendant,148,116,27,123,41,13,3,20,46
2006-11,Program Litigation,Defendant,144,146,17,128,62,18,2,13,33
2006-12,Program Litigation,Defendant,154,150,13,99,32,11,2,7,47
2007-01,Program Litigation,Defendant,153,142,31,140,42,21,4,18,55
2007-02,Program Litigation,Defendant,117,97,18,130,38,9,4,14,65
2007-03,Program Litigation,Defendant,182,150,18,166,66,14,3,23,60
2007-04,Program Litigation,Defendant,140,113,21,126,47,13,2,17,47
2007-05,Program Litigation,Defendant,179,155,22,156,42,20,6,23,65
2007-06,Program Litigation,Defendant,142,120,17,141,47,18,3,21,52
2007-07,Program Litigation,Defendant,151,144,15,144,49,11,7,17,60
2007-08,Program Litigation,Defendant,155,133,30,129,43,4,1,17,64
2007-09,Program Litigation,Defendant,125,116,30,146,52,11,2,17,64
2007-10,Program Litigation,Defendant,161,120,8,167,49,11,5,17,85
2007-11,Program Litigation,Defendant,124,111,19,102,26,13,2,21,40
2007-12,Program Litigation,Defendant,124,117,8,114,32,15,4,14,49
2008-01,Program Litigation,Defendant,155,126,12,104,35,11,3,17,38
2008-02,Program Litigation,Defendant,151,142,23,100,30,9,2,14,45
2008-03,Program Litigation,Defendant,140,116,35,158,67,13,4,21,53
2008-04,Program Litigation,Defendant,154,137,18,127,38,13,5,17,54
2008-05,Program Litigation,Defendant,153,132,7,93,44,7,2,12,28
2008-06,Program Litigation,Defendant,154,128,17,133,41,14,1,15,62
2008-07,Program Litigation,Defendant,160,141,28,127,51,19,3,13,41
2008-08,Program Litigation,Defendant,145,144,44,129,51,16,2,16,44
2008-09,Program Litigation,Defendant,183,133,27,182,71,24,11,18,58
2008-10,Program Litigation,Defendant,157,135,17,148,46,16,6,15,65
2008-11,Program Litigation,Defendant,109,112,22,100,47,9,6,13,25
2008-12,Program Litigation,Defendant,149,132,11,110,36,21,1,16,36
2009-01,Program Litigation,Defendant,181,172,23,120,47,12,1,17,43
2009-02,Program Litigation,Defendant,142,134,19,114,42,5,4,17,46
2009-03,Program Litigation,Defendant,161,151,23,160,67,16,4,17,56
2009-04,Program Litigation,Defendant,181,149,21,119,47,7,4,14,47
2009-05,Program Litigation,Defendant,164,131,19,148,48,13,1,22,64
2009-06,Program Litigation,Defendant,153,141,24,148,51,22,6,24,45
2009-07,Program Litigation,Defendant,193,167,23,160,44,17,9,22,68
2009-08,Program Litigation,Defendant,157,120,22,155,52,16,5,17,65
2009-09,Program Litigation,Defendant,160,138,39,198,97,16,5,18,62
2009-10,Program Litigation,Defendant,193,170,22,125,38,21,3,18,45
2009-11,Program Litigation,Defendant,139,133,10,96,34,10,1,14,37
2009-12,Program Litigation,Defendant,122,114,11,114,41,16,,13,44
2010-01,Program Litigation,Defendant,143,124,21,121,35,16,4,15,51
2010-02,Program Litigation,Defendant,121,118,15,129,48,10,7,16,48
2010-03,Program Litigation,Defendant,176,130,28,216,82,17,12,28,77
2010-04,Program Litigation,Defendant,152,138,21,159,44,21,8,19,67
2010-05,Program Litigation,Defendant,165,135,15,180,51,15,8,31,75
2010-06,Program Litigation,Defendant,151,125,13,134,43,11,7,22,51
2010-07,Program Litigation,Defendant,154,148,23,123,44,8,1,20,50
2010-08,Program Litigation,Defendant,138,125,23,132,50,13,3,19,47
2010-09,Program Litigation,Defendant,175,117,24,148,58,23,10,8,49
2010-10,Program Litigation,Defendant,140,147,16,122,35,17,4,20,46
2010-11,Program Litigation,Defendant,167,144,14,118,39,13,6,18,42
2010-12,Program Litigation,Defendant,137,141,28,102,35,15,2,10,40
2011-01,Program Litigation,Defendant,156,134,9,107,35,18,3,15,36
2011-02,Program Litigation,Defendant,139,122,15,108,31,11,6,20,40
2011-03,Program Litigation,Defendant,190,158,23,205,62,24,7,24,88
2011-04,Program Litigation,Defendant,173,142,14,151,38,5,10,29,69
2011-05,Program Litigation,Defendant,153,127,5,126,37,7,8,22,52
2011-06,Program Litigation,Defendant,186,146,25,148,50,16,7,15,60
2011-07,Program Litigation,Defendant,163,155,14,118,46,20,8,16,28
2011-08,Program Litigation,Defendant,164,141,22,163,45,20,7,19,72
2011-09,Program Litigation,Defendant,143,141,23,165,43,19,8,25,70
2011-10,Program Litigation,Defendant,140,117,17,109,31,10,6,16,46
2011-11,Program Litigation,Defendant,137,135,6,116,29,18,7,21,41
2011-12,Program Litigation,Defendant,152,135,10,130,38,15,6,17,54
2012-01,Program Litigation,Defendant,171,147,25,131,39,13,9,14,56
2012-02,Program Litigation,Defendant,155,117,11,167,48,18,7,22,72
2012-03,Program Litigation,Defendant,144,117,35,169,66,15,2,25,61
2012-04,Program Litigation,Defendant,146,137,22,137,43,18,3,13,60
2012-05,Program Litigation,Defendant,144,127,15,124,34,13,5,24,48
2012-06,Program Litigation,Defendant,174,157,13,122,35,19,2,17,49
2012-07,Program Litigation,Defendant,161,129,12,160,52,18,3,15,72
2012-08,Program Litigation,Defendant,133,128,18,148,40,16,5,26,61
2012-09,Program Litigation,Defendant,138,101,35,164,48,9,5,19,83
2012-10,Program Litigation,Defendant,153,143,5,111,30,14,6,13,48
2012-11,Program Litigation,Defendant,156,124,10,110,32,12,5,23,38
2012-12,Program Litigation,Defendant,165,147,10,99,36,15,2,14,32
2013-01,Program Litigation,Defendant,162,135,33,118,43,14,3,16,42
2013-02,Program Litigation,Defendant,181,136,24,116,40,13,2,16,45
2013-03,Program Litigation,Defendant,168,162,18,139,46,16,2,18,57
2013-04,Program Litigation,Defendant,165,142,27,147,38,13,3,18,75
2013-05,Program Litigation,Defendant,151,135,13,133,45,11,3,24,50
2013-06,Program Litigation,Defendant,168,144,17,120,42,14,3,16,45
2013-07,Program Litigation,Defendant,176,131,13,132,47,7,4,19,55
2013-08,Program Litigation,Defendant,160,143,22,120,38,10,4,19,49
2013-09,Program Litigation,Defendant,145,111,41,161,48,16,4,23,70
2013-10,Program Litigation,Defendant,155,137,15,118,35,9,7,20,47
2013-11,Program Litigation,Defendant,131,123,11,100,35,6,4,17,38
2013-12,Program Litigation,Defendant,135,112,21,146,39,10,5,30,62
2014-01,Program Litigation,Defendant,141,117,31,134,41,17,5,25,46
2014-02,Program Litigation,Defendant,133,122,20,130,29,11,3,15,72
2014-03,Program Litigation,Defendant,147,135,36,271,55,14,9,59,134
2014-04,Program Litigation,Defendant,161,138,18,124,33,15,4,18,54
2014-05,Program Litigation,Defendant,151,137,11,113,29,18,4,14,48
2014-06,Program Litigation,Defendant,149,130,16,120,23,14,10,26,47
2014-07,Program Litigation,Defendant,129,113,14,118,33,16,8,17,44
2014-08,Program Litigation,Defendant,161,143,17,124,31,16,5,26,46
2014-09,Program Litigation,Defendant,165,131,36,160,40,10,3,27,80
2014-10,Program Litigation,Defendant,146,148,15,119,39,18,3,28,31
2014-11,Program Litigation,Defendant,151,124,7,121,29,13,13,19,47
2014-12,Program Litigation,Defendant,146,133,7,129,31,7,9,31,51
2015-01,Program Litigation,Defendant,139,101,10,107,36,11,4,19,37
2015-02,Program Litigation,Defendant,132,114,22,112,29,6,12,17,48
2015-03,Program Litigation,Defendant,147,130,17,123,38,10,6,19,50
2015-04,Program Litigation,Defendant,151,128,27,137,38,14,3,22,60
2015-05,Program Litigation,Defendant,115,117,38,127,28,8,6,20,65
2015-06,Program Litigation,Defendant,156,131,21,140,35,15,7,25,58
2015-07,Program Litigation,Defendant,163,146,18,135,33,16,9,24,53
2015-08,Program Litigation,Defendant,153,135,16,133,37,9,6,19,62
2015-09,Program Litigation,Defendant,121,107,25,132,48,11,4,26,43
2015-10,Program Litigation,Defendant,149,149,13,121,31,8,6,20,56
2015-11,Program Litigation,Defendant,131,109,9,119,35,12,4,30,38
2015-12,Program Litigation,Defendant,138,126,9,127,35,8,4,30,50
2016-01,Program Litigation,Defendant,132,125,13,108,27,8,4,22,47
2016-02,Program Litigation,Defendant,153,125,14,129,31,8,6,33,51
2016-03,Program Litigation,Defendant,132,125,23,167,52,11,8,30,66
2016-04,Program Litigation,Defendant,145,137,25,108,31,10,4,25,38
2016-05,Program Litigation,Defendant,170,140,11,143,36,19,9,18,61
2016-06,Program Litigation,Defendant,145,137,15,112,27,12,6,20,47
2016-07,Program Litigation,Defendant,124,101,18,112,38,7,11,18,38
2016-08,Program Litigation,Defendant,167,153,9,121,34,5,1,21,60
2016-09,Program Litigation,Defendant,147,134,36,139,55,8,8,20,48
2016-10,Program Litigation,Defendant,149,147,12,110,24,9,4,23,50
2016-11,Program Litigation,Defendant,135,113,37,107,20,10,1,25,51
2016-12,Program Litigation,Defendant,138,129,7,122,29,9,12,24,48
2017-01,Program Litigation,Defendant,154,168,13,133,29,9,7,19,69
2017-02,Program Litigation,Defendant,142,129,9,127,37,9,3,28,50
2017-03,Program Litigation,Defendant,179,147,23,178,51,13,6,36,72
2017-04,Program Litigation,Defendant,130,112,18,118,28,8,8,27,47
2017-05,Program Litigation,Defendant,202,154,17,140,35,10,8,22,65
2017-06,Program Litigation,Defendant,175,159,10,148,42,18,3,16,69
2017-07,Program Litigation,Defendant,188,171,7,130,36,7,7,22,58
2017-08,Program Litigation,Defendant,194,170,18,148,41,9,6,21,71
2017-09,Program Litigation,Defendant,160,138,12,142,50,12,6,22,52
2017-10,Program Litigation,Defendant,180,155,11,121,28,15,6,31,41
2017-11,Program Litigation,Defendant,139,133,5,112,23,17,6,24,42
2017-12,Program Litigation,Defendant,158,139,6,123,18,19,6,15,65
2018-01,Program Litigation,Defendant,148,144,9,151,45,23,8,16,59
2018-02,Program Litigation,Defendant,179,156,9,150,38,14,9,24,65
2018-03,Program Litigation,Defendant,183,182,13,186,52,16,13,33,72
2018-04,Program Litigation,Defendant,215,187,5,115,30,17,4,19,45
2018-05,Program Litigation,Defendant,189,175,14,137,23,12,2,35,65
2018-06,Program Litigation,Defendant,158,160,34,155,33,24,10,48,40
2018-07,Program Litigation,Defendant,180,161,4,123,34,14,6,25,44
2018-08,Program Litigation,Defendant,210,191,8,151,40,12,13,23,63
2018-09,Program Litigation,Defendant,142,118,13,141,45,23,5,17,51
2018-10,Program Litigation,Defendant,164,165,6,148,39,23,5,31,50
2018-11,Program Litigation,Defendant,145,117,22,130,28,21,6,17,58
2018-12,Program Litigation,Defendant,125,134,4,128,37,20,8,25,38
2019-01,Program Litigation,Defendant,140,149,1,90,37,4,7,5,37
2019-02,Program Litigation,Defendant,156,126,8,142,42,20,9,19,52
2019-03,Program Litigation,Defendant,211,185,18,189,59,21,8,30,71
2019-04,Program Litigation,Defendant,215,206,6,174,36,27,2,36,73
2019-05,Program Litigation,Defendant,188,172,3,158,38,26,5,28,61
2019-06,Program Litigation,Defendant,153,156,9,126,36,18,6,20,46
2019-07,Program Litigation,Defendant,180,180,5,132,38,20,3,33,38
2019-08,Program Litigation,Defendant,175,162,9,126,32,23,4,27,40
2019-09,Program Litigation,Defendant,220,194,24,180,47,25,11,26,71
2019-10,Program Litigation,Defendant,179,179,12,153,35,27,5,30,56
2019-11,Program Litigation,Defendant,162,146,7,106,26,15,1,31,33
2019-12,Program Litigation,Defendant,178,180,6,168,33,29,4,33,69
2020-01,Program Litigation,Defendant,160,159,13,172,31,23,5,31,82
2020-02,Program Litigation,Defendant,171,161,13,142,36,31,6,26,43
2020-03,Program Litigation,Defendant,146,126,7,151,45,22,9,31,44
2020-04,Program Litigation,Defendant,127,134,7,135,38,20,8,22,47
2020-05,Program Litigation,Defendant,158,159,3,154,35,27,9,27,56
2020-06,Program Litigation,Defendant,160,150,4,133,38,19,6,17,53
2020-07,Program Litigation,Defendant,163,175,0,138,32,31,4,30,41
2020-08,Program Litigation,Defendant,186,180,7,161,45,21,4,32,59
2020-09,Program Litigation,Defendant,205,193,8,140,29,22,8,31,50
2020-10,Program Litigation,Defendant,202,178,7,190,30,33,8,26,93
2020-11,Program Litigation,Defendant,170,164,3,119,22,27,5,26,39
2020-12,Program Litigation,Defendant,156,134,6,131,30,24,7,33,37
2021-01,Program Litigation,Defendant,131,138,5,123,30,20,5,33,35
2021-02,Program Litigation,Defendant,124,107,5,119,37,15,9,31,27
2021-03,Program Litigation,Defendant,180,168,18,221,52,37,8,59,65
2021-04,Program Litigation,Defendant,150,142,0,160,27,31,3,39,60
2021-05,Program Litigation,Defendant,169,182,4,183,23,36,3,34,87
2021-06,Program Litigation,Defendant,158,153,3,159,34,33,5,48,39
2021-07,Program Litigation,Defendant,166,155,3,152,34,21,2,54,41
2021-08,Program Litigation,Defendant,166,151,16,145,43,24,4,33,41
2021-09,Program Litigation,Defendant,143,157,22,146,42,32,2,35,35
2021-10,Program Litigation,Defendant,152,139,5,102,19,29,1,28,25
2021-11,Program Litigation,Defendant,163,163,20,152,24,24,4,25,75
2021-12,Program Litigation,Defendant,167,154,5,130,28,26,3,39,34
2022-01,Program Litigation,Defendant,185,153,3,118,28,21,2,30,37
2022-02,Program Litigation,Defendant,176,164,13,114,31,19,1,36,27
2022-03,Program Litigation,Defendant,189,178,16,189,56,21,5,38,69
2022-04,Program Litigation,Defendant,160,171,6,150,31,27,4,44,44
2022-05,Program Litigation,Defendant,176,170,11,168,32,31,1,27,77
2022-06,Program Litigation,Defendant,200,181,11,147,26,31,,34,56
2022-07,Program Litigation,Defendant,187,170,1,125,36,15,4,26,44
2022-08,Program Litigation,Defendant,161,163,14,157,34,29,3,37,54
2022-09,Program Litigation,Defendant,160,152,18,153,34,24,8,37,50
2022-10,Program Litigation,Defendant,157,164,5,108,20,18,2,31,37
2022-11,Program Litigation,Defendant,168,156,9,116,27,22,3,30,34
2022-12,Program Litigation,Defendant,138,132,3,128,24,17,7,23,57
2023-01,Program Litigation,Defendant,132,147,3,158,27,23,2,36,70
2023-02,Program Litigation,Defendant,155,151,8,119,27,25,4,26,37
2023-03,Program Litigation,Defendant,208,184,10,142,35,15,5,26,61
2023-04,Program Litigation,Defendant,184,171,4,115,20,20,1,26,48
2023-05,Program Litigation,Defendant,189,195,6,130,30,16,1,39,44
2023-06,Program Litigation,Defendant,190,168,4,161,29,23,2,38,69
2023-07,Program Litigation,Defendant,149,133,5,120,30,17,7,29,37
2023-08,Program Litigation,Defendant,191,192,15,161,35,32,4,36,54
2023-09,Program Litigation,Defendant,176,162,19,157,35,23,3,29,67
2023-10,Program Litigation,Defendant,180,187,3,124,24,19,1,34,46
2023-11,Program Litigation,Defendant,181,179,3,125,24,25,6,31,39
2023-12,Program Litigation,Defendant,172,172,8,181,30,24,1,23,103
2024-01,Program Litigation,Defendant,196,189,2,147,35,23,5,37,47
2024-02,Program Litigation,Defendant,202,221,5,147,36,15,12,39,45
2024-03,Program Litigation,Defendant,224,201,7,177,48,26,6,28,69
2024-04,Program Litigation,Defendant,231,215,6,168,57,27,7,39,38
2024-05,Program Litigation,Defendant,185,182,6,132,36,14,6,42,34
2024-06,Program Litigation,Defendant,175,175,12,126,29,15,6,37,39
2024-07,Program Litigation,Defendant,223,232,5,152,41,16,6,29,60
2024-08,Program Litigation,Defendant,188,189,8,142,38,14,6,37,47
2024-09,Program Litigation,Defendant,197,193,16,167,53,19,7,29,59
2024-10,Program Litigation,Defendant,208,204,3,120,23,18,9,32,38
2024-11,Program Litigation,Defendant,158,166,4,101,30,14,8,21,28
2024-12,Program Litigation,Defendant,170,167,2,120,27,19,9,25,40
2025-01,Program Litigation,Defendant,189,198,1,161,29,27,9,36,60
2025-02,Program Litigation,Defendant,222,202,11,123,33,17,8,32,33
2025-03,Program Litigation,Defendant,254,242,12,225,62,24,11,36,92
2025-04,Program Litigation,Defendant,269,256,10,147,32,22,6,42,45
2025-05,Program Litigation,Defendant,248,248,4,139,33,18,6,35,47
2025-06,Program Litigation,Defendant,230,200,5,145,27,33,8,27,50
2025-07,Program Litigation,Defendant,239,234,2,141,38,16,2,44,41
2025-08,Program Litigation,Defendant,194,191,10,141,38,17,8,29,49
2025-09,Program Litigation,Defendant,213,213,4,178,45,28,6,19,80
2025-10,Program Litigation,Defendant,182,187,1,79,36,1,9,10,23
2025-11,Program Litigation,Defendant,161,147,2,65,25,4,6,11,19
2025-12,Program Litigation,Defendant,199,200,2,94,23,15,7,23,26
2026-01,Program Litigation,Defendant,193,185,5,112,32,15,5,25,35
2026-02,Program Litigation,Defendant,225,235,4,115,28,11,5,34,37
2026-03,Program Litigation,Defendant,269,251,7,146,32,13,3,16,82
2026-04,Program Litigation,Defendant,249,214,6,53,8,4,2,13,26
2026-05,Program Litigation,Defendant,147,92,2,45,11,2,3,9,20
1994-10,Social Security,Defendant,887,944,1,713,120,,23,,570
1994-11,Social Security,Defendant,907,968,1,700,124,,39,,537
1994-12,Social Security,Defendant,859,836,0,740,125,,45,,570
1995-01,Social Security,Defendant,846,798,0,831,134,,37,1,659
1995-02,Social Security,Defendant,736,659,1,724,158,,50,,516
1995-03,Social Security,Defendant,800,839,1,1103,152,,87,1,863
1995-04,Social Security,Defendant,663,674,0,789,132,,64,,593
1995-05,Social Security,Defendant,850,780,1,957,187,,77,1,692
1995-06,Social Security,Defendant,729,704,0,892,199,,59,,634
1995-07,Social Security,Defendant,513,555,2,801,144,,58,,599
1995-08,Social Security,Defendant,717,647,0,1038,208,,72,2,756
1995-09,Social Security,Defendant,605,610,0,969,183,,59,,727
1995-10,Social Security,Defendant,715,725,1,744,119,,65,,560
1995-11,Social Security,Defendant,645,666,2,680,131,,47,1,501
1995-12,Social Security,Defendant,560,594,0,646,118,,43,,485
1996-01,Social Security,Defendant,623,625,6,731,151,,64,,516
1996-02,Social Security,Defendant,642,594,0,702,115,,41,,546
1996-03,Social Security,Defendant,664,648,0,887,157,,61,,669
1996-04,Social Security,Defendant,682,735,0,891,183,,52,,656
1996-05,Social Security,Defendant,842,945,1,779,120,,52,,607
1996-06,Social Security,Defendant,930,860,0,886,141,,68,2,675
1996-07,Social Security,Defendant,980,978,1,786,145,,42,,599
1996-08,Social Security,Defendant,903,864,0,900,129,,50,,721
1996-09,Social Security,Defendant,744,769,2,817,150,,65,1,601
1996-10,Social Security,Defendant,848,902,0,781,150,,64,,567
1996-11,Social Security,Defendant,864,951,0,612,93,,39,,480
1996-12,Social Security,Defendant,1022,1140,1,655,90,,39,,526
1997-01,Social Security,Defendant,1278,1216,0,772,133,,71,,568
1997-02,Social Security,Defendant,993,933,1,690,115,,59,,516
1997-03,Social Security,Defendant,1140,1277,0,874,132,,73,,669
1997-04,Social Security,Defendant,1272,1229,0,810,135,,43,,632
1997-05,Social Security,Defendant,1180,1234,0,845,144,,65,1,635
1997-06,Social Security,Defendant,1132,1209,2,906,138,,56,,712
1997-07,Social Security,Defendant,1209,1143,0,869,141,1,88,,639
1997-08,Social Security,Defendant,1003,1051,1,855,117,,67,2,669
1997-09,Social Security,Defendant,1008,966,1,959,156,1,62,1,739
1997-10,Social Security,Defendant,1074,1066,0,905,139,1,57,,708
1997-11,Social Security,Defendant,852,1020,0,663,94,1,50,2,516
1997-12,Social Security,Defendant,1100,1107,1,842,138,,69,2,633
1998-01,Social Security,Defendant,1115,1062,2,897,126,2,63,1,705
1998-02,Social Security,Defendant,1047,965,2,922,135,,66,2,719
1998-03,Social Security,Defendant,1164,1167,1,1240,183,,99,5,953
1998-04,Social Security,Defendant,1207,1258,1,901,139,,81,5,676
1998-05,Social Security,Defendant,1090,1312,0,931,140,,86,1,704
1998-06,Social Security,Defendant,1456,1333,4,999,163,1,69,3,763
1998-07,Social Security,Defendant,1336,1395,0,1092,144,,106,1,841
1998-08,Social Security,Defendant,1275,1192,1,1000,140,1,125,5,729
1998-09,Social Security,Defendant,1132,1165,1,1320,213,,134,3,970
1998-10,Social Security,Defendant,1200,1234,0,1015,175,,120,3,717
1998-11,Social Security,Defendant,1116,1100,1,954,168,1,88,3,694
1998-12,Social Security,Defendant,1104,1211,0,981,165,,105,2,709
1999-01,Social Security,Defendant,1201,1008,1,1015,173,1,121,2,718
1999-02,Social Security,Defendant,1072,955,1,1072,167,1,119,3,782
1999-03,Social Security,Defendant,1096,1175,0,1650,302,1,145,3,1199
1999-04,Social Security,Defendant,1171,1146,3,1098,170,1,118,6,803
1999-05,Social Security,Defendant,1147,1183,3,1110,186,2,151,9,762
1999-06,Social Security,Defendant,1245,1195,1,1301,250,2,172,7,870
1999-07,Social Security,Defendant,1140,1134,1,1189,227,,147,9,806
1999-08,Social Security,Defendant,1085,1047,2,1291,247,4,186,13,841
1999-09,Social Security,Defendant,957,972,3,1469,444,5,240,26,754
1999-10,Social Security,Defendant,907,881,2,1117,414,4,285,49,365
1999-11,Social Security,Defendant,842,893,2,984,363,14,228,39,340
1999-12,Social Security,Defendant,1068,1099,4,1017,397,38,237,25,320
2000-01,Social Security,Defendant,1099,1097,0,1087,389,51,276,39,332
2000-02,Social Security,Defendant,1020,986,2,1280,496,40,302,43,399
2000-03,Social Security,Defendant,1156,1185,3,1803,850,20,450,43,440
2000-04,Social Security,Defendant,1066,1207,1,912,317,12,228,30,325
2000-05,Social Security,Defendant,1527,1656,1,1029,395,12,249,38,335
2000-06,Social Security,Defendant,1644,1730,3,1056,419,10,247,38,342
2000-07,Social Security,Defendant,1518,1480,4,994,350,3,235,39,367
2000-08,Social Security,Defendant,1704,1675,5,1234,448,25,333,51,377
2000-09,Social Security,Defendant,1407,1457,3,1369,509,12,378,44,426
2000-10,Social Security,Defendant,1609,1593,0,1024,330,8,283,56,347
2000-11,Social Security,Defendant,1500,1524,2,994,311,7,254,59,363
2000-12,Social Security,Defendant,1261,1227,1,916,303,5,257,37,314
2001-01,Social Security,Defendant,1419,1325,1,1087,317,8,270,51,441
2001-02,Social Security,Defendant,1199,1037,2,1103,341,3,378,40,341
2001-03,Social Security,Defendant,1283,1291,4,1603,635,10,403,40,515
2001-04,Social Security,Defendant,1225,1261,4,1130,382,7,320,58,363
2001-05,Social Security,Defendant,1462,1532,1,1140,351,3,336,52,398
2001-06,Social Security,Defendant,1455,1383,2,1115,350,3,309,55,398
2001-07,Social Security,Defendant,1268,1342,0,1188,424,23,324,41,376
2001-08,Social Security,Defendant,1500,1555,1,1238,427,4,349,43,415
2001-09,Social Security,Defendant,1223,1249,1,1572,639,7,409,67,450
2001-10,Social Security,Defendant,1484,1441,1,1301,459,5,357,51,429
2001-11,Social Security,Defendant,1285,1491,2,1093,387,3,292,44,367
2001-12,Social Security,Defendant,1274,1187,0,978,330,2,266,42,338
2002-01,Social Security,Defendant,1341,1220,3,1327,490,3,349,61,424
2002-02,Social Security,Defendant,1158,1057,0,1179,490,2,324,47,316
2002-03,Social Security,Defendant,1330,1452,1,1791,803,5,505,70,408
2002-04,Social Security,Defendant,1627,1682,4,1113,369,4,282,57,401
2002-05,Social Security,Defendant,1608,1666,4,1047,380,1,246,66,354
2002-06,Social Security,Defendant,1586,1545,1,1147,423,3,282,68,371
2002-07,Social Security,Defendant,1690,1618,2,1434,559,8,345,69,453
2002-08,Social Security,Defendant,1531,1532,2,1426,559,4,400,66,397
2002-09,Social Security,Defendant,1353,1362,1,1579,689,3,441,71,375
2002-10,Social Security,Defendant,1512,1518,3,1295,489,5,320,64,417
2002-11,Social Security,Defendant,1400,1311,1,997,326,10,290,50,321
2002-12,Social Security,Defendant,1239,1281,3,1045,378,18,291,60,298
2003-01,Social Security,Defendant,1355,1270,0,1202,441,14,302,66,379
2003-02,Social Security,Defendant,1125,1246,0,1298,483,9,303,67,436
2003-03,Social Security,Defendant,1387,1225,0,1781,813,9,471,67,421
2003-04,Social Security,Defendant,1333,1385,0,1305,434,9,325,84,453
2003-05,Social Security,Defendant,1375,1432,2,1379,324,7,276,91,681
2003-06,Social Security,Defendant,1380,1356,1,1429,410,11,270,91,647
2003-07,Social Security,Defendant,1375,1444,1,1579,505,2,332,80,660
2003-08,Social Security,Defendant,1372,1295,0,1347,459,7,344,56,481
2003-09,Social Security,Defendant,1270,1343,0,1659,662,,452,74,471
2003-10,Social Security,Defendant,1444,1356,1,1349,448,3,323,88,487
2003-11,Social Security,Defendant,1038,1151,2,1108,399,5,274,56,374
2003-12,Social Security,Defendant,1266,1150,1,1171,416,5,292,76,382
2004-01,Social Security,Defendant,1076,1010,0,1437,568,4,390,58,417
2004-02,Social Security,Defendant,1012,882,0,1456,576,8,405,66,401
2004-03,Social Security,Defendant,1190,1157,1,2290,1016,10,615,109,540
2004-04,Social Security,Defendant,1192,1193,1,1446,453,6,361,61,565
2004-05,Social Security,Defendant,1197,1298,1,1186,434,15,323,55,359
2004-06,Social Security,Defendant,1308,1403,0,1224,450,2,343,56,373
2004-07,Social Security,Defendant,1357,1361,0,1266,539,2,344,62,319
2004-08,Social Security,Defendant,1365,1396,1,1465,585,6,387,73,414
2004-09,Social Security,Defendant,1310,1356,3,1805,827,2,535,59,382
2004-10,Social Security,Defendant,1451,1452,3,1317,495,,468,56,298
2004-11,Social Security,Defendant,1362,1462,1,1780,855,4,590,60,271
2004-12,Social Security,Defendant,1270,1186,0,1617,781,2,498,54,282
2005-01,Social Security,Defendant,1257,1126,0,1771,788,3,508,74,398
2005-02,Social Security,Defendant,984,888,1,1176,476,5,355,66,274
2005-03,Social Security,Defendant,1100,1115,1,2018,894,10,628,81,405
2005-04,Social Security,Defendant,1156,1128,2,1442,501,39,481,66,355
2005-05,Social Security,Defendant,1147,1268,0,1138,436,13,374,67,248
2005-06,Social Security,Defendant,1290,1342,1,1436,540,24,427,61,384
2005-07,Social Security,Defendant,1154,1187,4,1416,588,23,486,55,264
2005-08,Social Security,Defendant,1292,1264,3,1405,629,6,419,66,285
2005-09,Social Security,Defendant,1165,1181,0,1641,719,13,538,54,317
2005-10,Social Security,Defendant,1228,1203,2,908,354,6,278,26,244
2005-11,Social Security,Defendant,1128,1114,1,973,414,5,303,47,204
2005-12,Social Security,Defendant,996,904,0,897,335,8,305,62,187
2006-01,Social Security,Defendant,1027,995,1,1183,481,11,376,63,252
2006-02,Social Security,Defendant,951,828,2,1058,475,4,334,42,203
2006-03,Social Security,Defendant,1087,1120,1,1981,994,11,670,52,254
2006-04,Social Security,Defendant,1052,1092,2,1030,346,8,368,33,275
2006-05,Social Security,Defendant,1126,1137,3,1052,391,13,386,57,205
2006-06,Social Security,Defendant,1201,1225,1,1178,465,8,350,59,296
2006-07,Social Security,Defendant,1043,1022,0,992,410,11,320,49,202
2006-08,Social Security,Defendant,1299,1286,3,1294,567,8,457,35,227
2006-09,Social Security,Defendant,1084,1112,2,1505,673,16,533,55,228
2006-10,Social Security,Defendant,1213,1193,0,988,348,12,333,51,244
2006-11,Social Security,Defendant,1048,1104,1,921,346,6,311,43,215
2006-12,Social Security,Defendant,940,854,0,854,312,12,285,60,185
2007-01,Social Security,Defendant,923,868,1,1076,464,9,353,50,200
2007-02,Social Security,Defendant,881,764,1,985,353,12,353,28,239
2007-03,Social Security,Defendant,891,949,0,1679,725,48,576,45,285
2007-04,Social Security,Defendant,881,880,0,853,324,18,298,38,175
2007-05,Social Security,Defendant,1043,1084,2,958,348,13,355,50,192
2007-06,Social Security,Defendant,1078,1192,1,927,359,21,304,52,191
2007-07,Social Security,Defendant,1107,1135,2,995,382,32,297,44,240
2007-08,Social Security,Defendant,1182,1209,1,1174,450,9,384,50,281
2007-09,Social Security,Defendant,987,1090,3,1515,668,22,581,53,191
2007-10,Social Security,Defendant,1197,1287,1,940,363,17,312,41,207
2007-11,Social Security,Defendant,1113,1113,0,849,336,19,264,40,190
2007-12,Social Security,Defendant,969,917,0,835,314,11,258,33,219
2008-01,Social Security,Defendant,1105,1035,2,1028,382,14,344,62,226
2008-02,Social Security,Defendant,938,849,1,1013,414,6,347,50,196
2008-03,Social Security,Defendant,995,1001,1,1516,692,13,487,45,279
2008-04,Social Security,Defendant,1041,1081,3,917,321,20,318,44,214
2008-05,Social Security,Defendant,1008,960,0,946,336,17,327,42,224
2008-06,Social Security,Defendant,1076,1031,0,974,380,15,287,51,241
2008-07,Social Security,Defendant,1092,1093,0,1028,409,12,348,56,203
2008-08,Social Security,Defendant,1040,1064,1,1064,497,9,336,28,194
2008-09,Social Security,Defendant,1058,1072,1,1475,689,5,441,50,290
2008-10,Social Security,Defendant,1193,1190,0,968,371,11,274,50,262
2008-11,Social Security,Defendant,1035,1063,1,687,286,20,193,36,152
2008-12,Social Security,Defendant,976,996,1,771,301,14,249,32,175
2009-01,Social Security,Defendant,1002,843,0,862,351,24,246,37,204
2009-02,Social Security,Defendant,857,806,1,1048,448,15,323,32,230
2009-03,Social Security,Defendant,1041,981,2,1699,819,12,551,44,273
2009-04,Social Security,Defendant,998,1079,0,883,341,21,265,40,216
2009-05,Social Security,Defendant,977,1094,3,791,284,14,220,29,244
2009-06,Social Security,Defendant,1221,1265,0,921,368,7,293,42,211
2009-07,Social Security,Defendant,1161,1263,1,1054,423,20,350,51,210
2009-08,Social Security,Defendant,1205,1213,1,1071,439,12,324,32,264
2009-09,Social Security,Defendant,1200,1108,1,1440,649,12,460,32,287
2009-10,Social Security,Defendant,1192,1184,0,830,300,12,280,49,189
2009-11,Social Security,Defendant,979,1068,1,743,275,7,215,38,208
2009-12,Social Security,Defendant,1130,1034,0,1094,322,7,280,72,413
2010-01,Social Security,Defendant,1005,945,0,1024,381,11,272,54,306
2010-02,Social Security,Defendant,913,872,0,1125,433,5,306,71,310
2010-03,Social Security,Defendant,1127,1125,1,2249,943,16,603,117,570
2010-04,Social Security,Defendant,989,1033,1,1071,366,30,255,92,328
2010-05,Social Security,Defendant,1037,1071,1,852,310,10,263,52,217
2010-06,Social Security,Defendant,1132,1200,1,1105,429,15,327,66,268
2010-07,Social Security,Defendant,1198,1225,0,991,434,12,282,59,204
2010-08,Social Security,Defendant,1297,1259,1,1292,534,9,411,49,289
2010-09,Social Security,Defendant,1198,1372,0,1466,702,5,486,48,225
2010-10,Social Security,Defendant,1323,1381,0,796,304,24,270,41,157
2010-11,Social Security,Defendant,1323,1317,0,878,379,10,290,50,149
2010-12,Social Security,Defendant,1281,1241,0,965,360,9,271,39,286
2011-01,Social Security,Defendant,1203,1073,0,1024,437,8,349,47,183
2011-02,Social Security,Defendant,1029,973,0,975,452,6,305,46,166
2011-03,Social Security,Defendant,1329,1361,1,1881,863,20,597,72,329
2011-04,Social Security,Defendant,1241,1277,0,873,351,9,273,58,182
2011-05,Social Security,Defendant,1336,1262,0,880,354,14,257,63,192
2011-06,Social Security,Defendant,1199,1191,0,1040,442,9,341,60,188
2011-07,Social Security,Defendant,1110,1216,0,1056,488,7,316,40,205
2011-08,Social Security,Defendant,1424,1413,1,1405,703,9,407,67,219
2011-09,Social Security,Defendant,1221,1274,0,1589,816,7,543,61,162
2011-10,Social Security,Defendant,1271,1340,2,907,379,9,297,45,177
2011-11,Social Security,Defendant,1350,1344,0,930,390,14,315,51,160
2011-12,Social Security,Defendant,1210,1251,0,909,388,9,291,46,175
2012-01,Social Security,Defendant,1351,1212,0,1107,515,8,324,67,193
2012-02,Social Security,Defendant,1178,1135,0,1296,599,6,359,57,275
2012-03,Social Security,Defendant,1337,1455,1,1997,911,27,645,45,369
2012-04,Social Security,Defendant,1414,1413,0,1220,444,14,373,74,315
2012-05,Social Security,Defendant,1414,1517,0,1113,454,9,334,63,253
2012-06,Social Security,Defendant,1500,1552,1,1075,479,13,332,54,197
2012-07,Social Security,Defendant,1598,1542,1,1266,555,13,376,56,266
2012-08,Social Security,Defendant,1548,1482,0,1451,676,12,470,66,227
2012-09,Social Security,Defendant,1243,1359,2,1671,821,21,585,60,184
2012-10,Social Security,Defendant,1697,1682,0,1195,470,21,340,69,295
2012-11,Social Security,Defendant,1487,1551,0,942,421,17,275,62,167
2012-12,Social Security,Defendant,1196,1180,0,969,362,12,270,56,269
2013-01,Social Security,Defendant,1505,1373,1,1303,632,17,398,69,187
2013-02,Social Security,Defendant,1276,1240,1,1285,618,13,417,55,182
2013-03,Social Security,Defendant,1448,1535,1,2014,1021,17,701,66,209
2013-04,Social Security,Defendant,1596,1662,1,1243,517,9,417,84,216
2013-05,Social Security,Defendant,1600,1622,0,1247,486,5,324,68,364
2013-06,Social Security,Defendant,1549,1603,0,1040,479,6,341,56,158
2013-07,Social Security,Defendant,1721,1700,0,1302,598,3,413,65,223
2013-08,Social Security,Defendant,1792,1861,0,1524,760,4,504,54,202
2013-09,Social Security,Defendant,1660,1664,1,2024,1063,2,696,63,200
2013-10,Social Security,Defendant,1817,1818,0,862,411,,266,66,119
2013-11,Social Security,Defendant,1442,1342,0,999,491,,296,50,162
2013-12,Social Security,Defendant,1254,1217,0,1090,467,2,344,60,217
2014-01,Social Security,Defendant,1479,1451,1,1245,600,3,405,58,179
2014-02,Social Security,Defendant,1256,1171,0,1464,760,2,452,59,191
2014-03,Social Security,Defendant,1364,1425,3,2314,1173,5,825,81,230
2014-04,Social Security,Defendant,1562,1578,0,1245,551,23,378,92,201
2014-05,Social Security,Defendant,1470,1602,0,1324,507,17,383,94,323
2014-06,Social Security,Defendant,1633,1622,0,1521,632,4,425,80,380
2014-07,Social Security,Defendant,1621,1614,5,1466,735,6,447,69,209
2014-08,Social Security,Defendant,1534,1600,1,1598,847,1,470,49,231
2014-09,Social Security,Defendant,1630,1628,1,2406,1200,,779,71,356
2014-10,Social Security,Defendant,1743,1706,1,1443,634,4,469,87,249
2014-11,Social Security,Defendant,1396,1480,2,1018,418,4,357,61,178
2014-12,Social Security,Defendant,1478,1345,1,1127,478,2,341,75,231
2015-01,Social Security,Defendant,1470,1316,1,1479,650,9,466,81,273
2015-02,Social Security,Defendant,1267,1225,0,1506,712,7,493,65,229
2015-03,Social Security,Defendant,1415,1400,1,2657,1314,3,936,66,338
2015-04,Social Security,Defendant,1434,1472,2,1417,529,5,461,70,352
2015-05,Social Security,Defendant,1347,1538,1,1270,484,8,416,80,282
2015-06,Social Security,Defendant,1677,1611,0,1401,622,8,432,70,269
2015-07,Social Security,Defendant,1557,1475,1,1428,620,9,439,64,296
2015-08,Social Security,Defendant,1390,1353,2,1602,783,6,471,55,287
2015-09,Social Security,Defendant,1339,1447,2,2413,1200,7,782,81,343
2015-10,Social Security,Defendant,1531,1426,2,1163,471,3,380,69,240
2015-11,Social Security,Defendant,1260,1301,1,1129,422,6,348,55,298
2015-12,Social Security,Defendant,1345,1261,0,1292,446,5,389,51,401
2016-01,Social Security,Defendant,1305,1230,0,1301,552,8,429,67,245
2016-02,Social Security,Defendant,1349,1248,2,1581,658,10,518,54,341
2016-03,Social Security,Defendant,1393,1407,0,2585,1207,5,872,56,445
2016-04,Social Security,Defendant,1436,1494,3,993,372,4,386,31,200
2016-05,Social Security,Defendant,1559,1735,0,1042,392,5,321,50,274
2016-06,Social Security,Defendant,1799,1777,0,1253,518,17,417,53,248
2016-07,Social Security,Defendant,1555,1560,0,1161,489,5,407,37,223
2016-08,Social Security,Defendant,1745,1602,0,1812,751,17,657,71,316
2016-09,Social Security,Defendant,1435,1527,3,2328,1039,3,852,48,386
2016-10,Social Security,Defendant,1534,1559,0,1109,391,4,395,57,262
2016-11,Social Security,Defendant,1459,1544,0,1066,376,12,342,52,284
2016-12,Social Security,Defendant,1574,1457,0,1084,397,18,375,42,252
2017-01,Social Security,Defendant,1467,1330,0,1638,619,8,588,46,377
2017-02,Social Security,Defendant,1311,1293,0,1437,627,6,449,59,296
2017-03,Social Security,Defendant,1421,1453,3,2565,1134,4,975,72,380
2017-04,Social Security,Defendant,1361,1371,0,1147,444,4,411,67,221
2017-05,Social Security,Defendant,1472,1607,1,1185,474,8,400,50,253
2017-06,Social Security,Defendant,1627,1617,0,1373,593,14,484,67,215
2017-07,Social Security,Defendant,1509,1554,2,1230,547,12,449,41,181
2017-08,Social Security,Defendant,1688,1733,15,1779,758,19,647,94,261
2017-09,Social Security,Defendant,1523,1497,0,2453,1186,6,801,59,401
2017-10,Social Security,Defendant,1509,1538,1,1011,390,13,382,65,161
2017-11,Social Security,Defendant,1530,1542,2,1070,403,3,391,61,212
2017-12,Social Security,Defendant,1391,1324,2,1112,351,37,374,51,299
2018-01,Social Security,Defendant,1639,1602,0,1311,501,2,458,58,292
2018-02,Social Security,Defendant,1407,1339,0,1535,685,1,536,92,221
2018-03,Social Security,Defendant,1463,1389,0,2598,1303,2,876,71,346
2018-04,Social Security,Defendant,1446,1405,0,998,352,3,369,58,216
2018-05,Social Security,Defendant,1451,1473,1,1271,428,17,486,65,275
2018-06,Social Security,Defendant,1483,1519,0,1133,456,4,388,50,235
2018-07,Social Security,Defendant,1508,1465,0,1408,541,7,562,62,236
2018-08,Social Security,Defendant,1553,1490,1,1694,716,15,596,72,295
2018-09,Social Security,Defendant,1280,1205,2,2424,1098,2,763,46,515
2018-10,Social Security,Defendant,1515,1439,1,1230,439,38,498,43,212
2018-11,Social Security,Defendant,1310,1401,0,996,391,2,382,53,168
2018-12,Social Security,Defendant,1261,1292,0,979,330,11,372,34,232
2019-01,Social Security,Defendant,1264,1303,1,1218,479,9,431,45,254
2019-02,Social Security,Defendant,1410,1179,0,1459,645,2,549,52,211
2019-03,Social Security,Defendant,1446,1269,0,2530,1203,,953,85,289
2019-04,Social Security,Defendant,1425,1475,0,1224,438,,527,54,205
2019-05,Social Security,Defendant,1479,1608,0,1416,437,15,524,51,389
2019-06,Social Security,Defendant,1457,1506,0,1537,588,1,591,55,302
2019-07,Social Security,Defendant,1587,1498,1,1389,524,12,599,61,193
2019-08,Social Security,Defendant,1468,1548,0,1801,738,10,668,54,331
2019-09,Social Security,Defendant,1496,1387,0,2245,1027,6,811,37,364
2019-10,Social Security,Defendant,1423,1428,0,972,298,4,403,42,225
2019-11,Social Security,Defendant,1272,1349,0,877,273,7,349,42,206
2019-12,Social Security,Defendant,1210,1162,0,1023,341,5,411,51,215
2020-01,Social Security,Defendant,1351,1283,0,1390,493,25,573,48,251
2020-02,Social Security,Defendant,1230,1129,1,1481,524,3,600,41,313
2020-03,Social Security,Defendant,1263,1417,0,2290,943,2,860,46,439
2020-04,Social Security,Defendant,1256,1425,0,1162,397,2,528,31,204
2020-05,Social Security,Defendant,1351,1569,0,1131,424,6,488,32,181
2020-06,Social Security,Defendant,1819,2038,0,1262,436,4,568,45,209
2020-07,Social Security,Defendant,2151,2268,0,1188,388,5,505,28,262
2020-08,Social Security,Defendant,2223,2284,1,1270,547,1,505,37,180
2020-09,Social Security,Defendant,2395,2407,2,1598,744,2,641,29,182
2020-10,Social Security,Defendant,2479,2350,1,1196,380,12,378,32,394
2020-11,Social Security,Defendant,1963,1968,0,929,383,3,352,33,158
2020-12,Social Security,Defendant,2177,2132,0,775,264,1,322,22,166
2021-01,Social Security,Defendant,2046,1819,2,885,320,3,370,43,149
2021-02,Social Security,Defendant,1794,1507,0,1113,378,5,446,33,251
2021-03,Social Security,Defendant,1838,1751,0,2100,916,15,840,47,282
2021-04,Social Security,Defendant,1611,1532,0,1123,291,2,437,40,353
2021-05,Social Security,Defendant,1346,1222,0,1205,290,2,460,42,411
2021-06,Social Security,Defendant,1265,1146,1,1198,327,3,439,48,381
2021-07,Social Security,Defendant,1174,1066,0,1371,396,1,554,59,361
2021-08,Social Security,Defendant,1055,1057,1,1661,494,4,648,61,454
2021-09,Social Security,Defendant,1059,998,1,2219,820,5,837,44,513
2021-10,Social Security,Defendant,1064,1045,0,1333,329,4,543,42,415
2021-11,Social Security,Defendant,978,998,0,1437,383,3,515,39,497
2021-12,Social Security,Defendant,976,1103,0,1385,383,2,519,38,443
2022-01,Social Security,Defendant,1038,981,1,1603,498,3,557,50,495
2022-02,Social Security,Defendant,974,826,0,1626,546,4,630,39,407
2022-03,Social Security,Defendant,1048,1108,1,2783,1244,3,935,39,562
2022-04,Social Security,Defendant,1043,1041,1,1096,320,5,436,27,308
2022-05,Social Security,Defendant,1083,1132,0,1278,361,6,467,24,420
2022-06,Social Security,Defendant,1209,1140,0,1381,394,9,476,23,479
2022-07,Social Security,Defendant,892,868,0,1285,468,,497,22,298
2022-08,Social Security,Defendant,1113,1080,0,1839,758,5,596,29,451
2022-09,Social Security,Defendant,1008,1092,1,2733,1153,6,846,35,693
2022-10,Social Security,Defendant,1238,1312,1,942,276,2,350,27,287
2022-11,Social Security,Defendant,1174,1204,0,924,253,2,323,19,327
2022-12,Social Security,Defendant,1473,1316,0,891,238,2,332,25,294
2023-01,Social Security,Defendant,1340,1191,0,1380,373,3,498,39,467
2023-02,Social Security,Defendant,1064,1001,0,1239,419,2,495,30,293
2023-03,Social Security,Defendant,1247,1195,0,2054,746,4,801,34,469
2023-04,Social Security,Defendant,984,982,0,1098,276,1,333,32,456
2023-05,Social Security,Defendant,1132,1163,0,1159,338,1,463,26,331
2023-06,Social Security,Defendant,1244,1211,0,1187,333,4,372,35,443
2023-07,Social Security,Defendant,1006,938,0,1050,339,2,365,34,310
2023-08,Social Security,Defendant,1087,1117,1,1632,619,,528,33,452
2023-09,Social Security,Defendant,1013,1008,0,1969,735,2,584,26,622
2023-10,Social Security,Defendant,1085,1086,0,983,255,3,334,30,361
2023-11,Social Security,Defendant,962,1031,1,997,270,4,232,25,466
2023-12,Social Security,Defendant,927,961,0,929,251,1,331,17,329
2024-01,Social Security,Defendant,1077,1034,1,1178,363,5,351,16,443
2024-02,Social Security,Defendant,911,864,0,1380,449,3,536,25,367
2024-03,Social Security,Defendant,917,975,0,1788,762,1,599,23,403
2024-04,Social Security,Defendant,1112,1012,1,932,228,1,333,15,355
2024-05,Social Security,Defendant,1042,1024,0,1016,219,,293,11,493
2024-06,Social Security,Defendant,937,932,0,829,241,,277,6,305
2024-07,Social Security,Defendant,1027,1035,0,1037,328,3,338,21,347
2024-08,Social Security,Defendant,980,1005,2,1262,393,,453,33,383
2024-09,Social Security,Defendant,972,969,0,1434,496,,478,12,448
2024-10,Social Security,Defendant,1116,1154,1,905,216,3,386,13,287
2024-11,Social Security,Defendant,1006,1068,1,732,164,4,266,13,285
2024-12,Social Security,Defendant,1047,1061,0,706,192,2,255,9,248
2025-01,Social Security,Defendant,1093,1109,0,790,234,,284,17,255
2025-02,Social Security,Defendant,863,864,2,862,274,7,272,11,298
2025-03,Social Security,Defendant,982,999,0,1375,556,4,437,18,360
2025-04,Social Security,Defendant,1145,1166,0,792,162,6,308,15,301
2025-05,Social Security,Defendant,1018,1085,0,858,183,,269,18,388
2025-06,Social Security,Defendant,1110,1213,0,700,150,3,219,29,299
2025-07,Social Security,Defendant,1387,1309,1,889,174,2,225,15,473
2025-08,Social Security,Defendant,1175,1228,1,718,210,2,233,23,250
2025-09,Social Security,Defendant,1624,1520,2,1155,389,1,327,26,412
2025-10,Social Security,Defendant,1456,1599,0,334,114,,124,6,90
2025-11,Social Security,Defendant,1353,1386,0,396,103,1,130,6,156
2025-12,Social Security,Defendant,1532,1461,1,576,170,,187,14,205
2026-01,Social Security,Defendant,1318,1222,0,564,169,,202,15,178
2026-02,Social Security,Defendant,1218,1175,0,667,220,,227,15,205
2026-03,Social Security,Defendant,1469,1453,0,1440,471,1,535,11,422
2026-04,Social Security,Defendant,1072,1002,0,577,133,,204,8,232
2026-05,Social Security,Defendant,868,773,0,343,94,,116,7,126
1998-11,Terrorism,Defendant,0,1,0,0,,,,,
1999-09,Terrorism,Defendant,1,0,0,0,,,,,
2002-03,Terrorism,Defendant,1,0,0,0,,,,,
2002-04,Terrorism,Defendant,3,3,0,0,,,,,
2002-05,Terrorism,Defendant,2,2,0,0,,,,,
2002-06,Terrorism,Defendant,3,3,0,0,,,,,
2002-07,Terrorism,Defendant,0,0,0,2,2,,,,
2002-08,Terrorism,Defendant,2,2,0,0,,,,,
2002-11,Terrorism,Defendant,1,1,0,0,,,,,
2003-08,Terrorism,Defendant,0,1,0,2,2,,,,
2003-09,Terrorism,Defendant,1,0,0,0,,,,,
2003-10,Terrorism,Defendant,0,0,0,2,1,,,1,
2004-01,Terrorism,Defendant,0,1,0,0,,,,,
2004-03,Terrorism,Defendant,1,1,0,0,,,,,
2004-04,Terrorism,Defendant,3,3,0,0,,,,,
2004-05,Terrorism,Defendant,1,1,0,0,,,,,
2004-08,Terrorism,Defendant,0,0,0,1,,,,,1
2004-09,Terrorism,Defendant,1,1,0,0,,,,,
2004-10,Terrorism,Defendant,0,0,0,1,,1,,,
2004-12,Terrorism,Defendant,0,0,0,1,,,,,1
2005-01,Terrorism,Defendant,0,0,0,1,1,,,,
2005-08,Terrorism,Defendant,1,1,0,1,1,,,,
2005-09,Terrorism,Defendant,0,0,0,1,,,1,,
2006-09,Terrorism,Defendant,0,0,0,1,,,,1,
2007-02,Terrorism,Defendant,1,1,0,0,,,,,
2007-03,Terrorism,Defendant,0,0,1,0,,,,,
2007-05,Terrorism,Defendant,0,1,0,0,,,,,
2007-06,Terrorism,Defendant,0,1,0,0,,,,,
2007-07,Terrorism,Defendant,0,0,0,1,,,,1,
2007-08,Terrorism,Defendant,2,2,0,0,,,,,
2008-12,Terrorism,Defendant,0,1,0,0,,,,,
2009-02,Terrorism,Defendant,1,1,0,0,,,,,
2009-06,Terrorism,Defendant,0,0,0,2,,,,,2
2009-08,Terrorism,Defendant,1,0,0,0,,,,,
2009-11,Terrorism,Defendant,0,0,0,2,1,,,1,
2010-01,Terrorism,Defendant,0,0,0,1,,,,,1
2010-05,Terrorism,Defendant,1,0,0,0,,,,,
2011-01,Terrorism,Defendant,1,0,0,0,,,,,
2011-05,Terrorism,Defendant,0,0,0,2,2,,,,
2011-06,Terrorism,Defendant,0,0,0,2,1,,,,1
2011-08,Terrorism,Defendant,0,0,0,1,1,,,,
2012-11,Terrorism,Defendant,0,1,0,0,,,,,
2012-12,Terrorism,Defendant,2,0,0,0,,,,,
2013-04,Terrorism,Defendant,0,0,0,1,1,,,,
2014-02,Terrorism,Defendant,0,0,0,1,1,,,,
2014-09,Terrorism,Defendant,0,0,1,1,,,,,1
2015-03,Terrorism,Defendant,0,0,0,1,1,,,,
2015-08,Terrorism,Defendant,2,2,0,0,,,,,
2015-12,Terrorism,Defendant,1,0,0,0,,,,,
2016-04,Terrorism,Defendant,0,0,0,2,,,,,2
2020-04,Terrorism,Defendant,0,1,0,0,,,,,
2020-10,Terrorism,Defendant,1,0,0,0,,,,,
2021-12,Terrorism,Defendant,1,1,0,0,,,,,
2022-07,Terrorism,Defendant,0,1,0,0,,,,,
2022-08,Terrorism,Defendant,1,0,0,0,,,,,
2023-07,Terrorism,Defendant,0,0,0,1,1,,,,
2023-09,Terrorism,Defendant,0,1,0,0,,,,,
2023-10,Terrorism,Defendant,2,0,0,0,,,,,
2023-12,Terrorism,Defendant,0,0,0,1,,,1,,
2024-04,Terrorism,Defendant,0,0,0,1,,,,,1
2025-04,Terrorism,Defendant,0,0,1,0,,,,,
1994-10,Torts,Defendant,382,340,7,296,32,,7,1,256
1994-11,Torts,Defendant,366,368,9,295,14,,9,1,271
1994-12,Torts,Defendant,342,350,7,298,26,,6,,266
1995-01,Torts,Defendant,376,360,13,307,26,1,6,,274
1995-02,Torts,Defendant,338,349,10,335,23,,6,1,305
1995-03,Torts,Defendant,426,413,10,441,32,,11,1,397
1995-04,Torts,Defendant,352,353,12,313,23,,9,,281
1995-05,Torts,Defendant,437,395,9,358,26,,11,1,320
1995-06,Torts,Defendant,366,400,6,348,24,,11,1,312
1995-07,Torts,Defendant,351,325,13,319,32,,8,1,278
1995-08,Torts,Defendant,396,355,9,379,38,1,12,1,327
1995-09,Torts,Defendant,404,401,12,392,34,,13,2,343
1995-10,Torts,Defendant,371,354,10,317,23,,6,,288
1995-11,Torts,Defendant,399,387,14,324,27,1,2,1,293
1995-12,Torts,Defendant,330,347,4,312,29,,8,,275
1996-01,Torts,Defendant,393,397,10,389,26,,4,,359
1996-02,Torts,Defendant,385,350,16,394,27,2,10,,355
1996-03,Torts,Defendant,347,347,10,435,33,1,10,,391
1996-04,Torts,Defendant,388,359,11,374,37,1,8,2,326
1996-05,Torts,Defendant,413,401,10,420,29,1,23,,367
1996-06,Torts,Defendant,360,337,13,435,33,,9,,393
1996-07,Torts,Defendant,375,347,6,364,35,,5,1,323
1996-08,Torts,Defendant,366,348,5,379,29,1,8,,341
1996-09,Torts,Defendant,327,330,7,407,29,3,16,,359
1996-10,Torts,Defendant,351,338,8,368,29,2,6,1,330
1996-11,Torts,Defendant,313,318,6,294,24,1,8,1,260
1996-12,Torts,Defendant,320,321,11,295,23,1,4,3,264
1997-01,Torts,Defendant,361,370,10,369,27,,20,2,320
1997-02,Torts,Defendant,356,322,7,343,25,3,13,2,300
1997-03,Torts,Defendant,348,345,6,388,34,2,6,1,345
1997-04,Torts,Defendant,382,356,6,401,27,2,3,,369
1997-05,Torts,Defendant,326,316,17,368,18,2,14,2,332
1997-06,Torts,Defendant,318,313,11,512,23,4,12,,473
1997-07,Torts,Defendant,343,348,12,365,19,2,12,,332
1997-08,Torts,Defendant,353,342,7,365,30,2,15,,318
1997-09,Torts,Defendant,351,351,14,450,25,1,13,,411
1997-10,Torts,Defendant,379,377,2,364,23,,7,2,332
1997-11,Torts,Defendant,245,251,5,305,19,2,5,1,278
1997-12,Torts,Defendant,321,345,2,344,28,3,6,1,306
1998-01,Torts,Defendant,339,298,14,349,29,3,11,1,305
1998-02,Torts,Defendant,312,305,10,326,20,6,7,2,291
1998-03,Torts,Defendant,366,320,5,380,25,4,4,3,344
1998-04,Torts,Defendant,369,352,11,335,27,3,11,7,287
1998-05,Torts,Defendant,326,299,4,322,20,3,15,2,282
1998-06,Torts,Defendant,323,337,9,296,23,2,4,,267
1998-07,Torts,Defendant,375,345,5,319,19,3,5,2,290
1998-08,Torts,Defendant,299,300,11,355,34,7,8,2,304
1998-09,Torts,Defendant,283,285,20,351,18,8,16,4,305
1998-10,Torts,Defendant,337,321,14,324,23,12,10,6,273
1998-11,Torts,Defendant,297,272,6,281,22,3,10,4,242
1998-12,Torts,Defendant,283,289,3,293,19,9,8,4,253
1999-01,Torts,Defendant,286,282,11,270,29,3,10,4,224
1999-02,Torts,Defendant,318,285,7,302,34,7,4,3,254
1999-03,Torts,Defendant,329,322,17,358,36,13,10,4,295
1999-04,Torts,Defendant,315,330,13,306,26,9,6,6,259
1999-05,Torts,Defendant,318,327,10,276,28,16,5,2,225
1999-06,Torts,Defendant,321,313,9,302,34,25,10,12,221
1999-07,Torts,Defendant,333,287,14,359,47,38,18,9,247
1999-08,Torts,Defendant,339,327,6,345,56,52,18,18,201
1999-09,Torts,Defendant,309,287,20,316,65,57,14,21,159
1999-10,Torts,Defendant,317,292,7,307,69,98,18,41,81
1999-11,Torts,Defendant,326,307,11,257,70,84,13,36,54
1999-12,Torts,Defendant,302,296,5,288,80,120,14,26,48
2000-01,Torts,Defendant,288,278,7,288,87,102,12,37,50
2000-02,Torts,Defendant,264,257,28,312,93,117,9,36,57
2000-03,Torts,Defendant,334,308,21,403,114,145,18,38,88
2000-04,Torts,Defendant,259,249,8,279,74,99,9,36,61
2000-05,Torts,Defendant,292,273,10,312,86,115,11,40,60
2000-06,Torts,Defendant,339,319,6,348,92,142,6,41,67
2000-07,Torts,Defendant,254,279,19,276,70,103,11,36,56
2000-08,Torts,Defendant,319,278,12,306,82,112,13,32,67
2000-09,Torts,Defendant,275,265,9,324,108,104,16,40,56
2000-10,Torts,Defendant,304,293,14,271,76,89,12,32,62
2000-11,Torts,Defendant,253,262,12,248,75,92,7,19,55
2000-12,Torts,Defendant,241,275,5,262,75,83,11,37,56
2001-01,Torts,Defendant,321,283,6,313,89,113,12,35,64
2001-02,Torts,Defendant,293,324,4,276,79,99,15,37,46
2001-03,Torts,Defendant,343,331,19,341,105,94,11,47,84
2001-04,Torts,Defendant,314,306,23,250,61,92,6,37,54
2001-05,Torts,Defendant,315,270,5,310,70,110,8,45,77
2001-06,Torts,Defendant,280,282,3,272,74,87,12,39,60
2001-07,Torts,Defendant,284,272,13,268,89,84,6,37,52
2001-08,Torts,Defendant,313,324,6,321,103,104,7,29,78
2001-09,Torts,Defendant,240,225,12,276,96,88,6,29,57
2001-10,Torts,Defendant,285,281,13,313,67,113,8,43,82
2001-11,Torts,Defendant,267,283,5,256,64,106,9,32,45
2001-12,Torts,Defendant,267,232,7,257,72,90,10,27,58
2002-01,Torts,Defendant,298,275,8,307,87,121,11,36,52
2002-02,Torts,Defendant,254,277,5,274,78,102,6,26,62
2002-03,Torts,Defendant,267,273,13,321,94,111,10,35,71
2002-04,Torts,Defendant,276,268,10,282,78,85,11,29,79
2002-05,Torts,Defendant,314,317,10,300,67,110,20,35,68
2002-06,Torts,Defendant,290,273,15,268,78,91,14,36,49
2002-07,Torts,Defendant,307,282,9,282,76,104,9,38,55
2002-08,Torts,Defendant,285,295,7,291,91,101,7,35,57
2002-09,Torts,Defendant,266,267,11,272,83,83,11,38,57
2002-10,Torts,Defendant,302,293,17,308,98,101,13,36,60
2002-11,Torts,Defendant,248,255,12,248,64,82,16,39,47
2002-12,Torts,Defendant,247,295,4,265,82,87,12,33,51
2003-01,Torts,Defendant,347,293,7,298,81,98,12,43,64
2003-02,Torts,Defendant,242,249,7,271,82,98,8,37,46
2003-03,Torts,Defendant,309,316,5,336,117,113,14,35,57
2003-04,Torts,Defendant,363,329,15,318,76,118,5,42,77
2003-05,Torts,Defendant,310,331,5,257,77,88,10,28,54
2003-06,Torts,Defendant,331,287,14,267,80,92,2,37,56
2003-07,Torts,Defendant,299,286,8,319,102,93,11,44,69
2003-08,Torts,Defendant,317,314,6,258,80,87,9,30,52
2003-09,Torts,Defendant,268,277,4,300,85,107,6,45,57
2003-10,Torts,Defendant,335,320,7,278,75,93,5,45,60
2003-11,Torts,Defendant,257,237,7,203,65,68,2,26,42
2003-12,Torts,Defendant,281,311,10,269,65,93,7,35,69
2004-01,Torts,Defendant,307,257,9,300,85,94,12,48,61
2004-02,Torts,Defendant,308,264,21,284,78,85,8,43,70
2004-03,Torts,Defendant,371,308,25,374,109,139,11,40,75
2004-04,Torts,Defendant,323,277,22,302,119,87,9,39,48
2004-05,Torts,Defendant,287,252,15,268,88,78,8,39,55
2004-06,Torts,Defendant,289,257,16,255,77,79,9,34,56
2004-07,Torts,Defendant,278,234,18,235,80,66,3,34,52
2004-08,Torts,Defendant,309,263,11,290,96,92,9,45,48
2004-09,Torts,Defendant,239,244,22,274,81,81,8,30,74
2004-10,Torts,Defendant,263,239,24,250,69,85,6,42,48
2004-11,Torts,Defendant,245,273,15,246,68,84,6,32,56
2004-12,Torts,Defendant,289,299,22,274,89,91,10,29,55
2005-01,Torts,Defendant,315,285,14,277,92,91,6,28,60
2005-02,Torts,Defendant,281,284,10,269,89,93,10,29,48
2005-03,Torts,Defendant,322,296,23,348,117,113,7,34,77
2005-04,Torts,Defendant,308,277,15,293,71,104,9,36,73
2005-05,Torts,Defendant,269,255,7,243,63,81,7,33,59
2005-06,Torts,Defendant,303,298,9,263,92,77,8,30,56
2005-07,Torts,Defendant,217,248,11,240,72,68,3,30,67
2005-08,Torts,Defendant,309,287,30,309,91,85,4,41,88
2005-09,Torts,Defendant,304,281,14,272,85,84,9,30,64
2005-10,Torts,Defendant,276,264,13,248,62,83,10,36,57
2005-11,Torts,Defendant,243,259,7,248,63,91,6,24,64
2005-12,Torts,Defendant,294,264,9,268,78,64,9,43,74
2006-01,Torts,Defendant,291,285,9,268,77,83,5,28,75
2006-02,Torts,Defendant,284,290,15,269,81,86,4,41,57
2006-03,Torts,Defendant,332,324,24,385,115,106,9,37,118
2006-04,Torts,Defendant,274,263,15,212,55,67,1,32,57
2006-05,Torts,Defendant,345,274,10,264,63,80,3,33,85
2006-06,Torts,Defendant,321,298,8,285,67,84,7,35,92
2006-07,Torts,Defendant,248,236,17,228,47,70,4,21,86
2006-08,Torts,Defendant,305,398,20,297,76,80,9,33,99
2006-09,Torts,Defendant,289,294,13,289,89,83,5,38,74
2006-10,Torts,Defendant,309,271,13,313,79,84,7,37,106
2006-11,Torts,Defendant,283,241,6,230,68,52,6,35,69
2006-12,Torts,Defendant,254,269,8,230,64,61,5,26,74
2007-01,Torts,Defendant,290,274,7,323,97,87,5,47,87
2007-02,Torts,Defendant,313,269,8,242,64,67,11,31,69
2007-03,Torts,Defendant,311,305,36,312,99,70,5,43,95
2007-04,Torts,Defendant,311,289,20,289,67,85,4,36,97
2007-05,Torts,Defendant,293,286,7,346,108,80,7,46,105
2007-06,Torts,Defendant,277,284,6,293,65,72,2,48,106
2007-07,Torts,Defendant,282,249,4,290,94,70,5,26,95
2007-08,Torts,Defendant,257,384,12,296,86,78,4,40,88
2007-09,Torts,Defendant,252,246,18,285,78,76,7,31,93
2007-10,Torts,Defendant,359,272,6,323,101,67,7,37,111
2007-11,Torts,Defendant,311,296,8,255,78,45,4,26,102
2007-12,Torts,Defendant,241,234,4,206,67,53,2,25,59
2008-01,Torts,Defendant,310,288,7,294,95,70,5,32,92
2008-02,Torts,Defendant,298,315,2,273,78,89,2,32,72
2008-03,Torts,Defendant,289,247,18,375,125,92,4,32,122
2008-04,Torts,Defendant,305,268,18,272,70,64,6,27,105
2008-05,Torts,Defendant,248,253,8,242,84,47,5,28,78
2008-06,Torts,Defendant,268,270,5,252,68,69,6,20,89
2008-07,Torts,Defendant,279,264,8,311,92,72,5,41,101
2008-08,Torts,Defendant,256,276,7,253,73,60,7,35,78
2008-09,Torts,Defendant,293,264,7,333,132,73,6,27,95
2008-10,Torts,Defendant,308,292,7,287,76,68,3,27,113
2008-11,Torts,Defendant,227,240,3,225,60,55,3,30,77
2008-12,Torts,Defendant,237,281,7,260,75,74,6,19,86
2009-01,Torts,Defendant,290,295,22,238,83,53,6,35,61
2009-02,Torts,Defendant,286,233,7,242,62,66,6,29,79
2009-03,Torts,Defendant,294,280,14,340,112,81,8,40,99
2009-04,Torts,Defendant,298,264,13,288,79,65,7,37,100
2009-05,Torts,Defendant,275,287,8,234,57,56,6,32,83
2009-06,Torts,Defendant,291,296,8,318,87,77,2,51,101
2009-07,Torts,Defendant,272,328,6,292,88,84,6,26,88
2009-08,Torts,Defendant,321,270,10,285,86,67,2,26,104
2009-09,Torts,Defendant,282,271,13,360,107,77,7,24,145
2009-10,Torts,Defendant,264,288,10,302,73,73,8,26,122
2009-11,Torts,Defendant,291,243,2,217,57,51,9,17,83
2009-12,Torts,Defendant,270,331,2,248,68,54,3,23,100
2010-01,Torts,Defendant,260,252,9,257,63,64,2,38,90
2010-02,Torts,Defendant,290,260,3,265,68,79,4,29,85
2010-03,Torts,Defendant,347,303,17,340,106,77,10,34,113
2010-04,Torts,Defendant,310,254,3,303,75,65,12,35,116
2010-05,Torts,Defendant,256,219,7,246,70,49,7,31,89
2010-06,Torts,Defendant,292,304,5,290,93,65,5,33,94
2010-07,Torts,Defendant,283,279,6,287,78,66,8,25,110
2010-08,Torts,Defendant,310,297,8,243,67,58,5,25,88
2010-09,Torts,Defendant,293,275,13,311,94,68,6,26,117
2010-10,Torts,Defendant,291,272,4,269,62,67,4,32,104
2010-11,Torts,Defendant,259,298,6,277,85,66,3,37,86
2010-12,Torts,Defendant,304,269,5,225,48,56,4,22,95
2011-01,Torts,Defendant,259,313,6,229,69,52,4,40,64
2011-02,Torts,Defendant,267,257,4,270,55,55,7,32,121
2011-03,Torts,Defendant,389,336,15,375,108,84,7,52,124
2011-04,Torts,Defendant,307,274,5,264,51,64,4,27,118
2011-05,Torts,Defendant,287,265,5,262,63,61,5,32,101
2011-06,Torts,Defendant,313,351,8,272,67,63,4,30,108
2011-07,Torts,Defendant,299,285,5,283,82,73,6,32,90
2011-08,Torts,Defendant,282,274,5,340,87,73,6,45,129
2011-09,Torts,Defendant,283,288,12,293,86,69,4,34,100
2011-10,Torts,Defendant,318,303,6,258,47,59,,34,118
2011-11,Torts,Defendant,281,286,3,240,47,69,8,31,85
2011-12,Torts,Defendant,270,269,5,243,50,59,5,26,103
2012-01,Torts,Defendant,287,297,4,270,66,69,8,37,90
2012-02,Torts,Defendant,280,280,8,294,67,66,5,43,113
2012-03,Torts,Defendant,324,305,13,359,91,82,8,37,141
2012-04,Torts,Defendant,314,291,1,379,164,51,6,40,118
2012-05,Torts,Defendant,285,281,4,266,79,67,6,35,79
2012-06,Torts,Defendant,279,282,2,240,61,53,3,37,86
2012-07,Torts,Defendant,329,338,3,342,64,75,4,40,159
2012-08,Torts,Defendant,325,321,9,308,89,72,8,43,96
2012-09,Torts,Defendant,263,298,16,332,92,75,1,37,127
2012-10,Torts,Defendant,338,299,3,275,61,69,7,38,100
2012-11,Torts,Defendant,290,284,1,259,58,85,4,35,77
2012-12,Torts,Defendant,281,314,4,226,55,46,5,25,95
2013-01,Torts,Defendant,324,317,7,329,90,92,2,36,109
2013-02,Torts,Defendant,382,379,3,273,84,45,3,32,109
2013-03,Torts,Defendant,371,339,9,351,92,85,10,37,127
2013-04,Torts,Defendant,370,400,8,326,73,81,9,37,126
2013-05,Torts,Defendant,484,394,5,336,74,81,6,54,121
2013-06,Torts,Defendant,299,285,7,387,86,104,7,79,111
2013-07,Torts,Defendant,323,275,4,363,62,145,2,45,109
2013-08,Torts,Defendant,267,277,5,397,65,152,7,56,117
2013-09,Torts,Defendant,240,261,7,337,85,104,3,39,106
2013-10,Torts,Defendant,306,285,9,276,46,89,5,28,108
2013-11,Torts,Defendant,240,246,7,222,49,66,2,26,79
2013-12,Torts,Defendant,253,215,4,240,72,70,4,18,76
2014-01,Torts,Defendant,250,269,6,286,61,74,4,30,117
2014-02,Torts,Defendant,235,229,6,290,72,77,7,34,100
2014-03,Torts,Defendant,241,238,25,400,101,91,3,37,168
2014-04,Torts,Defendant,287,267,9,343,65,86,4,37,151
2014-05,Torts,Defendant,243,237,7,248,61,52,5,34,96
2014-06,Torts,Defendant,260,272,6,250,66,65,10,31,78
2014-07,Torts,Defendant,302,259,12,237,61,47,3,28,98
2014-08,Torts,Defendant,231,226,4,244,70,49,5,34,86
2014-09,Torts,Defendant,220,234,10,305,83,56,9,43,114
2014-10,Torts,Defendant,249,242,3,292,56,64,2,40,130
2014-11,Torts,Defendant,211,198,5,199,45,60,3,26,65
2014-12,Torts,Defendant,289,251,3,258,53,57,5,40,103
2015-01,Torts,Defendant,220,238,12,256,70,69,5,35,77
2015-02,Torts,Defendant,215,244,3,246,76,52,2,41,75
2015-03,Torts,Defendant,309,274,14,260,68,60,8,33,91
2015-04,Torts,Defendant,263,255,9,256,67,62,9,28,90
2015-05,Torts,Defendant,282,258,5,274,64,76,13,24,97
2015-06,Torts,Defendant,261,277,5,275,65,67,4,34,105
2015-07,Torts,Defendant,263,249,1,280,66,60,9,44,101
2015-08,Torts,Defendant,252,262,5,238,57,53,4,36,88
2015-09,Torts,Defendant,235,261,15,215,66,55,5,30,59
2015-10,Torts,Defendant,238,280,7,262,51,60,4,47,100
2015-11,Torts,Defendant,245,219,2,227,57,52,6,23,89
2015-12,Torts,Defendant,297,285,4,245,48,64,5,45,83
2016-01,Torts,Defendant,214,224,2,244,55,51,5,26,107
2016-02,Torts,Defendant,283,274,4,247,52,66,2,27,100
2016-03,Torts,Defendant,279,255,7,338,71,80,10,46,131
2016-04,Torts,Defendant,278,266,5,250,70,64,6,33,77
2016-05,Torts,Defendant,256,236,2,264,64,54,3,27,116
2016-06,Torts,Defendant,300,243,4,230,47,50,5,39,89
2016-07,Torts,Defendant,206,195,8,192,45,41,9,24,73
2016-08,Torts,Defendant,244,241,6,285,73,79,5,36,92
2016-09,Torts,Defendant,228,235,7,261,65,54,3,47,92
2016-10,Torts,Defendant,253,207,4,236,42,63,4,34,93
2016-11,Torts,Defendant,261,243,5,196,51,40,4,36,65
2016-12,Torts,Defendant,215,240,2,222,45,53,3,29,92
2017-01,Torts,Defendant,228,234,5,249,58,64,5,34,88
2017-02,Torts,Defendant,248,276,6,249,62,66,4,36,81
2017-03,Torts,Defendant,328,273,11,316,70,72,9,33,132
2017-04,Torts,Defendant,266,266,8,219,57,51,4,28,79
2017-05,Torts,Defendant,281,284,2,277,70,71,6,39,91
2017-06,Torts,Defendant,272,259,5,302,68,52,6,36,140
2017-07,Torts,Defendant,250,200,3,205,54,46,4,35,66
2017-08,Torts,Defendant,258,254,9,287,76,71,10,42,88
2017-09,Torts,Defendant,206,197,4,269,76,52,6,40,95
2017-10,Torts,Defendant,237,248,3,211,53,48,4,27,79
2017-11,Torts,Defendant,247,253,1,241,47,64,6,33,91
2017-12,Torts,Defendant,224,242,4,205,56,43,1,29,76
2018-01,Torts,Defendant,279,275,4,237,57,42,2,40,96
2018-02,Torts,Defendant,261,235,5,234,60,70,4,25,75
2018-03,Torts,Defendant,316,258,7,306,80,72,8,23,123
2018-04,Torts,Defendant,236,249,5,221,41,54,5,31,90
2018-05,Torts,Defendant,285,290,2,276,65,66,6,32,107
2018-06,Torts,Defendant,265,267,11,252,54,67,5,34,92
2018-07,Torts,Defendant,269,279,4,228,59,55,5,20,89
2018-08,Torts,Defendant,294,258,1,288,67,64,2,37,118
2018-09,Torts,Defendant,232,210,6,265,74,51,10,37,93
2018-10,Torts,Defendant,273,252,5,272,74,66,8,41,83
2018-11,Torts,Defendant,230,235,1,230,42,56,5,25,102
2018-12,Torts,Defendant,191,207,2,164,42,47,5,23,47
2019-01,Torts,Defendant,241,280,1,133,43,29,,25,36
2019-02,Torts,Defendant,263,251,3,236,55,45,11,35,90
2019-03,Torts,Defendant,284,303,2,338,99,57,3,37,142
2019-04,Torts,Defendant,307,274,6,269,75,59,8,30,97
2019-05,Torts,Defendant,303,289,1,253,57,66,3,34,93
2019-06,Torts,Defendant,269,286,5,239,51,64,7,45,72
2019-07,Torts,Defendant,267,269,5,261,67,72,4,43,75
2019-08,Torts,Defendant,261,237,4,275,67,84,5,36,83
2019-09,Torts,Defendant,262,271,3,256,73,52,4,40,87
2019-10,Torts,Defendant,266,274,2,251,63,62,4,38,84
2019-11,Torts,Defendant,263,251,3,237,43,61,7,39,87
2019-12,Torts,Defendant,237,233,0,259,45,57,8,50,99
2020-01,Torts,Defendant,290,287,2,328,84,69,4,67,104
2020-02,Torts,Defendant,260,283,6,301,58,53,9,82,99
2020-03,Torts,Defendant,264,256,6,305,101,60,4,46,94
2020-04,Torts,Defendant,208,241,2,240,54,51,4,37,94
2020-05,Torts,Defendant,252,253,2,193,55,45,2,25,66
2020-06,Torts,Defendant,284,270,4,217,57,55,3,27,75
2020-07,Torts,Defendant,264,262,3,231,58,52,4,48,69
2020-08,Torts,Defendant,281,269,2,231,66,60,6,24,75
2020-09,Torts,Defendant,261,231,6,201,62,57,3,30,49
2020-10,Torts,Defendant,223,236,0,269,61,51,3,48,106
2020-11,Torts,Defendant,186,201,2,201,59,47,8,35,52
2020-12,Torts,Defendant,274,286,4,184,37,59,5,24,59
2021-01,Torts,Defendant,236,254,2,209,45,69,2,44,49
2021-02,Torts,Defendant,256,245,3,198,48,47,2,38,63
2021-03,Torts,Defendant,315,248,3,302,83,75,8,55,81
2021-04,Torts,Defendant,258,251,4,243,51,57,4,48,83
2021-05,Torts,Defendant,230,253,4,229,32,57,4,36,100
2021-06,Torts,Defendant,331,330,2,224,39,51,4,45,85
2021-07,Torts,Defendant,281,291,1,231,52,75,1,45,58
2021-08,Torts,Defendant,275,281,1,277,69,121,2,33,52
2021-09,Torts,Defendant,246,263,6,304,81,72,5,57,89
2021-10,Torts,Defendant,236,251,2,242,67,59,6,41,69
2021-11,Torts,Defendant,286,241,1,275,70,69,6,35,95
2021-12,Torts,Defendant,239,222,1,234,57,62,5,37,73
2022-01,Torts,Defendant,262,252,4,240,65,65,6,38,66
2022-02,Torts,Defendant,274,244,1,218,52,55,4,29,78
2022-03,Torts,Defendant,324,303,4,335,88,63,6,49,129
2022-04,Torts,Defendant,235,256,6,245,50,58,31,45,61
2022-05,Torts,Defendant,267,254,1,241,52,58,3,38,90
2022-06,Torts,Defendant,212,209,2,249,48,62,9,41,89
2022-07,Torts,Defendant,223,200,1,219,72,66,2,37,42
2022-08,Torts,Defendant,377,259,5,286,77,90,4,33,82
2022-09,Torts,Defendant,222,254,3,242,70,79,4,47,42
2022-10,Torts,Defendant,240,228,5,207,53,57,6,47,44
2022-11,Torts,Defendant,232,216,3,253,59,67,8,51,68
2022-12,Torts,Defendant,200,211,2,258,60,88,4,37,69
2023-01,Torts,Defendant,247,240,2,251,62,72,1,39,77
2023-02,Torts,Defendant,193,192,2,220,67,58,3,45,47
2023-03,Torts,Defendant,288,343,7,303,85,71,4,51,92
2023-04,Torts,Defendant,274,165,2,234,48,58,2,36,90
2023-05,Torts,Defendant,221,235,1,252,52,69,3,41,87
2023-06,Torts,Defendant,189,230,2,247,64,56,3,41,83
2023-07,Torts,Defendant,235,185,1,173,67,41,4,35,26
2023-08,Torts,Defendant,238,222,2,266,47,69,4,47,99
2023-09,Torts,Defendant,182,208,3,253,79,59,4,47,64
2023-10,Torts,Defendant,212,213,2,217,49,61,3,49,55
2023-11,Torts,Defendant,225,213,2,210,46,59,1,36,68
2023-12,Torts,Defendant,192,198,0,258,48,59,2,40,109
2024-01,Torts,Defendant,221,220,3,263,66,66,4,56,71
2024-02,Torts,Defendant,257,252,1,243,66,57,2,33,85
2024-03,Torts,Defendant,244,237,5,227,70,53,1,51,52
2024-04,Torts,Defendant,249,252,1,281,64,90,2,59,66
2024-05,Torts,Defendant,259,230,0,208,51,73,6,39,39
2024-06,Torts,Defendant,227,214,1,203,49,64,1,39,50
2024-07,Torts,Defendant,256,245,2,221,55,66,3,45,52
2024-08,Torts,Defendant,236,225,4,188,71,39,2,45,31
2024-09,Torts,Defendant,234,229,1,308,67,125,7,53,56
2024-10,Torts,Defendant,226,252,1,230,64,79,4,43,40
2024-11,Torts,Defendant,218,203,1,201,59,61,4,43,34
2024-12,Torts,Defendant,194,190,1,182,58,43,,38,43
2025-01,Torts,Defendant,249,242,7,208,57,59,3,32,57
2025-02,Torts,Defendant,215,212,1,216,66,70,3,34,43
2025-03,Torts,Defendant,224,216,7,296,97,84,10,40,65
2025-04,Torts,Defendant,263,259,5,198,50,69,1,43,35
2025-05,Torts,Defendant,262,274,3,217,50,69,2,41,55
2025-06,Torts,Defendant,254,243,1,186,51,50,3,42,40
2025-07,Torts,Defendant,259,229,4,204,66,52,2,45,39
2025-08,Torts,Defendant,246,252,0,216,76,59,3,44,34
2025-09,Torts,Defendant,242,264,3,197,64,46,3,35,49
2025-10,Torts,Defendant,166,200,1,104,25,25,,26,28
2025-11,Torts,Defendant,202,204,0,91,24,25,3,17,22
2025-12,Torts,Defendant,253,231,1,137,35,31,4,38,29
2026-01,Torts,Defendant,261,281,1,152,47,39,4,30,32
2026-02,Torts,Defendant,296,239,0,155,31,45,5,27,47
2026-03,Torts,Defendant,289,241,2,163,44,36,1,35,47
2026-04,Torts,Defendant,265,159,1,96,18,30,,22,26
2026-05,Torts,Defendant,177,75,2,77,21,27,1,10,18
1994-10,ALL,Other,2041,1844,83,1692,42,,10,,1640
1994-11,ALL,Other,1645,1643,76,1636,41,,13,,1582
1994-12,ALL,Other,1844,1717,90,1627,50,,6,,1571
1995-01,ALL,Other,1960,1949,65,1914,40,,13,,1861
1995-02,ALL,Other,1824,1955,84,1700,36,,5,1,1658
1995-03,ALL,Other,2197,2238,101,1946,44,,13,,1889
1995-04,ALL,Other,2163,1978,136,1752,35,,17,2,1698
1995-05,ALL,Other,2323,2322,106,2044,56,,11,1,1976
1995-06,ALL,Other,2340,2254,103,2035,48,2,19,,1966
1995-07,ALL,Other,2005,1892,92,1661,49,,17,,1595
1995-08,ALL,Other,2403,2186,109,2072,27,,18,,2027
1995-09,ALL,Other,2654,2162,123,2173,49,1,20,1,2102
1995-10,ALL,Other,2234,2200,117,2035,45,,11,,1979
1995-11,ALL,Other,2062,2058,81,1656,44,,18,,1594
1995-12,ALL,Other,1873,1829,104,1584,52,,25,2,1505
1996-01,ALL,Other,2168,2306,90,2163,40,,19,1,2103
1996-02,ALL,Other,2426,2275,95,2324,45,1,16,1,2261
1996-03,ALL,Other,2494,2381,115,2434,41,1,23,1,2368
1996-04,ALL,Other,2592,2355,111,2097,42,,13,,2042
1996-05,ALL,Other,2513,2332,103,2305,49,,12,1,2243
1996-06,ALL,Other,2249,1996,123,5150,54,,16,,5080
1996-07,ALL,Other,2216,2108,112,2148,31,,9,1,2107
1996-08,ALL,Other,2155,2197,78,2150,42,1,14,,2093
1996-09,ALL,Other,2036,1990,158,2488,53,,16,1,2418
1996-10,ALL,Other,2088,2107,111,2309,54,,11,,2244
1996-11,ALL,Other,1773,1729,71,1871,43,,9,1,1818
1996-12,ALL,Other,1760,1740,94,2036,38,2,3,,1993
1997-01,ALL,Other,1958,2046,154,2079,46,1,9,2,2021
1997-02,ALL,Other,1968,1930,97,1999,35,,7,1,1956
1997-03,ALL,Other,1993,2029,99,1774,38,1,5,,1730
1997-04,ALL,Other,2074,2036,126,2384,27,,8,2,2347
1997-05,ALL,Other,2093,1995,145,2521,38,2,16,,2465
1997-06,ALL,Other,2039,1993,96,2260,51,1,4,2,2202
1997-07,ALL,Other,1975,1879,96,2223,52,2,9,2,2158
1997-08,ALL,Other,1910,1848,87,1892,48,,7,,1837
1997-09,ALL,Other,1843,1760,100,2007,81,,7,6,1913
1997-10,ALL,Other,1841,1920,70,2013,61,,5,,1947
1997-11,ALL,Other,1503,1464,48,1532,36,,4,1,1491
1997-12,ALL,Other,1629,1627,75,1622,41,1,5,2,1573
1998-01,ALL,Other,1799,1797,126,1831,28,2,6,,1795
1998-02,ALL,Other,1865,1750,278,1943,35,1,1,1,1905
1998-03,ALL,Other,2134,1806,124,2142,45,,6,2,2089
1998-04,ALL,Other,1992,1852,107,1771,32,1,14,2,1722
1998-05,ALL,Other,1879,1620,155,1884,22,1,7,2,1852
1998-06,ALL,Other,2018,1670,136,2075,35,1,9,5,2025
1998-07,ALL,Other,2023,1593,159,1831,51,1,7,6,1766
1998-08,ALL,Other,1851,1491,180,1708,34,3,15,4,1652
1998-09,ALL,Other,1760,1609,288,2046,54,4,10,4,1974
1998-10,ALL,Other,1982,1800,109,1721,30,1,5,6,1679
1998-11,ALL,Other,1683,1354,65,1449,34,2,8,2,1403
1998-12,ALL,Other,1585,1472,124,1517,21,6,5,4,1481
1999-01,ALL,Other,1525,1564,90,1501,43,5,5,4,1444
1999-02,ALL,Other,1673,1446,140,1779,35,6,5,7,1726
1999-03,ALL,Other,2080,1838,203,1896,34,3,11,10,1838
1999-04,ALL,Other,1910,1518,120,1633,33,5,7,8,1580
1999-05,ALL,Other,1762,1462,176,1517,46,5,6,12,1448
1999-06,ALL,Other,1955,1588,170,1721,48,6,5,10,1652
1999-07,ALL,Other,1809,1520,203,1703,48,7,14,8,1626
1999-08,ALL,Other,1855,1516,166,1844,67,13,13,13,1738
1999-09,ALL,Other,1831,1360,203,1949,96,26,7,24,1796
1999-10,ALL,Other,1555,1380,120,1548,177,74,19,49,1229
1999-11,ALL,Other,1664,1410,123,1608,241,60,14,58,1235
1999-12,ALL,Other,1724,1660,131,1416,157,59,13,53,1134
2000-01,ALL,Other,1724,1605,107,1695,188,38,15,39,1415
2000-02,ALL,Other,1771,1632,206,1621,140,49,21,57,1354
2000-03,ALL,Other,2108,1789,316,2133,166,85,17,67,1798
2000-04,ALL,Other,1816,1530,129,1512,121,40,9,43,1299
2000-05,ALL,Other,1916,1585,142,1586,120,42,14,53,1357
2000-06,ALL,Other,2155,1650,154,1848,150,59,14,50,1575
2000-07,ALL,Other,1805,1401,148,1631,94,136,13,34,1354
2000-08,ALL,Other,2026,1640,153,1816,134,75,13,37,1557
2000-09,ALL,Other,1632,1424,147,1639,111,66,16,45,1401
2000-10,ALL,Other,1694,1595,195,1811,125,62,11,42,1571
2000-11,ALL,Other,1546,1421,136,1408,96,48,12,40,1212
2000-12,ALL,Other,1459,1384,77,1393,88,35,11,37,1222
2001-01,ALL,Other,1781,1817,214,1536,106,65,15,25,1325
2001-02,ALL,Other,1820,1687,232,1354,95,60,23,33,1143
2001-03,ALL,Other,1821,1861,206,1705,129,57,16,45,1458
2001-04,ALL,Other,1899,1671,202,1630,126,50,37,42,1375
2001-05,ALL,Other,2103,1819,286,1593,129,51,18,29,1366
2001-06,ALL,Other,2017,1698,281,1579,111,64,19,33,1352
2001-07,ALL,Other,2119,1793,160,1752,130,58,25,33,1506
2001-08,ALL,Other,1960,1671,186,2019,176,78,15,48,1702
2001-09,ALL,Other,1566,1383,195,1722,151,63,12,26,1470
2001-10,ALL,Other,1758,1555,211,1720,156,69,8,27,1460
2001-11,ALL,Other,1757,1459,189,1556,127,45,22,26,1336
2001-12,ALL,Other,1448,1341,152,1293,130,39,9,33,1082
2002-01,ALL,Other,1724,1815,199,1372,117,39,12,53,1151
2002-02,ALL,Other,1695,1692,172,1263,83,26,7,35,1112
2002-03,ALL,Other,1953,1787,163,1814,127,41,15,28,1603
2002-04,ALL,Other,2194,1889,233,1786,117,41,11,36,1581
2002-05,ALL,Other,2007,1833,292,1837,105,20,11,51,1650
2002-06,ALL,Other,2167,1770,243,1565,119,39,5,39,1363
2002-07,ALL,Other,2223,1844,188,1940,125,39,12,31,1733
2002-08,ALL,Other,2070,1883,251,1816,141,35,20,30,1590
2002-09,ALL,Other,1857,1559,241,1760,111,40,15,49,1545
2002-10,ALL,Other,2037,1781,295,1961,126,77,14,34,1710
2002-11,ALL,Other,1897,1618,176,1503,93,27,9,37,1337
2002-12,ALL,Other,1718,1687,118,1464,101,43,4,18,1298
2003-01,ALL,Other,2060,2308,190,1557,103,36,5,32,1381
2003-02,ALL,Other,1925,1959,156,1455,100,33,6,29,1287
2003-03,ALL,Other,2197,2014,260,1628,107,38,3,46,1434
2003-04,ALL,Other,2158,1966,400,1735,139,31,9,32,1524
2003-05,ALL,Other,2283,2051,223,1586,102,45,9,34,1396
2003-06,ALL,Other,2236,1807,190,1653,119,55,12,40,1427
2003-07,ALL,Other,2225,1824,234,1631,91,34,12,47,1447
2003-08,ALL,Other,1865,1685,337,1684,91,45,9,33,1506
2003-09,ALL,Other,1935,1835,299,2064,85,81,10,46,1842
2003-10,ALL,Other,2213,1931,227,1644,94,45,10,35,1460
2003-11,ALL,Other,1679,1580,183,1555,75,60,14,33,1373
2003-12,ALL,Other,2019,1837,167,1663,80,44,8,43,1488
2004-01,ALL,Other,1870,1934,199,1527,77,49,8,46,1347
2004-02,ALL,Other,1884,1788,266,1555,103,47,6,51,1348
2004-03,ALL,Other,2453,2197,454,2341,129,57,11,60,2084
2004-04,ALL,Other,2306,1966,241,1521,79,41,9,54,1338
2004-05,ALL,Other,2059,1787,140,1517,83,47,6,47,1334
2004-06,ALL,Other,2258,1969,218,1690,96,49,11,54,1480
2004-07,ALL,Other,1964,1764,217,1533,87,46,11,50,1339
2004-08,ALL,Other,2213,1769,427,1889,90,60,12,49,1678
2004-09,ALL,Other,2115,1724,347,1830,90,79,10,56,1595
2004-10,ALL,Other,1942,1766,242,1479,84,57,21,64,1253
2004-11,ALL,Other,1866,1702,203,1649,83,56,10,64,1436
2004-12,ALL,Other,1834,1605,201,1422,88,30,8,52,1244
2005-01,ALL,Other,2015,1974,188,1807,84,125,8,61,1529
2005-02,ALL,Other,1789,1804,205,1736,94,160,9,61,1412
2005-03,ALL,Other,2450,2070,383,2037,124,150,8,73,1682
2005-04,ALL,Other,2059,1929,221,1663,91,133,10,64,1365
2005-05,ALL,Other,2381,1798,190,1913,90,62,10,60,1691
2005-06,ALL,Other,2244,1838,194,1758,84,71,8,58,1537
2005-07,ALL,Other,2008,1677,262,1690,85,112,6,61,1426
2005-08,ALL,Other,2202,1833,217,1964,106,210,10,63,1575
2005-09,ALL,Other,1723,1791,331,1891,87,75,9,56,1664
2005-10,ALL,Other,2111,3441,154,1805,81,181,8,47,1488
2005-11,ALL,Other,2149,1117,180,1572,102,136,8,43,1283
2005-12,ALL,Other,1876,1156,161,1696,82,89,9,52,1464
2006-01,ALL,Other,2153,1369,214,1864,86,63,5,41,1669
2006-02,ALL,Other,1816,1249,243,1653,73,111,5,50,1414
2006-03,ALL,Other,2089,1409,373,2239,115,93,10,77,1944
2006-04,ALL,Other,1951,1427,217,1629,68,73,11,76,1401
2006-05,ALL,Other,1992,1205,189,1742,58,45,12,50,1577
2006-06,ALL,Other,1773,1163,277,2103,73,172,14,45,1799
2006-07,ALL,Other,1411,1015,199,1717,66,143,6,42,1460
2006-08,ALL,Other,1553,1128,243,1980,96,97,8,49,1730
2006-09,ALL,Other,1452,1098,264,1894,72,138,15,68,1601
2006-10,ALL,Other,1582,1144,213,1561,51,144,13,49,1304
2006-11,ALL,Other,1343,1052,151,1359,60,109,12,43,1135
2006-12,ALL,Other,1231,956,152,1116,58,39,10,38,971
2007-01,ALL,Other,1560,1213,224,1496,88,55,15,39,1299
2007-02,ALL,Other,1333,993,191,1183,64,53,11,25,1030
2007-03,ALL,Other,1609,1083,348,1663,132,119,18,37,1357
2007-04,ALL,Other,1362,986,265,1543,90,154,18,35,1246
2007-05,ALL,Other,1366,947,241,1362,83,88,12,48,1131
2007-06,ALL,Other,1355,983,264,1280,73,70,9,37,1091
2007-07,ALL,Other,1214,1022,281,1264,80,70,12,31,1071
2007-08,ALL,Other,1447,1167,227,1444,83,89,4,38,1230
2007-09,ALL,Other,1226,1025,332,1388,78,57,6,33,1214
2007-10,ALL,Other,1349,1035,314,1238,74,68,15,37,1044
2007-11,ALL,Other,1278,1040,147,1254,87,99,15,29,1024
2007-12,ALL,Other,1039,815,142,1254,79,48,11,20,1096
2008-01,ALL,Other,1269,1140,242,993,62,74,13,29,815
2008-02,ALL,Other,1319,1167,273,1075,76,38,10,44,907
2008-03,ALL,Other,1301,1050,365,1490,67,82,11,36,1294
2008-04,ALL,Other,1388,1141,305,1194,79,63,16,30,1006
2008-05,ALL,Other,1316,1046,202,1162,54,67,7,31,1003
2008-06,ALL,Other,1367,1043,164,1167,63,40,7,39,1018
2008-07,ALL,Other,1319,1052,232,1125,76,41,6,36,966
2008-08,ALL,Other,1170,934,261,1282,75,87,8,32,1080
2008-09,ALL,Other,1208,926,360,1623,60,79,12,36,1436
2008-10,ALL,Other,1420,1093,273,1391,84,45,6,34,1222
2008-11,ALL,Other,1105,982,163,849,60,21,4,19,745
2008-12,ALL,Other,1146,937,146,841,46,16,11,27,741
2009-01,ALL,Other,1193,1177,226,907,58,27,11,32,779
2009-02,ALL,Other,1180,1096,252,1353,59,16,7,32,1239
2009-03,ALL,Other,1536,1228,256,1183,78,27,9,39,1030
2009-04,ALL,Other,1484,1191,207,1065,76,35,22,32,900
2009-05,ALL,Other,1322,971,196,1041,50,30,8,25,928
2009-06,ALL,Other,1438,1153,260,1118,62,22,7,39,988
2009-07,ALL,Other,1459,1124,238,1157,58,29,12,34,1024
2009-08,ALL,Other,1299,1067,217,955,65,20,5,27,838
2009-09,ALL,Other,1227,980,396,1278,69,29,3,29,1148
2009-10,ALL,Other,1397,1123,203,942,52,15,2,35,838
2009-11,ALL,Other,1282,1099,177,972,55,19,12,32,854
2009-12,ALL,Other,1152,981,175,997,60,19,6,35,877
2010-01,ALL,Other,1324,1117,213,951,49,9,11,25,857
2010-02,ALL,Other,1303,1097,197,1057,54,54,6,30,913
2010-03,ALL,Other,1586,1306,408,1559,86,22,19,40,1392
2010-04,ALL,Other,1515,1227,248,1050,56,15,12,45,922
2010-05,ALL,Other,1321,1091,233,1035,68,13,12,32,910
2010-06,ALL,Other,1558,1157,236,1117,76,15,15,41,970
2010-07,ALL,Other,1340,1150,192,1142,58,20,7,40,1017
2010-08,ALL,Other,1496,1178,232,1074,61,8,6,33,966
2010-09,ALL,Other,1550,1289,442,1376,89,15,19,45,1208
2010-10,ALL,Other,1311,1143,159,986,52,16,9,26,883
2010-11,ALL,Other,1575,1135,157,971,56,26,10,40,839
2010-12,ALL,Other,1330,1162,140,1077,50,10,8,37,972
2011-01,ALL,Other,1455,1264,285,1141,88,12,13,42,986
2011-02,ALL,Other,1365,1178,158,1026,58,18,13,30,907
2011-03,ALL,Other,1803,1431,420,1542,86,12,13,53,1378
2011-04,ALL,Other,1466,1185,234,1047,72,14,16,39,906
2011-05,ALL,Other,1635,1261,182,1187,59,15,10,48,1055
2011-06,ALL,Other,1601,1232,231,1067,72,17,17,60,901
2011-07,ALL,Other,1495,1127,170,1067,62,26,5,48,926
2011-08,ALL,Other,1567,1286,456,1269,65,14,12,47,1131
2011-09,ALL,Other,1559,1185,426,1477,69,18,14,59,1317
2011-10,ALL,Other,1531,1187,329,1205,62,23,52,59,1009
2011-11,ALL,Other,1470,1106,203,1031,81,10,37,33,870
2011-12,ALL,Other,1301,1077,154,1159,55,18,32,54,1000
2012-01,ALL,Other,1483,1214,215,1112,78,12,19,38,965
2012-02,ALL,Other,1396,1141,283,1229,76,16,18,46,1073
2012-03,ALL,Other,1481,1156,377,1355,80,13,16,38,1208
2012-04,ALL,Other,1451,1111,326,1082,61,12,18,39,952
2012-05,ALL,Other,1511,1056,333,1089,58,8,14,35,974
2012-06,ALL,Other,1410,1074,282,1037,56,9,17,41,914
2012-07,ALL,Other,1359,954,228,1078,64,11,13,43,947
2012-08,ALL,Other,1621,1069,245,1303,65,7,13,46,1172
2012-09,ALL,Other,1295,921,413,1275,48,14,8,41,1164
2012-10,ALL,Other,1392,1003,266,1042,58,12,11,50,911
2012-11,ALL,Other,1229,934,156,921,67,23,12,39,780
2012-12,ALL,Other,1119,907,198,853,45,13,5,29,761
2013-01,ALL,Other,1305,950,232,1073,63,23,2,43,942
2013-02,ALL,Other,1227,1042,211,917,51,17,6,42,801
2013-03,ALL,Other,1577,1194,358,1112,76,13,10,42,971
2013-04,ALL,Other,1516,1202,326,1201,58,16,12,48,1067
2013-05,ALL,Other,1458,941,388,1012,71,12,7,59,863
2013-06,ALL,Other,1244,969,295,1085,69,12,9,54,941
2013-07,ALL,Other,1421,1014,260,1039,81,15,8,52,883
2013-08,ALL,Other,1345,1011,239,1135,52,14,13,53,1003
2013-09,ALL,Other,1304,1001,425,1082,70,21,16,54,921
2013-10,ALL,Other,1149,855,209,769,61,13,11,49,635
2013-11,ALL,Other,1120,877,231,910,42,5,6,45,812
2013-12,ALL,Other,1058,803,210,837,55,9,8,51,714
2014-01,ALL,Other,1214,1003,297,876,61,7,9,53,746
2014-02,ALL,Other,1246,913,226,924,54,10,5,48,807
2014-03,ALL,Other,1346,1074,457,1233,69,12,13,52,1087
2014-04,ALL,Other,1470,1119,299,916,55,12,5,50,794
2014-05,ALL,Other,1448,994,299,965,60,16,11,38,840
2014-06,ALL,Other,1387,1025,283,1092,59,10,3,50,970
2014-07,ALL,Other,1378,958,318,1114,60,12,10,52,980
2014-08,ALL,Other,1341,933,263,1149,69,11,5,54,1010
2014-09,ALL,Other,1250,876,496,1349,71,14,16,48,1200
2014-10,ALL,Other,1343,1043,208,929,38,12,6,56,817
2014-11,ALL,Other,1204,913,211,763,41,10,7,59,646
2014-12,ALL,Other,1297,1017,189,993,49,20,13,58,853
2015-01,ALL,Other,1252,1031,185,1272,69,10,37,51,1105
2015-02,ALL,Other,1292,1088,211,961,43,8,24,51,835
2015-03,ALL,Other,1595,1168,328,1209,81,12,29,67,1020
2015-04,ALL,Other,1404,1077,514,1240,43,16,28,47,1106
2015-05,ALL,Other,1345,1015,313,959,54,26,27,50,802
2015-06,ALL,Other,1556,1084,301,1131,72,8,28,59,964
2015-07,ALL,Other,1470,1016,280,1164,58,16,25,60,1005
2015-08,ALL,Other,1312,1030,283,1057,59,8,23,65,902
2015-09,ALL,Other,1373,1044,353,1105,82,10,25,70,918
2015-10,ALL,Other,1458,1100,396,1183,111,15,42,53,962
2015-11,ALL,Other,1206,1038,211,912,73,8,26,43,762
2015-12,ALL,Other,1354,994,189,1122,71,20,21,59,951
2016-01,ALL,Other,1329,1059,255,1153,55,9,19,56,1014
2016-02,ALL,Other,1514,1220,327,1065,81,8,18,59,899
2016-03,ALL,Other,1558,1153,484,1596,70,13,22,63,1428
2016-04,ALL,Other,1430,1030,475,994,74,9,13,50,848
2016-05,ALL,Other,1679,1314,336,1189,56,15,11,66,1041
2016-06,ALL,Other,2377,1971,246,1155,52,14,24,74,991
2016-07,ALL,Other,1292,1015,336,1262,52,6,12,95,1097
2016-08,ALL,Other,1483,1069,323,1208,54,14,22,68,1050
2016-09,ALL,Other,1171,974,390,1211,92,12,24,61,1022
2016-10,ALL,Other,1436,981,289,962,44,11,17,56,834
2016-11,ALL,Other,1196,963,278,987,51,8,10,65,853
2016-12,ALL,Other,1201,936,246,958,51,12,15,71,809
2017-01,ALL,Other,1281,1019,300,1279,51,13,13,69,1133
2017-02,ALL,Other,1102,968,218,943,36,9,8,63,827
2017-03,ALL,Other,1464,1103,534,1310,75,17,9,82,1127
2017-04,ALL,Other,1251,974,293,926,45,11,7,82,781
2017-05,ALL,Other,1381,1078,298,1237,63,5,12,78,1079
2017-06,ALL,Other,1267,935,254,1079,58,3,6,69,943
2017-07,ALL,Other,1179,888,206,1001,66,12,8,65,850
2017-08,ALL,Other,1328,1007,375,1141,71,14,10,64,982
2017-09,ALL,Other,1120,806,282,1145,51,13,16,80,985
2017-10,ALL,Other,1117,909,210,930,58,12,7,57,796
2017-11,ALL,Other,1162,908,210,819,53,8,9,64,685
2017-12,ALL,Other,1062,782,175,855,36,12,5,60,742
2018-01,ALL,Other,1120,922,210,877,34,13,13,71,746
2018-02,ALL,Other,1074,880,236,970,34,8,4,48,876
2018-03,ALL,Other,1251,1032,315,1134,47,16,9,80,982
2018-04,ALL,Other,1240,922,187,914,40,10,8,64,792
2018-05,ALL,Other,1286,997,245,936,49,10,9,91,777
2018-06,ALL,Other,1159,839,292,1144,65,9,2,98,970
2018-07,ALL,Other,1119,899,190,884,66,13,10,101,694
2018-08,ALL,Other,1309,951,237,1160,47,10,10,123,970
2018-09,ALL,Other,1008,700,301,966,76,14,7,56,813
2018-10,ALL,Other,1022,817,175,903,45,9,4,66,779
2018-11,ALL,Other,1051,847,140,745,33,6,2,44,660
2018-12,ALL,Other,821,684,105,649,39,9,6,38,557
2019-01,ALL,Other,640,788,39,509,27,11,1,53,417
2019-02,ALL,Other,1156,923,95,895,50,12,6,62,765
2019-03,ALL,Other,1174,1027,293,938,61,5,17,58,797
2019-04,ALL,Other,1314,1099,206,970,48,20,3,46,853
2019-05,ALL,Other,1291,1051,126,915,49,13,5,87,761
2019-06,ALL,Other,1274,962,123,1215,39,11,12,55,1098
2019-07,ALL,Other,1270,981,139,1115,40,11,11,58,995
2019-08,ALL,Other,1238,977,180,1075,47,12,8,68,940
2019-09,ALL,Other,1132,865,321,1301,46,22,4,71,1158
2019-10,ALL,Other,968,789,127,996,52,10,4,57,873
2019-11,ALL,Other,930,781,119,641,37,10,8,35,551
2019-12,ALL,Other,910,796,135,733,30,12,7,37,647
2020-01,ALL,Other,1076,935,165,919,53,16,13,58,779
2020-02,ALL,Other,1011,858,255,874,42,9,4,56,763
2020-03,ALL,Other,1095,882,442,929,46,10,11,39,823
2020-04,ALL,Other,950,738,72,620,45,10,10,56,499
2020-05,ALL,Other,931,721,61,553,47,9,12,38,447
2020-06,ALL,Other,1159,975,73,728,76,4,9,35,604
2020-07,ALL,Other,917,759,95,819,65,8,17,35,694
2020-08,ALL,Other,771,603,118,828,69,8,15,32,704
2020-09,ALL,Other,861,654,171,870,59,11,5,33,762
2020-10,ALL,Other,901,707,134,1269,57,9,8,33,1162
2020-11,ALL,Other,633,515,56,658,57,5,8,35,553
2020-12,ALL,Other,668,501,146,1109,68,10,11,27,993
2021-01,ALL,Other,674,504,88,599,37,4,11,22,525
2021-02,ALL,Other,556,454,141,605,59,7,8,34,497
2021-03,ALL,Other,717,603,172,927,76,9,6,57,779
2021-04,ALL,Other,739,595,89,647,72,3,6,36,530
2021-05,ALL,Other,683,514,119,631,53,4,2,29,543
2021-06,ALL,Other,702,547,102,556,66,12,6,43,429
2021-07,ALL,Other,686,498,121,629,50,11,9,44,515
2021-08,ALL,Other,643,503,118,641,49,12,10,32,538
2021-09,ALL,Other,645,503,220,732,35,12,7,44,634
2021-10,ALL,Other,625,540,82,531,62,8,7,33,421
2021-11,ALL,Other,563,436,153,557,38,7,3,42,467
2021-12,ALL,Other,542,435,166,637,39,6,3,39,550
2022-01,ALL,Other,596,469,133,559,45,6,5,64,439
2022-02,ALL,Other,624,479,162,547,35,8,7,41,456
2022-03,ALL,Other,789,596,257,791,42,9,3,41,696
2022-04,ALL,Other,621,532,132,560,32,8,12,52,456
2022-05,ALL,Other,754,567,168,523,55,7,7,35,419
2022-06,ALL,Other,749,515,110,587,52,6,3,46,480
2022-07,ALL,Other,570,478,125,456,25,9,4,45,373
2022-08,ALL,Other,837,499,181,618,40,8,3,44,523
2022-09,ALL,Other,668,483,215,644,38,9,6,37,554
2022-10,ALL,Other,633,495,128,451,30,4,6,33,378
2022-11,ALL,Other,641,461,170,435,32,7,3,38,355
2022-12,ALL,Other,560,460,138,414,31,5,,36,342
2023-01,ALL,Other,818,608,171,533,32,5,5,39,452
2023-02,ALL,Other,662,557,144,477,28,7,2,30,410
2023-03,ALL,Other,863,648,231,611,39,4,3,40,525
2023-04,ALL,Other,766,539,75,448,31,3,3,21,390
2023-05,ALL,Other,812,620,109,481,44,7,6,34,390
2023-06,ALL,Other,684,554,119,647,39,6,5,63,534
2023-07,ALL,Other,640,515,109,501,41,5,5,38,412
2023-08,ALL,Other,783,622,167,649,69,7,4,67,502
2023-09,ALL,Other,748,567,180,816,39,8,4,81,684
2023-10,ALL,Other,820,626,99,581,32,7,4,56,482
2023-11,ALL,Other,711,548,84,485,34,2,7,40,402
2023-12,ALL,Other,598,525,93,427,38,6,,33,350
2024-01,ALL,Other,894,689,99,514,37,5,16,44,412
2024-02,ALL,Other,874,671,174,1109,46,3,12,63,985
2024-03,ALL,Other,869,680,253,785,62,11,9,50,653
2024-04,ALL,Other,848,659,140,649,55,10,15,94,475
2024-05,ALL,Other,844,626,107,544,38,6,9,65,426
2024-06,ALL,Other,765,640,126,563,32,9,8,35,479
2024-07,ALL,Other,830,656,154,685,38,7,10,43,587
2024-08,ALL,Other,902,716,128,608,27,7,20,42,512
2024-09,ALL,Other,827,662,242,767,35,1,6,56,669
2024-10,ALL,Other,893,720,93,574,35,7,5,55,472
2024-11,ALL,Other,824,719,108,448,27,3,4,47,367
2024-12,ALL,Other,718,588,115,528,38,9,6,38,437
2025-01,ALL,Other,854,772,108,612,32,11,5,37,527
2025-02,ALL,Other,813,716,168,710,36,11,7,40,616
2025-03,ALL,Other,970,755,252,794,35,14,10,55,680
2025-04,ALL,Other,844,728,152,579,30,14,3,41,491
2025-05,ALL,Other,951,768,452,676,35,10,5,77,549
2025-06,ALL,Other,788,660,168,629,32,6,9,47,535
2025-07,ALL,Other,928,735,77,595,24,9,8,47,507
2025-08,ALL,Other,878,739,97,816,38,5,4,44,725
2025-09,ALL,Other,886,700,195,871,51,9,7,85,719
2025-10,ALL,Other,647,616,60,341,27,6,12,31,265
2025-11,ALL,Other,612,492,37,359,15,8,11,34,291
2025-12,ALL,Other,700,609,68,484,34,2,6,50,392
2026-01,ALL,Other,781,613,70,534,24,3,9,56,442
2026-02,ALL,Other,682,551,82,491,42,4,14,30,401
2026-03,ALL,Other,818,547,209,798,44,5,16,59,674
2026-04,ALL,Other,821,554,57,390,37,2,17,37,297
2026-05,ALL,Other,663,391,99,290,30,4,3,47,206
1994-10,Admiralty,Other,1,1,0,0,,,,,
1994-11,Admiralty,Other,0,0,0,2,,,,,2
1994-12,Admiralty,Other,0,1,0,1,,,,,1
1995-01,Admiralty,Other,1,2,0,2,,,,,2
1995-02,Admiralty,Other,3,1,0,0,,,,,
1995-03,Admiralty,Other,0,2,0,1,,,,,1
1995-04,Admiralty,Other,0,0,1,2,,,,,2
1995-05,Admiralty,Other,2,2,0,0,,,,,
1995-06,Admiralty,Other,0,0,0,1,,,,,1
1995-07,Admiralty,Other,0,1,0,1,,,,,1
1995-08,Admiralty,Other,1,2,0,0,,,,,
1995-10,Admiralty,Other,1,1,0,3,,,,,3
1995-11,Admiralty,Other,0,1,0,1,,,,,1
1995-12,Admiralty,Other,3,0,0,0,,,,,
1996-01,Admiralty,Other,2,1,0,1,,,,,1
1996-02,Admiralty,Other,2,1,0,1,,,,,1
1996-03,Admiralty,Other,1,1,0,0,,,,,
1996-04,Admiralty,Other,1,0,0,0,,,,,
1996-06,Admiralty,Other,1,0,0,1,,,,,1
1996-07,Admiralty,Other,2,1,1,0,,,,,
1996-08,Admiralty,Other,1,2,1,1,,,,,1
1996-09,Admiralty,Other,1,1,0,0,,,,,
1996-12,Admiralty,Other,0,0,1,0,,,,,
1997-01,Admiralty,Other,4,2,1,0,,,,,
1997-02,Admiralty,Other,0,0,0,5,2,,,,3
1997-03,Admiralty,Other,1,0,1,0,,,,,
1997-04,Admiralty,Other,0,0,0,1,,,,,1
1997-05,Admiralty,Other,0,0,0,1,,,,,1
1997-06,Admiralty,Other,0,1,0,2,,,,,2
1997-07,Admiralty,Other,0,1,0,3,,,,,3
1997-08,Admiralty,Other,2,0,1,1,,,,,1
1997-09,Admiralty,Other,0,0,1,1,,,,,1
1997-11,Admiralty,Other,0,0,0,2,,,,,2
1997-12,Admiralty,Other,1,0,0,0,,,,,
1998-01,Admiralty,Other,1,1,0,0,,,,,
1998-02,Admiralty,Other,2,4,0,0,,,,,
1998-03,Admiralty,Other,1,0,0,1,,,,,1
1998-04,Admiralty,Other,7,7,0,0,,,,,
1998-05,Admiralty,Other,0,1,0,0,,,,,
1998-06,Admiralty,Other,1,0,0,0,,,,,
1998-08,Admiralty,Other,0,1,0,1,,,,1,
1998-09,Admiralty,Other,1,0,0,2,,,,,2
1998-10,Admiralty,Other,0,0,0,2,,,,,2
1998-11,Admiralty,Other,1,0,0,0,,,,,
1999-02,Admiralty,Other,1,2,1,0,,,,,
1999-03,Admiralty,Other,4,3,0,0,,,,,
1999-04,Admiralty,Other,3,1,1,1,,,,,1
1999-06,Admiralty,Other,1,1,0,0,,,,,
1999-07,Admiralty,Other,0,0,0,1,,,,,1
1999-08,Admiralty,Other,0,0,0,1,,,,,1
1999-09,Admiralty,Other,0,0,1,1,1,,,,
1999-10,Admiralty,Other,1,2,0,1,,,,,1
1999-11,Admiralty,Other,1,0,0,0,,,,,
1999-12,Admiralty,Other,0,0,0,1,,,,,1
2000-01,Admiralty,Other,0,1,0,0,,,,,
2000-02,Admiralty,Other,1,0,0,1,1,,,,
2000-03,Admiralty,Other,2,1,0,1,,1,,,
2000-04,Admiralty,Other,2,1,0,1,,,,,1
2000-05,Admiralty,Other,0,0,0,2,,,,,2
2000-06,Admiralty,Other,0,2,0,2,2,,,,
2000-07,Admiralty,Other,1,0,0,1,,,,1,
2000-08,Admiralty,Other,0,1,0,2,,1,,1,
2000-10,Admiralty,Other,1,0,0,0,,,,,
2000-11,Admiralty,Other,1,0,0,0,,,,,
2001-01,Admiralty,Other,0,0,0,1,,,,,1
2001-03,Admiralty,Other,1,1,0,1,,,,,1
2001-05,Admiralty,Other,3,3,0,1,,,,,1
2001-08,Admiralty,Other,1,0,1,0,,,,,
2001-09,Admiralty,Other,1,1,0,2,,,,1,1
2001-10,Admiralty,Other,0,2,0,7,,7,,,
2001-11,Admiralty,Other,2,0,0,0,,,,,
2001-12,Admiralty,Other,0,0,0,1,1,,,,
2002-01,Admiralty,Other,0,0,0,1,,,,,1
2002-02,Admiralty,Other,0,0,0,1,,,,,1
2002-04,Admiralty,Other,0,0,0,2,,,,1,1
2002-05,Admiralty,Other,3,1,0,0,,,,,
2002-06,Admiralty,Other,1,0,0,0,,,,,
2002-08,Admiralty,Other,1,0,0,0,,,,,
2002-09,Admiralty,Other,1,1,0,0,,,,,
2002-10,Admiralty,Other,1,1,0,0,,,,,
2002-11,Admiralty,Other,0,0,1,0,,,,,
2002-12,Admiralty,Other,0,0,0,1,,,,,1
2003-02,Admiralty,Other,2,2,0,0,,,,,
2003-03,Admiralty,Other,0,0,0,1,,,,,1
2003-04,Admiralty,Other,0,0,1,0,,,,,
2003-05,Admiralty,Other,2,1,0,0,,,,,
2003-06,Admiralty,Other,1,1,0,0,,,,,
2003-09,Admiralty,Other,0,0,2,1,,1,,,
2003-10,Admiralty,Other,0,1,0,0,,,,,
2003-11,Admiralty,Other,1,0,0,0,,,,,
2004-01,Admiralty,Other,0,0,0,2,1,,,,1
2004-02,Admiralty,Other,1,1,0,0,,,,,
2004-03,Admiralty,Other,1,1,0,1,,,,,1
2004-07,Admiralty,Other,0,0,0,1,1,,,,
2004-11,Admiralty,Other,2,1,0,0,,,,,
2004-12,Admiralty,Other,0,0,0,1,,,,,1
2005-01,Admiralty,Other,0,1,0,0,,,,,
2005-02,Admiralty,Other,0,1,0,0,,,,,
2005-03,Admiralty,Other,1,1,0,0,,,,,
2005-04,Admiralty,Other,1,1,0,0,,,,,
2005-05,Admiralty,Other,1,0,0,0,,,,,
2005-06,Admiralty,Other,0,0,0,1,1,,,,
2005-07,Admiralty,Other,0,0,0,1,,,,,1
2005-08,Admiralty,Other,1,0,0,0,,,,,
2005-09,Admiralty,Other,0,1,1,1,1,,,,
2005-10,Admiralty,Other,1,0,0,0,,,,,
2005-11,Admiralty,Other,1,0,0,1,,,,,1
2005-12,Admiralty,Other,1,0,0,1,,,,,1
2006-01,Admiralty,Other,0,2,0,0,,,,,
2006-02,Admiralty,Other,2,2,0,0,,,,,
2006-03,Admiralty,Other,3,2,1,1,,,,,1
2006-04,Admiralty,Other,0,1,0,2,,,,,2
2006-06,Admiralty,Other,1,1,0,0,,,,,
2006-07,Admiralty,Other,1,1,0,2,,,,,2
2006-09,Admiralty,Other,0,2,0,1,,,,,1
2006-10,Admiralty,Other,2,1,0,0,,,,,
2006-11,Admiralty,Other,1,0,1,0,,,,,
2006-12,Admiralty,Other,0,0,0,2,,,,2,
2007-01,Admiralty,Other,1,0,0,2,,1,,,1
2007-05,Admiralty,Other,2,3,0,1,1,,,,
2007-06,Admiralty,Other,2,1,0,1,,,,,1
2007-07,Admiralty,Other,0,0,0,1,,,,,1
2007-09,Admiralty,Other,1,1,0,1,,,,1,
2007-10,Admiralty,Other,0,1,0,0,,,,,
2008-01,Admiralty,Other,0,0,0,1,,,,,1
2008-03,Admiralty,Other,0,0,0,1,,,,,1
2008-04,Admiralty,Other,1,2,0,2,,,1,,1
2008-05,Admiralty,Other,1,1,0,0,,,,,
2008-06,Admiralty,Other,0,1,0,1,1,,,,
2008-07,Admiralty,Other,0,0,0,1,1,,,,
2008-08,Admiralty,Other,0,0,0,1,,,,,1
2008-09,Admiralty,Other,1,0,0,3,,1,,,2
2008-11,Admiralty,Other,2,3,0,1,,,,,1
2008-12,Admiralty,Other,1,0,0,0,,,,,
2009-02,Admiralty,Other,1,0,0,2,1,,,,1
2009-04,Admiralty,Other,2,0,1,0,,,,,
2009-07,Admiralty,Other,1,0,0,1,,,,,1
2009-08,Admiralty,Other,0,0,0,1,,,,1,
2010-01,Admiralty,Other,1,1,0,0,,,,,
2010-03,Admiralty,Other,0,0,0,1,,,,1,
2010-05,Admiralty,Other,1,1,0,0,,,,,
2010-11,Admiralty,Other,0,0,0,1,,,,1,
2010-12,Admiralty,Other,0,1,0,0,,,,,
2011-01,Admiralty,Other,1,0,0,0,,,,,
2011-02,Admiralty,Other,1,1,0,2,,,,1,1
2011-03,Admiralty,Other,0,0,0,1,,,,,1
2011-05,Admiralty,Other,0,0,0,1,,,,,1
2011-06,Admiralty,Other,0,1,0,0,,,,,
2011-08,Admiralty,Other,1,0,0,1,,,,,1
2011-09,Admiralty,Other,0,0,1,0,,,,,
2011-10,Admiralty,Other,1,0,0,0,,,,,
2011-12,Admiralty,Other,0,2,1,0,,,,,
2012-02,Admiralty,Other,1,0,0,0,,,,,
2012-03,Admiralty,Other,1,1,0,0,,,,,
2012-04,Admiralty,Other,1,0,0,1,,1,,,
2012-05,Admiralty,Other,1,0,0,0,,,,,
2012-09,Admiralty,Other,1,1,0,0,,,,,
2012-11,Admiralty,Other,0,0,0,2,,1,,,1
2013-02,Admiralty,Other,0,1,0,0,,,,,
2013-06,Admiralty,Other,0,0,0,1,,,,,1
2013-07,Admiralty,Other,2,2,0,0,,,,,
2013-09,Admiralty,Other,1,0,0,0,,,,,
2013-10,Admiralty,Other,0,0,1,0,,,,,
2013-11,Admiralty,Other,1,0,1,0,,,,,
2014-04,Admiralty,Other,1,2,0,0,,,,,
2014-05,Admiralty,Other,0,0,0,1,,,,1,
2014-07,Admiralty,Other,0,0,0,1,,,,,1
2015-02,Admiralty,Other,1,0,0,0,,,,,
2015-04,Admiralty,Other,1,1,0,1,1,,,,
2015-05,Admiralty,Other,1,0,0,1,,,,1,
2015-06,Admiralty,Other,0,1,0,2,,2,,,
2015-10,Admiralty,Other,0,0,0,1,,,,,1
2015-11,Admiralty,Other,0,1,0,0,,,,,
2016-03,Admiralty,Other,2,1,0,1,,,,,1
2016-06,Admiralty,Other,0,0,1,0,,,,,
2016-08,Admiralty,Other,0,1,0,0,,,,,
2016-11,Admiralty,Other,0,1,0,1,,,,1,
2016-12,Admiralty,Other,1,0,0,0,,,,,
2017-03,Admiralty,Other,0,1,0,0,,,,,
2017-04,Admiralty,Other,1,0,0,0,,,,,
2017-06,Admiralty,Other,1,0,0,0,,,,,
2017-10,Admiralty,Other,0,1,0,1,,1,,,
2017-11,Admiralty,Other,1,0,0,0,,,,,
2017-12,Admiralty,Other,1,0,0,0,,,,,
2018-02,Admiralty,Other,0,1,0,0,,,,,
2018-03,Admiralty,Other,0,0,0,2,1,,,,1
2018-04,Admiralty,Other,1,1,0,0,,,,,
2018-05,Admiralty,Other,1,1,0,0,,,,,
2018-07,Admiralty,Other,1,0,0,1,,1,,,
2018-08,Admiralty,Other,0,0,0,1,,,,1,
2018-10,Admiralty,Other,0,0,0,1,,1,,,
2018-12,Admiralty,Other,0,2,0,0,,,,,
2019-01,Admiralty,Other,3,0,1,0,,,,,
2019-05,Admiralty,Other,1,0,0,0,,,,,
2019-06,Admiralty,Other,1,0,0,0,,,,,
2019-07,Admiralty,Other,0,0,1,0,,,,,
2019-09,Admiralty,Other,0,0,0,2,,,,2,
2019-10,Admiralty,Other,1,0,0,0,,,,,
2019-12,Admiralty,Other,1,1,0,0,,,,,
2020-03,Admiralty,Other,0,0,1,0,,,,,
2020-04,Admiralty,Other,0,0,0,1,,,,1,
2020-06,Admiralty,Other,1,0,0,0,,,,,
2020-08,Admiralty,Other,0,0,0,1,,,,,1
2020-09,Admiralty,Other,0,0,1,0,,,,,
2021-02,Admiralty,Other,1,1,0,0,,,,,
2021-09,Admiralty,Other,0,0,1,0,,,,,
2021-11,Admiralty,Other,0,0,0,1,,1,,,
2022-05,Admiralty,Other,0,0,0,1,1,,,,
2022-07,Admiralty,Other,1,1,0,0,,,,,
2022-08,Admiralty,Other,0,0,0,1,,,,,1
2023-02,Admiralty,Other,0,0,0,1,1,,,,
2023-08,Admiralty,Other,1,0,1,0,,,,,
2023-09,Admiralty,Other,0,1,0,0,,,,,
2023-10,Admiralty,Other,1,0,0,0,,,,,
2024-01,Admiralty,Other,0,0,0,1,,1,,,
2024-09,Admiralty,Other,1,1,0,0,,,,,
2025-03,Admiralty,Other,1,1,0,1,,,,,1
1995-01,Asset Forfeiture,Other,1,0,0,0,,,,,
1996-01,Asset Forfeiture,Other,1,1,0,0,,,,,
1996-09,Asset Forfeiture,Other,1,1,0,0,,,,,
1996-11,Asset Forfeiture,Other,2,1,0,0,,,,,
1997-02,Asset Forfeiture,Other,1,0,0,0,,,,,
1997-03,Asset Forfeiture,Other,1,0,0,1,,,,,1
1997-06,Asset Forfeiture,Other,0,1,0,0,,,,,
1997-07,Asset Forfeiture,Other,1,0,0,0,,,,,
1997-10,Asset Forfeiture,Other,1,0,0,0,,,,,
1998-03,Asset Forfeiture,Other,1,0,0,0,,,,,
1998-04,Asset Forfeiture,Other,0,1,0,0,,,,,
1998-05,Asset Forfeiture,Other,1,0,0,0,,,,,
1998-06,Asset Forfeiture,Other,1,1,0,0,,,,,
1998-07,Asset Forfeiture,Other,4,0,0,0,,,,,
1998-08,Asset Forfeiture,Other,5,0,0,0,,,,,
1998-09,Asset Forfeiture,Other,2,0,0,0,,,,,
1998-10,Asset Forfeiture,Other,3,0,0,0,,,,,
1998-11,Asset Forfeiture,Other,1,1,0,0,,,,,
1998-12,Asset Forfeiture,Other,3,0,0,0,,,,,
1999-01,Asset Forfeiture,Other,1,0,0,0,,,,,
1999-02,Asset Forfeiture,Other,3,0,1,0,,,,,
1999-03,Asset Forfeiture,Other,4,1,0,0,,,,,
1999-04,Asset Forfeiture,Other,3,0,0,0,,,,,
1999-05,Asset Forfeiture,Other,4,0,0,1,1,,,,
1999-06,Asset Forfeiture,Other,5,3,0,0,,,,,
1999-07,Asset Forfeiture,Other,10,5,0,0,,,,,
1999-08,Asset Forfeiture,Other,1,1,0,1,,,,,1
1999-09,Asset Forfeiture,Other,1,2,0,2,1,,,,1
1999-10,Asset Forfeiture,Other,9,7,0,1,,1,,,
1999-11,Asset Forfeiture,Other,2,0,3,2,1,,,,1
1999-12,Asset Forfeiture,Other,1,2,0,0,,,,,
2000-01,Asset Forfeiture,Other,2,1,2,1,,,,,1
2000-02,Asset Forfeiture,Other,7,2,7,1,1,,,,
2000-03,Asset Forfeiture,Other,2,1,10,4,1,,,,3
2000-04,Asset Forfeiture,Other,2,0,3,8,,,,,8
2000-05,Asset Forfeiture,Other,0,0,5,3,2,,,,1
2000-06,Asset Forfeiture,Other,8,1,3,0,,,,,
2000-07,Asset Forfeiture,Other,2,0,5,0,,,,,
2000-08,Asset Forfeiture,Other,8,3,2,2,1,1,,,
2000-09,Asset Forfeiture,Other,1,1,6,1,,1,,,
2000-10,Asset Forfeiture,Other,2,1,2,1,,,,,1
2000-11,Asset Forfeiture,Other,2,1,2,1,,,,,1
2000-12,Asset Forfeiture,Other,0,0,1,1,,,,,1
2001-01,Asset Forfeiture,Other,4,0,1,0,,,,,
2001-02,Asset Forfeiture,Other,4,0,2,1,,1,,,
2001-03,Asset Forfeiture,Other,0,1,0,0,,,,,
2001-04,Asset Forfeiture,Other,4,1,7,2,,,,,2
2001-05,Asset Forfeiture,Other,1,1,0,4,3,,,,1
2001-06,Asset Forfeiture,Other,7,3,0,0,,,,,
2001-07,Asset Forfeiture,Other,1,0,1,1,,,,,1
2001-08,Asset Forfeiture,Other,1,1,3,0,,,,,
2001-09,Asset Forfeiture,Other,1,1,3,1,,,,,1
2001-10,Asset Forfeiture,Other,0,0,0,2,1,,,,1
2001-11,Asset Forfeiture,Other,1,2,1,2,,,,,2
2001-12,Asset Forfeiture,Other,5,0,1,0,,,,,
2002-01,Asset Forfeiture,Other,0,0,0,1,,,,,1
2002-02,Asset Forfeiture,Other,2,1,0,2,,,,1,1
2002-03,Asset Forfeiture,Other,6,1,2,2,1,,,,1
2002-04,Asset Forfeiture,Other,3,3,1,0,,,,,
2002-05,Asset Forfeiture,Other,2,1,4,0,,,,,
2002-06,Asset Forfeiture,Other,2,1,0,0,,,,,
2002-07,Asset Forfeiture,Other,1,1,1,0,,,,,
2002-08,Asset Forfeiture,Other,2,2,0,4,1,,1,,2
2002-09,Asset Forfeiture,Other,5,1,3,1,1,,,,
2002-10,Asset Forfeiture,Other,2,0,2,2,2,,,,
2002-11,Asset Forfeiture,Other,0,0,0,1,,,,,1
2002-12,Asset Forfeiture,Other,1,0,0,1,1,,,,
2003-01,Asset Forfeiture,Other,2,0,2,0,,,,,
2003-02,Asset Forfeiture,Other,0,0,1,0,,,,,
2003-03,Asset Forfeiture,Other,5,1,1,0,,,,,
2003-04,Asset Forfeiture,Other,2,1,3,3,,,,,3
2003-05,Asset Forfeiture,Other,5,4,2,1,,,,,1
2003-06,Asset Forfeiture,Other,8,1,5,1,,,,,1
2003-07,Asset Forfeiture,Other,1,1,0,0,,,,,
2003-08,Asset Forfeiture,Other,0,1,1,0,,,,,
2003-09,Asset Forfeiture,Other,3,2,1,0,,,,,
2003-10,Asset Forfeiture,Other,2,0,0,0,,,,,
2003-11,Asset Forfeiture,Other,1,1,1,0,,,,,
2003-12,Asset Forfeiture,Other,2,1,2,1,1,,,,
2004-01,Asset Forfeiture,Other,3,1,1,2,,,,,2
2004-02,Asset Forfeiture,Other,3,1,2,1,,1,,,
2004-03,Asset Forfeiture,Other,2,0,5,0,,,,,
2004-04,Asset Forfeiture,Other,0,0,0,1,,,,,1
2004-05,Asset Forfeiture,Other,2,2,0,1,,,,,1
2004-06,Asset Forfeiture,Other,2,1,0,1,,,,,1
2004-07,Asset Forfeiture,Other,2,1,1,0,,,,,
2004-08,Asset Forfeiture,Other,3,0,0,1,,,,,1
2004-09,Asset Forfeiture,Other,4,3,6,0,,,,,
2004-10,Asset Forfeiture,Other,3,1,2,2,,1,,,1
2004-11,Asset Forfeiture,Other,5,2,2,2,,,1,,1
2004-12,Asset Forfeiture,Other,7,2,0,2,,1,,,1
2005-01,Asset Forfeiture,Other,3,1,1,1,,,,1,
2005-02,Asset Forfeiture,Other,3,0,2,1,1,,,,
2005-03,Asset Forfeiture,Other,6,1,5,2,1,,,,1
2005-04,Asset Forfeiture,Other,6,1,6,2,,,,,2
2005-05,Asset Forfeiture,Other,0,0,2,0,,,,,
2005-06,Asset Forfeiture,Other,9,4,4,3,1,,,,2
2005-07,Asset Forfeiture,Other,0,0,4,1,1,,,,
2005-08,Asset Forfeiture,Other,3,1,1,0,,,,,
2005-09,Asset Forfeiture,Other,5,2,3,2,,,,,2
2005-10,Asset Forfeiture,Other,1,0,2,1,1,,,,
2005-11,Asset Forfeiture,Other,5,0,0,1,,,,,1
2005-12,Asset Forfeiture,Other,2,2,1,0,,,,,
2006-01,Asset Forfeiture,Other,1,0,3,1,,,,,1
2006-02,Asset Forfeiture,Other,10,0,2,0,,,,,
2006-03,Asset Forfeiture,Other,2,0,3,1,1,,,,
2006-04,Asset Forfeiture,Other,3,3,5,1,1,,,,
2006-05,Asset Forfeiture,Other,2,1,1,0,,,,,
2006-06,Asset Forfeiture,Other,9,1,7,4,1,,1,,2
2006-07,Asset Forfeiture,Other,1,1,1,2,1,,,,1
2006-08,Asset Forfeiture,Other,2,0,1,1,,,,,1
2006-09,Asset Forfeiture,Other,6,2,3,1,,,,,1
2006-10,Asset Forfeiture,Other,5,0,3,1,,,,,1
2006-11,Asset Forfeiture,Other,1,0,1,0,,,,,
2006-12,Asset Forfeiture,Other,3,3,2,0,,,,,
2007-01,Asset Forfeiture,Other,2,1,3,1,1,,,,
2007-02,Asset Forfeiture,Other,2,0,0,1,1,,,,
2007-03,Asset Forfeiture,Other,2,2,0,2,2,,,,
2007-04,Asset Forfeiture,Other,1,1,0,0,,,,,
2007-05,Asset Forfeiture,Other,5,0,2,0,,,,,
2007-06,Asset Forfeiture,Other,10,3,3,4,,,,,4
2007-07,Asset Forfeiture,Other,4,1,2,0,,,,,
2007-08,Asset Forfeiture,Other,1,4,3,2,,,,,2
2007-09,Asset Forfeiture,Other,3,4,0,0,,,,,
2007-10,Asset Forfeiture,Other,2,1,1,0,,,,,
2007-11,Asset Forfeiture,Other,1,0,2,1,,,,,1
2007-12,Asset Forfeiture,Other,1,0,2,0,,,,,
2008-01,Asset Forfeiture,Other,1,0,1,1,,1,,,
2008-02,Asset Forfeiture,Other,0,0,1,0,,,,,
2008-03,Asset Forfeiture,Other,3,1,8,2,1,,,,1
2008-04,Asset Forfeiture,Other,2,1,0,1,1,,,,
2008-05,Asset Forfeiture,Other,3,1,0,0,,,,,
2008-06,Asset Forfeiture,Other,2,0,0,1,,,,,1
2008-07,Asset Forfeiture,Other,2,2,4,2,1,,,,1
2008-08,Asset Forfeiture,Other,5,1,0,2,,,,,2
2008-09,Asset Forfeiture,Other,2,0,2,2,2,,,,
2008-10,Asset Forfeiture,Other,1,0,1,0,,,,,
2008-11,Asset Forfeiture,Other,1,0,0,0,,,,,
2008-12,Asset Forfeiture,Other,0,1,0,3,3,,,,
2009-01,Asset Forfeiture,Other,0,0,3,1,,,,,1
2009-02,Asset Forfeiture,Other,2,1,2,0,,,,,
2009-03,Asset Forfeiture,Other,2,0,1,4,4,,,,
2009-04,Asset Forfeiture,Other,2,0,2,0,,,,,
2009-05,Asset Forfeiture,Other,4,0,2,0,,,,,
2009-06,Asset Forfeiture,Other,0,1,2,0,,,,,
2009-07,Asset Forfeiture,Other,0,1,0,1,,1,,,
2009-08,Asset Forfeiture,Other,0,1,0,0,,,,,
2009-09,Asset Forfeiture,Other,2,1,1,0,,,,,
2009-10,Asset Forfeiture,Other,1,1,0,0,,,,,
2009-11,Asset Forfeiture,Other,0,1,0,0,,,,,
2009-12,Asset Forfeiture,Other,1,0,0,1,,,,,1
2010-01,Asset Forfeiture,Other,2,0,0,1,1,,,,
2010-02,Asset Forfeiture,Other,2,2,1,1,1,,,,
2010-03,Asset Forfeiture,Other,1,2,4,2,,,,,2
2010-04,Asset Forfeiture,Other,1,0,0,1,1,,,,
2010-05,Asset Forfeiture,Other,0,1,0,1,1,,,,
2010-06,Asset Forfeiture,Other,1,1,1,1,,,,,1
2010-07,Asset Forfeiture,Other,2,1,0,1,1,,,,
2010-08,Asset Forfeiture,Other,2,0,0,1,,,,,1
2010-09,Asset Forfeiture,Other,1,0,2,0,,,,,
2010-10,Asset Forfeiture,Other,3,2,1,0,,,,,
2010-11,Asset Forfeiture,Other,3,2,0,0,,,,,
2011-01,Asset Forfeiture,Other,2,0,3,0,,,,,
2011-02,Asset Forfeiture,Other,5,1,0,1,1,,,,
2011-03,Asset Forfeiture,Other,1,0,3,1,,,,,1
2011-04,Asset Forfeiture,Other,1,1,0,1,1,,,,
2011-05,Asset Forfeiture,Other,2,1,0,0,,,,,
2011-06,Asset Forfeiture,Other,3,1,2,1,,,,,1
2011-07,Asset Forfeiture,Other,3,1,0,1,,,,,1
2011-08,Asset Forfeiture,Other,1,0,1,1,1,,,,
2011-09,Asset Forfeiture,Other,3,1,1,2,,1,,,1
2011-10,Asset Forfeiture,Other,2,0,1,0,,,,,
2011-11,Asset Forfeiture,Other,2,2,0,2,1,,,,1
2011-12,Asset Forfeiture,Other,0,2,1,1,,,,,1
2012-01,Asset Forfeiture,Other,3,0,1,1,,,,,1
2012-03,Asset Forfeiture,Other,2,0,1,1,,,,,1
2012-04,Asset Forfeiture,Other,2,1,0,0,,,,,
2012-05,Asset Forfeiture,Other,2,2,2,4,1,,,,3
2012-06,Asset Forfeiture,Other,2,1,1,1,,,,,1
2012-07,Asset Forfeiture,Other,2,1,2,1,1,,,,
2012-08,Asset Forfeiture,Other,1,0,0,0,,,,,
2012-09,Asset Forfeiture,Other,2,0,0,0,,,,,
2012-10,Asset Forfeiture,Other,1,1,0,1,1,,,,
2012-11,Asset Forfeiture,Other,3,2,2,0,,,,,
2012-12,Asset Forfeiture,Other,5,0,1,0,,,,,
2013-01,Asset Forfeiture,Other,8,2,0,1,,,,,1
2013-02,Asset Forfeiture,Other,7,1,2,2,1,,,,1
2013-03,Asset Forfeiture,Other,8,1,6,3,1,,,,2
2013-04,Asset Forfeiture,Other,6,2,3,1,,,,1,
2013-05,Asset Forfeiture,Other,6,0,0,1,1,,,,
2013-06,Asset Forfeiture,Other,4,1,2,1,,,,,1
2013-07,Asset Forfeiture,Other,4,1,3,1,,,,,1
2013-08,Asset Forfeiture,Other,5,0,11,0,,,,,
2013-09,Asset Forfeiture,Other,2,4,7,1,,,,,1
2013-10,Asset Forfeiture,Other,7,0,1,0,,,,,
2013-11,Asset Forfeiture,Other,6,0,3,1,1,,,,
2013-12,Asset Forfeiture,Other,7,2,1,1,,,,,1
2014-01,Asset Forfeiture,Other,1,1,2,2,1,,,,1
2014-02,Asset Forfeiture,Other,2,0,0,1,,,,1,
2014-03,Asset Forfeiture,Other,3,0,4,0,,,,,
2014-04,Asset Forfeiture,Other,2,0,2,1,1,,,,
2014-05,Asset Forfeiture,Other,3,1,14,2,,1,,,1
2014-06,Asset Forfeiture,Other,0,0,2,1,,,,,1
2014-07,Asset Forfeiture,Other,1,1,1,0,,,,,
2014-08,Asset Forfeiture,Other,5,1,3,1,,,,,1
2014-09,Asset Forfeiture,Other,4,3,5,0,,,,,
2014-10,Asset Forfeiture,Other,5,1,0,0,,,,,
2014-11,Asset Forfeiture,Other,1,1,4,1,,,,,1
2014-12,Asset Forfeiture,Other,2,1,1,0,,,,,
2015-02,Asset Forfeiture,Other,2,0,2,1,,,,,1
2015-03,Asset Forfeiture,Other,0,0,0,1,1,,,,
2015-04,Asset Forfeiture,Other,0,0,1,0,,,,,
2015-05,Asset Forfeiture,Other,1,2,0,1,1,,,,
2015-06,Asset Forfeiture,Other,1,2,2,1,,,,,1
2015-07,Asset Forfeiture,Other,7,0,1,1,,1,,,
2015-08,Asset Forfeiture,Other,1,1,0,0,,,,,
2015-09,Asset Forfeiture,Other,5,0,1,1,1,,,,
2015-10,Asset Forfeiture,Other,4,0,5,2,,,,1,1
2015-11,Asset Forfeiture,Other,1,1,1,0,,,,,
2015-12,Asset Forfeiture,Other,5,1,0,0,,,,,
2016-01,Asset Forfeiture,Other,8,1,2,0,,,,,
2016-02,Asset Forfeiture,Other,3,2,11,0,,,,,
2016-03,Asset Forfeiture,Other,2,0,2,1,,,,1,
2016-04,Asset Forfeiture,Other,3,1,0,1,1,,,,
2016-05,Asset Forfeiture,Other,1,0,1,2,1,,,,1
2016-06,Asset Forfeiture,Other,2,1,0,2,1,,,,1
2016-07,Asset Forfeiture,Other,4,3,0,1,1,,,,
2016-08,Asset Forfeiture,Other,7,0,0,1,1,,,,
2016-09,Asset Forfeiture,Other,4,2,7,0,,,,,
2016-10,Asset Forfeiture,Other,4,1,1,2,,1,,,1
2016-11,Asset Forfeiture,Other,2,2,0,0,,,,,
2016-12,Asset Forfeiture,Other,5,3,1,1,1,,,,
2017-01,Asset Forfeiture,Other,3,3,0,1,1,,,,
2017-02,Asset Forfeiture,Other,7,2,1,4,2,,,,2
2017-03,Asset Forfeiture,Other,7,3,12,2,1,,,,1
2017-04,Asset Forfeiture,Other,0,1,0,1,1,,,,
2017-05,Asset Forfeiture,Other,5,0,1,1,1,,,,
2017-06,Asset Forfeiture,Other,0,0,0,2,1,,,,1
2017-07,Asset Forfeiture,Other,7,1,5,0,,,,,
2017-08,Asset Forfeiture,Other,4,1,3,0,,,,,
2017-09,Asset Forfeiture,Other,9,2,8,1,,,,,1
2017-10,Asset Forfeiture,Other,7,1,1,2,1,,,,1
2017-11,Asset Forfeiture,Other,7,0,2,0,,,,,
2017-12,Asset Forfeiture,Other,9,4,1,1,,,,,1
2018-01,Asset Forfeiture,Other,3,2,6,2,,1,,,1
2018-02,Asset Forfeiture,Other,9,5,10,1,1,,,,
2018-03,Asset Forfeiture,Other,15,2,8,4,2,,,,2
2018-04,Asset Forfeiture,Other,10,4,4,2,,,,,2
2018-05,Asset Forfeiture,Other,7,1,5,3,1,,,,2
2018-06,Asset Forfeiture,Other,11,1,9,2,,,,,2
2018-07,Asset Forfeiture,Other,3,3,5,2,2,,,,
2018-08,Asset Forfeiture,Other,6,0,3,3,,,,,3
2018-09,Asset Forfeiture,Other,2,4,6,1,1,,,,
2018-10,Asset Forfeiture,Other,2,3,1,1,,,,,1
2018-11,Asset Forfeiture,Other,7,3,1,3,,,,,3
2018-12,Asset Forfeiture,Other,7,2,1,1,,,,,1
2019-01,Asset Forfeiture,Other,4,1,0,4,,,,2,2
2019-02,Asset Forfeiture,Other,8,0,1,1,1,,,,
2019-03,Asset Forfeiture,Other,5,2,4,4,,,,1,3
2019-04,Asset Forfeiture,Other,7,2,2,1,,,,,1
2019-05,Asset Forfeiture,Other,8,0,5,2,1,,,,1
2019-06,Asset Forfeiture,Other,16,4,3,2,2,,,,
2019-07,Asset Forfeiture,Other,8,2,2,0,,,,,
2019-08,Asset Forfeiture,Other,11,4,13,0,,,,,
2019-09,Asset Forfeiture,Other,8,1,2,2,,,,,2
2019-10,Asset Forfeiture,Other,9,1,2,4,3,,,,1
2019-11,Asset Forfeiture,Other,1,0,3,1,1,,,,
2019-12,Asset Forfeiture,Other,5,1,0,3,1,,,1,1
2020-01,Asset Forfeiture,Other,7,3,3,1,1,,,,
2020-02,Asset Forfeiture,Other,7,0,1,2,,,,,2
2020-03,Asset Forfeiture,Other,1,1,5,2,1,,,,1
2020-04,Asset Forfeiture,Other,7,1,3,1,1,,,,
2020-05,Asset Forfeiture,Other,11,8,4,0,,,,,
2020-06,Asset Forfeiture,Other,5,0,1,1,,,,1,
2020-07,Asset Forfeiture,Other,6,2,4,0,,,,,
2020-08,Asset Forfeiture,Other,5,1,0,2,2,,,,
2020-09,Asset Forfeiture,Other,6,2,5,0,,,,,
2020-10,Asset Forfeiture,Other,11,2,1,1,1,,,,
2020-11,Asset Forfeiture,Other,6,1,0,0,,,,,
2020-12,Asset Forfeiture,Other,9,2,1,0,,,,,
2021-01,Asset Forfeiture,Other,17,0,5,0,,,,,
2021-02,Asset Forfeiture,Other,11,1,1,0,,,,,
2021-03,Asset Forfeiture,Other,9,2,2,0,,,,,
2021-04,Asset Forfeiture,Other,15,2,2,1,1,,,,
2021-05,Asset Forfeiture,Other,3,2,0,1,1,,,,
2021-06,Asset Forfeiture,Other,11,2,4,3,2,,,,1
2021-07,Asset Forfeiture,Other,6,1,2,3,1,1,,,1
2021-08,Asset Forfeiture,Other,8,1,3,0,,,,,
2021-09,Asset Forfeiture,Other,6,1,7,1,,1,,,
2021-10,Asset Forfeiture,Other,4,2,4,2,1,,1,,
2021-11,Asset Forfeiture,Other,8,0,1,0,,,,,
2021-12,Asset Forfeiture,Other,4,0,2,0,,,,,
2022-01,Asset Forfeiture,Other,6,0,3,1,,,,,1
2022-02,Asset Forfeiture,Other,8,0,0,4,3,,,,1
2022-03,Asset Forfeiture,Other,11,1,6,1,1,,,,
2022-04,Asset Forfeiture,Other,5,3,8,0,,,,,
2022-05,Asset Forfeiture,Other,13,4,1,0,,,,,
2022-06,Asset Forfeiture,Other,5,1,1,0,,,,,
2022-07,Asset Forfeiture,Other,0,0,0,3,2,,,,1
2022-08,Asset Forfeiture,Other,14,1,8,4,1,,,,3
2022-09,Asset Forfeiture,Other,5,1,2,1,,,,,1
2022-10,Asset Forfeiture,Other,5,0,2,0,,,,,
2022-11,Asset Forfeiture,Other,1,2,2,2,1,,,,1
2022-12,Asset Forfeiture,Other,2,0,1,1,,,,,1
2023-01,Asset Forfeiture,Other,4,1,3,2,1,,1,,
2023-02,Asset Forfeiture,Other,1,1,4,10,,,,,10
2023-03,Asset Forfeiture,Other,3,1,2,2,1,,,,1
2023-04,Asset Forfeiture,Other,5,1,4,1,,,,,1
2023-05,Asset Forfeiture,Other,2,1,2,1,,,,1,
2023-06,Asset Forfeiture,Other,8,2,1,3,,,,,3
2023-07,Asset Forfeiture,Other,10,4,0,2,,1,,,1
2023-08,Asset Forfeiture,Other,3,1,4,2,1,,,,1
2023-09,Asset Forfeiture,Other,6,3,3,1,,,,,1
2023-10,Asset Forfeiture,Other,8,2,2,2,2,,,,
2023-11,Asset Forfeiture,Other,4,0,4,0,,,,,
2023-12,Asset Forfeiture,Other,2,0,2,0,,,,,
2024-01,Asset Forfeiture,Other,2,0,2,1,1,,,,
2024-02,Asset Forfeiture,Other,2,1,2,0,,,,,
2024-03,Asset Forfeiture,Other,11,0,3,2,,,,1,1
2024-04,Asset Forfeiture,Other,1,0,3,1,,,,,1
2024-05,Asset Forfeiture,Other,3,1,1,0,,,,,
2024-06,Asset Forfeiture,Other,16,1,2,2,,,,,2
2024-07,Asset Forfeiture,Other,4,0,11,1,1,,,,
2024-08,Asset Forfeiture,Other,3,1,4,1,,,,,1
2024-09,Asset Forfeiture,Other,4,0,0,2,1,,,,1
2024-10,Asset Forfeiture,Other,2,1,1,0,,,,,
2024-11,Asset Forfeiture,Other,5,0,1,0,,,,,
2024-12,Asset Forfeiture,Other,3,0,1,1,1,,,,
2025-01,Asset Forfeiture,Other,2,2,2,1,,,,,1
2025-02,Asset Forfeiture,Other,3,1,1,2,1,,,,1
2025-03,Asset Forfeiture,Other,3,2,4,0,,,,,
2025-04,Asset Forfeiture,Other,2,0,3,1,1,,,,
2025-05,Asset Forfeiture,Other,5,2,0,1,1,,,,
2025-06,Asset Forfeiture,Other,1,1,0,0,,,,,
2025-07,Asset Forfeiture,Other,3,1,2,0,,,,,
2025-08,Asset Forfeiture,Other,2,0,0,0,,,,,
2025-09,Asset Forfeiture,Other,5,1,6,0,,,,,
2025-10,Asset Forfeiture,Other,2,1,16,1,1,,,,
2025-12,Asset Forfeiture,Other,1,0,1,0,,,,,
2026-01,Asset Forfeiture,Other,0,0,2,0,,,,,
2026-02,Asset Forfeiture,Other,3,2,0,0,,,,,
2026-03,Asset Forfeiture,Other,1,0,14,2,,,,,2
2026-04,Asset Forfeiture,Other,1,1,2,0,,,,,
2026-05,Asset Forfeiture,Other,1,1,0,0,,,,,
1994-10,Bankruptcy,Other,35,39,0,6,2,,,,4
1994-11,Bankruptcy,Other,21,48,0,2,,,,,2
1994-12,Bankruptcy,Other,52,53,0,11,4,,,,7
1995-01,Bankruptcy,Other,41,75,0,9,2,,,,7
1995-02,Bankruptcy,Other,27,62,0,9,5,,,,4
1995-03,Bankruptcy,Other,60,92,0,11,5,,,,6
1995-04,Bankruptcy,Other,67,89,0,17,4,,,1,12
1995-05,Bankruptcy,Other,50,87,0,13,6,,,1,6
1995-06,Bankruptcy,Other,46,74,0,26,14,,,,12
1995-07,Bankruptcy,Other,66,93,0,16,11,,,,5
1995-08,Bankruptcy,Other,47,88,0,19,3,,,,16
1995-09,Bankruptcy,Other,102,100,0,17,11,,,,6
1995-10,Bankruptcy,Other,68,107,0,15,6,,,,9
1995-11,Bankruptcy,Other,49,112,0,22,12,,,,10
1995-12,Bankruptcy,Other,59,96,0,17,7,,,,10
1996-01,Bankruptcy,Other,77,145,0,17,12,,1,,4
1996-02,Bankruptcy,Other,77,101,0,22,9,1,,,12
1996-03,Bankruptcy,Other,86,163,0,24,10,1,,,13
1996-04,Bankruptcy,Other,98,162,0,18,8,,,,10
1996-05,Bankruptcy,Other,78,156,0,24,18,,,,6
1996-06,Bankruptcy,Other,58,116,0,26,8,,,,18
1996-07,Bankruptcy,Other,102,141,0,18,4,,,1,13
1996-08,Bankruptcy,Other,85,174,0,16,3,,,,13
1996-09,Bankruptcy,Other,77,151,0,18,2,,1,,15
1996-10,Bankruptcy,Other,78,171,0,14,5,,1,,8
1996-11,Bankruptcy,Other,67,145,0,10,1,,,,9
1996-12,Bankruptcy,Other,74,164,0,13,,,,,13
1997-01,Bankruptcy,Other,77,200,0,23,3,,,,20
1997-02,Bankruptcy,Other,81,170,0,19,2,,,,17
1997-03,Bankruptcy,Other,106,225,0,24,5,,,,19
1997-04,Bankruptcy,Other,94,231,0,23,3,,,,20
1997-05,Bankruptcy,Other,93,232,0,23,4,,,,19
1997-06,Bankruptcy,Other,142,284,0,36,12,,,1,23
1997-07,Bankruptcy,Other,139,273,0,45,14,,,1,30
1997-08,Bankruptcy,Other,191,319,0,53,28,,2,,23
1997-09,Bankruptcy,Other,242,378,0,67,46,,1,1,19
1997-10,Bankruptcy,Other,191,337,0,53,30,,,,23
1997-11,Bankruptcy,Other,156,244,0,45,16,,,,29
1997-12,Bankruptcy,Other,168,315,1,51,12,,,1,38
1998-01,Bankruptcy,Other,207,337,0,36,7,,,,29
1998-02,Bankruptcy,Other,177,326,0,40,7,,,,33
1998-03,Bankruptcy,Other,213,344,0,72,12,,,,60
1998-04,Bankruptcy,Other,231,365,0,75,10,1,3,2,59
1998-05,Bankruptcy,Other,218,349,0,80,7,1,,,72
1998-06,Bankruptcy,Other,267,397,0,94,8,1,1,1,83
1998-07,Bankruptcy,Other,264,383,0,97,14,,,3,80
1998-08,Bankruptcy,Other,267,397,0,89,14,2,,2,71
1998-09,Bankruptcy,Other,306,508,0,87,18,,1,1,67
1998-10,Bankruptcy,Other,479,666,0,168,18,1,,6,143
1998-11,Bankruptcy,Other,334,475,0,111,15,1,1,2,92
1998-12,Bankruptcy,Other,327,568,0,78,6,,3,1,68
1999-01,Bankruptcy,Other,356,640,0,75,11,2,2,2,58
1999-02,Bankruptcy,Other,398,660,0,137,11,3,1,3,119
1999-03,Bankruptcy,Other,687,994,0,198,12,1,3,9,173
1999-04,Bankruptcy,Other,660,847,0,123,12,4,3,6,98
1999-05,Bankruptcy,Other,686,923,0,140,23,3,2,6,106
1999-06,Bankruptcy,Other,904,1072,0,193,20,5,3,5,160
1999-07,Bankruptcy,Other,1080,1160,0,218,22,4,6,6,180
1999-08,Bankruptcy,Other,1258,1211,0,342,32,10,10,9,281
1999-09,Bankruptcy,Other,1338,1116,0,638,62,18,2,15,541
1999-10,Bankruptcy,Other,1194,1128,4,1312,146,44,13,26,1083
1999-11,Bankruptcy,Other,1214,1167,5,1330,200,31,8,36,1055
1999-12,Bankruptcy,Other,1341,1427,2,1166,112,45,4,36,969
2000-01,Bankruptcy,Other,1294,1369,8,1462,156,24,11,24,1247
2000-02,Bankruptcy,Other,1291,1364,9,1325,107,38,12,26,1142
2000-03,Bankruptcy,Other,1550,1477,20,1749,108,61,4,44,1532
2000-04,Bankruptcy,Other,1377,1278,4,1276,92,33,7,29,1115
2000-05,Bankruptcy,Other,1449,1331,3,1316,85,33,10,37,1151
2000-06,Bankruptcy,Other,1535,1342,3,1544,109,43,12,26,1354
2000-07,Bankruptcy,Other,1332,1139,2,1289,66,51,9,16,1147
2000-08,Bankruptcy,Other,1397,1294,5,1516,86,49,12,19,1350
2000-09,Bankruptcy,Other,1149,1140,5,1326,69,52,9,17,1179
2000-10,Bankruptcy,Other,1239,1312,8,1502,73,42,10,20,1357
2000-11,Bankruptcy,Other,1101,1182,4,1198,66,40,4,26,1062
2000-12,Bankruptcy,Other,1080,1129,0,1176,54,29,8,20,1065
2001-01,Bankruptcy,Other,1282,1520,6,1268,65,52,10,11,1130
2001-02,Bankruptcy,Other,1277,1448,1,1113,58,48,17,20,970
2001-03,Bankruptcy,Other,1359,1553,3,1403,72,43,12,27,1249
2001-04,Bankruptcy,Other,1404,1383,10,1322,85,41,19,16,1161
2001-05,Bankruptcy,Other,1544,1489,15,1306,83,41,12,15,1155
2001-06,Bankruptcy,Other,1493,1324,33,1309,72,49,13,23,1152
2001-07,Bankruptcy,Other,1615,1483,1,1429,93,36,22,21,1257
2001-08,Bankruptcy,Other,1457,1360,5,1684,118,68,14,26,1458
2001-09,Bankruptcy,Other,1134,1141,6,1459,90,50,8,14,1297
2001-10,Bankruptcy,Other,1259,1255,1,1427,95,54,4,16,1258
2001-11,Bankruptcy,Other,1269,1208,42,1330,88,42,17,19,1164
2001-12,Bankruptcy,Other,1082,1111,3,1072,91,29,6,14,932
2002-01,Bankruptcy,Other,1208,1456,0,1082,87,24,7,29,935
2002-02,Bankruptcy,Other,1242,1419,2,1027,53,13,3,16,942
2002-03,Bankruptcy,Other,1503,1536,7,1534,85,27,14,11,1397
2002-04,Bankruptcy,Other,1690,1574,60,1505,79,27,10,15,1374
2002-05,Bankruptcy,Other,1486,1471,3,1507,64,14,5,23,1401
2002-06,Bankruptcy,Other,1562,1424,3,1274,81,26,3,13,1151
2002-07,Bankruptcy,Other,1589,1448,1,1625,86,31,8,19,1481
2002-08,Bankruptcy,Other,1576,1538,2,1530,97,26,19,7,1381
2002-09,Bankruptcy,Other,1288,1224,6,1481,61,36,10,29,1345
2002-10,Bankruptcy,Other,1402,1347,7,1643,78,70,8,23,1464
2002-11,Bankruptcy,Other,1311,1219,2,1256,55,22,4,22,1153
2002-12,Bankruptcy,Other,1183,1202,0,1241,66,37,3,11,1124
2003-01,Bankruptcy,Other,1351,1682,4,1283,61,27,3,15,1177
2003-02,Bankruptcy,Other,1278,1454,1,1236,71,23,4,17,1121
2003-03,Bankruptcy,Other,1357,1458,3,1375,62,27,3,28,1255
2003-04,Bankruptcy,Other,1469,1460,33,1451,103,24,7,11,1306
2003-05,Bankruptcy,Other,1545,1499,3,1326,68,33,7,14,1204
2003-06,Bankruptcy,Other,1438,1322,4,1305,70,49,8,25,1153
2003-07,Bankruptcy,Other,1402,1289,1,1354,60,19,7,30,1238
2003-08,Bankruptcy,Other,1277,1273,2,1376,45,25,6,17,1283
2003-09,Bankruptcy,Other,1355,1326,3,1697,45,62,6,26,1558
2003-10,Bankruptcy,Other,1411,1410,0,1302,57,29,7,19,1190
2003-11,Bankruptcy,Other,1127,1084,1,1275,33,52,6,19,1165
2003-12,Bankruptcy,Other,1202,1231,0,1286,35,27,4,22,1198
2004-01,Bankruptcy,Other,1148,1319,1,1217,45,31,5,16,1120
2004-02,Bankruptcy,Other,1158,1285,11,1158,42,31,2,25,1058
2004-03,Bankruptcy,Other,1434,1398,4,1813,56,36,4,26,1691
2004-04,Bankruptcy,Other,1384,1269,2,1156,34,30,3,15,1074
2004-05,Bankruptcy,Other,1234,1054,6,1181,31,32,4,18,1096
2004-06,Bankruptcy,Other,1344,1207,2,1320,47,30,4,14,1225
2004-07,Bankruptcy,Other,1134,1038,0,1246,38,35,2,23,1148
2004-08,Bankruptcy,Other,1170,1068,4,1409,37,42,5,17,1308
2004-09,Bankruptcy,Other,1199,1083,0,1369,26,41,1,16,1285
2004-10,Bankruptcy,Other,1122,1151,3,1079,34,38,1,20,986
2004-11,Bankruptcy,Other,1126,1004,49,1139,24,43,2,20,1050
2004-12,Bankruptcy,Other,915,1011,2,940,40,18,3,16,863
2005-01,Bankruptcy,Other,1138,1360,2,1251,32,52,,20,1147
2005-02,Bankruptcy,Other,1081,1239,2,1237,31,41,3,24,1138
2005-03,Bankruptcy,Other,1354,1336,11,1358,32,50,1,32,1243
2005-04,Bankruptcy,Other,1179,1284,1,1086,34,32,3,18,999
2005-05,Bankruptcy,Other,1368,1108,10,1375,20,14,4,17,1320
2005-06,Bankruptcy,Other,1185,1094,2,1165,32,20,1,17,1095
2005-07,Bankruptcy,Other,1053,973,1,964,25,18,1,11,909
2005-08,Bankruptcy,Other,1226,1115,1,1239,41,36,2,18,1142
2005-09,Bankruptcy,Other,936,1171,5,1227,28,23,6,19,1151
2005-10,Bankruptcy,Other,1177,2770,0,974,28,23,3,11,909
2005-11,Bankruptcy,Other,1158,446,2,874,45,25,3,9,792
2005-12,Bankruptcy,Other,956,496,0,956,36,23,5,9,883
2006-01,Bankruptcy,Other,985,672,1,1022,34,22,2,11,953
2006-02,Bankruptcy,Other,865,662,0,899,30,30,4,15,820
2006-03,Bankruptcy,Other,1152,791,2,1327,41,35,,18,1233
2006-04,Bankruptcy,Other,1102,812,1,854,14,15,1,13,811
2006-05,Bankruptcy,Other,1083,680,5,989,18,20,4,13,934
2006-06,Bankruptcy,Other,857,694,2,1085,24,21,4,8,1028
2006-07,Bankruptcy,Other,738,628,0,872,20,20,1,8,823
2006-08,Bankruptcy,Other,849,709,2,1015,33,26,2,7,947
2006-09,Bankruptcy,Other,761,711,3,1092,19,21,5,11,1036
2006-10,Bankruptcy,Other,798,701,3,798,11,28,4,12,743
2006-11,Bankruptcy,Other,779,698,3,772,19,23,1,4,725
2006-12,Bankruptcy,Other,628,614,2,594,18,13,3,4,556
2007-01,Bankruptcy,Other,814,800,1,832,22,13,1,12,784
2007-02,Bankruptcy,Other,745,690,0,668,14,19,3,3,629
2007-03,Bankruptcy,Other,866,764,0,930,28,22,5,10,865
2007-04,Bankruptcy,Other,831,716,3,826,20,31,1,8,766
2007-05,Bankruptcy,Other,810,682,1,858,28,25,1,6,798
2007-06,Bankruptcy,Other,847,716,2,824,16,14,,9,785
2007-07,Bankruptcy,Other,765,742,0,836,30,18,2,8,778
2007-08,Bankruptcy,Other,804,820,1,857,25,19,1,11,801
2007-09,Bankruptcy,Other,753,760,1,1025,30,24,2,10,959
2007-10,Bankruptcy,Other,786,730,1,787,16,18,1,9,743
2007-11,Bankruptcy,Other,749,794,0,961,28,80,3,8,842
2007-12,Bankruptcy,Other,613,583,3,1001,26,29,2,3,941
2008-01,Bankruptcy,Other,765,842,3,648,11,22,1,9,605
2008-02,Bankruptcy,Other,806,827,1,757,22,15,1,11,708
2008-03,Bankruptcy,Other,735,792,2,912,8,29,,10,865
2008-04,Bankruptcy,Other,863,828,0,820,20,21,3,10,766
2008-05,Bankruptcy,Other,827,830,9,827,8,22,1,7,789
2008-06,Bankruptcy,Other,908,787,0,821,17,15,2,18,769
2008-07,Bankruptcy,Other,817,797,1,832,19,25,2,10,776
2008-08,Bankruptcy,Other,717,715,1,951,22,28,2,11,888
2008-09,Bankruptcy,Other,703,666,2,1324,17,57,4,14,1232
2008-10,Bankruptcy,Other,854,811,0,1054,15,24,,10,1005
2008-11,Bankruptcy,Other,711,782,1,627,17,9,2,4,595
2008-12,Bankruptcy,Other,713,725,2,605,14,4,2,6,579
2009-01,Bankruptcy,Other,714,937,0,671,14,16,2,7,632
2009-02,Bankruptcy,Other,709,857,8,1141,17,7,1,11,1105
2009-03,Bankruptcy,Other,957,923,1,814,16,15,1,11,771
2009-04,Bankruptcy,Other,938,895,5,793,28,18,15,8,724
2009-05,Bankruptcy,Other,840,748,4,804,15,16,1,3,769
2009-06,Bankruptcy,Other,883,880,2,858,18,9,2,12,817
2009-07,Bankruptcy,Other,924,877,1,892,9,19,1,19,844
2009-08,Bankruptcy,Other,800,831,0,733,24,14,,10,685
2009-09,Bankruptcy,Other,734,704,3,952,26,7,1,10,908
2009-10,Bankruptcy,Other,803,831,2,675,15,10,1,11,638
2009-11,Bankruptcy,Other,781,821,0,720,11,7,3,12,687
2009-12,Bankruptcy,Other,711,727,3,781,17,12,3,10,739
2010-01,Bankruptcy,Other,756,848,1,743,14,4,1,10,714
2010-02,Bankruptcy,Other,807,810,1,779,21,7,2,8,741
2010-03,Bankruptcy,Other,876,948,1,1191,25,15,3,10,1138
2010-04,Bankruptcy,Other,925,914,1,783,13,10,2,16,742
2010-05,Bankruptcy,Other,826,785,0,772,23,8,1,6,734
2010-06,Bankruptcy,Other,939,839,0,857,23,9,5,9,811
2010-07,Bankruptcy,Other,811,842,0,859,18,15,,14,812
2010-08,Bankruptcy,Other,830,830,1,804,12,5,1,6,780
2010-09,Bankruptcy,Other,920,972,3,1071,30,10,1,9,1021
2010-10,Bankruptcy,Other,766,828,2,737,15,10,,9,703
2010-11,Bankruptcy,Other,905,818,1,750,23,20,1,15,691
2010-12,Bankruptcy,Other,798,849,0,849,16,6,1,9,817
2011-01,Bankruptcy,Other,825,937,0,853,28,6,1,13,805
2011-02,Bankruptcy,Other,784,855,0,760,18,7,3,5,727
2011-03,Bankruptcy,Other,1085,1010,1,1060,26,4,4,16,1010
2011-04,Bankruptcy,Other,895,904,3,735,15,8,2,5,705
2011-05,Bankruptcy,Other,937,870,0,882,12,8,,9,853
2011-06,Bankruptcy,Other,952,891,0,771,13,6,5,15,732
2011-07,Bankruptcy,Other,891,805,3,776,12,17,1,16,730
2011-08,Bankruptcy,Other,859,920,4,971,25,8,2,7,929
2011-09,Bankruptcy,Other,945,861,44,1095,20,3,1,17,1054
2011-10,Bankruptcy,Other,852,799,2,865,22,12,3,10,818
2011-11,Bankruptcy,Other,788,692,1,705,18,3,2,7,675
2011-12,Bankruptcy,Other,744,753,2,845,7,12,1,7,818
2012-01,Bankruptcy,Other,832,869,1,809,16,8,2,12,771
2012-02,Bankruptcy,Other,798,807,0,816,15,6,1,13,781
2012-03,Bankruptcy,Other,812,829,1,980,21,7,5,6,941
2012-04,Bankruptcy,Other,823,771,0,726,12,5,4,14,691
2012-05,Bankruptcy,Other,834,689,0,817,10,4,3,16,784
2012-06,Bankruptcy,Other,748,739,0,767,10,4,5,14,734
2012-07,Bankruptcy,Other,675,615,1,768,9,4,3,6,746
2012-08,Bankruptcy,Other,835,745,3,992,9,6,8,13,956
2012-09,Bankruptcy,Other,644,613,1,871,8,11,2,19,831
2012-10,Bankruptcy,Other,707,670,0,705,8,5,3,12,677
2012-11,Bankruptcy,Other,627,630,1,640,15,12,2,14,597
2012-12,Bankruptcy,Other,595,645,0,602,10,4,4,6,578
2013-01,Bankruptcy,Other,662,663,3,756,13,13,1,15,714
2013-02,Bankruptcy,Other,648,745,0,595,13,10,3,7,562
2013-03,Bankruptcy,Other,836,870,1,765,12,9,3,12,729
2013-04,Bankruptcy,Other,839,852,0,849,15,10,5,10,809
2013-05,Bankruptcy,Other,798,646,1,713,13,8,3,27,662
2013-06,Bankruptcy,Other,731,680,1,722,14,8,3,14,683
2013-07,Bankruptcy,Other,731,687,0,684,28,4,3,17,632
2013-08,Bankruptcy,Other,724,661,0,866,8,7,10,12,829
2013-09,Bankruptcy,Other,684,681,0,722,23,10,3,14,672
2013-10,Bankruptcy,Other,522,539,2,502,14,8,7,15,458
2013-11,Bankruptcy,Other,624,615,0,646,17,5,2,17,605
2013-12,Bankruptcy,Other,583,523,0,589,13,3,3,17,553
2014-01,Bankruptcy,Other,617,696,2,577,10,5,5,16,541
2014-02,Bankruptcy,Other,660,682,1,604,16,5,5,9,569
2014-03,Bankruptcy,Other,716,783,2,889,10,8,4,13,854
2014-04,Bankruptcy,Other,842,819,0,615,10,3,2,6,594
2014-05,Bankruptcy,Other,828,692,0,686,12,9,7,6,652
2014-06,Bankruptcy,Other,825,719,1,822,11,6,2,17,786
2014-07,Bankruptcy,Other,785,650,0,823,12,3,7,14,787
2014-08,Bankruptcy,Other,769,628,0,861,15,10,2,16,818
2014-09,Bankruptcy,Other,646,568,3,928,12,6,3,18,889
2014-10,Bankruptcy,Other,717,682,1,661,9,7,4,18,623
2014-11,Bankruptcy,Other,655,575,0,536,10,4,3,11,508
2014-12,Bankruptcy,Other,714,659,0,723,12,14,4,16,677
2015-01,Bankruptcy,Other,634,680,0,954,18,4,5,15,912
2015-02,Bankruptcy,Other,697,739,0,699,11,8,4,15,661
2015-03,Bankruptcy,Other,839,795,1,782,16,6,1,14,745
2015-04,Bankruptcy,Other,762,738,9,950,10,8,1,13,918
2015-05,Bankruptcy,Other,722,663,0,682,7,15,4,16,640
2015-06,Bankruptcy,Other,864,731,0,777,15,3,4,22,733
2015-07,Bankruptcy,Other,818,682,4,822,18,8,2,28,766
2015-08,Bankruptcy,Other,710,682,2,746,9,4,2,25,706
2015-09,Bankruptcy,Other,719,673,2,759,10,5,1,43,700
2015-10,Bankruptcy,Other,773,744,0,776,10,6,2,18,740
2015-11,Bankruptcy,Other,649,717,0,595,5,4,1,17,568
2015-12,Bankruptcy,Other,744,696,2,797,8,12,2,22,753
2016-01,Bankruptcy,Other,719,757,1,703,8,4,4,23,664
2016-02,Bankruptcy,Other,822,856,0,703,15,4,3,23,658
2016-03,Bankruptcy,Other,820,778,1,1124,8,7,2,27,1080
2016-04,Bankruptcy,Other,782,693,0,713,13,7,2,27,664
2016-05,Bankruptcy,Other,832,728,1,732,9,6,2,23,692
2016-06,Bankruptcy,Other,884,784,1,754,8,6,3,28,709
2016-07,Bankruptcy,Other,697,660,1,752,8,3,3,40,698
2016-08,Bankruptcy,Other,760,685,0,806,10,11,,33,752
2016-09,Bankruptcy,Other,644,700,1,804,6,9,4,24,761
2016-10,Bankruptcy,Other,791,674,1,606,10,3,2,21,570
2016-11,Bankruptcy,Other,668,612,0,646,10,3,,22,611
2016-12,Bankruptcy,Other,664,620,0,655,9,8,3,31,604
2017-01,Bankruptcy,Other,673,678,2,828,16,8,,23,781
2017-02,Bankruptcy,Other,612,676,1,656,10,7,1,17,621
2017-03,Bankruptcy,Other,756,759,0,799,9,10,1,20,759
2017-04,Bankruptcy,Other,721,670,3,600,6,7,2,18,567
2017-05,Bankruptcy,Other,803,721,1,826,10,3,1,14,798
2017-06,Bankruptcy,Other,712,627,0,736,7,1,,22,706
2017-07,Bankruptcy,Other,593,542,1,672,6,,,14,652
2017-08,Bankruptcy,Other,674,656,0,754,5,7,1,14,727
2017-09,Bankruptcy,Other,590,537,5,744,6,8,2,26,702
2017-10,Bankruptcy,Other,555,608,0,597,13,4,2,17,561
2017-11,Bankruptcy,Other,606,602,0,543,11,4,1,14,513
2017-12,Bankruptcy,Other,588,509,0,604,9,2,2,24,567
2018-01,Bankruptcy,Other,604,643,1,585,4,5,8,16,552
2018-02,Bankruptcy,Other,525,612,2,697,8,5,,13,671
2018-03,Bankruptcy,Other,681,728,0,726,2,6,1,23,694
2018-04,Bankruptcy,Other,757,647,0,591,12,5,1,18,555
2018-05,Bankruptcy,Other,699,639,2,638,6,4,2,42,584
2018-06,Bankruptcy,Other,666,574,0,827,16,3,,56,752
2018-07,Bankruptcy,Other,612,572,0,539,20,6,2,38,473
2018-08,Bankruptcy,Other,731,618,0,704,11,6,1,26,660
2018-09,Bankruptcy,Other,489,417,2,603,21,6,1,10,565
2018-10,Bankruptcy,Other,557,518,1,565,6,4,1,13,541
2018-11,Bankruptcy,Other,582,585,2,514,3,3,,13,495
2018-12,Bankruptcy,Other,405,420,2,406,6,5,1,6,388
2019-01,Bankruptcy,Other,292,516,0,279,2,3,,9,265
2019-02,Bankruptcy,Other,627,602,1,578,9,8,1,13,547
2019-03,Bankruptcy,Other,697,728,0,482,7,2,1,14,458
2019-04,Bankruptcy,Other,798,756,1,682,8,9,2,14,649
2019-05,Bankruptcy,Other,786,740,0,592,7,4,,28,553
2019-06,Bankruptcy,Other,747,678,0,931,5,4,5,16,901
2019-07,Bankruptcy,Other,752,675,0,819,7,5,4,25,778
2019-08,Bankruptcy,Other,719,665,0,774,6,4,3,25,736
2019-09,Bankruptcy,Other,601,572,1,924,10,7,1,21,885
2019-10,Bankruptcy,Other,522,499,2,688,7,5,1,16,659
2019-11,Bankruptcy,Other,539,506,0,405,3,3,,10,389
2019-12,Bankruptcy,Other,502,541,0,486,3,5,4,9,465
2020-01,Bankruptcy,Other,518,545,2,590,10,8,,21,551
2020-02,Bankruptcy,Other,563,582,0,580,4,4,,16,556
2020-03,Bankruptcy,Other,591,595,0,625,8,7,1,12,597
2020-04,Bankruptcy,Other,553,470,0,364,2,5,3,20,334
2020-05,Bankruptcy,Other,539,449,0,365,7,3,,8,347
2020-06,Bankruptcy,Other,691,648,0,502,5,3,1,7,486
2020-07,Bankruptcy,Other,498,486,0,546,,5,,9,532
2020-08,Bankruptcy,Other,377,354,1,540,5,2,,5,528
2020-09,Bankruptcy,Other,433,411,0,542,4,4,,9,525
2020-10,Bankruptcy,Other,488,446,0,1001,4,2,,6,989
2020-11,Bankruptcy,Other,336,308,0,475,,2,1,12,460
2020-12,Bankruptcy,Other,331,293,0,888,1,1,1,7,878
2021-01,Bankruptcy,Other,340,302,0,388,2,1,3,4,378
2021-02,Bankruptcy,Other,285,267,0,316,2,,,10,304
2021-03,Bankruptcy,Other,361,381,1,592,9,3,2,12,566
2021-04,Bankruptcy,Other,349,351,0,321,4,1,1,8,307
2021-05,Bankruptcy,Other,343,311,1,409,4,2,,3,400
2021-06,Bankruptcy,Other,339,304,1,317,7,9,3,11,287
2021-07,Bankruptcy,Other,300,269,0,373,3,3,,10,357
2021-08,Bankruptcy,Other,281,263,0,327,4,7,,8,308
2021-09,Bankruptcy,Other,284,286,0,435,4,5,1,20,405
2021-10,Bankruptcy,Other,272,289,0,288,5,3,1,10,269
2021-11,Bankruptcy,Other,266,249,0,283,3,2,,3,275
2021-12,Bankruptcy,Other,251,267,0,334,1,1,,19,313
2022-01,Bankruptcy,Other,277,281,1,291,6,2,,48,235
2022-02,Bankruptcy,Other,266,268,0,336,2,5,2,3,324
2022-03,Bankruptcy,Other,305,342,0,426,4,2,,3,417
2022-04,Bankruptcy,Other,267,303,1,295,2,3,1,6,283
2022-05,Bankruptcy,Other,334,307,0,250,1,,,6,243
2022-06,Bankruptcy,Other,300,266,1,312,1,3,,6,302
2022-07,Bankruptcy,Other,233,241,0,243,1,1,1,7,233
2022-08,Bankruptcy,Other,369,258,0,376,1,6,,13,356
2022-09,Bankruptcy,Other,253,261,0,361,2,1,,12,346
2022-10,Bankruptcy,Other,270,258,0,228,4,,,8,216
2022-11,Bankruptcy,Other,243,238,2,235,3,1,,8,223
2022-12,Bankruptcy,Other,233,239,0,229,3,2,,4,220
2023-01,Bankruptcy,Other,328,344,1,264,4,1,,8,251
2023-02,Bankruptcy,Other,280,317,0,268,1,,2,2,263
2023-03,Bankruptcy,Other,325,341,0,318,8,1,2,9,298
2023-04,Bankruptcy,Other,324,299,0,251,3,1,1,,246
2023-05,Bankruptcy,Other,356,315,1,273,5,3,,10,255
2023-06,Bankruptcy,Other,312,326,0,365,1,,,5,359
2023-07,Bankruptcy,Other,293,301,0,259,5,1,1,3,249
2023-08,Bankruptcy,Other,315,321,0,304,7,1,,18,278
2023-09,Bankruptcy,Other,372,327,1,455,2,,,24,429
2023-10,Bankruptcy,Other,356,352,1,333,4,,1,10,318
2023-11,Bankruptcy,Other,308,304,0,265,5,,,12,248
2023-12,Bankruptcy,Other,262,302,0,260,3,2,,8,247
2024-01,Bankruptcy,Other,393,383,1,285,3,,,9,273
2024-02,Bankruptcy,Other,373,384,1,834,9,,1,15,809
2024-03,Bankruptcy,Other,400,391,0,400,7,1,1,8,383
2024-04,Bankruptcy,Other,420,399,0,335,8,1,2,12,312
2024-05,Bankruptcy,Other,421,374,0,340,9,3,2,18,308
2024-06,Bankruptcy,Other,369,397,0,348,4,2,1,11,330
2024-07,Bankruptcy,Other,419,353,1,413,2,1,1,8,401
2024-08,Bankruptcy,Other,441,399,0,367,10,1,3,9,344
2024-09,Bankruptcy,Other,417,377,0,442,4,,3,13,422
2024-10,Bankruptcy,Other,402,377,0,338,4,1,1,14,318
2024-11,Bankruptcy,Other,362,356,0,265,2,1,1,6,255
2024-12,Bankruptcy,Other,321,301,1,336,8,3,,7,318
2025-01,Bankruptcy,Other,389,391,0,384,9,4,,7,364
2025-02,Bankruptcy,Other,382,384,0,406,10,9,2,10,375
2025-03,Bankruptcy,Other,431,381,1,402,5,9,,7,381
2025-04,Bankruptcy,Other,390,389,1,348,8,7,2,3,328
2025-05,Bankruptcy,Other,480,426,1,433,9,6,1,9,408
2025-06,Bankruptcy,Other,355,337,0,364,10,1,3,13,337
2025-07,Bankruptcy,Other,421,387,0,353,9,3,2,6,333
2025-08,Bankruptcy,Other,446,402,1,538,13,,1,7,517
2025-09,Bankruptcy,Other,425,370,3,448,14,5,2,5,422
2025-10,Bankruptcy,Other,262,265,0,210,8,2,4,5,191
2025-11,Bankruptcy,Other,286,264,0,190,1,1,1,1,186
2025-12,Bankruptcy,Other,354,334,0,287,6,,,7,274
2026-01,Bankruptcy,Other,411,349,0,344,9,1,5,4,325
2026-02,Bankruptcy,Other,379,332,0,277,4,,1,5,267
2026-03,Bankruptcy,Other,414,288,3,426,11,,1,11,403
2026-04,Bankruptcy,Other,436,289,0,221,8,,7,4,202
2026-05,Bankruptcy,Other,329,176,0,133,9,1,1,1,121
1994-10,Civil Rights,Other,5,3,0,1,,,,,1
1994-11,Civil Rights,Other,2,0,1,2,,,,,2
1994-12,Civil Rights,Other,1,2,0,2,1,,,,1
1995-01,Civil Rights,Other,1,1,1,2,,,1,,1
1995-02,Civil Rights,Other,0,2,0,3,,,,,3
1995-03,Civil Rights,Other,5,1,0,5,2,,,,3
1995-04,Civil Rights,Other,6,6,0,3,,,,,3
1995-05,Civil Rights,Other,3,2,1,1,,,,,1
1995-06,Civil Rights,Other,4,3,1,3,1,,,,2
1995-07,Civil Rights,Other,5,1,2,3,1,,,,2
1995-08,Civil Rights,Other,4,0,0,1,,,,,1
1995-09,Civil Rights,Other,5,1,1,3,,,,,3
1995-10,Civil Rights,Other,1,0,1,2,,,,,2
1995-11,Civil Rights,Other,9,8,0,3,,,,,3
1995-12,Civil Rights,Other,3,2,5,1,,,,,1
1996-01,Civil Rights,Other,7,4,1,0,,,,,
1996-02,Civil Rights,Other,10,7,3,1,,,1,,
1996-03,Civil Rights,Other,6,2,2,4,,,,,4
1996-04,Civil Rights,Other,8,5,1,4,1,,,,3
1996-05,Civil Rights,Other,7,4,2,6,,,,,6
1996-06,Civil Rights,Other,7,3,1,38,,,,,38
1996-07,Civil Rights,Other,12,7,3,7,2,,,,5
1996-08,Civil Rights,Other,10,2,0,3,,,,,3
1996-09,Civil Rights,Other,8,2,2,1,,,,,1
1996-10,Civil Rights,Other,9,5,0,3,1,,,,2
1996-11,Civil Rights,Other,5,2,2,2,,,,,2
1996-12,Civil Rights,Other,6,7,0,1,,,,,1
1997-01,Civil Rights,Other,10,7,3,0,,,,,
1997-02,Civil Rights,Other,5,5,2,3,,,,,3
1997-03,Civil Rights,Other,9,3,0,4,2,,,,2
1997-04,Civil Rights,Other,11,3,9,2,,,,,2
1997-05,Civil Rights,Other,8,1,2,2,,,,,2
1997-06,Civil Rights,Other,9,3,2,7,1,,,,6
1997-07,Civil Rights,Other,9,4,2,6,,1,,,5
1997-08,Civil Rights,Other,10,4,3,5,1,,,,4
1997-09,Civil Rights,Other,10,3,2,2,,,,,2
1997-10,Civil Rights,Other,10,2,2,1,,,,,1
1997-11,Civil Rights,Other,7,3,2,0,,,,,
1997-12,Civil Rights,Other,5,2,1,2,,,,,2
1998-01,Civil Rights,Other,2,5,3,2,,,,,2
1998-02,Civil Rights,Other,9,0,4,1,,,,,1
1998-03,Civil Rights,Other,9,2,2,5,,,,,5
1998-04,Civil Rights,Other,11,1,0,5,,,,,5
1998-05,Civil Rights,Other,7,3,4,0,,,,,
1998-06,Civil Rights,Other,14,3,3,6,,,,,6
1998-07,Civil Rights,Other,4,6,4,2,,1,,,1
1998-08,Civil Rights,Other,10,3,6,2,,1,,,1
1998-09,Civil Rights,Other,5,1,12,3,,,,,3
1998-10,Civil Rights,Other,8,3,5,2,,,,,2
1998-11,Civil Rights,Other,8,3,1,1,,,,,1
1998-12,Civil Rights,Other,5,3,4,1,,,,,1
1999-01,Civil Rights,Other,5,4,4,4,,,,,4
1999-02,Civil Rights,Other,5,2,3,1,,,,,1
1999-03,Civil Rights,Other,16,2,4,5,,,,,5
1999-04,Civil Rights,Other,6,3,4,3,,,,,3
1999-05,Civil Rights,Other,10,2,3,1,,,,,1
1999-06,Civil Rights,Other,11,5,5,3,,,,,3
1999-07,Civil Rights,Other,7,2,22,5,1,,,,4
1999-08,Civil Rights,Other,5,6,8,5,,,,,5
1999-09,Civil Rights,Other,4,2,3,4,,,,,4
1999-10,Civil Rights,Other,7,3,1,2,,,,,2
1999-11,Civil Rights,Other,5,5,4,6,2,1,,,3
1999-12,Civil Rights,Other,8,7,4,3,,,1,,2
2000-01,Civil Rights,Other,15,5,2,3,,2,,,1
2000-02,Civil Rights,Other,5,4,4,1,,,,1,
2000-03,Civil Rights,Other,16,6,3,5,1,3,,,1
2000-04,Civil Rights,Other,9,5,3,4,,,,1,3
2000-05,Civil Rights,Other,9,3,2,4,,,,,4
2000-06,Civil Rights,Other,10,6,9,5,,1,,,4
2000-07,Civil Rights,Other,8,6,3,5,2,,,1,2
2000-08,Civil Rights,Other,8,4,0,8,4,1,,1,2
2000-09,Civil Rights,Other,9,3,1,7,3,,,,4
2000-10,Civil Rights,Other,15,7,16,7,2,,,,5
2000-11,Civil Rights,Other,8,5,0,2,,,,,2
2000-12,Civil Rights,Other,4,2,3,1,,,,,1
2001-01,Civil Rights,Other,6,3,5,3,,1,,,2
2001-02,Civil Rights,Other,9,1,6,5,1,1,,,3
2001-03,Civil Rights,Other,5,1,6,4,1,,,,3
2001-04,Civil Rights,Other,6,5,1,5,2,1,,,2
2001-05,Civil Rights,Other,10,5,3,5,1,,,,4
2001-06,Civil Rights,Other,6,3,10,2,,,,,2
2001-07,Civil Rights,Other,6,4,5,6,2,,,,4
2001-08,Civil Rights,Other,7,5,9,6,4,1,,,1
2001-09,Civil Rights,Other,8,4,10,5,2,,,,3
2001-10,Civil Rights,Other,4,4,2,8,3,,,,5
2001-11,Civil Rights,Other,12,7,1,5,2,1,,,2
2001-12,Civil Rights,Other,4,2,1,5,,,,,5
2002-01,Civil Rights,Other,8,6,3,8,,,,1,7
2002-02,Civil Rights,Other,8,4,3,2,,,,,2
2002-03,Civil Rights,Other,4,3,10,4,,,,,4
2002-04,Civil Rights,Other,17,5,2,4,,1,,,3
2002-05,Civil Rights,Other,9,10,4,11,,2,1,,8
2002-06,Civil Rights,Other,10,5,2,1,,1,,,
2002-07,Civil Rights,Other,5,2,1,2,,,,,2
2002-08,Civil Rights,Other,8,5,1,3,,,,,3
2002-09,Civil Rights,Other,11,7,9,3,2,,,,1
2002-10,Civil Rights,Other,8,6,2,6,2,2,,,2
2002-11,Civil Rights,Other,11,0,3,5,,,,1,4
2002-12,Civil Rights,Other,6,3,3,3,,,,,3
2003-01,Civil Rights,Other,14,5,1,5,2,,,,3
2003-02,Civil Rights,Other,13,6,1,5,,,,,5
2003-03,Civil Rights,Other,19,9,3,7,2,,,1,4
2003-04,Civil Rights,Other,8,4,5,5,1,,,,4
2003-05,Civil Rights,Other,14,8,5,3,,1,,1,1
2003-06,Civil Rights,Other,11,10,6,3,,,,,3
2003-07,Civil Rights,Other,7,7,6,3,,,,,3
2003-08,Civil Rights,Other,10,2,3,7,,,,,7
2003-09,Civil Rights,Other,9,3,5,10,1,,,,9
2003-10,Civil Rights,Other,16,6,3,3,,,,,3
2003-11,Civil Rights,Other,8,7,1,4,,,,2,2
2003-12,Civil Rights,Other,7,6,2,4,2,,,,2
2004-01,Civil Rights,Other,13,5,6,10,,1,,1,8
2004-02,Civil Rights,Other,3,7,4,6,,,,,6
2004-03,Civil Rights,Other,13,7,5,12,1,,,1,10
2004-04,Civil Rights,Other,14,5,1,5,1,,,,4
2004-05,Civil Rights,Other,8,6,4,5,1,,1,,3
2004-06,Civil Rights,Other,9,6,1,4,,1,1,,2
2004-07,Civil Rights,Other,7,7,1,6,1,,1,,4
2004-08,Civil Rights,Other,8,2,9,7,1,,1,1,4
2004-09,Civil Rights,Other,6,3,4,6,3,,,,3
2004-10,Civil Rights,Other,28,21,2,20,2,,14,,4
2004-11,Civil Rights,Other,8,4,2,5,1,,,,4
2004-12,Civil Rights,Other,2,0,2,6,3,,,,3
2005-01,Civil Rights,Other,5,3,5,6,1,,,,5
2005-02,Civil Rights,Other,8,8,1,2,,,,,2
2005-03,Civil Rights,Other,17,3,13,7,2,1,1,,3
2005-04,Civil Rights,Other,5,8,6,5,2,,,,3
2005-05,Civil Rights,Other,4,6,1,7,,1,1,2,3
2005-06,Civil Rights,Other,9,3,3,1,,,,1,
2005-07,Civil Rights,Other,4,3,2,4,3,,,1,
2005-08,Civil Rights,Other,14,5,1,6,2,,,,4
2005-09,Civil Rights,Other,10,7,9,2,,1,,1,
2005-10,Civil Rights,Other,15,6,5,9,1,,,,8
2005-11,Civil Rights,Other,6,2,4,2,1,,,,1
2005-12,Civil Rights,Other,13,5,2,1,,,,,1
2006-01,Civil Rights,Other,6,5,5,8,6,,,,2
2006-02,Civil Rights,Other,11,7,2,4,,,,1,3
2006-03,Civil Rights,Other,10,5,5,2,,,,,2
2006-04,Civil Rights,Other,9,6,5,6,,,,1,5
2006-05,Civil Rights,Other,13,9,3,3,,,2,,1
2006-06,Civil Rights,Other,7,3,5,3,1,,,,2
2006-07,Civil Rights,Other,7,8,3,5,,,,,5
2006-08,Civil Rights,Other,6,5,5,8,,,,,8
2006-09,Civil Rights,Other,5,3,2,9,2,2,,2,3
2006-10,Civil Rights,Other,6,4,6,7,1,,2,,4
2006-11,Civil Rights,Other,10,8,4,6,1,,,1,4
2006-12,Civil Rights,Other,11,6,5,4,,,,,4
2007-01,Civil Rights,Other,7,11,4,6,,,,,6
2007-02,Civil Rights,Other,9,3,3,8,1,1,,,6
2007-03,Civil Rights,Other,8,4,2,11,2,,,,9
2007-04,Civil Rights,Other,11,7,1,4,,,,,4
2007-05,Civil Rights,Other,9,4,2,5,,1,,,4
2007-06,Civil Rights,Other,10,5,1,3,,,,1,2
2007-07,Civil Rights,Other,8,5,5,5,1,,,,4
2007-08,Civil Rights,Other,10,4,3,5,1,1,,,3
2007-09,Civil Rights,Other,11,6,9,4,,,,1,3
2007-10,Civil Rights,Other,9,3,3,7,1,,,,6
2007-11,Civil Rights,Other,6,4,0,5,1,,,1,3
2007-12,Civil Rights,Other,8,4,1,4,1,,,,3
2008-01,Civil Rights,Other,10,7,4,9,2,,,,7
2008-02,Civil Rights,Other,4,4,3,5,1,,,,4
2008-03,Civil Rights,Other,9,5,9,9,2,1,,,6
2008-04,Civil Rights,Other,11,9,4,4,1,,,,3
2008-05,Civil Rights,Other,7,6,0,4,,,,,4
2008-06,Civil Rights,Other,8,11,3,3,,,,,3
2008-07,Civil Rights,Other,13,11,5,8,,,1,,7
2008-08,Civil Rights,Other,11,6,3,3,,,,,3
2008-09,Civil Rights,Other,12,5,5,13,1,,1,,11
2008-10,Civil Rights,Other,6,7,2,4,,,,,4
2008-11,Civil Rights,Other,8,3,0,2,,,,,2
2008-12,Civil Rights,Other,10,9,1,6,1,,,,5
2009-01,Civil Rights,Other,10,6,3,7,,1,1,,5
2009-02,Civil Rights,Other,13,9,2,6,1,,,,5
2009-03,Civil Rights,Other,10,9,3,8,3,,,,5
2009-04,Civil Rights,Other,18,8,2,10,4,,,,6
2009-05,Civil Rights,Other,14,3,2,1,,,,,1
2009-06,Civil Rights,Other,6,8,3,3,,,,,3
2009-07,Civil Rights,Other,18,6,4,8,1,,1,1,5
2009-08,Civil Rights,Other,12,4,4,3,1,,,,2
2009-09,Civil Rights,Other,15,10,7,9,1,,,2,6
2009-10,Civil Rights,Other,9,4,5,11,2,,1,1,7
2009-11,Civil Rights,Other,25,6,1,4,1,1,,,2
2009-12,Civil Rights,Other,10,6,13,6,1,,,,5
2010-01,Civil Rights,Other,6,3,2,5,1,1,,,3
2010-02,Civil Rights,Other,10,3,1,2,,,,,2
2010-03,Civil Rights,Other,6,6,19,9,2,,,,7
2010-04,Civil Rights,Other,18,8,7,8,1,1,,,6
2010-05,Civil Rights,Other,12,11,4,1,,,,,1
2010-06,Civil Rights,Other,17,4,4,4,2,,,,2
2010-07,Civil Rights,Other,18,9,8,6,,,,,6
2010-08,Civil Rights,Other,16,6,5,8,,,,,8
2010-09,Civil Rights,Other,20,5,8,9,,,,,9
2010-10,Civil Rights,Other,21,10,7,10,2,1,,,7
2010-11,Civil Rights,Other,18,2,2,3,,,,,3
2010-12,Civil Rights,Other,12,8,2,5,1,,,,4
2011-01,Civil Rights,Other,14,2,1,7,1,,,,6
2011-02,Civil Rights,Other,17,8,5,5,1,,,,4
2011-03,Civil Rights,Other,24,10,6,5,1,1,,1,2
2011-04,Civil Rights,Other,14,3,2,6,,,,1,5
2011-05,Civil Rights,Other,30,8,13,7,3,,,,4
2011-06,Civil Rights,Other,22,14,4,9,2,,,1,6
2011-07,Civil Rights,Other,21,12,5,7,,,,,7
2011-08,Civil Rights,Other,16,9,6,7,,,,,7
2011-09,Civil Rights,Other,29,7,12,10,,,,,10
2011-10,Civil Rights,Other,16,2,9,9,1,1,,1,6
2011-11,Civil Rights,Other,20,10,5,5,2,,,,3
2011-12,Civil Rights,Other,19,5,5,13,1,,,,12
2012-01,Civil Rights,Other,14,3,5,4,,1,,,3
2012-02,Civil Rights,Other,17,10,3,6,,1,,,5
2012-03,Civil Rights,Other,26,7,14,10,1,1,1,,7
2012-04,Civil Rights,Other,15,9,8,7,1,1,,,5
2012-05,Civil Rights,Other,25,8,6,8,1,,,,7
2012-06,Civil Rights,Other,25,9,8,5,,,,1,4
2012-07,Civil Rights,Other,21,5,7,5,1,,,1,3
2012-08,Civil Rights,Other,39,13,9,9,2,,,,7
2012-09,Civil Rights,Other,30,8,23,15,1,2,1,,11
2012-10,Civil Rights,Other,34,12,12,6,1,,,,5
2012-11,Civil Rights,Other,25,5,4,4,,,,1,3
2012-12,Civil Rights,Other,18,13,3,4,,1,,,3
2013-01,Civil Rights,Other,50,2,6,8,1,,,,7
2013-02,Civil Rights,Other,21,4,9,11,1,,,1,9
2013-03,Civil Rights,Other,36,6,11,7,,1,,,6
2013-04,Civil Rights,Other,23,4,17,9,,,,,9
2013-05,Civil Rights,Other,34,7,7,1,,,,,1
2013-06,Civil Rights,Other,11,11,7,6,,,,1,5
2013-07,Civil Rights,Other,12,4,9,10,2,,,,8
2013-08,Civil Rights,Other,23,8,9,3,,1,,1,1
2013-09,Civil Rights,Other,26,10,21,13,,2,,1,10
2013-10,Civil Rights,Other,20,7,6,4,,,,,4
2013-11,Civil Rights,Other,14,3,8,6,,,,1,5
2013-12,Civil Rights,Other,18,6,17,4,,1,,1,2
2014-01,Civil Rights,Other,20,8,14,7,2,1,,,4
2014-02,Civil Rights,Other,19,3,10,3,1,,,,2
2014-03,Civil Rights,Other,25,9,46,9,3,1,,,5
2014-04,Civil Rights,Other,20,4,17,5,,1,,,4
2014-05,Civil Rights,Other,18,2,25,10,,1,,1,8
2014-06,Civil Rights,Other,20,6,36,6,,1,1,,4
2014-07,Civil Rights,Other,13,2,8,7,,,,1,6
2014-08,Civil Rights,Other,13,1,12,13,3,1,,1,8
2014-09,Civil Rights,Other,24,1,27,8,3,2,,,3
2014-10,Civil Rights,Other,22,10,11,2,,,,,2
2014-11,Civil Rights,Other,23,4,4,3,,,,,3
2014-12,Civil Rights,Other,29,6,6,1,,,,,1
2015-01,Civil Rights,Other,37,3,11,2,,,,1,1
2015-02,Civil Rights,Other,28,2,17,6,,,1,,5
2015-03,Civil Rights,Other,28,2,21,3,,1,,,2
2015-04,Civil Rights,Other,32,6,25,6,,,,1,5
2015-05,Civil Rights,Other,27,7,24,4,,,,1,3
2015-06,Civil Rights,Other,25,5,9,7,,1,,,6
2015-07,Civil Rights,Other,20,8,26,6,,1,,1,4
2015-08,Civil Rights,Other,15,6,9,5,,1,1,1,2
2015-09,Civil Rights,Other,19,1,19,6,,1,,,5
2015-10,Civil Rights,Other,32,1,28,4,,,,,4
2015-11,Civil Rights,Other,42,9,20,4,1,1,,,2
2015-12,Civil Rights,Other,25,6,13,4,,,,,4
2016-01,Civil Rights,Other,45,2,13,6,1,,,,5
2016-02,Civil Rights,Other,67,2,25,6,1,,,2,3
2016-03,Civil Rights,Other,34,5,19,7,,1,,,6
2016-04,Civil Rights,Other,30,0,20,1,,,,1,
2016-05,Civil Rights,Other,28,4,13,1,,,,,1
2016-06,Civil Rights,Other,24,5,10,3,,,,,3
2016-07,Civil Rights,Other,27,6,34,2,,,,,2
2016-08,Civil Rights,Other,39,4,25,1,,,,,1
2016-09,Civil Rights,Other,27,3,24,2,,,,,2
2016-10,Civil Rights,Other,58,1,19,3,,1,,,2
2016-11,Civil Rights,Other,35,12,5,3,1,,1,,1
2016-12,Civil Rights,Other,46,6,12,6,1,,,1,4
2017-01,Civil Rights,Other,74,4,20,7,,1,,,6
2017-02,Civil Rights,Other,20,4,12,5,1,,,,4
2017-03,Civil Rights,Other,65,4,36,9,1,1,1,,6
2017-04,Civil Rights,Other,48,3,21,3,,,,,3
2017-05,Civil Rights,Other,40,5,15,5,,,,1,4
2017-06,Civil Rights,Other,42,5,31,10,4,,,,6
2017-07,Civil Rights,Other,31,5,17,6,1,,,1,4
2017-08,Civil Rights,Other,40,3,23,6,1,,,1,4
2017-09,Civil Rights,Other,55,1,60,2,,,,,2
2017-10,Civil Rights,Other,37,2,10,5,,1,,,4
2017-11,Civil Rights,Other,46,4,17,5,1,,,,4
2017-12,Civil Rights,Other,32,3,30,5,,,,1,4
2018-01,Civil Rights,Other,30,4,31,1,1,,,,
2018-02,Civil Rights,Other,23,4,17,1,,,,1,
2018-03,Civil Rights,Other,25,2,32,7,1,,1,,5
2018-04,Civil Rights,Other,25,6,21,8,,1,,1,6
2018-05,Civil Rights,Other,43,7,20,2,1,,,,1
2018-06,Civil Rights,Other,32,3,17,4,,,,,4
2018-07,Civil Rights,Other,47,4,16,4,,2,,1,1
2018-08,Civil Rights,Other,38,6,28,3,2,,,,1
2018-09,Civil Rights,Other,34,1,47,5,,1,,,4
2018-10,Civil Rights,Other,32,3,21,4,1,,,,3
2018-11,Civil Rights,Other,21,6,19,3,1,,,1,1
2018-12,Civil Rights,Other,30,6,10,3,,,,,3
2019-01,Civil Rights,Other,10,7,6,3,,,,,3
2019-02,Civil Rights,Other,49,14,18,9,2,,,1,6
2019-03,Civil Rights,Other,31,6,58,6,2,,,,4
2019-04,Civil Rights,Other,38,3,26,9,3,1,,,5
2019-05,Civil Rights,Other,31,2,29,8,2,1,,,5
2019-06,Civil Rights,Other,28,4,12,3,,,,,3
2019-07,Civil Rights,Other,32,3,22,4,,,,,4
2019-08,Civil Rights,Other,26,1,11,5,1,1,,,3
2019-09,Civil Rights,Other,49,6,78,10,,1,,2,7
2019-10,Civil Rights,Other,19,2,9,4,1,,,1,2
2019-11,Civil Rights,Other,23,4,24,2,1,,,,1
2019-12,Civil Rights,Other,29,2,24,3,,2,,,1
2020-01,Civil Rights,Other,33,2,27,3,1,,,,2
2020-02,Civil Rights,Other,33,4,21,1,,,,,1
2020-03,Civil Rights,Other,29,3,14,2,,,,,2
2020-04,Civil Rights,Other,37,2,9,2,,,,,2
2020-05,Civil Rights,Other,22,8,5,0,,,,,
2020-06,Civil Rights,Other,29,7,10,2,1,,,,1
2020-07,Civil Rights,Other,17,6,12,6,,,,,6
2020-08,Civil Rights,Other,20,7,8,7,,2,,,5
2020-09,Civil Rights,Other,28,4,25,7,,,,,7
2020-10,Civil Rights,Other,22,6,17,4,1,,,,3
2020-11,Civil Rights,Other,15,4,5,3,,1,,1,1
2020-12,Civil Rights,Other,21,3,27,8,1,1,,,6
2021-01,Civil Rights,Other,25,4,5,3,,,,,3
2021-02,Civil Rights,Other,31,7,19,1,,,,1,
2021-03,Civil Rights,Other,35,1,16,3,,,,,3
2021-04,Civil Rights,Other,25,2,12,6,,,1,1,4
2021-05,Civil Rights,Other,28,7,17,3,,,,,3
2021-06,Civil Rights,Other,34,4,11,6,,,,1,5
2021-07,Civil Rights,Other,33,5,21,2,,,,,2
2021-08,Civil Rights,Other,18,4,8,4,,,,,4
2021-09,Civil Rights,Other,23,2,24,5,,1,,1,3
2021-10,Civil Rights,Other,24,3,18,3,,1,,,2
2021-11,Civil Rights,Other,21,5,45,5,1,1,,,3
2021-12,Civil Rights,Other,28,5,19,4,1,1,,,2
2022-01,Civil Rights,Other,32,2,16,0,,,,,
2022-02,Civil Rights,Other,24,4,29,3,1,,,,2
2022-03,Civil Rights,Other,38,4,33,5,,,,,5
2022-04,Civil Rights,Other,27,6,9,4,,1,,,3
2022-05,Civil Rights,Other,24,4,18,5,,3,,,2
2022-06,Civil Rights,Other,37,6,16,1,1,,,,
2022-07,Civil Rights,Other,31,8,27,7,2,1,,,4
2022-08,Civil Rights,Other,40,3,21,4,1,,,1,2
2022-09,Civil Rights,Other,44,4,40,7,1,,,1,5
2022-10,Civil Rights,Other,24,1,17,4,1,1,,,2
2022-11,Civil Rights,Other,24,3,10,1,,,,1,
2022-12,Civil Rights,Other,37,5,19,2,1,,,,1
2023-01,Civil Rights,Other,30,2,16,1,,1,,,
2023-02,Civil Rights,Other,46,5,20,5,,1,,,4
2023-03,Civil Rights,Other,90,3,27,5,,1,,,4
2023-04,Civil Rights,Other,35,5,8,0,,,,,
2023-05,Civil Rights,Other,40,7,12,2,,,,,2
2023-06,Civil Rights,Other,34,1,32,2,1,,,,1
2023-07,Civil Rights,Other,38,4,23,2,1,1,,,
2023-08,Civil Rights,Other,58,4,21,2,,,,1,1
2023-09,Civil Rights,Other,41,2,43,2,,,,1,1
2023-10,Civil Rights,Other,47,6,26,4,,,,1,3
2023-11,Civil Rights,Other,42,1,10,6,,1,1,,4
2023-12,Civil Rights,Other,21,2,30,3,1,,,,2
2024-01,Civil Rights,Other,61,0,21,2,1,,,,1
2024-02,Civil Rights,Other,42,2,27,4,2,,,,2
2024-03,Civil Rights,Other,55,7,35,4,1,,,,3
2024-04,Civil Rights,Other,58,9,28,8,,1,,,7
2024-05,Civil Rights,Other,48,2,14,4,2,,,,2
2024-06,Civil Rights,Other,39,5,30,3,1,,,,2
2024-07,Civil Rights,Other,59,2,46,4,,,,,4
2024-08,Civil Rights,Other,48,2,23,4,,,,,4
2024-09,Civil Rights,Other,53,4,55,4,,1,,,3
2024-10,Civil Rights,Other,58,7,18,3,,2,,,1
2024-11,Civil Rights,Other,43,7,33,4,2,,,,2
2024-12,Civil Rights,Other,34,6,26,4,,1,,1,2
2025-01,Civil Rights,Other,45,11,31,10,2,1,,,7
2025-02,Civil Rights,Other,21,4,36,7,1,1,,2,3
2025-03,Civil Rights,Other,40,1,75,9,,,,1,8
2025-04,Civil Rights,Other,33,1,26,2,,,,1,1
2025-05,Civil Rights,Other,32,6,61,7,1,1,,2,3
2025-06,Civil Rights,Other,25,3,40,1,,,,1,
2025-07,Civil Rights,Other,25,6,13,2,,,,1,1
2025-08,Civil Rights,Other,22,7,25,5,1,1,,,3
2025-09,Civil Rights,Other,15,4,59,3,,1,,,2
2025-10,Civil Rights,Other,8,3,5,1,,,,,1
2025-11,Civil Rights,Other,13,6,13,4,,,,,4
2025-12,Civil Rights,Other,16,1,6,4,1,,,,3
2026-01,Civil Rights,Other,11,1,26,1,,,,1,
2026-02,Civil Rights,Other,15,2,17,4,3,,,,1
2026-03,Civil Rights,Other,13,0,34,2,,,,,2
2026-04,Civil Rights,Other,20,2,8,1,,,,,1
2026-05,Civil Rights,Other,11,1,30,5,1,2,,,2
1994-10,Commercial Litigation,Other,1759,1640,8,1527,29,,8,,1490
1994-11,Commercial Litigation,Other,1368,1433,17,1497,32,,12,,1453
1994-12,Commercial Litigation,Other,1554,1502,9,1446,36,,5,,1405
1995-01,Commercial Litigation,Other,1676,1674,8,1733,32,,11,,1690
1995-02,Commercial Litigation,Other,1538,1736,21,1529,22,,4,,1503
1995-03,Commercial Litigation,Other,1797,1896,10,1734,28,,11,,1695
1995-04,Commercial Litigation,Other,1829,1689,58,1581,25,,16,1,1539
1995-05,Commercial Litigation,Other,1884,1963,10,1854,40,,9,,1805
1995-06,Commercial Litigation,Other,1951,1956,20,1816,26,,15,,1775
1995-07,Commercial Litigation,Other,1660,1628,17,1519,28,,17,,1474
1995-08,Commercial Litigation,Other,1986,1875,11,1896,22,,15,,1859
1995-09,Commercial Litigation,Other,2191,1848,13,1901,30,1,18,,1852
1995-10,Commercial Litigation,Other,1813,1872,22,1809,35,,9,,1765
1995-11,Commercial Litigation,Other,1710,1724,8,1439,24,,15,,1400
1995-12,Commercial Litigation,Other,1494,1511,15,1414,38,,22,2,1352
1996-01,Commercial Litigation,Other,1715,1858,12,1923,25,,15,,1883
1996-02,Commercial Litigation,Other,1993,1920,12,2112,26,,13,,2073
1996-03,Commercial Litigation,Other,1975,1885,10,2179,23,,21,1,2134
1996-04,Commercial Litigation,Other,2117,1915,16,1825,27,,12,,1786
1996-05,Commercial Litigation,Other,2039,1907,22,2051,24,,10,,2017
1996-06,Commercial Litigation,Other,1748,1620,18,4746,32,,14,,4700
1996-07,Commercial Litigation,Other,1771,1693,16,1911,19,,5,,1887
1996-08,Commercial Litigation,Other,1695,1770,10,1866,30,1,14,,1821
1996-09,Commercial Litigation,Other,1594,1542,32,2213,42,,9,1,2161
1996-10,Commercial Litigation,Other,1559,1651,12,2033,33,,7,,1993
1996-11,Commercial Litigation,Other,1228,1368,7,1558,28,,8,,1522
1996-12,Commercial Litigation,Other,1364,1366,8,1799,25,,3,,1771
1997-01,Commercial Litigation,Other,1474,1579,16,1801,24,,8,1,1768
1997-02,Commercial Litigation,Other,1550,1548,10,1762,19,,6,1,1736
1997-03,Commercial Litigation,Other,1492,1552,14,1553,20,,4,,1529
1997-04,Commercial Litigation,Other,1529,1509,26,2138,19,,4,1,2114
1997-05,Commercial Litigation,Other,1601,1503,23,2227,24,2,12,,2189
1997-06,Commercial Litigation,Other,1504,1453,19,1969,33,,2,,1934
1997-07,Commercial Litigation,Other,1440,1367,8,1909,34,1,7,1,1866
1997-08,Commercial Litigation,Other,1371,1324,11,1611,14,,2,,1595
1997-09,Commercial Litigation,Other,1257,1193,9,1703,25,,4,2,1672
1997-10,Commercial Litigation,Other,1336,1352,11,1744,24,,3,,1717
1997-11,Commercial Litigation,Other,1020,1035,1,1317,16,,4,,1297
1997-12,Commercial Litigation,Other,1149,1079,9,1361,22,,4,,1335
1998-01,Commercial Litigation,Other,1180,1210,7,1584,15,,5,,1564
1998-02,Commercial Litigation,Other,1316,1199,18,1666,15,,1,1,1649
1998-03,Commercial Litigation,Other,1458,1242,25,1754,25,,3,,1726
1998-04,Commercial Litigation,Other,1367,1242,14,1438,8,,8,,1422
1998-05,Commercial Litigation,Other,1278,1027,8,1582,8,,6,,1568
1998-06,Commercial Litigation,Other,1347,1013,14,1756,14,,8,1,1733
1998-07,Commercial Litigation,Other,1363,990,12,1500,25,,7,3,1465
1998-08,Commercial Litigation,Other,1178,872,16,1426,10,,14,,1402
1998-09,Commercial Litigation,Other,1078,891,20,1705,26,1,6,1,1671
1998-10,Commercial Litigation,Other,1163,924,7,1374,10,,1,,1363
1998-11,Commercial Litigation,Other,1059,708,5,1137,12,,6,,1119
1998-12,Commercial Litigation,Other,944,714,10,1246,11,2,2,1,1230
1999-01,Commercial Litigation,Other,846,701,5,1251,25,2,2,1,1221
1999-02,Commercial Litigation,Other,887,627,32,1466,16,1,4,1,1444
1999-03,Commercial Litigation,Other,944,592,13,1477,13,2,3,1,1458
1999-04,Commercial Litigation,Other,829,467,7,1319,8,,1,,1310
1999-05,Commercial Litigation,Other,718,334,7,1197,8,1,3,,1185
1999-06,Commercial Litigation,Other,628,295,23,1312,10,,2,2,1298
1999-07,Commercial Litigation,Other,383,181,10,1278,14,,4,2,1258
1999-08,Commercial Litigation,Other,226,82,4,1301,16,1,3,3,1278
1999-09,Commercial Litigation,Other,94,49,20,1107,17,2,4,4,1080
1999-10,Commercial Litigation,Other,42,41,6,52,7,1,3,1,40
1999-11,Commercial Litigation,Other,42,32,6,71,6,2,2,9,52
1999-12,Commercial Litigation,Other,43,37,3,84,10,2,4,11,57
2000-01,Commercial Litigation,Other,42,36,4,59,3,1,1,5,49
2000-02,Commercial Litigation,Other,55,41,7,90,3,2,4,12,69
2000-03,Commercial Litigation,Other,50,41,11,67,8,5,5,10,39
2000-04,Commercial Litigation,Other,51,49,6,58,8,1,1,7,41
2000-05,Commercial Litigation,Other,52,38,7,47,4,2,2,5,34
2000-06,Commercial Litigation,Other,65,73,16,69,5,3,1,8,52
2000-07,Commercial Litigation,Other,71,56,8,63,3,1,1,6,52
2000-08,Commercial Litigation,Other,68,57,11,57,13,2,,5,37
2000-09,Commercial Litigation,Other,49,39,4,43,6,1,1,2,33
2000-10,Commercial Litigation,Other,45,39,4,66,17,1,1,10,37
2000-11,Commercial Litigation,Other,46,45,9,30,5,1,3,4,17
2000-12,Commercial Litigation,Other,55,50,9,30,10,1,2,6,11
2001-01,Commercial Litigation,Other,67,58,4,43,12,5,1,3,22
2001-02,Commercial Litigation,Other,38,33,3,27,7,2,5,4,9
2001-03,Commercial Litigation,Other,52,51,9,41,12,2,2,11,14
2001-04,Commercial Litigation,Other,50,43,6,72,12,2,15,16,27
2001-05,Commercial Litigation,Other,65,69,6,48,13,,4,6,25
2001-06,Commercial Litigation,Other,46,56,4,40,15,,5,4,16
2001-07,Commercial Litigation,Other,57,49,7,40,6,1,1,6,26
2001-08,Commercial Litigation,Other,50,50,5,49,10,7,,6,26
2001-09,Commercial Litigation,Other,56,49,6,45,16,3,1,2,23
2001-10,Commercial Litigation,Other,41,42,6,44,16,2,1,4,21
2001-11,Commercial Litigation,Other,51,43,6,24,6,,1,,17
2001-12,Commercial Litigation,Other,53,49,3,40,6,2,2,8,22
2002-01,Commercial Litigation,Other,65,52,4,43,7,5,3,6,22
2002-02,Commercial Litigation,Other,34,44,4,36,5,,2,7,22
2002-03,Commercial Litigation,Other,52,33,8,51,6,5,,9,31
2002-04,Commercial Litigation,Other,49,52,3,34,5,3,,6,20
2002-05,Commercial Litigation,Other,75,86,8,86,18,1,3,16,48
2002-06,Commercial Litigation,Other,103,72,2,73,7,2,1,22,41
2002-07,Commercial Litigation,Other,90,70,8,60,5,4,2,4,45
2002-08,Commercial Litigation,Other,43,36,10,56,5,2,,10,39
2002-09,Commercial Litigation,Other,61,36,12,71,18,1,2,13,37
2002-10,Commercial Litigation,Other,63,64,13,50,10,,1,5,34
2002-11,Commercial Litigation,Other,48,43,15,59,7,1,3,5,43
2002-12,Commercial Litigation,Other,56,53,7,34,6,3,1,4,20
2003-01,Commercial Litigation,Other,64,49,3,43,6,3,1,5,28
2003-02,Commercial Litigation,Other,54,48,11,40,7,3,1,4,25
2003-03,Commercial Litigation,Other,57,58,16,38,7,1,,7,23
2003-04,Commercial Litigation,Other,73,54,8,57,12,,1,12,32
2003-05,Commercial Litigation,Other,51,50,8,64,7,2,1,5,49
2003-06,Commercial Litigation,Other,66,66,4,38,7,2,1,7,21
2003-07,Commercial Litigation,Other,115,97,6,77,6,4,2,10,55
2003-08,Commercial Litigation,Other,71,61,10,56,12,,1,11,32
2003-09,Commercial Litigation,Other,86,86,9,54,9,2,2,10,31
2003-10,Commercial Litigation,Other,70,76,8,51,8,6,1,7,29
2003-11,Commercial Litigation,Other,54,108,6,42,8,1,1,8,24
2003-12,Commercial Litigation,Other,199,134,11,134,15,,1,14,104
2004-01,Commercial Litigation,Other,83,111,3,58,8,,2,17,31
2004-02,Commercial Litigation,Other,119,145,6,101,15,1,,16,69
2004-03,Commercial Litigation,Other,215,197,19,169,13,5,3,15,133
2004-04,Commercial Litigation,Other,139,133,8,122,13,3,3,26,77
2004-05,Commercial Litigation,Other,156,114,8,109,13,3,1,20,72
2004-06,Commercial Litigation,Other,145,151,7,153,13,3,4,33,100
2004-07,Commercial Litigation,Other,128,120,7,105,15,1,5,19,65
2004-08,Commercial Litigation,Other,166,132,10,126,17,3,2,24,80
2004-09,Commercial Litigation,Other,103,100,6,89,15,,4,30,40
2004-10,Commercial Litigation,Other,125,125,6,119,10,3,5,37,64
2004-11,Commercial Litigation,Other,121,150,10,110,11,2,6,37,54
2004-12,Commercial Litigation,Other,164,130,4,114,7,2,1,30,74
2005-01,Commercial Litigation,Other,139,101,5,126,13,,5,36,72
2005-02,Commercial Litigation,Other,75,105,8,95,6,2,3,29,55
2005-03,Commercial Litigation,Other,145,133,12,136,19,2,4,29,82
2005-04,Commercial Litigation,Other,152,100,9,115,5,1,4,35,70
2005-05,Commercial Litigation,Other,104,106,2,113,13,1,4,37,58
2005-06,Commercial Litigation,Other,117,101,6,108,5,1,6,31,65
2005-07,Commercial Litigation,Other,103,102,6,201,13,3,4,45,136
2005-08,Commercial Litigation,Other,104,119,11,123,11,1,4,39,68
2005-09,Commercial Litigation,Other,119,86,10,104,12,2,,23,67
2005-10,Commercial Litigation,Other,78,78,2,70,12,,3,28,27
2005-11,Commercial Litigation,Other,85,116,3,91,11,4,2,25,49
2005-12,Commercial Litigation,Other,113,101,1,93,11,,4,35,43
2006-01,Commercial Litigation,Other,117,97,5,116,10,2,1,23,80
2006-02,Commercial Litigation,Other,104,104,5,100,6,4,,25,65
2006-03,Commercial Litigation,Other,126,112,12,139,14,2,6,46,71
2006-04,Commercial Litigation,Other,98,102,2,151,8,,5,54,84
2006-05,Commercial Litigation,Other,103,110,3,90,5,1,3,29,52
2006-06,Commercial Litigation,Other,118,137,6,88,8,,3,29,48
2006-07,Commercial Litigation,Other,131,113,6,118,11,,4,26,77
2006-08,Commercial Litigation,Other,128,122,9,123,11,1,2,36,73
2006-09,Commercial Litigation,Other,136,118,5,119,3,2,4,45,65
2006-10,Commercial Litigation,Other,159,153,7,137,10,1,4,29,93
2006-11,Commercial Litigation,Other,75,130,10,116,7,1,9,34,65
2006-12,Commercial Litigation,Other,131,143,3,109,9,,6,23,71
2007-01,Commercial Litigation,Other,173,174,8,157,8,2,12,18,117
2007-02,Commercial Litigation,Other,171,110,3,138,5,3,6,16,108
2007-03,Commercial Litigation,Other,167,111,13,136,10,2,8,18,98
2007-04,Commercial Litigation,Other,106,73,9,82,8,3,13,15,43
2007-05,Commercial Litigation,Other,99,77,17,93,1,1,7,32,52
2007-06,Commercial Litigation,Other,91,89,5,62,6,1,6,23,26
2007-07,Commercial Litigation,Other,91,89,10,58,3,3,8,15,29
2007-08,Commercial Litigation,Other,116,102,7,86,5,,3,16,62
2007-09,Commercial Litigation,Other,82,49,17,56,2,4,2,11,37
2007-10,Commercial Litigation,Other,79,62,11,75,5,2,12,17,39
2007-11,Commercial Litigation,Other,78,68,4,41,2,1,5,10,23
2007-12,Commercial Litigation,Other,79,64,5,56,13,4,7,8,24
2008-01,Commercial Litigation,Other,69,91,2,60,5,,12,13,30
2008-02,Commercial Litigation,Other,69,154,6,71,8,,8,13,42
2008-03,Commercial Litigation,Other,199,79,9,245,3,,7,16,219
2008-04,Commercial Litigation,Other,90,122,5,63,6,2,8,10,37
2008-05,Commercial Litigation,Other,98,45,5,103,6,2,3,14,78
2008-06,Commercial Litigation,Other,78,86,7,117,5,1,4,12,95
2008-07,Commercial Litigation,Other,75,65,4,72,8,,3,17,44
2008-08,Commercial Litigation,Other,74,50,7,73,5,2,2,13,51
2008-09,Commercial Litigation,Other,91,76,11,62,3,4,6,13,36
2008-10,Commercial Litigation,Other,101,87,7,73,1,3,3,17,49
2008-11,Commercial Litigation,Other,60,53,10,63,1,,2,12,48
2008-12,Commercial Litigation,Other,67,52,12,70,3,,4,14,49
2009-01,Commercial Litigation,Other,76,79,8,51,4,1,2,12,32
2009-02,Commercial Litigation,Other,91,73,17,53,7,1,1,16,28
2009-03,Commercial Litigation,Other,112,103,12,75,2,,4,17,52
2009-04,Commercial Litigation,Other,117,110,16,59,4,2,4,12,37
2009-05,Commercial Litigation,Other,83,74,15,70,3,1,2,13,51
2009-06,Commercial Litigation,Other,88,77,8,55,6,1,4,18,26
2009-07,Commercial Litigation,Other,81,80,11,72,1,1,7,6,57
2009-08,Commercial Litigation,Other,83,78,9,42,3,,3,8,28
2009-09,Commercial Litigation,Other,113,101,18,67,5,,1,10,51
2009-10,Commercial Litigation,Other,115,106,6,75,4,1,,13,57
2009-11,Commercial Litigation,Other,91,83,3,89,7,2,4,13,63
2009-12,Commercial Litigation,Other,84,83,5,63,5,,2,14,42
2010-01,Commercial Litigation,Other,109,97,14,58,4,3,7,5,39
2010-02,Commercial Litigation,Other,90,94,10,61,3,1,3,9,45
2010-03,Commercial Litigation,Other,175,152,8,100,14,,10,22,54
2010-04,Commercial Litigation,Other,126,110,15,90,4,1,6,21,58
2010-05,Commercial Litigation,Other,118,116,3,91,7,3,10,20,51
2010-06,Commercial Litigation,Other,125,108,9,68,4,,9,17,38
2010-07,Commercial Litigation,Other,111,101,8,104,3,1,4,17,79
2010-08,Commercial Litigation,Other,109,105,10,68,8,,5,20,35
2010-09,Commercial Litigation,Other,117,114,13,84,4,,12,27,41
2010-10,Commercial Litigation,Other,121,125,3,71,5,,5,16,45
2010-11,Commercial Litigation,Other,102,95,9,76,3,1,7,18,47
2010-12,Commercial Litigation,Other,118,111,8,54,,2,4,17,31
2011-01,Commercial Litigation,Other,121,89,14,92,2,2,9,21,58
2011-02,Commercial Litigation,Other,112,101,3,98,2,2,8,15,71
2011-03,Commercial Litigation,Other,149,140,23,162,5,1,5,22,129
2011-04,Commercial Litigation,Other,124,88,15,81,5,,13,17,46
2011-05,Commercial Litigation,Other,117,121,1,95,10,2,6,25,52
2011-06,Commercial Litigation,Other,133,121,11,88,7,1,9,28,43
2011-07,Commercial Litigation,Other,114,115,2,76,2,2,2,11,59
2011-08,Commercial Litigation,Other,150,122,9,78,4,,8,23,43
2011-09,Commercial Litigation,Other,102,112,14,121,3,3,10,14,91
2011-10,Commercial Litigation,Other,140,112,3,77,3,1,7,22,44
2011-11,Commercial Litigation,Other,108,117,3,82,6,1,3,13,59
2011-12,Commercial Litigation,Other,110,93,3,96,3,1,8,24,60
2012-01,Commercial Litigation,Other,119,104,6,73,3,1,3,16,50
2012-02,Commercial Litigation,Other,100,100,19,178,2,1,6,18,151
2012-03,Commercial Litigation,Other,106,100,14,107,8,4,5,16,74
2012-04,Commercial Litigation,Other,143,111,5,112,7,,8,17,80
2012-05,Commercial Litigation,Other,125,129,21,78,3,1,5,9,60
2012-06,Commercial Litigation,Other,125,101,8,81,1,,4,17,59
2012-07,Commercial Litigation,Other,126,109,14,106,3,1,2,27,73
2012-08,Commercial Litigation,Other,118,108,5,82,4,,,22,56
2012-09,Commercial Litigation,Other,118,106,25,139,2,,4,11,122
2012-10,Commercial Litigation,Other,106,105,2,101,6,2,2,23,68
2012-11,Commercial Litigation,Other,99,92,7,84,6,2,1,18,57
2012-12,Commercial Litigation,Other,93,92,13,78,4,,1,15,58
2013-01,Commercial Litigation,Other,103,90,3,105,8,,1,20,76
2013-02,Commercial Litigation,Other,98,109,5,135,4,2,,18,111
2013-03,Commercial Litigation,Other,120,89,15,78,4,1,1,14,58
2013-04,Commercial Litigation,Other,120,122,9,125,5,,,24,96
2013-05,Commercial Litigation,Other,104,81,5,96,6,1,4,19,66
2013-06,Commercial Litigation,Other,96,81,6,140,6,,2,24,108
2013-07,Commercial Litigation,Other,121,112,6,108,7,1,1,27,72
2013-08,Commercial Litigation,Other,135,126,6,80,2,1,3,22,52
2013-09,Commercial Litigation,Other,108,99,12,125,2,1,4,22,96
2013-10,Commercial Litigation,Other,102,100,5,88,5,,2,28,53
2013-11,Commercial Litigation,Other,87,88,7,90,3,,1,20,66
2013-12,Commercial Litigation,Other,97,91,6,60,6,,,18,36
2014-01,Commercial Litigation,Other,81,87,10,108,6,,,29,73
2014-02,Commercial Litigation,Other,76,65,9,127,3,2,,26,96
2014-03,Commercial Litigation,Other,75,63,14,80,3,,1,29,47
2014-04,Commercial Litigation,Other,104,98,17,91,5,2,1,29,54
2014-05,Commercial Litigation,Other,100,100,2,88,4,,2,20,62
2014-06,Commercial Litigation,Other,93,87,8,63,2,,,19,42
2014-07,Commercial Litigation,Other,117,103,11,99,8,2,,25,64
2014-08,Commercial Litigation,Other,91,85,10,82,4,,2,31,45
2014-09,Commercial Litigation,Other,96,97,10,180,5,4,2,18,151
2014-10,Commercial Litigation,Other,101,98,5,77,3,,1,26,47
2014-11,Commercial Litigation,Other,76,75,9,101,5,2,1,39,54
2014-12,Commercial Litigation,Other,108,142,1,88,4,3,1,30,50
2015-01,Commercial Litigation,Other,113,103,4,75,5,1,,24,45
2015-02,Commercial Litigation,Other,98,89,9,73,5,,,26,42
2015-03,Commercial Litigation,Other,146,128,5,169,6,2,1,42,118
2015-04,Commercial Litigation,Other,138,111,17,64,3,1,2,26,32
2015-05,Commercial Litigation,Other,107,126,3,71,5,3,,19,44
2015-06,Commercial Litigation,Other,134,102,3,90,1,1,,23,65
2015-07,Commercial Litigation,Other,122,75,12,111,3,5,2,23,78
2015-08,Commercial Litigation,Other,105,84,12,81,4,,2,33,42
2015-09,Commercial Litigation,Other,102,102,19,75,4,,4,21,46
2015-10,Commercial Litigation,Other,103,81,24,71,2,,,24,45
2015-11,Commercial Litigation,Other,108,107,5,88,3,,,18,67
2015-12,Commercial Litigation,Other,124,96,13,91,8,,,24,59
2016-01,Commercial Litigation,Other,113,96,3,253,3,1,,24,225
2016-02,Commercial Litigation,Other,120,138,15,114,4,2,,25,83
2016-03,Commercial Litigation,Other,127,110,23,111,7,3,,26,75
2016-04,Commercial Litigation,Other,125,102,7,74,5,1,3,16,49
2016-05,Commercial Litigation,Other,112,101,9,109,2,1,3,34,69
2016-06,Commercial Litigation,Other,141,122,3,84,3,3,3,35,40
2016-07,Commercial Litigation,Other,107,92,6,184,7,1,3,43,130
2016-08,Commercial Litigation,Other,158,133,10,98,1,1,4,20,72
2016-09,Commercial Litigation,Other,93,84,18,94,8,2,,32,52
2016-10,Commercial Litigation,Other,132,105,4,80,7,1,3,30,39
2016-11,Commercial Litigation,Other,120,117,7,94,5,,3,31,55
2016-12,Commercial Litigation,Other,121,121,19,103,8,2,,27,66
2017-01,Commercial Litigation,Other,125,116,24,183,,3,2,34,144
2017-02,Commercial Litigation,Other,106,97,12,80,2,1,2,33,42
2017-03,Commercial Litigation,Other,157,129,24,147,6,4,2,37,98
2017-04,Commercial Litigation,Other,112,91,18,77,5,1,1,26,44
2017-05,Commercial Litigation,Other,110,113,15,136,7,,5,43,81
2017-06,Commercial Litigation,Other,106,91,5,114,7,1,2,35,69
2017-07,Commercial Litigation,Other,113,116,7,74,4,1,1,29,39
2017-08,Commercial Litigation,Other,117,110,13,133,13,,2,42,76
2017-09,Commercial Litigation,Other,100,93,13,120,5,2,2,43,68
2017-10,Commercial Litigation,Other,113,93,9,92,12,3,1,25,51
2017-11,Commercial Litigation,Other,129,132,14,98,7,1,1,39,50
2017-12,Commercial Litigation,Other,99,95,9,74,2,4,1,30,37
2018-01,Commercial Litigation,Other,90,87,4,113,3,3,2,44,61
2018-02,Commercial Litigation,Other,95,78,7,78,5,,1,25,47
2018-03,Commercial Litigation,Other,97,90,16,141,4,4,3,51,79
2018-04,Commercial Litigation,Other,80,80,3,108,4,,2,39,63
2018-05,Commercial Litigation,Other,125,108,5,97,5,2,3,38,49
2018-06,Commercial Litigation,Other,99,84,11,105,10,1,1,33,60
2018-07,Commercial Litigation,Other,113,121,10,118,10,1,1,38,68
2018-08,Commercial Litigation,Other,111,97,11,222,7,2,4,80,129
2018-09,Commercial Litigation,Other,100,94,16,121,8,2,1,29,81
2018-10,Commercial Litigation,Other,102,88,6,120,10,,2,42,66
2018-11,Commercial Litigation,Other,95,95,4,77,9,,2,21,45
2018-12,Commercial Litigation,Other,104,103,5,87,6,1,,22,58
2019-01,Commercial Litigation,Other,82,78,2,85,4,2,1,33,45
2019-02,Commercial Litigation,Other,79,62,0,104,10,1,1,38,54
2019-03,Commercial Litigation,Other,91,92,6,96,10,1,1,33,51
2019-04,Commercial Litigation,Other,120,96,5,90,10,3,1,22,54
2019-05,Commercial Litigation,Other,101,100,5,123,14,1,,52,56
2019-06,Commercial Litigation,Other,85,75,4,83,7,1,2,29,44
2019-07,Commercial Litigation,Other,108,102,7,96,8,1,2,22,63
2019-08,Commercial Litigation,Other,110,89,4,91,11,2,1,26,51
2019-09,Commercial Litigation,Other,105,74,5,70,7,1,,31,31
2019-10,Commercial Litigation,Other,91,86,6,96,14,1,1,26,54
2019-11,Commercial Litigation,Other,94,87,3,64,5,1,3,15,40
2019-12,Commercial Litigation,Other,84,83,13,95,6,2,1,15,71
2020-01,Commercial Litigation,Other,126,110,7,96,11,,4,28,53
2020-02,Commercial Litigation,Other,74,70,12,83,2,2,1,30,48
2020-03,Commercial Litigation,Other,96,75,7,75,7,2,1,16,49
2020-04,Commercial Litigation,Other,35,30,4,69,9,1,,26,33
2020-05,Commercial Litigation,Other,43,32,3,40,3,1,1,16,19
2020-06,Commercial Litigation,Other,57,51,3,51,8,1,3,18,21
2020-07,Commercial Litigation,Other,50,48,2,58,5,,,14,39
2020-08,Commercial Litigation,Other,66,45,4,66,5,1,2,18,40
2020-09,Commercial Litigation,Other,27,30,7,74,6,4,1,16,47
2020-10,Commercial Litigation,Other,80,58,5,79,2,1,1,17,58
2020-11,Commercial Litigation,Other,52,43,2,47,5,,2,13,27
2020-12,Commercial Litigation,Other,37,44,4,41,4,1,,15,21
2021-01,Commercial Litigation,Other,49,34,2,52,1,2,,11,38
2021-02,Commercial Litigation,Other,40,36,2,120,10,2,1,13,94
2021-03,Commercial Litigation,Other,42,37,11,68,6,2,,25,35
2021-04,Commercial Litigation,Other,49,35,6,71,7,,,20,44
2021-05,Commercial Litigation,Other,35,27,6,40,4,1,1,15,19
2021-06,Commercial Litigation,Other,37,35,2,43,2,,,18,23
2021-07,Commercial Litigation,Other,51,40,7,56,4,1,1,20,30
2021-08,Commercial Litigation,Other,44,36,3,50,3,2,,15,30
2021-09,Commercial Litigation,Other,59,51,12,54,5,,1,10,38
2021-10,Commercial Litigation,Other,54,57,4,57,3,,2,10,42
2021-11,Commercial Litigation,Other,50,34,3,63,1,1,,17,44
2021-12,Commercial Litigation,Other,31,27,4,42,2,,,11,29
2022-01,Commercial Litigation,Other,41,39,3,42,3,1,,7,31
2022-02,Commercial Litigation,Other,71,60,11,60,,,1,30,29
2022-03,Commercial Litigation,Other,69,61,19,73,2,,,25,46
2022-04,Commercial Litigation,Other,59,54,6,87,4,1,,36,46
2022-05,Commercial Litigation,Other,61,56,5,86,4,,,22,60
2022-06,Commercial Litigation,Other,86,69,2,85,7,,,29,49
2022-07,Commercial Litigation,Other,52,56,4,66,9,,,27,30
2022-08,Commercial Litigation,Other,85,65,6,48,5,,1,20,22
2022-09,Commercial Litigation,Other,80,64,7,58,3,2,,11,42
2022-10,Commercial Litigation,Other,78,77,5,88,5,,2,20,61
2022-11,Commercial Litigation,Other,70,64,9,47,2,,1,21,23
2022-12,Commercial Litigation,Other,60,72,3,48,2,1,,26,19
2023-01,Commercial Litigation,Other,122,88,10,50,5,,,23,22
2023-02,Commercial Litigation,Other,79,70,5,52,7,1,,21,23
2023-03,Commercial Litigation,Other,94,88,9,67,4,2,1,25,35
2023-04,Commercial Litigation,Other,66,64,3,48,5,,,12,31
2023-05,Commercial Litigation,Other,100,88,5,34,4,,1,13,16
2023-06,Commercial Litigation,Other,68,54,10,99,8,2,,52,37
2023-07,Commercial Litigation,Other,64,53,4,61,1,,1,29,30
2023-08,Commercial Litigation,Other,84,71,11,68,6,,2,33,27
2023-09,Commercial Litigation,Other,78,71,14,86,9,1,,41,35
2023-10,Commercial Litigation,Other,107,92,3,71,2,3,1,37,28
2023-11,Commercial Litigation,Other,84,79,2,53,4,,2,22,25
2023-12,Commercial Litigation,Other,78,71,16,49,2,1,,16,30
2024-01,Commercial Litigation,Other,96,93,3,47,3,1,,22,21
2024-02,Commercial Litigation,Other,96,95,11,65,6,,2,35,22
2024-03,Commercial Litigation,Other,91,70,14,79,7,5,,31,36
2024-04,Commercial Litigation,Other,71,61,7,117,13,4,,69,31
2024-05,Commercial Litigation,Other,80,73,2,71,7,1,2,39,22
2024-06,Commercial Litigation,Other,73,65,7,52,5,1,2,19,25
2024-07,Commercial Litigation,Other,79,92,3,61,3,,3,26,29
2024-08,Commercial Litigation,Other,91,91,7,58,5,1,4,29,19
2024-09,Commercial Litigation,Other,105,89,5,46,4,,,27,15
2024-10,Commercial Litigation,Other,127,128,6,57,5,1,,29,22
2024-11,Commercial Litigation,Other,179,184,15,65,9,,2,32,22
2024-12,Commercial Litigation,Other,157,137,1,50,5,,2,21,22
2025-01,Commercial Litigation,Other,164,179,3,54,1,2,2,20,29
2025-02,Commercial Litigation,Other,141,138,8,69,9,1,1,19,39
2025-03,Commercial Litigation,Other,178,155,9,85,1,,1,35,48
2025-04,Commercial Litigation,Other,152,150,2,77,5,,1,31,40
2025-05,Commercial Litigation,Other,138,144,6,93,2,,1,56,34
2025-06,Commercial Litigation,Other,137,136,1,78,4,2,2,30,40
2025-07,Commercial Litigation,Other,194,165,0,86,2,2,,37,45
2025-08,Commercial Litigation,Other,142,156,3,74,5,2,,30,37
2025-09,Commercial Litigation,Other,180,168,7,183,5,1,,74,103
2025-10,Commercial Litigation,Other,177,180,2,43,1,1,,22,19
2025-11,Commercial Litigation,Other,112,93,0,39,2,,3,22,12
2025-12,Commercial Litigation,Other,119,119,3,72,10,,,32,30
2026-01,Commercial Litigation,Other,125,105,2,93,2,,,44,47
2026-02,Commercial Litigation,Other,89,90,9,68,5,,,23,40
2026-03,Commercial Litigation,Other,111,88,3,134,6,1,,47,80
2026-04,Commercial Litigation,Other,96,93,0,64,12,1,,27,24
2026-05,Commercial Litigation,Other,97,78,21,90,15,,1,44,30
1994-10,Employment Discrimination,Other,3,1,0,3,1,,,,2
1994-11,Employment Discrimination,Other,2,1,0,1,,,,,1
1994-12,Employment Discrimination,Other,2,1,1,1,,,,,1
1995-01,Employment Discrimination,Other,1,1,0,1,,,,,1
1995-02,Employment Discrimination,Other,2,5,0,1,,,,,1
1995-03,Employment Discrimination,Other,5,4,0,3,1,,,,2
1995-04,Employment Discrimination,Other,2,2,0,0,,,,,
1995-05,Employment Discrimination,Other,3,2,0,3,2,,,,1
1995-06,Employment Discrimination,Other,2,3,0,0,,,,,
1995-07,Employment Discrimination,Other,3,1,0,1,,,,,1
1995-08,Employment Discrimination,Other,3,5,0,2,,,,,2
1995-09,Employment Discrimination,Other,8,5,1,2,,,,,2
1995-10,Employment Discrimination,Other,5,8,2,2,,,,,2
1995-11,Employment Discrimination,Other,5,4,0,1,,,,,1
1995-12,Employment Discrimination,Other,2,0,1,1,,,,,1
1996-01,Employment Discrimination,Other,2,2,0,2,,,,,2
1996-02,Employment Discrimination,Other,4,2,0,2,,,,,2
1996-03,Employment Discrimination,Other,1,2,0,3,1,,,,2
1996-04,Employment Discrimination,Other,1,0,0,1,,,,,1
1996-05,Employment Discrimination,Other,1,2,0,4,,,,,4
1996-06,Employment Discrimination,Other,7,5,1,4,,,,,4
1996-07,Employment Discrimination,Other,7,7,0,5,,,,,5
1996-08,Employment Discrimination,Other,3,6,0,2,,,,,2
1996-09,Employment Discrimination,Other,3,3,1,3,,,,,3
1996-10,Employment Discrimination,Other,5,3,0,4,,,,,4
1996-11,Employment Discrimination,Other,4,2,0,5,,,,,5
1996-12,Employment Discrimination,Other,8,7,0,1,,,,,1
1997-01,Employment Discrimination,Other,2,2,0,4,,,,,4
1997-02,Employment Discrimination,Other,0,1,0,2,,,,,2
1997-03,Employment Discrimination,Other,6,7,0,2,,,,,2
1997-04,Employment Discrimination,Other,2,1,0,6,,,,,6
1997-05,Employment Discrimination,Other,6,5,0,4,,,,,4
1997-06,Employment Discrimination,Other,5,5,0,2,,,,,2
1997-07,Employment Discrimination,Other,5,3,0,3,,,,,3
1997-08,Employment Discrimination,Other,1,3,0,4,,,,,4
1997-09,Employment Discrimination,Other,2,1,0,2,,,,,2
1997-10,Employment Discrimination,Other,1,1,0,6,1,,,,5
1997-11,Employment Discrimination,Other,1,0,0,5,,,,,5
1997-12,Employment Discrimination,Other,1,2,0,7,,,,,7
1998-01,Employment Discrimination,Other,3,2,0,4,,,,,4
1998-02,Employment Discrimination,Other,2,1,0,1,,,,,1
1998-03,Employment Discrimination,Other,4,3,1,2,,,1,,1
1998-04,Employment Discrimination,Other,2,0,0,1,,,,,1
1998-05,Employment Discrimination,Other,0,2,0,4,,,,,4
1998-06,Employment Discrimination,Other,5,3,1,9,,,,,9
1998-07,Employment Discrimination,Other,2,0,0,5,,,,,5
1998-08,Employment Discrimination,Other,1,0,1,2,,,,,2
1998-09,Employment Discrimination,Other,2,4,1,2,,,,,2
1998-10,Employment Discrimination,Other,1,0,1,0,,,,,
1998-11,Employment Discrimination,Other,2,0,1,1,,,,,1
1998-12,Employment Discrimination,Other,1,2,0,2,,,,,2
1999-01,Employment Discrimination,Other,0,0,0,1,,,,,1
1999-02,Employment Discrimination,Other,2,1,1,2,1,,,,1
1999-03,Employment Discrimination,Other,0,0,0,2,,,,,2
1999-04,Employment Discrimination,Other,1,0,0,1,,,,,1
1999-05,Employment Discrimination,Other,1,1,1,4,,,,,4
1999-06,Employment Discrimination,Other,1,0,0,1,,,,,1
1999-07,Employment Discrimination,Other,1,2,1,2,,,,,2
1999-08,Employment Discrimination,Other,0,2,0,2,,,,,2
1999-09,Employment Discrimination,Other,1,0,1,1,,1,,,
1999-10,Employment Discrimination,Other,3,1,0,0,,,,,
1999-11,Employment Discrimination,Other,2,2,0,1,,,,,1
1999-12,Employment Discrimination,Other,2,4,0,3,1,,,,2
2000-01,Employment Discrimination,Other,2,3,0,0,,,,,
2000-02,Employment Discrimination,Other,1,0,1,2,,1,,,1
2000-03,Employment Discrimination,Other,2,0,1,5,2,,,,3
2000-04,Employment Discrimination,Other,2,1,0,1,,1,,,
2000-05,Employment Discrimination,Other,3,2,1,2,,,,1,1
2000-06,Employment Discrimination,Other,2,2,0,1,,,,,1
2000-07,Employment Discrimination,Other,2,2,0,3,2,1,,,
2000-08,Employment Discrimination,Other,2,3,0,2,1,,,,1
2000-09,Employment Discrimination,Other,4,3,1,2,,,,2,
2000-10,Employment Discrimination,Other,3,2,1,2,1,,,,1
2000-11,Employment Discrimination,Other,1,1,0,3,,,,,3
2001-01,Employment Discrimination,Other,1,1,0,0,,,,,
2001-02,Employment Discrimination,Other,0,0,0,3,2,,,,1
2001-03,Employment Discrimination,Other,5,3,0,0,,,,,
2001-04,Employment Discrimination,Other,1,2,0,1,,,,1,
2001-05,Employment Discrimination,Other,2,0,0,2,1,,,1,
2001-06,Employment Discrimination,Other,1,1,0,0,,,,,
2001-07,Employment Discrimination,Other,4,3,0,1,,,,,1
2001-08,Employment Discrimination,Other,3,3,0,1,,,,,1
2001-09,Employment Discrimination,Other,0,1,0,3,1,1,,,1
2001-10,Employment Discrimination,Other,1,1,0,0,,,,,
2001-11,Employment Discrimination,Other,2,1,0,0,,,,,
2001-12,Employment Discrimination,Other,0,1,0,0,,,,,
2002-01,Employment Discrimination,Other,2,3,0,0,,,,,
2002-02,Employment Discrimination,Other,1,1,0,2,,,,,2
2002-03,Employment Discrimination,Other,0,0,0,1,1,,,,
2002-04,Employment Discrimination,Other,2,2,0,2,1,,,,1
2002-05,Employment Discrimination,Other,2,5,1,1,,,,,1
2002-06,Employment Discrimination,Other,6,5,0,1,1,,,,
2002-07,Employment Discrimination,Other,4,2,1,3,,,,,3
2002-08,Employment Discrimination,Other,2,3,1,1,,,,,1
2002-09,Employment Discrimination,Other,4,3,0,3,1,,,,2
2002-10,Employment Discrimination,Other,2,3,0,4,1,,,,3
2002-11,Employment Discrimination,Other,2,0,1,2,1,,,1,
2002-12,Employment Discrimination,Other,0,3,0,1,1,,,,
2003-01,Employment Discrimination,Other,2,5,0,1,,,,1,
2003-02,Employment Discrimination,Other,9,7,0,1,,,,,1
2003-03,Employment Discrimination,Other,8,6,0,0,,,,,
2003-04,Employment Discrimination,Other,5,7,0,0,,,,,
2003-05,Employment Discrimination,Other,10,5,0,5,3,,,1,1
2003-06,Employment Discrimination,Other,7,4,0,4,2,,,,2
2003-07,Employment Discrimination,Other,2,4,1,2,1,,,1,
2003-08,Employment Discrimination,Other,5,1,1,3,2,,,,1
2003-09,Employment Discrimination,Other,2,1,0,4,1,2,1,,
2003-10,Employment Discrimination,Other,1,0,1,2,1,,,,1
2003-11,Employment Discrimination,Other,0,0,0,5,2,,,,3
2003-12,Employment Discrimination,Other,0,0,0,1,1,,,,
2004-01,Employment Discrimination,Other,0,2,0,3,2,,,,1
2004-02,Employment Discrimination,Other,2,0,1,0,,,,,
2004-03,Employment Discrimination,Other,0,1,0,5,2,1,,1,1
2004-04,Employment Discrimination,Other,0,0,1,1,,,,,1
2004-05,Employment Discrimination,Other,1,0,1,4,1,3,,,
2004-06,Employment Discrimination,Other,0,1,1,3,1,,,,2
2004-07,Employment Discrimination,Other,1,1,0,1,,1,,,
2004-08,Employment Discrimination,Other,0,0,0,1,,1,,,
2004-09,Employment Discrimination,Other,0,0,0,3,,,,1,2
2004-10,Employment Discrimination,Other,0,0,1,1,,,,,1
2004-11,Employment Discrimination,Other,1,1,0,4,3,,,,1
2004-12,Employment Discrimination,Other,1,2,0,1,1,,,,
2005-01,Employment Discrimination,Other,0,0,0,4,1,1,1,,1
2005-02,Employment Discrimination,Other,2,3,0,2,1,,,,1
2005-03,Employment Discrimination,Other,1,1,0,1,,,,,1
2005-04,Employment Discrimination,Other,3,3,1,1,,,,1,
2005-05,Employment Discrimination,Other,2,1,0,1,,,,,1
2005-06,Employment Discrimination,Other,1,1,0,0,,,,,
2005-07,Employment Discrimination,Other,3,1,0,1,,,,,1
2005-08,Employment Discrimination,Other,3,4,0,0,,,,,
2005-09,Employment Discrimination,Other,1,2,1,4,,,,,4
2005-10,Employment Discrimination,Other,1,1,0,2,1,,,,1
2005-11,Employment Discrimination,Other,1,2,0,1,,,,1,
2006-01,Employment Discrimination,Other,1,0,0,1,1,,,,
2006-02,Employment Discrimination,Other,2,1,0,1,,,,1,
2006-03,Employment Discrimination,Other,0,0,0,3,,,,,3
2006-04,Employment Discrimination,Other,1,0,0,0,,,,,
2006-05,Employment Discrimination,Other,1,1,0,1,,,,,1
2006-07,Employment Discrimination,Other,0,1,0,0,,,,,
2006-08,Employment Discrimination,Other,1,1,0,1,1,,,,
2006-09,Employment Discrimination,Other,2,1,0,3,1,,,,2
2006-10,Employment Discrimination,Other,2,3,0,2,1,,,,1
2006-11,Employment Discrimination,Other,3,1,0,0,,,,,
2006-12,Employment Discrimination,Other,0,1,0,1,,,,,1
2007-01,Employment Discrimination,Other,4,1,0,2,,,,1,1
2007-02,Employment Discrimination,Other,0,1,0,1,,,,1,
2007-05,Employment Discrimination,Other,1,1,1,5,4,,,,1
2007-06,Employment Discrimination,Other,0,1,0,2,1,,1,,
2007-07,Employment Discrimination,Other,1,1,0,0,,,,,
2007-08,Employment Discrimination,Other,1,2,0,1,,,,,1
2007-09,Employment Discrimination,Other,0,1,0,5,3,1,,,1
2007-10,Employment Discrimination,Other,1,0,0,1,,,,,1
2007-11,Employment Discrimination,Other,3,0,0,1,,,,,1
2007-12,Employment Discrimination,Other,3,3,0,1,1,,,,
2008-01,Employment Discrimination,Other,0,1,0,1,,1,,,
2008-02,Employment Discrimination,Other,1,0,0,0,,,,,
2008-03,Employment Discrimination,Other,0,0,0,1,1,,,,
2008-04,Employment Discrimination,Other,0,1,2,0,,,,,
2008-05,Employment Discrimination,Other,2,0,1,0,,,,,
2008-06,Employment Discrimination,Other,1,2,1,1,,,,,1
2008-07,Employment Discrimination,Other,0,1,1,2,1,,,,1
2008-08,Employment Discrimination,Other,2,0,0,0,,,,,
2008-09,Employment Discrimination,Other,2,3,0,1,,1,,,
2008-10,Employment Discrimination,Other,4,3,0,0,,,,,
2008-11,Employment Discrimination,Other,2,1,0,2,,,,,2
2009-01,Employment Discrimination,Other,1,1,0,3,,,,1,2
2009-03,Employment Discrimination,Other,0,0,0,2,1,,,,1
2009-04,Employment Discrimination,Other,1,1,0,1,,,,,1
2009-06,Employment Discrimination,Other,0,0,0,1,1,,,,
2009-07,Employment Discrimination,Other,0,0,0,2,2,,,,
2009-08,Employment Discrimination,Other,0,0,0,1,,,,,1
2009-09,Employment Discrimination,Other,0,1,0,2,,2,,,
2009-10,Employment Discrimination,Other,2,0,0,0,,,,,
2009-11,Employment Discrimination,Other,1,1,0,0,,,,,
2009-12,Employment Discrimination,Other,1,1,0,1,,,,,1
2010-01,Employment Discrimination,Other,3,2,0,1,,,,,1
2010-02,Employment Discrimination,Other,0,0,0,2,,,,,2
2010-03,Employment Discrimination,Other,0,0,0,1,,,,,1
2010-04,Employment Discrimination,Other,1,0,0,0,,,,,
2010-05,Employment Discrimination,Other,2,2,0,0,,,,,
2010-06,Employment Discrimination,Other,0,0,0,2,,1,,,1
2010-07,Employment Discrimination,Other,2,2,0,0,,,,,
2010-08,Employment Discrimination,Other,4,4,0,1,,,,,1
2010-09,Employment Discrimination,Other,1,1,0,0,,,,,
2010-10,Employment Discrimination,Other,2,1,0,2,,,,,2
2010-11,Employment Discrimination,Other,0,0,0,5,,2,,,3
2010-12,Employment Discrimination,Other,2,2,0,1,,,,1,
2011-01,Employment Discrimination,Other,3,4,0,0,,,,,
2011-02,Employment Discrimination,Other,3,3,1,0,,,,,
2011-03,Employment Discrimination,Other,1,1,0,0,,,,,
2011-04,Employment Discrimination,Other,0,2,0,4,1,,,,3
2011-05,Employment Discrimination,Other,4,2,0,2,,,,1,1
2011-06,Employment Discrimination,Other,3,1,0,1,,,,,1
2011-07,Employment Discrimination,Other,0,1,0,0,,,,,
2011-08,Employment Discrimination,Other,0,0,0,2,1,,,,1
2011-09,Employment Discrimination,Other,0,1,1,1,,,,,1
2011-10,Employment Discrimination,Other,4,3,0,1,,,,,1
2011-11,Employment Discrimination,Other,1,1,0,1,,,,,1
2011-12,Employment Discrimination,Other,1,1,0,5,,,,2,3
2012-01,Employment Discrimination,Other,0,2,0,3,1,,,,2
2012-02,Employment Discrimination,Other,1,0,0,1,,,,,1
2012-03,Employment Discrimination,Other,3,1,0,1,1,,,,
2012-05,Employment Discrimination,Other,0,0,0,2,,,,1,1
2012-06,Employment Discrimination,Other,1,0,0,1,,,,,1
2012-07,Employment Discrimination,Other,1,0,0,3,1,,,,2
2012-08,Employment Discrimination,Other,1,0,0,0,,,,,
2012-09,Employment Discrimination,Other,0,1,1,1,1,,,,
2012-10,Employment Discrimination,Other,1,1,0,0,,,,,
2012-11,Employment Discrimination,Other,2,1,0,0,,,,,
2012-12,Employment Discrimination,Other,1,1,1,0,,,,,
2013-01,Employment Discrimination,Other,2,2,1,1,,,,,1
2013-02,Employment Discrimination,Other,1,0,0,0,,,,,
2013-03,Employment Discrimination,Other,0,0,1,0,,,,,
2013-04,Employment Discrimination,Other,0,1,0,0,,,,,
2013-06,Employment Discrimination,Other,1,0,0,1,,,,,1
2013-07,Employment Discrimination,Other,1,0,0,1,1,,,,
2013-08,Employment Discrimination,Other,1,2,0,0,,,,,
2013-09,Employment Discrimination,Other,1,0,1,0,,,,,
2013-10,Employment Discrimination,Other,0,0,0,1,,,,,1
2013-12,Employment Discrimination,Other,1,1,0,1,,,,,1
2014-01,Employment Discrimination,Other,2,0,0,0,,,,,
2014-02,Employment Discrimination,Other,0,1,0,0,,,,,
2014-03,Employment Discrimination,Other,0,0,1,3,1,,,,2
2014-04,Employment Discrimination,Other,0,0,1,1,,1,,,
2014-06,Employment Discrimination,Other,0,1,0,0,,,,,
2014-07,Employment Discrimination,Other,1,2,0,0,,,,,
2014-10,Employment Discrimination,Other,1,0,0,0,,,,,
2014-12,Employment Discrimination,Other,2,4,0,1,,,,,1
2015-01,Employment Discrimination,Other,3,1,0,0,,,,,
2015-03,Employment Discrimination,Other,2,1,0,0,,,,,
2015-04,Employment Discrimination,Other,1,0,0,2,1,,,,1
2015-05,Employment Discrimination,Other,1,1,0,0,,,,,
2015-08,Employment Discrimination,Other,0,1,1,1,,,,,1
2015-09,Employment Discrimination,Other,1,1,0,1,,,,,1
2015-10,Employment Discrimination,Other,4,6,0,0,,,,,
2015-11,Employment Discrimination,Other,2,0,1,1,1,,,,
2015-12,Employment Discrimination,Other,0,1,0,2,1,1,,,
2016-01,Employment Discrimination,Other,1,0,0,0,,,,,
2016-02,Employment Discrimination,Other,0,0,0,3,1,,,,2
2016-04,Employment Discrimination,Other,2,2,0,0,,,,,
2016-05,Employment Discrimination,Other,2,2,0,0,,,,,
2016-06,Employment Discrimination,Other,1,1,0,3,1,,,,2
2016-07,Employment Discrimination,Other,2,1,0,0,,,,,
2016-08,Employment Discrimination,Other,3,3,0,2,1,,,,1
2016-09,Employment Discrimination,Other,1,0,0,0,,,,,
2016-10,Employment Discrimination,Other,1,2,0,1,,,,,1
2016-11,Employment Discrimination,Other,2,3,0,0,,,,,
2016-12,Employment Discrimination,Other,0,0,0,1,1,,,,
2017-01,Employment Discrimination,Other,1,1,0,0,,,,,
2017-02,Employment Discrimination,Other,0,1,0,1,1,,,,
2017-03,Employment Discrimination,Other,2,0,1,2,,,,,2
2017-04,Employment Discrimination,Other,0,1,0,2,,1,,,1
2017-05,Employment Discrimination,Other,3,1,0,2,1,,,1,
2017-06,Employment Discrimination,Other,2,1,0,0,,,,,
2017-07,Employment Discrimination,Other,0,1,0,1,,1,,,
2017-08,Employment Discrimination,Other,0,2,0,0,,,,,
2017-09,Employment Discrimination,Other,7,5,0,3,,,,,3
2017-10,Employment Discrimination,Other,1,4,0,3,1,,,,2
2017-11,Employment Discrimination,Other,3,0,0,0,,,,,
2017-12,Employment Discrimination,Other,2,3,0,4,3,,,,1
2018-01,Employment Discrimination,Other,1,1,0,3,,1,,1,1
2018-02,Employment Discrimination,Other,1,0,0,0,,,,,
2018-03,Employment Discrimination,Other,2,2,1,2,,,,,2
2018-04,Employment Discrimination,Other,2,2,0,2,,1,,,1
2018-05,Employment Discrimination,Other,9,10,0,0,,,,,
2018-06,Employment Discrimination,Other,2,1,0,3,3,,,,
2018-07,Employment Discrimination,Other,2,0,0,9,1,,,8,
2018-08,Employment Discrimination,Other,1,0,0,0,,,,,
2018-09,Employment Discrimination,Other,3,3,0,2,1,1,,,
2018-10,Employment Discrimination,Other,0,2,0,2,,1,,,1
2018-11,Employment Discrimination,Other,1,1,0,1,,,,,1
2018-12,Employment Discrimination,Other,1,1,0,1,,,,,1
2019-01,Employment Discrimination,Other,0,0,0,1,1,,,,
2019-02,Employment Discrimination,Other,1,1,0,0,,,,,
2019-03,Employment Discrimination,Other,0,2,0,4,2,,,,2
2019-04,Employment Discrimination,Other,2,1,0,1,1,,,,
2019-05,Employment Discrimination,Other,1,2,0,2,1,,,,1
2019-06,Employment Discrimination,Other,2,0,0,0,,,,,
2019-07,Employment Discrimination,Other,1,1,0,0,,,,,
2019-08,Employment Discrimination,Other,2,0,0,0,,,,,
2019-09,Employment Discrimination,Other,1,1,0,1,,1,,,
2019-10,Employment Discrimination,Other,3,2,0,1,,,,,1
2019-11,Employment Discrimination,Other,1,1,0,2,2,,,,
2019-12,Employment Discrimination,Other,2,0,0,1,,,,,1
2020-01,Employment Discrimination,Other,1,1,0,2,,1,,,1
2020-02,Employment Discrimination,Other,1,1,0,0,,,,,
2020-03,Employment Discrimination,Other,1,3,0,1,,,,,1
2020-04,Employment Discrimination,Other,1,1,0,0,,,,,
2020-05,Employment Discrimination,Other,1,2,0,0,,,,,
2020-06,Employment Discrimination,Other,3,2,1,2,1,,,,1
2020-07,Employment Discrimination,Other,0,0,0,2,,,,,2
2020-09,Employment Discrimination,Other,1,1,1,1,,,,,1
2020-10,Employment Discrimination,Other,1,1,0,2,1,,,,1
2020-11,Employment Discrimination,Other,0,1,0,2,,,,,2
2020-12,Employment Discrimination,Other,1,0,0,0,,,,,
2021-01,Employment Discrimination,Other,0,0,0,1,,,,,1
2021-03,Employment Discrimination,Other,3,3,0,0,,,,,
2021-04,Employment Discrimination,Other,0,0,0,1,,,,,1
2021-05,Employment Discrimination,Other,3,2,0,0,,,,,
2021-06,Employment Discrimination,Other,0,0,1,0,,,,,
2021-07,Employment Discrimination,Other,1,1,0,1,,1,,,
2021-09,Employment Discrimination,Other,0,1,0,2,1,,,,1
2021-10,Employment Discrimination,Other,1,1,0,2,,1,,1,
2021-11,Employment Discrimination,Other,2,1,0,3,1,,,,2
2021-12,Employment Discrimination,Other,0,0,0,1,,,,,1
2022-02,Employment Discrimination,Other,1,1,0,1,1,,,,
2022-03,Employment Discrimination,Other,1,1,0,0,,,,,
2022-04,Employment Discrimination,Other,0,0,0,2,,1,,,1
2022-05,Employment Discrimination,Other,2,2,0,0,,,,,
2022-06,Employment Discrimination,Other,2,1,0,0,,,,,
2022-07,Employment Discrimination,Other,0,2,0,0,,,,,
2022-08,Employment Discrimination,Other,2,2,0,1,,,,,1
2022-09,Employment Discrimination,Other,4,3,0,1,1,,,,
2022-10,Employment Discrimination,Other,1,1,0,3,1,,,,2
2022-11,Employment Discrimination,Other,3,2,1,1,,,,,1
2022-12,Employment Discrimination,Other,0,2,0,2,,,,,2
2023-01,Employment Discrimination,Other,2,0,0,0,,,,,
2023-02,Employment Discrimination,Other,0,0,0,2,,,,,2
2023-03,Employment Discrimination,Other,1,2,0,1,1,,,,
2023-04,Employment Discrimination,Other,1,1,0,1,1,,,,
2023-05,Employment Discrimination,Other,1,1,0,1,,,,,1
2023-06,Employment Discrimination,Other,1,0,0,2,,1,,,1
2023-07,Employment Discrimination,Other,0,2,0,1,,,1,,
2023-08,Employment Discrimination,Other,2,1,0,2,2,,,,
2023-10,Employment Discrimination,Other,0,0,0,2,,,1,,1
2023-11,Employment Discrimination,Other,2,1,0,0,,,,,
2024-01,Employment Discrimination,Other,1,1,0,3,1,,,,2
2024-02,Employment Discrimination,Other,0,0,0,1,,,,1,
2024-03,Employment Discrimination,Other,0,1,0,0,,,,,
2024-04,Employment Discrimination,Other,3,2,0,1,,,,,1
2024-05,Employment Discrimination,Other,1,1,0,0,,,,,
2024-06,Employment Discrimination,Other,1,1,0,0,,,,,
2024-07,Employment Discrimination,Other,1,1,0,1,,,,,1
2024-09,Employment Discrimination,Other,2,2,0,0,,,,,
2024-10,Employment Discrimination,Other,1,1,0,2,1,,,1,
2024-11,Employment Discrimination,Other,0,0,0,2,1,,,,1
2024-12,Employment Discrimination,Other,0,0,0,1,1,,,,
2025-01,Employment Discrimination,Other,1,1,0,1,,,,,1
2025-02,Employment Discrimination,Other,1,0,0,0,,,,,
2025-03,Employment Discrimination,Other,1,1,0,2,,1,,,1
2025-04,Employment Discrimination,Other,0,2,0,1,,1,,,
2025-05,Employment Discrimination,Other,4,3,0,1,,,,1,
2025-06,Employment Discrimination,Other,0,0,0,1,,,,,1
2025-07,Employment Discrimination,Other,2,2,0,1,,,,,1
2025-08,Employment Discrimination,Other,0,0,0,2,,,,,2
2025-09,Employment Discrimination,Other,1,1,0,0,,,,,
2025-10,Employment Discrimination,Other,0,1,0,2,2,,,,
2025-11,Employment Discrimination,Other,1,0,0,2,,1,,,1
2025-12,Employment Discrimination,Other,1,1,0,1,,,,,1
2026-03,Employment Discrimination,Other,1,1,0,0,,,,,
2026-04,Employment Discrimination,Other,1,1,0,0,,,,,
2026-05,Employment Discrimination,Other,1,1,0,0,,,,,
1994-10,Environmental/Lands,Other,11,4,5,4,1,,1,,2
1994-11,Environmental/Lands,Other,10,10,4,4,,,,,4
1994-12,Environmental/Lands,Other,10,3,1,6,1,,,,5
1995-01,Environmental/Lands,Other,10,7,3,5,,,,,5
1995-02,Environmental/Lands,Other,5,5,1,7,,,,,7
1995-03,Environmental/Lands,Other,12,3,2,6,1,,,,5
1995-04,Environmental/Lands,Other,5,7,4,4,,,,,4
1995-05,Environmental/Lands,Other,14,8,2,5,2,,,,3
1995-06,Environmental/Lands,Other,12,7,1,3,1,,1,,1
1995-07,Environmental/Lands,Other,13,5,3,2,,,,,2
1995-08,Environmental/Lands,Other,10,4,8,7,,,,,7
1995-09,Environmental/Lands,Other,11,5,5,6,1,,,,5
1995-10,Environmental/Lands,Other,15,8,1,9,1,,,,8
1995-11,Environmental/Lands,Other,7,7,1,5,1,,1,,3
1995-12,Environmental/Lands,Other,9,7,0,4,1,,,,3
1996-01,Environmental/Lands,Other,23,8,3,9,,,,,9
1996-02,Environmental/Lands,Other,14,10,2,6,1,,,,5
1996-03,Environmental/Lands,Other,16,9,2,5,,,,,5
1996-04,Environmental/Lands,Other,10,7,4,7,,,,,7
1996-05,Environmental/Lands,Other,6,6,3,12,,,1,,11
1996-06,Environmental/Lands,Other,13,7,1,7,,,,,7
1996-07,Environmental/Lands,Other,7,2,2,7,,,,,7
1996-08,Environmental/Lands,Other,5,7,4,4,1,,,,3
1996-09,Environmental/Lands,Other,18,4,5,13,,,3,,10
1996-10,Environmental/Lands,Other,7,3,4,2,1,,,,1
1996-11,Environmental/Lands,Other,4,2,2,2,,,,,2
1996-12,Environmental/Lands,Other,6,7,5,3,,,,,3
1997-01,Environmental/Lands,Other,10,7,5,6,,1,,,5
1997-02,Environmental/Lands,Other,8,6,3,5,,,,,5
1997-03,Environmental/Lands,Other,9,6,2,12,,,1,,11
1997-04,Environmental/Lands,Other,3,4,1,5,,,,,5
1997-05,Environmental/Lands,Other,9,5,0,6,,,,,6
1997-06,Environmental/Lands,Other,15,10,0,6,,,,,6
1997-07,Environmental/Lands,Other,7,5,3,12,,,,,12
1997-08,Environmental/Lands,Other,9,5,5,3,,,,,3
1997-09,Environmental/Lands,Other,9,2,0,3,,,,,3
1997-10,Environmental/Lands,Other,7,4,4,2,,,,,2
1997-11,Environmental/Lands,Other,6,6,6,3,,,,,3
1997-12,Environmental/Lands,Other,4,4,1,7,,,,,7
1998-01,Environmental/Lands,Other,4,1,4,5,2,,,,3
1998-02,Environmental/Lands,Other,3,3,4,4,,,,,4
1998-03,Environmental/Lands,Other,7,5,3,6,,,,1,5
1998-04,Environmental/Lands,Other,6,3,2,10,,,,,10
1998-05,Environmental/Lands,Other,3,5,1,5,,,,,5
1998-06,Environmental/Lands,Other,6,8,1,4,,,,,4
1998-07,Environmental/Lands,Other,11,7,4,7,,,,,7
1998-08,Environmental/Lands,Other,13,4,9,5,,,,,5
1998-09,Environmental/Lands,Other,5,5,6,6,1,,,,5
1998-10,Environmental/Lands,Other,9,2,1,2,,,,,2
1998-11,Environmental/Lands,Other,6,3,0,1,,,,,1
1998-12,Environmental/Lands,Other,4,4,3,5,,,,1,4
1999-01,Environmental/Lands,Other,15,8,0,2,,,,,2
1999-02,Environmental/Lands,Other,9,0,1,3,,,,,3
1999-03,Environmental/Lands,Other,5,5,3,9,2,,,,7
1999-04,Environmental/Lands,Other,7,5,5,8,1,,1,,6
1999-05,Environmental/Lands,Other,9,5,1,6,1,1,,,4
1999-06,Environmental/Lands,Other,8,4,3,6,1,,,,5
1999-07,Environmental/Lands,Other,5,3,8,3,,,,,3
1999-08,Environmental/Lands,Other,10,4,1,5,1,,,,4
1999-09,Environmental/Lands,Other,8,4,5,2,,,,,2
1999-10,Environmental/Lands,Other,6,2,3,2,,,,,2
1999-11,Environmental/Lands,Other,5,1,1,6,,1,,,5
1999-12,Environmental/Lands,Other,5,4,7,8,1,1,3,,3
2000-01,Environmental/Lands,Other,7,3,3,4,2,,,1,1
2000-02,Environmental/Lands,Other,9,3,6,11,1,,2,6,2
2000-03,Environmental/Lands,Other,9,6,4,20,3,,,2,15
2000-04,Environmental/Lands,Other,6,4,3,2,2,,,,
2000-05,Environmental/Lands,Other,7,4,5,3,,,,,3
2000-06,Environmental/Lands,Other,8,8,0,7,1,,1,3,2
2000-07,Environmental/Lands,Other,9,1,3,3,,,,,3
2000-08,Environmental/Lands,Other,11,4,0,5,2,,,,3
2000-09,Environmental/Lands,Other,14,7,7,7,2,2,,1,2
2000-10,Environmental/Lands,Other,7,1,12,4,2,,,,2
2000-11,Environmental/Lands,Other,4,5,6,0,,,,,
2000-12,Environmental/Lands,Other,2,1,2,1,,,,,1
2001-01,Environmental/Lands,Other,4,0,2,2,,,,1,1
2001-02,Environmental/Lands,Other,8,7,4,3,1,1,,,1
2001-03,Environmental/Lands,Other,8,3,4,6,1,2,1,,2
2001-04,Environmental/Lands,Other,4,2,3,5,2,,,,3
2001-05,Environmental/Lands,Other,7,4,4,5,4,1,,,
2001-06,Environmental/Lands,Other,7,6,2,6,1,,,,5
2001-07,Environmental/Lands,Other,3,3,4,4,1,1,,,2
2001-08,Environmental/Lands,Other,5,7,3,6,1,,,3,2
2001-09,Environmental/Lands,Other,7,3,2,1,1,,,,
2001-10,Environmental/Lands,Other,3,3,2,7,1,,,1,5
2001-11,Environmental/Lands,Other,4,1,1,1,,,,,1
2001-12,Environmental/Lands,Other,5,3,1,4,,2,,,2
2002-01,Environmental/Lands,Other,4,4,6,2,,1,,,1
2002-02,Environmental/Lands,Other,5,5,8,1,,,,1,
2002-03,Environmental/Lands,Other,11,3,2,3,,1,,,2
2002-04,Environmental/Lands,Other,3,3,3,4,1,2,,,1
2002-05,Environmental/Lands,Other,5,2,10,3,1,,1,,1
2002-06,Environmental/Lands,Other,7,1,1,4,,1,,,3
2002-07,Environmental/Lands,Other,7,7,2,1,,,,,1
2002-08,Environmental/Lands,Other,12,5,3,3,,,,1,2
2002-09,Environmental/Lands,Other,5,2,1,7,1,,,1,5
2002-10,Environmental/Lands,Other,3,7,2,2,,,,,2
2002-11,Environmental/Lands,Other,5,3,2,3,,,,,3
2002-12,Environmental/Lands,Other,5,4,2,3,1,,,,2
2003-01,Environmental/Lands,Other,7,5,1,6,3,,,1,2
2003-02,Environmental/Lands,Other,5,5,3,2,,,,,2
2003-03,Environmental/Lands,Other,13,2,2,2,,,,,2
2003-04,Environmental/Lands,Other,8,3,8,2,,,,,2
2003-05,Environmental/Lands,Other,6,5,1,6,3,,,,3
2003-06,Environmental/Lands,Other,6,6,2,9,1,,,,8
2003-07,Environmental/Lands,Other,10,3,1,2,,,1,,1
2003-08,Environmental/Lands,Other,8,8,3,4,,2,1,,1
2003-09,Environmental/Lands,Other,12,6,5,6,,2,,1,3
2003-10,Environmental/Lands,Other,7,4,1,3,1,1,,1,
2003-11,Environmental/Lands,Other,7,3,2,8,2,1,,,5
2003-12,Environmental/Lands,Other,4,7,4,3,1,,,,2
2004-01,Environmental/Lands,Other,5,3,0,9,1,2,,1,5
2004-02,Environmental/Lands,Other,8,4,3,4,,1,1,,2
2004-03,Environmental/Lands,Other,11,6,2,7,2,,,1,4
2004-04,Environmental/Lands,Other,5,2,2,5,,,,2,3
2004-05,Environmental/Lands,Other,12,10,0,6,3,,,,3
2004-06,Environmental/Lands,Other,7,8,2,2,,1,,,1
2004-07,Environmental/Lands,Other,7,8,2,4,,1,,,3
2004-08,Environmental/Lands,Other,12,15,1,3,2,,,,1
2004-09,Environmental/Lands,Other,4,9,1,8,3,,,1,4
2004-10,Environmental/Lands,Other,6,1,0,3,,1,,,2
2004-11,Environmental/Lands,Other,11,7,0,5,4,,,,1
2004-12,Environmental/Lands,Other,27,10,5,1,,,,,1
2005-01,Environmental/Lands,Other,4,0,2,1,,1,,,
2005-02,Environmental/Lands,Other,4,3,1,2,1,,,,1
2005-03,Environmental/Lands,Other,9,6,6,11,1,3,,,7
2005-04,Environmental/Lands,Other,11,1,1,3,,1,,,2
2005-05,Environmental/Lands,Other,8,6,1,3,2,1,,,
2005-06,Environmental/Lands,Other,13,10,1,1,,,,,1
2005-07,Environmental/Lands,Other,9,8,1,3,1,,,,2
2005-08,Environmental/Lands,Other,7,4,3,8,3,1,,,4
2005-09,Environmental/Lands,Other,5,2,4,8,1,1,,,6
2005-10,Environmental/Lands,Other,10,2,3,11,2,,,2,7
2005-11,Environmental/Lands,Other,1,0,1,4,1,,,,3
2005-12,Environmental/Lands,Other,3,2,2,4,1,,,3,
2006-01,Environmental/Lands,Other,2,1,0,4,,2,,,2
2006-02,Environmental/Lands,Other,3,2,2,0,,,,,
2006-03,Environmental/Lands,Other,4,5,9,6,1,1,,,4
2006-04,Environmental/Lands,Other,11,4,1,5,1,,,,4
2006-05,Environmental/Lands,Other,5,5,2,3,,,,,3
2006-06,Environmental/Lands,Other,6,8,2,5,2,2,,,1
2006-07,Environmental/Lands,Other,7,3,4,1,,,,,1
2006-08,Environmental/Lands,Other,4,3,2,3,1,,,1,1
2006-09,Environmental/Lands,Other,3,2,8,2,1,,1,,
2006-10,Environmental/Lands,Other,7,0,0,2,,,,,2
2006-11,Environmental/Lands,Other,7,3,1,2,,,,,2
2006-12,Environmental/Lands,Other,5,0,3,3,,2,,,1
2007-01,Environmental/Lands,Other,8,5,9,4,1,,,1,2
2007-02,Environmental/Lands,Other,2,6,2,2,2,,,,
2007-03,Environmental/Lands,Other,4,1,8,5,1,1,,,3
2007-04,Environmental/Lands,Other,3,2,1,5,,1,,,4
2007-05,Environmental/Lands,Other,5,2,5,5,1,,,1,3
2007-06,Environmental/Lands,Other,6,4,3,3,,1,,,2
2007-07,Environmental/Lands,Other,6,4,1,5,3,,,1,1
2007-08,Environmental/Lands,Other,6,4,3,11,1,,,5,5
2007-09,Environmental/Lands,Other,8,5,3,3,,2,,,1
2007-10,Environmental/Lands,Other,10,4,5,2,,1,,1,
2007-11,Environmental/Lands,Other,3,1,1,2,,,,,2
2007-12,Environmental/Lands,Other,6,4,0,5,1,,,,4
2008-01,Environmental/Lands,Other,1,2,0,2,1,,,,1
2008-02,Environmental/Lands,Other,4,2,0,1,,,,,1
2008-03,Environmental/Lands,Other,10,4,5,5,,,,,5
2008-04,Environmental/Lands,Other,8,9,11,6,2,,,,4
2008-05,Environmental/Lands,Other,6,6,1,4,2,1,,,1
2008-06,Environmental/Lands,Other,3,2,0,3,1,,,,2
2008-07,Environmental/Lands,Other,6,3,5,4,1,1,,1,1
2008-08,Environmental/Lands,Other,6,1,4,2,,1,,,1
2008-09,Environmental/Lands,Other,5,4,5,4,1,2,,,1
2008-10,Environmental/Lands,Other,5,1,2,6,1,,,2,3
2008-11,Environmental/Lands,Other,4,4,1,3,,,,,3
2008-12,Environmental/Lands,Other,4,3,2,3,,,,,3
2009-01,Environmental/Lands,Other,5,3,4,4,1,1,,,2
2009-02,Environmental/Lands,Other,8,4,2,3,2,,,,1
2009-03,Environmental/Lands,Other,4,3,4,5,,,,,5
2009-04,Environmental/Lands,Other,9,5,2,4,,,,,4
2009-05,Environmental/Lands,Other,4,2,0,2,,,1,,1
2009-06,Environmental/Lands,Other,3,4,1,4,,1,,,3
2009-07,Environmental/Lands,Other,1,0,0,13,1,1,,2,9
2009-08,Environmental/Lands,Other,5,2,1,3,1,,,,2
2009-09,Environmental/Lands,Other,4,5,4,5,1,1,,,3
2009-10,Environmental/Lands,Other,9,2,2,4,1,,,1,2
2009-11,Environmental/Lands,Other,7,4,0,3,,,,,3
2009-12,Environmental/Lands,Other,4,4,0,3,1,,,,2
2010-01,Environmental/Lands,Other,7,2,1,0,,,,,
2010-02,Environmental/Lands,Other,5,0,1,2,,,,1,1
2010-03,Environmental/Lands,Other,9,4,10,1,,,,1,
2010-04,Environmental/Lands,Other,6,4,2,3,,,,,3
2010-05,Environmental/Lands,Other,4,1,1,2,2,,,,
2010-06,Environmental/Lands,Other,3,4,2,6,3,,,1,2
2010-07,Environmental/Lands,Other,7,5,1,5,1,,,,4
2010-08,Environmental/Lands,Other,9,0,3,2,1,,,,1
2010-09,Environmental/Lands,Other,6,2,13,6,2,1,1,,2
2010-10,Environmental/Lands,Other,3,3,3,1,,1,,,
2010-11,Environmental/Lands,Other,26,17,0,3,,,1,1,1
2010-12,Environmental/Lands,Other,4,4,0,2,,,,,2
2011-01,Environmental/Lands,Other,6,1,1,4,1,,,2,1
2011-02,Environmental/Lands,Other,6,7,1,4,,1,1,1,1
2011-03,Environmental/Lands,Other,15,5,9,27,,,1,2,24
2011-04,Environmental/Lands,Other,5,4,2,5,2,,,,3
2011-05,Environmental/Lands,Other,10,7,1,4,,,,1,3
2011-06,Environmental/Lands,Other,8,2,2,3,1,1,,,1
2011-07,Environmental/Lands,Other,5,7,2,4,1,,,,3
2011-08,Environmental/Lands,Other,11,3,2,5,2,1,,,2
2011-09,Environmental/Lands,Other,3,4,3,5,1,1,,1,2
2011-10,Environmental/Lands,Other,5,3,6,2,,1,,,1
2011-11,Environmental/Lands,Other,6,2,2,2,1,,,,1
2011-12,Environmental/Lands,Other,2,1,2,2,,,1,1,
2012-01,Environmental/Lands,Other,3,0,0,1,,,,,1
2012-02,Environmental/Lands,Other,4,3,3,2,,,,,2
2012-03,Environmental/Lands,Other,9,3,5,3,,,,1,2
2012-04,Environmental/Lands,Other,4,3,2,2,,,,,2
2012-05,Environmental/Lands,Other,6,2,1,4,,1,,1,2
2012-06,Environmental/Lands,Other,6,3,4,3,1,,,,2
2012-07,Environmental/Lands,Other,6,2,1,1,1,,,,
2012-08,Environmental/Lands,Other,4,1,0,1,1,,,,
2012-09,Environmental/Lands,Other,6,2,5,6,1,,,,5
2012-10,Environmental/Lands,Other,12,5,2,2,,,,,2
2012-11,Environmental/Lands,Other,6,4,2,2,1,,1,,
2012-12,Environmental/Lands,Other,7,1,1,0,,,,,
2013-01,Environmental/Lands,Other,5,1,1,5,1,1,,,3
2013-02,Environmental/Lands,Other,4,0,1,3,,,,,3
2013-03,Environmental/Lands,Other,10,3,4,1,,,,,1
2013-04,Environmental/Lands,Other,5,4,5,3,1,1,,,1
2013-05,Environmental/Lands,Other,3,2,1,1,,,,,1
2013-06,Environmental/Lands,Other,5,1,2,0,,,,,
2013-07,Environmental/Lands,Other,5,4,2,2,,,,,2
2013-08,Environmental/Lands,Other,7,3,0,1,,,,,1
2013-09,Environmental/Lands,Other,9,3,1,3,,,,,3
2013-10,Environmental/Lands,Other,5,3,4,2,,,,1,1
2013-11,Environmental/Lands,Other,6,4,1,3,,,,,3
2013-12,Environmental/Lands,Other,6,4,1,5,,,1,,4
2014-01,Environmental/Lands,Other,5,1,2,3,1,,,,2
2014-02,Environmental/Lands,Other,4,1,3,4,1,,,,3
2014-03,Environmental/Lands,Other,8,6,6,2,1,,,,1
2014-04,Environmental/Lands,Other,5,3,4,3,1,,,,2
2014-05,Environmental/Lands,Other,8,3,1,2,,1,,,1
2014-06,Environmental/Lands,Other,6,5,1,2,,,,1,1
2014-07,Environmental/Lands,Other,8,2,3,2,1,1,,,
2014-08,Environmental/Lands,Other,2,3,1,3,,,,,3
2014-09,Environmental/Lands,Other,8,6,7,5,,,,2,3
2014-10,Environmental/Lands,Other,6,2,1,2,1,,,1,
2014-11,Environmental/Lands,Other,7,5,1,3,,1,,,2
2014-12,Environmental/Lands,Other,6,3,1,4,,1,,1,2
2015-01,Environmental/Lands,Other,6,5,4,6,1,,,,5
2015-02,Environmental/Lands,Other,11,4,9,3,1,,1,,1
2015-03,Environmental/Lands,Other,5,3,4,5,,,,,5
2015-04,Environmental/Lands,Other,7,5,13,3,,,,,3
2015-05,Environmental/Lands,Other,12,10,12,4,,,1,,3
2015-06,Environmental/Lands,Other,16,13,1,3,,,1,,2
2015-07,Environmental/Lands,Other,10,10,4,8,,,,1,7
2015-08,Environmental/Lands,Other,12,13,2,14,,,,,14
2015-09,Environmental/Lands,Other,22,18,1,3,,,1,,2
2015-10,Environmental/Lands,Other,12,12,1,2,1,,,,1
2015-11,Environmental/Lands,Other,15,9,3,3,1,,,,2
2015-12,Environmental/Lands,Other,6,1,2,6,1,1,,3,1
2016-01,Environmental/Lands,Other,5,2,5,3,,,,,3
2016-02,Environmental/Lands,Other,32,16,3,2,,,,,2
2016-03,Environmental/Lands,Other,25,19,7,44,1,,,,43
2016-04,Environmental/Lands,Other,11,10,4,0,,,,,
2016-05,Environmental/Lands,Other,27,22,0,36,,,,1,35
2016-06,Environmental/Lands,Other,17,12,1,9,1,2,1,,5
2016-07,Environmental/Lands,Other,7,0,2,45,,,,,45
2016-08,Environmental/Lands,Other,6,4,11,6,,,,1,5
2016-09,Environmental/Lands,Other,6,2,6,3,1,,,,2
2016-10,Environmental/Lands,Other,8,5,1,4,,1,,,3
2016-11,Environmental/Lands,Other,8,6,2,1,,,,1,
2016-12,Environmental/Lands,Other,5,5,1,5,1,,,,4
2017-01,Environmental/Lands,Other,8,2,8,2,,,,,2
2017-02,Environmental/Lands,Other,9,5,2,2,,,,1,1
2017-03,Environmental/Lands,Other,28,8,20,15,1,1,,,13
2017-04,Environmental/Lands,Other,6,4,1,1,,,,,1
2017-05,Environmental/Lands,Other,2,6,2,8,1,,,,7
2017-06,Environmental/Lands,Other,6,2,2,1,,,,,1
2017-07,Environmental/Lands,Other,7,1,2,3,1,1,,,1
2017-08,Environmental/Lands,Other,6,1,0,2,,1,,,1
2017-09,Environmental/Lands,Other,7,2,1,2,,,,,2
2017-10,Environmental/Lands,Other,6,2,1,3,1,1,,,1
2017-11,Environmental/Lands,Other,3,1,4,2,1,,,,1
2017-12,Environmental/Lands,Other,1,1,0,6,,1,,1,4
2018-01,Environmental/Lands,Other,3,3,1,2,,,,,2
2018-02,Environmental/Lands,Other,8,7,2,4,2,,,,2
2018-03,Environmental/Lands,Other,16,3,12,4,,1,1,,2
2018-04,Environmental/Lands,Other,7,4,0,0,,,,,
2018-05,Environmental/Lands,Other,9,5,5,4,,,,1,3
2018-06,Environmental/Lands,Other,17,5,2,3,,1,,,2
2018-07,Environmental/Lands,Other,6,7,0,4,,,,,4
2018-08,Environmental/Lands,Other,4,4,3,2,,1,,,1
2018-09,Environmental/Lands,Other,12,5,4,1,,,,,1
2018-10,Environmental/Lands,Other,7,7,1,8,1,,,1,6
2018-11,Environmental/Lands,Other,9,3,1,6,1,,,,5
2018-12,Environmental/Lands,Other,3,6,0,4,,,1,,3
2019-01,Environmental/Lands,Other,3,5,1,3,,1,,,2
2019-02,Environmental/Lands,Other,7,6,2,4,1,,,1,2
2019-03,Environmental/Lands,Other,15,5,13,2,,,,,2
2019-04,Environmental/Lands,Other,2,5,3,6,,1,,,5
2019-05,Environmental/Lands,Other,10,4,0,3,,1,,,2
2019-06,Environmental/Lands,Other,9,2,1,3,,,,1,2
2019-07,Environmental/Lands,Other,3,2,1,4,,,,,4
2019-08,Environmental/Lands,Other,9,3,2,1,,,,,1
2019-09,Environmental/Lands,Other,4,3,2,3,,1,,,2
2019-10,Environmental/Lands,Other,7,4,0,4,,,,1,3
2019-11,Environmental/Lands,Other,3,0,1,2,,,,1,1
2019-12,Environmental/Lands,Other,3,4,1,3,,,,,3
2020-01,Environmental/Lands,Other,6,3,2,4,,,,1,3
2020-02,Environmental/Lands,Other,4,0,0,6,1,,,2,3
2020-03,Environmental/Lands,Other,7,3,7,2,,,,,2
2020-04,Environmental/Lands,Other,24,6,7,1,,,,,1
2020-05,Environmental/Lands,Other,12,8,2,5,1,,,1,3
2020-06,Environmental/Lands,Other,6,4,0,2,,,,,2
2020-07,Environmental/Lands,Other,8,3,0,3,,1,,1,1
2020-08,Environmental/Lands,Other,6,2,4,1,,,1,,
2020-09,Environmental/Lands,Other,13,3,3,8,,1,,1,6
2020-10,Environmental/Lands,Other,8,4,7,5,1,1,,,3
2020-11,Environmental/Lands,Other,3,1,0,2,1,,,,1
2020-12,Environmental/Lands,Other,29,4,24,2,1,,,,1
2021-01,Environmental/Lands,Other,11,1,0,0,,,,,
2021-02,Environmental/Lands,Other,6,3,4,1,,,,,1
2021-03,Environmental/Lands,Other,11,6,4,5,1,,,,4
2021-04,Environmental/Lands,Other,12,5,2,3,,,,,3
2021-05,Environmental/Lands,Other,10,5,2,5,,,,,5
2021-06,Environmental/Lands,Other,7,3,3,3,,1,,1,1
2021-07,Environmental/Lands,Other,7,3,4,2,,,,,2
2021-08,Environmental/Lands,Other,15,9,3,5,1,,,,4
2021-09,Environmental/Lands,Other,6,1,1,7,1,1,,,5
2021-10,Environmental/Lands,Other,4,2,1,5,2,,,,3
2021-11,Environmental/Lands,Other,3,1,0,2,,,,1,1
2021-12,Environmental/Lands,Other,6,4,3,2,,,,1,1
2022-01,Environmental/Lands,Other,4,1,5,4,,,,,4
2022-02,Environmental/Lands,Other,17,2,11,0,,,,,
2022-03,Environmental/Lands,Other,15,4,20,4,,1,,,3
2022-04,Environmental/Lands,Other,7,8,3,4,1,,,,3
2022-05,Environmental/Lands,Other,7,5,2,0,,,,,
2022-06,Environmental/Lands,Other,10,3,4,3,1,,,,2
2022-07,Environmental/Lands,Other,5,2,0,2,,,,,2
2022-08,Environmental/Lands,Other,19,4,5,6,,,,,6
2022-09,Environmental/Lands,Other,13,8,6,2,1,1,,,
2022-10,Environmental/Lands,Other,2,4,0,4,,1,,,3
2022-11,Environmental/Lands,Other,8,3,4,3,,1,,,2
2022-12,Environmental/Lands,Other,8,2,4,2,,,,,2
2023-01,Environmental/Lands,Other,16,3,12,2,1,,,,1
2023-02,Environmental/Lands,Other,8,5,5,2,,1,,,1
2023-03,Environmental/Lands,Other,25,6,8,2,,,,,2
2023-04,Environmental/Lands,Other,6,3,1,3,,1,,,2
2023-05,Environmental/Lands,Other,3,2,0,3,1,,,,2
2023-06,Environmental/Lands,Other,7,7,7,6,1,,,,5
2023-07,Environmental/Lands,Other,11,3,9,3,1,,,,2
2023-08,Environmental/Lands,Other,10,6,3,4,1,1,,,2
2023-09,Environmental/Lands,Other,9,2,1,3,,,,1,2
2023-10,Environmental/Lands,Other,7,5,1,3,,,1,1,1
2023-11,Environmental/Lands,Other,5,1,1,5,,,,,5
2023-12,Environmental/Lands,Other,9,5,1,7,,,,,7
2024-01,Environmental/Lands,Other,6,1,0,2,,,,1,1
2024-02,Environmental/Lands,Other,18,5,14,4,1,,1,1,1
2024-03,Environmental/Lands,Other,24,6,28,16,,,,,16
2024-04,Environmental/Lands,Other,5,2,1,4,1,2,,,1
2024-05,Environmental/Lands,Other,8,3,1,1,,,,,1
2024-06,Environmental/Lands,Other,7,4,3,4,,,,,4
2024-07,Environmental/Lands,Other,5,2,9,3,,,,,3
2024-08,Environmental/Lands,Other,7,7,1,3,,,2,,1
2024-09,Environmental/Lands,Other,5,3,8,6,2,,,,4
2024-10,Environmental/Lands,Other,9,5,6,3,,,1,,2
2024-11,Environmental/Lands,Other,2,4,10,3,2,,,,1
2024-12,Environmental/Lands,Other,7,4,0,5,,2,,,3
2025-01,Environmental/Lands,Other,6,1,8,3,1,1,,,1
2025-02,Environmental/Lands,Other,4,3,9,8,1,,,,7
2025-03,Environmental/Lands,Other,5,4,9,6,1,1,,,4
2025-04,Environmental/Lands,Other,5,3,3,3,,1,,,2
2025-05,Environmental/Lands,Other,5,3,1,5,,,,,5
2025-06,Environmental/Lands,Other,2,4,1,3,1,,,,2
2025-07,Environmental/Lands,Other,4,4,4,4,,,,,4
2025-08,Environmental/Lands,Other,3,3,2,7,,,,2,5
2025-09,Environmental/Lands,Other,9,5,6,1,,,,,1
2025-10,Environmental/Lands,Other,2,4,2,2,1,,,,1
2025-11,Environmental/Lands,Other,6,4,0,2,,1,,,1
2025-12,Environmental/Lands,Other,5,6,3,2,,,,1,1
2026-01,Environmental/Lands,Other,9,1,0,0,,,,,
2026-02,Environmental/Lands,Other,5,4,3,2,,,,,2
2026-03,Environmental/Lands,Other,5,5,5,5,1,,,,4
2026-04,Environmental/Lands,Other,3,3,0,0,,,,,
2026-05,Environmental/Lands,Other,1,1,5,2,,,,,2
1994-10,Fraud,Other,9,2,4,2,1,,,,1
1994-11,Fraud,Other,8,3,2,1,,,,,1
1994-12,Fraud,Other,6,3,6,2,,,,,2
1995-01,Fraud,Other,8,6,1,5,,,,,5
1995-02,Fraud,Other,9,2,2,2,,,,,2
1995-03,Fraud,Other,19,9,3,2,,,1,,1
1995-04,Fraud,Other,7,3,3,3,,,,,3
1995-05,Fraud,Other,12,7,1,3,,,,,3
1995-06,Fraud,Other,20,6,3,5,,,1,,4
1995-07,Fraud,Other,12,6,2,2,,,,,2
1995-08,Fraud,Other,13,6,4,0,,,,,
1995-09,Fraud,Other,7,4,1,5,,,,1,4
1995-10,Fraud,Other,10,3,8,4,,,,,4
1995-11,Fraud,Other,3,3,4,1,,,,,1
1995-12,Fraud,Other,23,8,6,2,,,,,2
1996-01,Fraud,Other,19,12,5,1,,,,,1
1996-02,Fraud,Other,27,8,7,4,,,,,4
1996-03,Fraud,Other,16,17,5,4,,,,,4
1996-04,Fraud,Other,14,8,2,6,,,,,6
1996-05,Fraud,Other,14,12,5,6,,,,,6
1996-06,Fraud,Other,14,9,8,6,1,,,,5
1996-07,Fraud,Other,15,12,7,4,,,,,4
1996-08,Fraud,Other,9,6,8,7,,,,,7
1996-09,Fraud,Other,30,16,34,11,,,1,,10
1996-10,Fraud,Other,11,6,3,11,,,,,11
1996-11,Fraud,Other,13,5,2,5,,,,,5
1996-12,Fraud,Other,7,4,5,4,,,,,4
1997-01,Fraud,Other,42,3,9,10,,,,,10
1997-02,Fraud,Other,14,7,3,3,,,,,3
1997-03,Fraud,Other,17,7,2,5,,,,,5
1997-04,Fraud,Other,33,4,7,14,,,,1,13
1997-05,Fraud,Other,5,4,3,5,1,,,,4
1997-06,Fraud,Other,12,10,2,5,1,,,1,3
1997-07,Fraud,Other,19,12,3,7,1,,,,6
1997-08,Fraud,Other,16,10,4,1,,,,,1
1997-09,Fraud,Other,9,7,4,17,,,,,17
1997-10,Fraud,Other,9,5,2,3,,,,,3
1997-11,Fraud,Other,10,3,2,5,,,,,5
1997-12,Fraud,Other,15,10,2,6,,,,,6
1998-01,Fraud,Other,21,11,17,3,,,,,3
1998-02,Fraud,Other,9,4,4,15,1,,,,14
1998-03,Fraud,Other,17,7,5,10,,,,,10
1998-04,Fraud,Other,22,9,1,9,,,,,9
1998-05,Fraud,Other,17,5,5,3,1,,,,2
1998-06,Fraud,Other,12,3,4,3,,,,1,2
1998-07,Fraud,Other,19,10,4,5,,,,,5
1998-08,Fraud,Other,7,2,5,9,,,,,9
1998-09,Fraud,Other,11,3,7,5,,,,,5
1998-10,Fraud,Other,7,4,10,6,,,,,6
1998-11,Fraud,Other,16,6,4,10,,,,,10
1998-12,Fraud,Other,17,7,3,12,,1,,1,10
1999-01,Fraud,Other,17,8,9,4,,,,,4
1999-02,Fraud,Other,10,5,24,8,,1,,,7
1999-03,Fraud,Other,18,7,21,0,,,,,
1999-04,Fraud,Other,16,6,9,2,,,,,2
1999-05,Fraud,Other,18,6,9,2,,,,1,1
1999-06,Fraud,Other,11,6,7,6,2,,,2,2
1999-07,Fraud,Other,6,4,3,7,1,,,,6
1999-08,Fraud,Other,8,3,4,5,,1,,1,3
1999-09,Fraud,Other,12,9,4,4,,1,,1,2
1999-10,Fraud,Other,4,1,11,4,,,,3,1
1999-11,Fraud,Other,12,8,13,4,,1,,,3
1999-12,Fraud,Other,4,4,4,3,,,,1,2
2000-01,Fraud,Other,8,3,7,4,,3,,,1
2000-02,Fraud,Other,17,9,9,5,,,,2,3
2000-03,Fraud,Other,17,10,10,7,,1,1,3,2
2000-04,Fraud,Other,12,3,9,2,,,,1,1
2000-05,Fraud,Other,14,7,10,10,3,,,3,4
2000-06,Fraud,Other,15,9,10,4,1,1,,2,
2000-07,Fraud,Other,18,16,5,2,,1,,1,
2000-08,Fraud,Other,11,5,1,6,1,1,,1,3
2000-09,Fraud,Other,5,4,4,13,1,2,1,2,7
2000-10,Fraud,Other,11,6,5,10,6,2,,2,
2000-11,Fraud,Other,7,5,2,13,5,2,1,2,3
2000-12,Fraud,Other,9,7,0,4,,1,,,3
2001-01,Fraud,Other,3,3,8,3,,2,,1,
2001-02,Fraud,Other,5,4,11,5,1,1,,1,2
2001-03,Fraud,Other,7,5,6,7,3,,,1,3
2001-04,Fraud,Other,9,6,3,6,3,,1,1,1
2001-05,Fraud,Other,11,5,3,5,,,,1,4
2001-06,Fraud,Other,7,4,4,3,1,1,1,,
2001-07,Fraud,Other,14,7,5,6,1,3,,1,1
2001-08,Fraud,Other,9,4,10,11,4,,1,2,4
2001-09,Fraud,Other,3,1,3,2,,,,1,1
2001-10,Fraud,Other,28,4,21,2,,1,,1,
2001-11,Fraud,Other,12,7,8,7,,1,1,2,3
2001-12,Fraud,Other,11,4,6,7,1,,,6,
2002-01,Fraud,Other,13,8,8,10,1,,1,7,1
2002-02,Fraud,Other,6,3,2,5,1,2,,,2
2002-03,Fraud,Other,19,2,8,3,1,1,,1,
2002-04,Fraud,Other,7,5,2,5,1,1,,1,2
2002-05,Fraud,Other,3,2,12,4,,1,,1,2
2002-06,Fraud,Other,12,7,13,1,1,,,,
2002-07,Fraud,Other,14,7,4,4,1,1,,1,1
2002-08,Fraud,Other,7,3,8,3,,,,2,1
2002-09,Fraud,Other,11,5,4,0,,,,,
2002-10,Fraud,Other,13,7,6,5,1,,,2,2
2002-11,Fraud,Other,13,5,5,2,,,,2,
2002-12,Fraud,Other,12,6,2,1,1,,,,
2003-01,Fraud,Other,10,5,3,8,,1,,2,5
2003-02,Fraud,Other,4,3,1,1,,,,1,
2003-03,Fraud,Other,17,5,4,5,1,1,,1,2
2003-04,Fraud,Other,17,2,18,3,1,,,1,1
2003-05,Fraud,Other,18,5,8,5,,1,,4,
2003-06,Fraud,Other,9,3,1,6,2,,,1,3
2003-07,Fraud,Other,21,3,2,1,1,,,,
2003-08,Fraud,Other,19,3,3,1,,1,,,
2003-09,Fraud,Other,12,5,18,4,,1,,1,2
2003-10,Fraud,Other,18,5,24,4,1,1,,2,
2003-11,Fraud,Other,16,2,8,2,,,1,,1
2003-12,Fraud,Other,17,1,7,3,1,2,,,
2004-01,Fraud,Other,15,3,12,4,,,1,3,
2004-02,Fraud,Other,15,4,5,3,,,1,2,
2004-03,Fraud,Other,12,7,14,4,1,1,,,2
2004-04,Fraud,Other,17,6,22,4,1,1,,1,1
2004-05,Fraud,Other,16,6,2,4,2,1,,1,
2004-06,Fraud,Other,19,7,3,9,2,1,,1,5
2004-07,Fraud,Other,14,3,4,4,1,1,,1,1
2004-08,Fraud,Other,13,4,36,1,,,,1,
2004-09,Fraud,Other,16,12,7,6,,4,1,,1
2004-10,Fraud,Other,24,3,4,4,,2,,,2
2004-11,Fraud,Other,17,4,2,1,,,,,1
2004-12,Fraud,Other,10,1,3,5,1,2,,1,1
2005-01,Fraud,Other,10,5,12,2,,1,,,1
2005-02,Fraud,Other,10,3,16,5,,,,2,3
2005-03,Fraud,Other,29,8,7,3,,,,3,
2005-04,Fraud,Other,21,12,4,3,,1,,1,1
2005-05,Fraud,Other,19,8,19,4,,2,,,2
2005-06,Fraud,Other,17,8,2,3,,,,1,2
2005-07,Fraud,Other,16,6,3,7,2,3,,,2
2005-08,Fraud,Other,16,6,5,10,,,2,1,7
2005-09,Fraud,Other,21,4,7,5,1,1,,2,1
2005-10,Fraud,Other,14,7,1,3,,,,1,2
2005-11,Fraud,Other,20,10,20,3,,,,1,2
2005-12,Fraud,Other,10,5,5,4,1,,,,3
2006-01,Fraud,Other,15,2,36,4,,1,,,3
2006-02,Fraud,Other,18,10,7,1,,,,1,
2006-03,Fraud,Other,14,7,28,10,2,,,4,4
2006-04,Fraud,Other,19,8,2,7,1,1,2,1,2
2006-05,Fraud,Other,19,6,19,8,2,,,3,3
2006-06,Fraud,Other,9,3,3,10,2,1,,3,4
2006-07,Fraud,Other,13,5,3,5,1,1,,,3
2006-08,Fraud,Other,20,7,10,7,,4,,,3
2006-09,Fraud,Other,13,5,13,5,,,,1,4
2006-10,Fraud,Other,21,2,7,7,1,,,1,5
2006-11,Fraud,Other,15,4,2,3,,1,,,2
2006-12,Fraud,Other,5,2,21,3,,,,2,1
2007-01,Fraud,Other,25,10,19,5,1,,1,1,2
2007-02,Fraud,Other,14,6,3,4,,,1,,3
2007-03,Fraud,Other,19,8,4,7,1,1,,,5
2007-04,Fraud,Other,18,4,20,8,,1,,2,5
2007-05,Fraud,Other,17,7,5,6,1,1,,1,3
2007-06,Fraud,Other,9,4,7,4,2,,,1,1
2007-07,Fraud,Other,18,4,6,3,1,1,1,,
2007-08,Fraud,Other,14,6,4,2,1,1,,,
2007-09,Fraud,Other,4,1,22,17,1,1,1,1,13
2007-10,Fraud,Other,13,2,8,2,1,,,,1
2007-11,Fraud,Other,12,2,2,1,,,,,1
2007-12,Fraud,Other,7,1,4,3,,1,,1,1
2008-01,Fraud,Other,15,8,17,9,1,1,,2,5
2008-02,Fraud,Other,12,2,6,5,,1,,2,2
2008-03,Fraud,Other,19,4,27,5,,2,,1,2
2008-04,Fraud,Other,18,6,18,5,2,,1,1,1
2008-05,Fraud,Other,20,6,6,2,,1,,1,
2008-06,Fraud,Other,18,1,3,6,2,,,2,2
2008-07,Fraud,Other,19,7,4,7,,1,,3,3
2008-08,Fraud,Other,10,7,58,9,,2,1,2,4
2008-09,Fraud,Other,12,3,7,5,1,,,,4
2008-10,Fraud,Other,21,1,26,4,,,,2,2
2008-11,Fraud,Other,12,6,0,6,2,,,,4
2008-12,Fraud,Other,11,3,3,3,,1,,1,1
2009-01,Fraud,Other,14,6,17,7,1,,,4,2
2009-02,Fraud,Other,11,3,1,2,,,,,2
2009-03,Fraud,Other,18,8,11,6,4,1,,,1
2009-04,Fraud,Other,17,8,23,4,1,1,,1,1
2009-05,Fraud,Other,16,7,4,5,3,,,1,1
2009-06,Fraud,Other,16,7,6,4,,1,,,3
2009-07,Fraud,Other,11,5,25,3,,1,,1,1
2009-08,Fraud,Other,14,9,6,9,1,,,1,7
2009-09,Fraud,Other,14,8,26,17,,1,,2,14
2009-10,Fraud,Other,18,4,2,3,,,,1,2
2009-11,Fraud,Other,16,10,2,3,2,,,1,
2009-12,Fraud,Other,22,12,5,3,,1,,2,
2010-01,Fraud,Other,22,2,16,3,,,,1,2
2010-02,Fraud,Other,15,8,0,3,,,,1,2
2010-03,Fraud,Other,13,5,20,6,1,1,,,4
2010-04,Fraud,Other,23,12,1,6,1,,,1,4
2010-05,Fraud,Other,17,6,16,6,1,,,,5
2010-06,Fraud,Other,12,4,4,5,,,,2,3
2010-07,Fraud,Other,20,13,3,7,,2,,4,1
2010-08,Fraud,Other,21,12,17,6,1,1,,2,2
2010-09,Fraud,Other,20,10,7,6,,1,,1,4
2010-10,Fraud,Other,24,9,4,6,,2,,,4
2010-11,Fraud,Other,15,7,3,2,,1,,,1
2010-12,Fraud,Other,20,5,16,4,1,,,2,1
2011-01,Fraud,Other,26,13,17,6,,,,2,4
2011-02,Fraud,Other,34,11,2,9,,3,,2,4
2011-03,Fraud,Other,37,16,8,3,,,,1,2
2011-04,Fraud,Other,20,7,6,9,1,2,,1,5
2011-05,Fraud,Other,43,13,6,1,,,,1,
2011-06,Fraud,Other,22,11,4,5,1,1,,1,2
2011-07,Fraud,Other,31,8,10,13,,3,,1,9
2011-08,Fraud,Other,22,7,9,6,2,2,,1,1
2011-09,Fraud,Other,31,9,15,16,1,7,,5,3
2011-10,Fraud,Other,42,10,4,10,,5,1,,4
2011-11,Fraud,Other,15,8,21,6,,1,,2,3
2011-12,Fraud,Other,20,6,5,9,,,,7,2
2012-01,Fraud,Other,32,11,6,4,1,1,,1,1
2012-02,Fraud,Other,39,12,22,10,2,2,,4,2
2012-03,Fraud,Other,30,11,13,8,2,,,3,3
2012-04,Fraud,Other,30,9,23,9,2,1,,1,5
2012-05,Fraud,Other,29,9,8,8,3,1,1,1,2
2012-06,Fraud,Other,32,9,14,11,2,3,,3,3
2012-07,Fraud,Other,40,14,19,2,,1,,,1
2012-08,Fraud,Other,35,10,11,10,1,,,2,7
2012-09,Fraud,Other,13,4,12,8,1,,,3,4
2012-10,Fraud,Other,24,10,27,7,,3,,3,1
2012-11,Fraud,Other,28,15,3,7,,2,,1,4
2012-12,Fraud,Other,27,14,26,12,,3,,2,7
2013-01,Fraud,Other,36,19,11,6,,,,1,5
2013-02,Fraud,Other,32,12,5,7,,1,,2,4
2013-03,Fraud,Other,32,12,41,8,1,1,,3,3
2013-04,Fraud,Other,29,14,6,7,,,,3,4
2013-05,Fraud,Other,44,12,33,8,2,,,,6
2013-06,Fraud,Other,31,20,34,8,1,1,,3,3
2013-07,Fraud,Other,45,14,12,10,,4,,2,4
2013-08,Fraud,Other,30,13,16,12,,1,,5,6
2013-09,Fraud,Other,33,15,18,12,2,3,,4,3
2013-10,Fraud,Other,18,13,1,5,,,,1,4
2013-11,Fraud,Other,24,8,8,8,2,,,2,4
2013-12,Fraud,Other,30,13,11,14,,,,4,10
2014-01,Fraud,Other,15,6,9,5,,,,1,4
2014-02,Fraud,Other,15,12,9,8,1,,,3,4
2014-03,Fraud,Other,21,12,28,15,1,1,,5,8
2014-04,Fraud,Other,20,10,5,15,,3,,4,8
2014-05,Fraud,Other,28,14,11,10,1,1,,3,5
2014-06,Fraud,Other,14,7,16,13,1,,,5,7
2014-07,Fraud,Other,20,14,11,11,,2,,4,5
2014-08,Fraud,Other,19,8,3,10,1,,,1,8
2014-09,Fraud,Other,22,14,15,9,,1,,4,4
2014-10,Fraud,Other,16,12,8,6,,1,,3,2
2014-11,Fraud,Other,2,1,6,6,,1,1,1,3
2014-12,Fraud,Other,13,7,6,9,,,,3,6
2015-01,Fraud,Other,24,14,4,12,1,3,,3,5
2015-02,Fraud,Other,18,7,11,8,2,,,2,4
2015-03,Fraud,Other,30,11,14,3,,1,,1,1
2015-04,Fraud,Other,16,9,11,12,1,4,,2,5
2015-05,Fraud,Other,43,19,9,26,3,5,1,5,12
2015-06,Fraud,Other,20,8,7,11,1,,1,5,4
2015-07,Fraud,Other,26,10,15,10,2,,,2,6
2015-08,Fraud,Other,21,6,20,9,,2,,3,4
2015-09,Fraud,Other,30,10,24,7,,1,,2,4
2015-10,Fraud,Other,46,11,16,9,1,2,,1,5
2015-11,Fraud,Other,23,11,3,11,1,,,3,7
2015-12,Fraud,Other,38,11,5,11,3,2,,2,4
2016-01,Fraud,Other,28,10,7,7,2,,,4,1
2016-02,Fraud,Other,17,4,12,6,,2,,,4
2016-03,Fraud,Other,38,17,22,9,,,1,1,7
2016-04,Fraud,Other,27,10,14,3,2,1,,,
2016-05,Fraud,Other,32,8,13,19,2,5,,3,9
2016-06,Fraud,Other,42,16,11,9,,2,,3,4
2016-07,Fraud,Other,20,14,16,8,1,,,3,4
2016-08,Fraud,Other,26,11,5,21,1,,,4,16
2016-09,Fraud,Other,25,10,17,1,,,,,1
2016-10,Fraud,Other,37,13,8,14,,1,,3,10
2016-11,Fraud,Other,22,12,3,9,,5,1,,3
2016-12,Fraud,Other,35,17,8,7,1,1,,3,2
2017-01,Fraud,Other,35,17,25,16,1,,,3,12
2017-02,Fraud,Other,36,9,10,14,,1,,5,8
2017-03,Fraud,Other,28,3,18,11,,,,7,4
2017-04,Fraud,Other,26,6,8,9,,2,1,4,2
2017-05,Fraud,Other,34,11,15,8,,2,,3,3
2017-06,Fraud,Other,39,11,22,14,2,,,3,9
2017-07,Fraud,Other,25,7,8,14,1,4,,8,1
2017-08,Fraud,Other,30,9,5,12,,4,,2,6
2017-09,Fraud,Other,25,9,15,15,1,3,1,2,8
2017-10,Fraud,Other,25,12,8,4,,1,,1,2
2017-11,Fraud,Other,25,11,10,9,,2,,4,3
2017-12,Fraud,Other,30,9,13,10,2,4,,1,3
2018-01,Fraud,Other,20,5,6,6,,1,,2,3
2018-02,Fraud,Other,27,7,16,6,,1,,3,2
2018-03,Fraud,Other,30,8,25,10,,3,,1,6
2018-04,Fraud,Other,28,6,8,8,,2,1,2,3
2018-05,Fraud,Other,33,12,11,8,,2,,3,3
2018-06,Fraud,Other,15,8,10,12,,2,,5,5
2018-07,Fraud,Other,28,8,20,19,2,2,1,4,10
2018-08,Fraud,Other,54,11,14,11,3,1,,2,5
2018-09,Fraud,Other,23,3,18,13,,2,,5,6
2018-10,Fraud,Other,32,10,9,8,1,,,4,3
2018-11,Fraud,Other,27,3,12,6,,1,,4,1
2018-12,Fraud,Other,41,6,23,7,,2,,1,4
2019-01,Fraud,Other,29,6,3,4,,1,,1,2
2019-02,Fraud,Other,47,14,18,9,2,1,,,6
2019-03,Fraud,Other,33,10,35,6,1,1,,,4
2019-04,Fraud,Other,35,7,22,8,,2,,1,5
2019-05,Fraud,Other,40,12,12,14,2,3,,2,7
2019-06,Fraud,Other,40,15,22,14,,2,1,4,7
2019-07,Fraud,Other,34,10,14,6,,3,,2,1
2019-08,Fraud,Other,26,9,14,15,2,5,,3,5
2019-09,Fraud,Other,29,14,28,13,1,5,,3,4
2019-10,Fraud,Other,29,7,10,11,1,2,,5,3
2019-11,Fraud,Other,21,7,11,8,1,,1,5,1
2019-12,Fraud,Other,23,5,13,11,2,2,,3,4
2020-01,Fraud,Other,28,14,14,7,1,1,,1,4
2020-02,Fraud,Other,37,13,19,9,1,1,,2,5
2020-03,Fraud,Other,49,14,22,16,2,1,1,1,11
2020-04,Fraud,Other,38,15,9,9,,2,,5,2
2020-05,Fraud,Other,47,12,10,9,1,4,,3,1
2020-06,Fraud,Other,35,7,12,7,2,,,4,1
2020-07,Fraud,Other,37,10,4,6,,1,,3,2
2020-08,Fraud,Other,32,12,20,8,,,1,1,6
2020-09,Fraud,Other,49,11,24,11,2,,,1,8
2020-10,Fraud,Other,33,10,21,9,,3,,3,3
2020-11,Fraud,Other,24,8,7,7,,1,,3,3
2020-12,Fraud,Other,40,10,15,3,,,,1,2
2021-01,Fraud,Other,30,10,12,5,,,1,,4
2021-02,Fraud,Other,31,14,29,7,2,1,,3,1
2021-03,Fraud,Other,43,8,29,9,1,3,1,3,1
2021-04,Fraud,Other,40,14,14,10,1,,,3,6
2021-05,Fraud,Other,42,18,22,13,2,1,,3,7
2021-06,Fraud,Other,31,9,14,7,2,1,,2,2
2021-07,Fraud,Other,33,4,16,10,,1,,6,3
2021-08,Fraud,Other,22,4,12,9,,1,,3,5
2021-09,Fraud,Other,38,7,24,12,1,2,,5,4
2021-10,Fraud,Other,29,6,17,8,2,1,,2,3
2021-11,Fraud,Other,14,7,12,14,,2,,4,8
2021-12,Fraud,Other,35,16,19,12,,3,,3,6
2022-01,Fraud,Other,38,12,8,8,,1,,5,2
2022-02,Fraud,Other,29,11,21,8,,3,,2,3
2022-03,Fraud,Other,57,11,49,14,1,4,,5,4
2022-04,Fraud,Other,28,6,15,11,,1,,3,7
2022-05,Fraud,Other,56,6,25,5,1,2,,1,1
2022-06,Fraud,Other,55,15,23,9,1,1,,5,2
2022-07,Fraud,Other,37,17,28,15,1,5,,5,4
2022-08,Fraud,Other,40,17,30,6,1,1,,,4
2022-09,Fraud,Other,38,14,29,12,2,3,,3,4
2022-10,Fraud,Other,41,16,17,8,2,2,,,4
2022-11,Fraud,Other,38,14,26,12,,3,,3,6
2022-12,Fraud,Other,35,10,27,11,2,,,4,5
2023-01,Fraud,Other,55,17,54,4,,1,,2,1
2023-02,Fraud,Other,36,9,28,7,1,2,,1,3
2023-03,Fraud,Other,74,23,38,4,1,,,,3
2023-04,Fraud,Other,74,7,14,8,2,1,,2,3
2023-05,Fraud,Other,46,13,17,12,2,1,1,4,4
2023-06,Fraud,Other,38,7,16,11,2,2,,,7
2023-07,Fraud,Other,32,11,23,9,1,1,1,2,4
2023-08,Fraud,Other,35,7,21,9,1,3,,3,2
2023-09,Fraud,Other,45,9,35,20,3,5,1,4,7
2023-10,Fraud,Other,40,15,7,6,1,3,,2,
2023-11,Fraud,Other,31,11,22,8,1,1,1,4,1
2023-12,Fraud,Other,32,12,14,3,,2,,1,
2024-01,Fraud,Other,40,7,24,13,3,3,,5,2
2024-02,Fraud,Other,73,13,34,10,1,2,,4,3
2024-03,Fraud,Other,34,14,40,16,2,2,,5,7
2024-04,Fraud,Other,33,10,15,12,1,2,,5,4
2024-05,Fraud,Other,66,20,20,5,1,1,,2,1
2024-06,Fraud,Other,44,19,14,11,1,4,,2,4
2024-07,Fraud,Other,25,17,38,10,,3,,6,1
2024-08,Fraud,Other,28,17,28,7,,1,,2,4
2024-09,Fraud,Other,32,14,39,10,,,,8,2
2024-10,Fraud,Other,29,15,20,14,1,3,,5,5
2024-11,Fraud,Other,21,6,23,7,,2,,5,
2024-12,Fraud,Other,21,10,21,7,1,1,,3,2
2025-01,Fraud,Other,26,18,18,12,1,3,,6,2
2025-02,Fraud,Other,37,13,33,10,2,,,4,4
2025-03,Fraud,Other,44,24,40,12,2,2,1,2,5
2025-04,Fraud,Other,43,23,22,10,2,3,,3,2
2025-05,Fraud,Other,43,27,13,10,,2,1,3,4
2025-06,Fraud,Other,51,27,15,13,2,2,,3,6
2025-07,Fraud,Other,36,22,12,6,1,3,,,2
2025-08,Fraud,Other,35,16,14,13,2,,,4,7
2025-09,Fraud,Other,16,10,43,10,2,2,1,2,3
2025-10,Fraud,Other,41,27,13,8,1,2,,4,1
2025-11,Fraud,Other,43,28,8,9,,2,,7,
2025-12,Fraud,Other,27,17,21,7,,2,,2,3
2026-01,Fraud,Other,41,27,12,2,,,,1,1
2026-02,Fraud,Other,25,10,15,7,,4,,1,2
2026-03,Fraud,Other,37,20,54,10,,2,,,8
2026-04,Fraud,Other,24,13,10,4,1,,,1,2
2026-05,Fraud,Other,18,7,21,5,,1,,2,2
1994-10,Immigration,Other,2,2,3,2,,,,,2
1994-11,Immigration,Other,1,1,0,0,,,,,
1994-12,Immigration,Other,4,3,3,1,,,,,1
1995-01,Immigration,Other,2,1,1,1,,,,,1
1995-02,Immigration,Other,2,1,0,3,,,,,3
1995-03,Immigration,Other,5,4,1,1,,,,,1
1995-04,Immigration,Other,6,4,0,4,,,,,4
1995-05,Immigration,Other,7,6,1,2,,,,,2
1995-06,Immigration,Other,5,3,1,8,,,,,8
1995-07,Immigration,Other,5,4,1,3,,,,,3
1995-08,Immigration,Other,2,2,0,5,,,2,,3
1995-09,Immigration,Other,6,2,2,5,1,,,,4
1995-10,Immigration,Other,4,1,2,5,,,,,5
1995-11,Immigration,Other,6,6,2,0,,,,,
1995-12,Immigration,Other,3,3,0,1,,,,,1
1996-01,Immigration,Other,9,2,1,2,,,,,2
1996-02,Immigration,Other,1,2,0,3,,,,,3
1996-03,Immigration,Other,3,4,1,4,,,,,4
1996-04,Immigration,Other,6,4,1,2,,,,,2
1996-05,Immigration,Other,5,5,0,2,,,,,2
1996-06,Immigration,Other,4,2,1,1,,,,,1
1996-07,Immigration,Other,5,5,0,3,1,,,,2
1996-08,Immigration,Other,1,0,1,0,,,,,
1996-09,Immigration,Other,0,1,2,5,,,,,5
1996-10,Immigration,Other,4,5,2,1,,,,,1
1996-11,Immigration,Other,6,4,2,2,,,,,2
1996-12,Immigration,Other,2,1,1,3,,2,,,1
1997-01,Immigration,Other,12,5,1,5,,,1,,4
1997-02,Immigration,Other,2,3,0,2,,,,,2
1997-03,Immigration,Other,2,2,0,1,,,,,1
1997-04,Immigration,Other,3,2,1,1,,,,,1
1997-05,Immigration,Other,3,5,0,4,2,,,,2
1997-06,Immigration,Other,6,4,1,2,,,,,2
1997-07,Immigration,Other,6,7,0,5,,,,,5
1997-08,Immigration,Other,3,2,0,2,,,,,2
1997-09,Immigration,Other,4,2,1,1,,,,,1
1997-10,Immigration,Other,3,2,1,1,,,,,1
1997-11,Immigration,Other,3,4,0,3,,,,,3
1997-12,Immigration,Other,9,11,1,3,,,,,3
1998-01,Immigration,Other,21,20,0,4,,,,,4
1998-02,Immigration,Other,26,22,0,13,,,,,13
1998-03,Immigration,Other,25,20,1,31,,,,1,30
1998-04,Immigration,Other,44,36,1,4,1,,,,3
1998-05,Immigration,Other,27,29,1,2,,,1,,1
1998-06,Immigration,Other,35,35,1,2,,,,,2
1998-07,Immigration,Other,38,30,1,9,,,,,9
1998-08,Immigration,Other,29,29,4,9,,,,,9
1998-09,Immigration,Other,23,16,7,0,,,,,
1998-10,Immigration,Other,12,10,0,8,,,,,8
1998-11,Immigration,Other,8,8,0,4,,,,,4
1998-12,Immigration,Other,10,11,0,5,,1,,,4
1999-01,Immigration,Other,17,13,0,6,,,,,6
1999-02,Immigration,Other,12,13,0,8,,,,,8
1999-03,Immigration,Other,23,13,1,19,,,,,19
1999-04,Immigration,Other,15,15,0,1,,,,,1
1999-05,Immigration,Other,25,18,0,15,,,,1,14
1999-06,Immigration,Other,12,5,4,6,,1,,,5
1999-07,Immigration,Other,13,11,1,3,,,,,3
1999-08,Immigration,Other,26,25,0,0,,,,,
1999-09,Immigration,Other,19,15,2,3,,,,1,2
1999-10,Immigration,Other,18,20,22,1,,,,,1
1999-11,Immigration,Other,23,22,4,2,2,,,,
1999-12,Immigration,Other,23,18,7,1,,,,,1
2000-01,Immigration,Other,21,18,0,3,1,,,,2
2000-02,Immigration,Other,28,15,6,5,2,,,1,2
2000-03,Immigration,Other,40,29,1,3,1,1,,1,
2000-04,Immigration,Other,24,20,1,17,1,,1,1,14
2000-05,Immigration,Other,14,11,3,14,,,,1,13
2000-06,Immigration,Other,105,26,4,32,,2,,2,28
2000-07,Immigration,Other,27,21,17,93,,71,,1,21
2000-08,Immigration,Other,18,13,2,11,,6,,,5
2000-09,Immigration,Other,28,16,2,8,1,1,2,,4
2000-10,Immigration,Other,17,15,0,7,,,,1,6
2000-11,Immigration,Other,12,14,8,4,1,,,1,2
2000-12,Immigration,Other,24,13,0,14,1,1,,,12
2001-01,Immigration,Other,17,15,2,13,1,,,,12
2001-02,Immigration,Other,21,15,20,8,,,,2,6
2001-03,Immigration,Other,20,19,3,14,,,,,14
2001-04,Immigration,Other,17,13,7,7,,2,,2,3
2001-05,Immigration,Other,23,29,0,12,,,,,12
2001-06,Immigration,Other,25,15,13,17,4,1,,,12
2001-07,Immigration,Other,18,10,1,35,1,12,,,22
2001-08,Immigration,Other,15,19,2,16,3,,,2,11
2001-09,Immigration,Other,10,9,0,5,,,,1,4
2001-10,Immigration,Other,25,18,9,7,1,,1,,5
2001-11,Immigration,Other,18,12,1,2,,,,,2
2001-12,Immigration,Other,14,12,0,2,1,,,,1
2002-01,Immigration,Other,23,24,17,5,2,,,,3
2002-02,Immigration,Other,33,29,2,9,2,1,,1,5
2002-03,Immigration,Other,39,32,10,3,1,,,,2
2002-04,Immigration,Other,58,46,1,13,,,,,13
2002-05,Immigration,Other,28,51,5,6,1,,,,5
2002-06,Immigration,Other,72,63,2,24,2,,,,22
2002-07,Immigration,Other,111,120,1,49,1,,,,48
2002-08,Immigration,Other,87,110,12,20,2,,,,18
2002-09,Immigration,Other,66,117,10,4,,,,,4
2002-10,Immigration,Other,138,162,4,24,,,,,24
2002-11,Immigration,Other,175,201,1,13,1,,,,12
2002-12,Immigration,Other,134,239,4,7,2,,,,5
2003-01,Immigration,Other,218,281,6,3,1,,,,2
2003-02,Immigration,Other,131,244,0,12,2,,,,10
2003-03,Immigration,Other,290,245,22,7,1,,,,6
2003-04,Immigration,Other,129,248,1,9,1,,,,8
2003-05,Immigration,Other,210,252,23,10,2,,,1,7
2003-06,Immigration,Other,266,201,2,53,8,1,,,44
2003-07,Immigration,Other,209,193,7,20,,,,1,19
2003-08,Immigration,Other,78,155,28,22,,,,,22
2003-09,Immigration,Other,81,232,1,74,,3,,,71
2003-10,Immigration,Other,279,237,2,107,,2,,,105
2003-11,Immigration,Other,155,224,30,40,,2,3,,35
2003-12,Immigration,Other,273,284,2,41,1,,,,40
2004-01,Immigration,Other,195,230,0,46,1,8,,,37
2004-02,Immigration,Other,217,197,21,82,11,5,,1,65
2004-03,Immigration,Other,253,359,0,61,2,,,,59
2004-04,Immigration,Other,310,360,4,43,2,3,,,38
2004-05,Immigration,Other,221,397,1,51,1,,,,50
2004-06,Immigration,Other,283,402,16,28,,3,,,25
2004-07,Immigration,Other,274,388,4,24,,2,1,2,19
2004-08,Immigration,Other,380,309,2,137,1,,1,,135
2004-09,Immigration,Other,320,270,7,98,1,22,,1,74
2004-10,Immigration,Other,169,240,8,84,,4,,,80
2004-11,Immigration,Other,168,328,0,193,,4,,,189
2004-12,Immigration,Other,363,275,6,197,,5,,,192
2005-01,Immigration,Other,310,260,1,217,3,62,,,152
2005-02,Immigration,Other,158,231,5,184,,109,,,75
2005-03,Immigration,Other,425,333,8,233,,84,,,149
2005-04,Immigration,Other,239,288,1,218,2,92,,,124
2005-05,Immigration,Other,426,330,2,189,2,35,,,152
2005-06,Immigration,Other,391,388,6,248,,46,,,202
2005-07,Immigration,Other,410,384,15,311,,79,,,232
2005-08,Immigration,Other,355,361,0,360,1,166,,,193
2005-09,Immigration,Other,200,324,57,309,1,45,1,,262
2005-10,Immigration,Other,391,410,1,478,,155,,,323
2005-11,Immigration,Other,520,355,2,367,2,102,,,263
2005-12,Immigration,Other,428,349,1,449,,64,,,385
2006-01,Immigration,Other,517,279,6,447,1,20,,,426
2006-02,Immigration,Other,426,246,4,409,1,70,,,338
2006-03,Immigration,Other,258,257,1,441,,45,,,396
2006-04,Immigration,Other,301,316,2,398,,53,,,345
2006-05,Immigration,Other,355,197,3,466,,18,,,448
2006-06,Immigration,Other,370,121,3,708,1,143,,,564
2006-07,Immigration,Other,125,92,3,526,2,111,,1,412
2006-08,Immigration,Other,158,98,2,613,,59,,1,553
2006-09,Immigration,Other,150,88,3,423,,99,,1,323
2006-10,Immigration,Other,158,88,5,422,,111,,,311
2006-11,Immigration,Other,138,79,5,322,3,79,1,,239
2006-12,Immigration,Other,107,28,4,253,,20,,1,232
2007-01,Immigration,Other,126,36,2,295,2,32,1,,260
2007-02,Immigration,Other,79,20,5,240,,28,,,212
2007-03,Immigration,Other,55,20,10,342,1,87,,,254
2007-04,Immigration,Other,24,11,3,408,1,110,,,297
2007-05,Immigration,Other,20,7,6,237,1,57,1,1,177
2007-06,Immigration,Other,19,4,1,199,1,47,,,151
2007-07,Immigration,Other,13,5,5,200,1,45,,,154
2007-08,Immigration,Other,23,9,1,257,1,31,,,225
2007-09,Immigration,Other,5,3,3,110,,20,,,90
2007-10,Immigration,Other,7,5,1,167,4,43,,,120
2007-11,Immigration,Other,3,5,2,68,2,14,,1,51
2007-12,Immigration,Other,5,2,1,59,1,10,,,48
2008-01,Immigration,Other,7,6,2,118,1,41,,,76
2008-02,Immigration,Other,5,0,1,78,,19,,2,57
2008-03,Immigration,Other,6,1,2,119,,47,,1,71
2008-04,Immigration,Other,11,9,6,89,,28,,1,60
2008-05,Immigration,Other,3,3,2,75,,32,,3,40
2008-06,Immigration,Other,7,1,1,67,1,17,,2,47
2008-07,Immigration,Other,5,2,6,39,,10,,,29
2008-08,Immigration,Other,4,2,2,72,,46,,,26
2008-09,Immigration,Other,4,3,2,26,,11,,,15
2008-10,Immigration,Other,8,7,3,38,1,12,1,,24
2008-11,Immigration,Other,4,5,1,18,2,5,,,11
2008-12,Immigration,Other,10,7,1,33,3,8,1,,21
2009-01,Immigration,Other,8,8,2,26,1,4,,2,19
2009-02,Immigration,Other,10,4,3,18,,3,1,,14
2009-03,Immigration,Other,8,5,4,20,3,5,,1,11
2009-04,Immigration,Other,8,6,4,24,2,6,,1,15
2009-05,Immigration,Other,9,8,3,21,2,8,,,11
2009-06,Immigration,Other,6,1,2,17,4,5,,2,6
2009-07,Immigration,Other,8,9,5,14,8,1,,,5
2009-08,Immigration,Other,14,4,1,17,2,5,,1,9
2009-09,Immigration,Other,8,4,4,22,1,12,,,9
2009-10,Immigration,Other,7,5,1,19,2,3,,,14
2009-11,Immigration,Other,5,6,2,16,5,,1,,10
2009-12,Immigration,Other,9,8,1,10,3,1,,,6
2010-01,Immigration,Other,8,5,3,6,2,,,,4
2010-02,Immigration,Other,8,7,2,6,,,,,6
2010-03,Immigration,Other,4,3,4,14,8,1,1,,4
2010-04,Immigration,Other,5,3,1,7,4,2,,,1
2010-05,Immigration,Other,4,4,1,12,4,,1,1,6
2010-06,Immigration,Other,10,6,1,7,3,,,1,3
2010-07,Immigration,Other,5,3,2,10,1,,,,9
2010-08,Immigration,Other,5,3,1,7,3,,,1,3
2010-09,Immigration,Other,4,2,4,8,4,,,,4
2010-10,Immigration,Other,5,4,1,4,1,,,,3
2010-11,Immigration,Other,4,5,1,6,,,,,6
2010-12,Immigration,Other,8,13,1,7,4,,1,,2
2011-01,Immigration,Other,12,9,1,8,3,,,1,4
2011-02,Immigration,Other,5,5,3,9,5,,,1,3
2011-03,Immigration,Other,14,13,1,13,3,1,1,1,7
2011-04,Immigration,Other,11,10,1,13,11,,,,2
2011-05,Immigration,Other,10,9,0,7,2,,,,5
2011-06,Immigration,Other,11,9,2,8,2,1,,,5
2011-07,Immigration,Other,9,4,1,12,8,,,,4
2011-08,Immigration,Other,12,9,3,12,7,,,,5
2011-09,Immigration,Other,3,4,1,6,4,,,,2
2011-10,Immigration,Other,7,5,1,9,7,,,,2
2011-11,Immigration,Other,11,6,1,4,3,,,,1
2011-12,Immigration,Other,4,4,2,5,1,1,2,,1
2012-01,Immigration,Other,7,9,3,7,4,,,,3
2012-02,Immigration,Other,7,4,0,1,,,,,1
2012-03,Immigration,Other,2,2,2,1,1,,,,
2012-04,Immigration,Other,6,3,3,8,6,,1,,1
2012-05,Immigration,Other,8,8,3,10,6,,1,,3
2012-06,Immigration,Other,5,5,1,4,3,,,,1
2012-07,Immigration,Other,10,8,1,4,3,,,,1
2012-08,Immigration,Other,8,7,2,8,6,,,,2
2012-09,Immigration,Other,8,3,1,7,1,,,,6
2012-10,Immigration,Other,3,2,1,3,3,,,,
2012-11,Immigration,Other,5,7,2,7,6,,,,1
2012-12,Immigration,Other,7,5,0,6,4,,,,2
2013-01,Immigration,Other,27,6,2,3,1,,,1,1
2013-02,Immigration,Other,6,5,2,3,2,1,,,
2013-03,Immigration,Other,3,4,3,11,8,,1,,2
2013-04,Immigration,Other,7,10,1,10,5,,1,,4
2013-05,Immigration,Other,13,7,0,7,5,1,,,1
2013-06,Immigration,Other,4,4,1,6,3,,1,1,1
2013-07,Immigration,Other,7,6,1,5,4,,,,1
2013-08,Immigration,Other,1,4,1,1,1,,,,
2013-09,Immigration,Other,1,1,6,5,5,,,,
2013-10,Immigration,Other,4,3,5,9,7,,,,2
2013-11,Immigration,Other,3,2,1,3,2,,,,1
2013-12,Immigration,Other,7,6,0,3,2,,,,1
2014-01,Immigration,Other,7,5,4,6,4,,,,2
2014-02,Immigration,Other,18,2,2,3,1,,,1,1
2014-03,Immigration,Other,6,4,0,3,2,,,1,
2014-04,Immigration,Other,7,6,5,6,5,,,,1
2014-05,Immigration,Other,4,3,1,6,4,,,,2
2014-06,Immigration,Other,4,3,1,5,4,1,,,
2014-07,Immigration,Other,5,3,3,3,2,,1,,
2014-08,Immigration,Other,3,5,3,4,2,,,,2
2014-09,Immigration,Other,7,3,1,4,2,,,,2
2014-10,Immigration,Other,0,1,0,6,4,,,,2
2014-11,Immigration,Other,1,3,5,2,1,,,1,
2014-12,Immigration,Other,8,0,0,3,2,,,1,
2015-01,Immigration,Other,0,0,1,5,4,,,,1
2015-02,Immigration,Other,0,1,0,2,1,,,1,
2015-03,Immigration,Other,1,0,0,3,3,,,,
2015-04,Immigration,Other,4,1,0,2,2,,,,
2015-05,Immigration,Other,1,1,0,2,,,,,2
2015-06,Immigration,Other,2,3,2,2,2,,,,
2015-07,Immigration,Other,4,2,1,0,,,,,
2015-08,Immigration,Other,5,5,0,2,,,,1,1
2015-09,Immigration,Other,3,2,1,1,,,,1,
2015-10,Immigration,Other,1,0,3,4,1,,,1,2
2015-11,Immigration,Other,1,1,0,0,,,,,
2015-12,Immigration,Other,1,1,0,2,,,,1,1
2016-01,Immigration,Other,0,1,3,3,1,,,,2
2016-02,Immigration,Other,2,1,0,4,,,,1,3
2016-03,Immigration,Other,6,4,0,5,,,,4,1
2016-04,Immigration,Other,4,0,1,2,1,,,1,
2016-05,Immigration,Other,0,0,1,1,1,,,,
2016-06,Immigration,Other,1,2,0,1,,,,,1
2016-07,Immigration,Other,3,1,0,2,2,,,,
2016-08,Immigration,Other,6,6,2,1,1,,,,
2016-09,Immigration,Other,4,2,0,2,,,,,2
2016-10,Immigration,Other,5,4,0,2,,,,,2
2016-11,Immigration,Other,6,5,0,4,2,,,2,
2016-12,Immigration,Other,2,2,3,1,,,,1,
2017-01,Immigration,Other,5,7,0,2,2,,,,
2017-02,Immigration,Other,5,4,0,1,,,,1,
2017-03,Immigration,Other,9,7,5,7,4,,,1,2
2017-04,Immigration,Other,4,3,0,5,3,,,1,1
2017-05,Immigration,Other,11,11,1,0,,,,,
2017-06,Immigration,Other,10,12,1,4,1,,1,1,1
2017-07,Immigration,Other,10,9,1,13,6,,,5,2
2017-08,Immigration,Other,18,13,1,8,3,,4,,1
2017-09,Immigration,Other,3,4,1,6,3,,1,2,
2017-10,Immigration,Other,6,6,0,10,4,,1,2,3
2017-11,Immigration,Other,11,8,3,6,2,,1,,3
2017-12,Immigration,Other,2,1,0,7,3,,,,4
2018-01,Immigration,Other,3,1,0,4,2,,,1,1
2018-02,Immigration,Other,3,3,2,3,1,,1,,1
2018-03,Immigration,Other,7,5,2,4,2,,,,2
2018-04,Immigration,Other,6,5,2,4,3,,,,1
2018-05,Immigration,Other,8,7,1,7,2,,,3,2
2018-06,Immigration,Other,5,3,0,1,,,,,1
2018-07,Immigration,Other,6,7,2,6,2,,1,3,
2018-08,Immigration,Other,9,3,3,4,,,,4,
2018-09,Immigration,Other,2,1,1,3,1,,1,1,
2018-10,Immigration,Other,4,2,1,7,2,,,1,4
2018-11,Immigration,Other,4,3,0,2,1,,,,1
2018-12,Immigration,Other,4,2,1,4,4,,,,
2019-01,Immigration,Other,13,12,0,3,1,,,2,
2019-02,Immigration,Other,3,2,1,8,3,,,4,1
2019-03,Immigration,Other,3,3,2,10,5,,,3,2
2019-04,Immigration,Other,2,2,1,2,,,,2,
2019-05,Immigration,Other,1,5,0,4,3,,,,1
2019-06,Immigration,Other,3,4,0,5,2,1,,,2
2019-07,Immigration,Other,10,5,0,5,2,,,2,1
2019-08,Immigration,Other,5,1,2,6,1,,,2,3
2019-09,Immigration,Other,2,0,3,6,4,,,1,1
2019-10,Immigration,Other,0,1,0,3,,1,,,2
2019-11,Immigration,Other,4,6,0,1,1,,,,
2019-12,Immigration,Other,3,4,0,2,1,,,1,
2020-01,Immigration,Other,8,2,2,4,,,,1,3
2020-02,Immigration,Other,4,4,0,4,1,,1,2,
2020-03,Immigration,Other,6,3,1,3,1,,,2,
2020-04,Immigration,Other,5,4,0,0,,,,,
2020-05,Immigration,Other,8,6,0,4,1,,,2,1
2020-06,Immigration,Other,11,4,0,11,8,,1,2,
2020-07,Immigration,Other,10,6,0,4,2,,,1,1
2020-08,Immigration,Other,5,2,1,3,2,,,1,
2020-09,Immigration,Other,20,3,3,3,,,,1,2
2020-10,Immigration,Other,2,1,0,3,1,,,,2
2020-11,Immigration,Other,5,1,0,0,,,,,
2020-12,Immigration,Other,3,4,1,4,1,,,,3
2021-01,Immigration,Other,4,0,0,3,,,,2,1
2021-02,Immigration,Other,9,7,6,4,1,,,1,2
2021-03,Immigration,Other,5,6,13,6,1,,,3,2
2021-04,Immigration,Other,5,4,1,3,,,,2,1
2021-05,Immigration,Other,17,8,1,0,,,,,
2021-06,Immigration,Other,11,15,1,4,1,,,2,1
2021-07,Immigration,Other,14,9,1,8,1,,,5,2
2021-08,Immigration,Other,8,2,9,3,1,,,1,1
2021-09,Immigration,Other,12,3,8,5,1,,,2,2
2021-10,Immigration,Other,6,8,3,9,2,,1,3,3
2021-11,Immigration,Other,9,4,9,9,1,,1,7,
2021-12,Immigration,Other,5,2,1,4,1,,1,2,
2022-01,Immigration,Other,18,8,4,7,3,,1,2,1
2022-02,Immigration,Other,12,4,9,5,2,,,1,2
2022-03,Immigration,Other,5,4,4,4,1,,,3,
2022-04,Immigration,Other,7,2,6,5,1,,,4,
2022-05,Immigration,Other,10,5,5,4,2,,,1,1
2022-06,Immigration,Other,13,3,6,5,2,,,1,2
2022-07,Immigration,Other,6,6,4,2,,,,2,
2022-08,Immigration,Other,12,5,8,6,1,,,5,
2022-09,Immigration,Other,10,6,4,6,1,,1,4,
2022-10,Immigration,Other,11,0,5,3,1,,,2,
2022-11,Immigration,Other,11,1,5,2,,,,1,1
2022-12,Immigration,Other,6,5,7,2,,,,2,
2023-01,Immigration,Other,15,3,5,3,,,,2,1
2023-02,Immigration,Other,10,4,5,2,,,,2,
2023-03,Immigration,Other,8,4,7,6,1,,,3,2
2023-04,Immigration,Other,10,4,3,4,1,,,3,
2023-05,Immigration,Other,7,3,3,5,2,,1,2,
2023-06,Immigration,Other,8,2,6,1,,,,1,
2023-07,Immigration,Other,8,7,12,1,,,,,1
2023-08,Immigration,Other,14,4,4,6,,,,5,1
2023-09,Immigration,Other,8,5,2,7,1,,,6,
2023-10,Immigration,Other,20,2,6,3,,,,2,1
2023-11,Immigration,Other,14,1,5,4,1,,,1,2
2023-12,Immigration,Other,7,3,1,2,1,,,1,
2024-01,Immigration,Other,18,4,1,3,,,,3,
2024-02,Immigration,Other,5,0,11,3,,,,3,
2024-03,Immigration,Other,6,2,6,4,2,,,2,
2024-04,Immigration,Other,8,2,22,2,,,,2,
2024-05,Immigration,Other,9,1,1,2,1,,,,1
2024-06,Immigration,Other,7,1,8,0,,,,,
2024-07,Immigration,Other,11,1,5,3,,,,2,1
2024-08,Immigration,Other,6,3,15,1,,,,1,
2024-09,Immigration,Other,5,2,7,2,,,,1,1
2024-10,Immigration,Other,9,0,2,2,,,,2,
2024-11,Immigration,Other,10,1,3,0,,,,,
2024-12,Immigration,Other,12,4,10,1,,,,1,
2025-01,Immigration,Other,12,1,11,1,,,,,1
2025-02,Immigration,Other,7,3,4,5,1,,,2,2
2025-03,Immigration,Other,6,0,9,2,1,,,1,
2025-04,Immigration,Other,4,2,10,1,,,,1,
2025-05,Immigration,Other,6,1,4,2,1,,,1,
2025-06,Immigration,Other,4,1,2,0,,,,,
2025-07,Immigration,Other,9,3,5,3,2,,,,1
2025-08,Immigration,Other,10,6,7,4,2,,,1,1
2025-09,Immigration,Other,11,4,7,1,,,,,1
2025-10,Immigration,Other,12,4,4,1,,,,,1
2025-11,Immigration,Other,13,12,4,4,,,2,,2
2025-12,Immigration,Other,17,14,6,7,1,,4,2,
2026-01,Immigration,Other,29,22,4,6,1,,2,1,2
2026-02,Immigration,Other,30,25,4,15,3,,10,,2
2026-03,Immigration,Other,59,45,9,18,3,,12,,3
2026-04,Immigration,Other,60,49,9,13,3,,7,1,2
2026-05,Immigration,Other,85,51,3,0,,,,,
1994-10,Prisoner Litigation,Other,19,14,0,5,,,,,5
1994-11,Prisoner Litigation,Other,15,13,1,12,2,,,,10
1994-12,Prisoner Litigation,Other,14,15,0,16,2,,,,14
1995-01,Prisoner Litigation,Other,26,21,1,11,1,,,,10
1995-02,Prisoner Litigation,Other,22,18,5,9,1,,,,8
1995-03,Prisoner Litigation,Other,36,33,1,21,1,,,,20
1995-04,Prisoner Litigation,Other,21,24,0,13,,,1,,12
1995-05,Prisoner Litigation,Other,21,19,2,19,1,,,,18
1995-06,Prisoner Litigation,Other,27,24,2,14,,,,,14
1995-07,Prisoner Litigation,Other,18,23,0,12,2,,,,10
1995-08,Prisoner Litigation,Other,31,29,1,11,,,,,11
1995-09,Prisoner Litigation,Other,38,35,1,22,2,,,,20
1995-10,Prisoner Litigation,Other,25,25,2,22,,,,,22
1995-11,Prisoner Litigation,Other,33,26,0,14,,,,,14
1995-12,Prisoner Litigation,Other,29,29,1,19,2,,,,17
1996-01,Prisoner Litigation,Other,51,47,1,22,1,,1,,20
1996-02,Prisoner Litigation,Other,34,34,3,18,1,,,1,16
1996-03,Prisoner Litigation,Other,58,58,2,30,2,,,,28
1996-04,Prisoner Litigation,Other,52,48,0,45,1,,,,44
1996-05,Prisoner Litigation,Other,42,43,1,34,1,,,,33
1996-06,Prisoner Litigation,Other,50,47,3,33,1,,1,,31
1996-07,Prisoner Litigation,Other,39,40,0,36,1,,1,,34
1996-08,Prisoner Litigation,Other,49,43,0,40,2,,,,38
1996-09,Prisoner Litigation,Other,34,36,0,37,,,,,37
1996-10,Prisoner Litigation,Other,47,51,1,39,,,,,39
1996-11,Prisoner Litigation,Other,46,48,0,22,2,,1,1,18
1996-12,Prisoner Litigation,Other,46,43,0,24,,,,,24
1997-01,Prisoner Litigation,Other,41,40,1,41,3,,,,38
1997-02,Prisoner Litigation,Other,46,43,1,48,3,,,,45
1997-03,Prisoner Litigation,Other,56,56,0,43,2,,,,41
1997-04,Prisoner Litigation,Other,118,113,2,32,,,,,32
1997-05,Prisoner Litigation,Other,65,64,2,36,1,,,,35
1997-06,Prisoner Litigation,Other,59,55,0,57,1,,,,56
1997-07,Prisoner Litigation,Other,48,46,1,44,,,1,,43
1997-08,Prisoner Litigation,Other,43,41,0,46,1,,,,45
1997-09,Prisoner Litigation,Other,42,39,0,46,3,,,,43
1997-10,Prisoner Litigation,Other,43,51,0,46,,,,,46
1997-11,Prisoner Litigation,Other,17,26,0,46,,,,,46
1997-12,Prisoner Litigation,Other,34,31,0,37,,,,,37
1998-01,Prisoner Litigation,Other,37,30,1,44,,,,,44
1998-02,Prisoner Litigation,Other,29,30,1,37,1,,,,36
1998-03,Prisoner Litigation,Other,43,39,1,60,1,,,,59
1998-04,Prisoner Litigation,Other,31,24,0,53,2,,,,51
1998-05,Prisoner Litigation,Other,34,27,1,42,2,,,1,39
1998-06,Prisoner Litigation,Other,34,33,3,38,2,,,,36
1998-07,Prisoner Litigation,Other,39,29,1,44,,,,,44
1998-08,Prisoner Litigation,Other,25,40,1,28,1,,,,27
1998-09,Prisoner Litigation,Other,31,34,1,49,2,,,,47
1998-10,Prisoner Litigation,Other,29,30,1,28,,,1,,27
1998-11,Prisoner Litigation,Other,33,30,0,36,3,,,,33
1998-12,Prisoner Litigation,Other,27,24,1,30,1,,,,29
1999-01,Prisoner Litigation,Other,30,29,0,25,1,,,,24
1999-02,Prisoner Litigation,Other,27,24,1,24,,,,,24
1999-03,Prisoner Litigation,Other,49,54,2,36,1,,2,,33
1999-04,Prisoner Litigation,Other,49,44,0,46,3,,1,,42
1999-05,Prisoner Litigation,Other,39,35,0,31,1,,,1,29
1999-06,Prisoner Litigation,Other,46,44,1,58,4,,,,54
1999-07,Prisoner Litigation,Other,32,30,0,34,1,,,,33
1999-08,Prisoner Litigation,Other,29,33,4,49,4,,,,45
1999-09,Prisoner Litigation,Other,41,43,1,22,3,,,,19
1999-10,Prisoner Litigation,Other,39,36,1,21,1,,1,,19
1999-11,Prisoner Litigation,Other,33,29,0,32,2,,1,,29
1999-12,Prisoner Litigation,Other,24,28,0,32,9,,1,,22
2000-01,Prisoner Litigation,Other,29,31,2,17,3,,,1,13
2000-02,Prisoner Litigation,Other,42,45,0,47,8,,1,,38
2000-03,Prisoner Litigation,Other,51,49,0,51,6,,,,45
2000-04,Prisoner Litigation,Other,39,39,1,26,4,,,,22
2000-05,Prisoner Litigation,Other,41,35,0,34,4,,1,,29
2000-06,Prisoner Litigation,Other,42,35,1,42,7,,,,35
2000-07,Prisoner Litigation,Other,31,36,0,28,4,1,,2,21
2000-08,Prisoner Litigation,Other,60,63,2,34,10,,,,24
2000-09,Prisoner Litigation,Other,43,46,0,37,6,,1,,30
2000-10,Prisoner Litigation,Other,58,59,0,41,8,,,,33
2000-11,Prisoner Litigation,Other,47,38,1,35,4,,,,31
2000-12,Prisoner Litigation,Other,41,47,1,31,3,,,1,27
2001-01,Prisoner Litigation,Other,53,55,2,53,9,,2,1,41
2001-02,Prisoner Litigation,Other,66,54,4,45,7,,,,38
2001-03,Prisoner Litigation,Other,48,49,1,34,9,,,,25
2001-04,Prisoner Litigation,Other,61,64,2,40,9,,,,31
2001-05,Prisoner Litigation,Other,74,73,0,54,10,,,,44
2001-06,Prisoner Litigation,Other,107,124,1,57,9,,,,48
2001-07,Prisoner Litigation,Other,101,103,0,100,10,1,,,89
2001-08,Prisoner Litigation,Other,62,53,1,82,15,,,,67
2001-09,Prisoner Litigation,Other,51,44,2,48,10,,1,1,36
2001-10,Prisoner Litigation,Other,60,68,0,60,11,,,,49
2001-11,Prisoner Litigation,Other,60,47,1,60,9,,,3,48
2001-12,Prisoner Litigation,Other,51,41,0,60,12,,,2,46
2002-01,Prisoner Litigation,Other,77,78,0,57,9,,,,48
2002-02,Prisoner Litigation,Other,54,49,3,41,8,,1,,32
2002-03,Prisoner Litigation,Other,38,39,1,45,11,,1,1,32
2002-04,Prisoner Litigation,Other,46,43,1,55,9,,1,1,44
2002-05,Prisoner Litigation,Other,52,50,5,66,11,,1,,54
2002-06,Prisoner Litigation,Other,53,61,1,55,10,,1,,44
2002-07,Prisoner Litigation,Other,54,49,2,53,13,,,,40
2002-08,Prisoner Litigation,Other,36,42,0,52,11,,,,41
2002-09,Prisoner Litigation,Other,42,46,0,50,10,,1,,39
2002-10,Prisoner Litigation,Other,35,28,1,64,11,,,,53
2002-11,Prisoner Litigation,Other,43,35,0,40,9,,1,,30
2002-12,Prisoner Litigation,Other,39,37,0,42,7,,,,35
2003-01,Prisoner Litigation,Other,44,57,0,55,10,,,,45
2003-02,Prisoner Litigation,Other,35,35,1,40,7,,,,33
2003-03,Prisoner Litigation,Other,62,59,1,57,17,,,,40
2003-04,Prisoner Litigation,Other,50,35,2,58,4,1,,,53
2003-05,Prisoner Litigation,Other,40,38,1,42,5,,1,,36
2003-06,Prisoner Litigation,Other,41,41,1,55,6,1,1,,47
2003-07,Prisoner Litigation,Other,40,38,2,35,8,,1,,26
2003-08,Prisoner Litigation,Other,33,37,2,50,14,,,,36
2003-09,Prisoner Litigation,Other,50,43,2,38,7,,,,31
2003-10,Prisoner Litigation,Other,43,45,1,39,7,,1,1,30
2003-11,Prisoner Litigation,Other,40,38,1,40,13,,,,27
2003-12,Prisoner Litigation,Other,39,44,0,39,6,,,1,32
2004-01,Prisoner Litigation,Other,51,56,0,25,2,,,,23
2004-02,Prisoner Litigation,Other,39,32,0,54,8,,,,46
2004-03,Prisoner Litigation,Other,48,41,1,41,14,,,3,24
2004-04,Prisoner Litigation,Other,54,62,2,59,9,,1,1,48
2004-05,Prisoner Litigation,Other,51,46,0,32,9,,,,23
2004-06,Prisoner Litigation,Other,55,58,2,49,10,,,3,36
2004-07,Prisoner Litigation,Other,64,69,0,46,14,,,1,31
2004-08,Prisoner Litigation,Other,103,108,3,53,16,,,,37
2004-09,Prisoner Litigation,Other,95,91,3,48,14,,,1,33
2004-10,Prisoner Litigation,Other,89,89,1,53,18,,,,35
2004-11,Prisoner Litigation,Other,85,82,0,62,21,,1,,40
2004-12,Prisoner Litigation,Other,55,75,0,55,17,,1,,37
2005-01,Prisoner Litigation,Other,77,75,0,56,17,,1,,38
2005-02,Prisoner Litigation,Other,86,93,0,68,26,,1,,41
2005-03,Prisoner Litigation,Other,132,125,0,85,24,,1,,60
2005-04,Prisoner Litigation,Other,94,95,0,78,29,,1,1,47
2005-05,Prisoner Litigation,Other,95,105,0,94,41,1,,,52
2005-06,Prisoner Litigation,Other,115,107,1,93,24,,,,69
2005-07,Prisoner Litigation,Other,72,66,2,83,23,,1,1,58
2005-08,Prisoner Litigation,Other,87,87,0,80,14,,1,2,63
2005-09,Prisoner Litigation,Other,75,85,0,80,20,,,,60
2005-10,Prisoner Litigation,Other,70,50,1,97,15,,,,82
2005-11,Prisoner Litigation,Other,61,70,0,74,17,,1,1,55
2005-12,Prisoner Litigation,Other,84,93,2,76,17,,,,59
2006-01,Prisoner Litigation,Other,210,197,1,124,20,,,,104
2006-02,Prisoner Litigation,Other,72,80,0,112,17,,,,95
2006-03,Prisoner Litigation,Other,87,81,1,124,25,,1,1,97
2006-04,Prisoner Litigation,Other,79,71,0,122,27,,3,1,91
2006-05,Prisoner Litigation,Other,68,76,0,79,19,,3,,57
2006-06,Prisoner Litigation,Other,69,62,0,68,17,,5,,46
2006-07,Prisoner Litigation,Other,61,55,1,72,17,,1,2,52
2006-08,Prisoner Litigation,Other,49,48,1,90,34,,3,,53
2006-09,Prisoner Litigation,Other,58,52,0,86,27,,1,,58
2006-10,Prisoner Litigation,Other,64,62,1,60,13,,,,47
2006-11,Prisoner Litigation,Other,42,38,3,37,9,,,,28
2006-12,Prisoner Litigation,Other,64,62,0,60,22,,1,,37
2007-01,Prisoner Litigation,Other,57,57,1,63,27,1,,,35
2007-02,Prisoner Litigation,Other,61,60,0,48,28,,1,,19
2007-03,Prisoner Litigation,Other,59,59,1,89,46,,,1,42
2007-04,Prisoner Litigation,Other,62,66,1,71,37,,1,,33
2007-05,Prisoner Litigation,Other,67,59,1,62,28,,,,34
2007-06,Prisoner Litigation,Other,47,43,1,62,25,1,,,36
2007-07,Prisoner Litigation,Other,74,74,1,77,30,,,,47
2007-08,Prisoner Litigation,Other,75,69,0,66,24,1,,1,40
2007-09,Prisoner Litigation,Other,67,70,2,42,18,,,,24
2007-10,Prisoner Litigation,Other,104,102,0,77,33,,,,44
2007-11,Prisoner Litigation,Other,71,63,1,55,24,,1,,30
2007-12,Prisoner Litigation,Other,65,69,0,51,16,,1,2,32
2008-01,Prisoner Litigation,Other,63,71,2,52,26,,,,26
2008-02,Prisoner Litigation,Other,68,53,1,53,23,,1,1,28
2008-03,Prisoner Litigation,Other,48,60,3,46,26,,2,,18
2008-04,Prisoner Litigation,Other,43,46,0,61,26,,2,,33
2008-05,Prisoner Litigation,Other,56,45,0,43,16,,2,,25
2008-06,Prisoner Litigation,Other,31,35,1,43,16,1,1,,25
2008-07,Prisoner Litigation,Other,47,37,1,52,27,,,,25
2008-08,Prisoner Litigation,Other,36,33,3,55,32,,2,1,20
2008-09,Prisoner Litigation,Other,44,45,4,45,15,,,,30
2008-10,Prisoner Litigation,Other,45,53,1,69,37,,2,,30
2008-11,Prisoner Litigation,Other,36,30,3,35,11,,,,24
2008-12,Prisoner Litigation,Other,31,35,0,41,12,,,,29
2009-01,Prisoner Litigation,Other,29,27,0,45,19,,4,2,20
2009-02,Prisoner Litigation,Other,38,43,0,43,15,,4,,24
2009-03,Prisoner Litigation,Other,58,59,0,47,15,,2,,30
2009-04,Prisoner Litigation,Other,50,45,0,44,16,,,,28
2009-05,Prisoner Litigation,Other,36,40,0,42,9,,2,1,30
2009-06,Prisoner Litigation,Other,52,50,0,42,14,,1,,27
2009-07,Prisoner Litigation,Other,40,36,3,51,20,,1,1,29
2009-08,Prisoner Litigation,Other,42,46,0,39,12,,2,,25
2009-09,Prisoner Litigation,Other,41,37,2,39,13,,1,,25
2009-10,Prisoner Litigation,Other,61,50,0,59,17,,,,42
2009-11,Prisoner Litigation,Other,36,49,1,44,18,,4,1,21
2009-12,Prisoner Litigation,Other,53,57,0,46,18,,,,28
2010-01,Prisoner Litigation,Other,55,55,1,46,13,,1,1,31
2010-02,Prisoner Litigation,Other,49,40,0,53,20,,,3,30
2010-03,Prisoner Litigation,Other,55,50,1,46,10,,2,2,32
2010-04,Prisoner Litigation,Other,59,65,1,53,20,,3,1,29
2010-05,Prisoner Litigation,Other,55,55,0,45,17,,,,28
2010-06,Prisoner Litigation,Other,65,63,2,45,21,,1,1,22
2010-07,Prisoner Litigation,Other,61,61,2,50,24,,1,,25
2010-08,Prisoner Litigation,Other,64,66,1,59,26,,,1,32
2010-09,Prisoner Litigation,Other,79,72,0,71,31,,1,,39
2010-10,Prisoner Litigation,Other,49,51,1,54,18,,2,,34
2010-11,Prisoner Litigation,Other,72,67,3,36,17,,1,,18
2010-12,Prisoner Litigation,Other,58,64,0,47,20,,1,,26
2011-01,Prisoner Litigation,Other,69,65,0,63,32,,2,1,28
2011-02,Prisoner Litigation,Other,58,52,0,43,17,,,2,24
2011-03,Prisoner Litigation,Other,50,54,2,70,34,,1,1,34
2011-04,Prisoner Litigation,Other,54,55,2,70,28,,1,1,40
2011-05,Prisoner Litigation,Other,62,46,3,66,23,,3,1,39
2011-06,Prisoner Litigation,Other,54,52,0,59,26,,2,2,29
2011-07,Prisoner Litigation,Other,73,75,0,60,25,1,1,1,32
2011-08,Prisoner Litigation,Other,83,78,0,47,7,,1,,39
2011-09,Prisoner Litigation,Other,60,63,2,46,13,,,,33
2011-10,Prisoner Litigation,Other,133,133,1,91,14,,38,,39
2011-11,Prisoner Litigation,Other,165,154,0,107,35,,32,1,39
2011-12,Prisoner Litigation,Other,99,106,1,92,33,,20,2,37
2012-01,Prisoner Litigation,Other,88,97,0,110,40,,13,,57
2012-02,Prisoner Litigation,Other,63,58,3,88,44,1,7,,36
2012-03,Prisoner Litigation,Other,71,71,1,68,22,,4,,42
2012-04,Prisoner Litigation,Other,51,57,1,65,22,,3,,40
2012-05,Prisoner Litigation,Other,71,66,1,71,23,,4,1,43
2012-06,Prisoner Litigation,Other,87,94,4,66,28,,6,,32
2012-07,Prisoner Litigation,Other,53,50,1,60,23,,6,,31
2012-08,Prisoner Litigation,Other,62,60,0,72,26,,2,,44
2012-09,Prisoner Litigation,Other,62,57,1,58,15,,1,1,41
2012-10,Prisoner Litigation,Other,70,68,0,82,23,,4,,55
2012-11,Prisoner Litigation,Other,57,51,0,59,21,,6,,32
2012-12,Prisoner Litigation,Other,40,36,0,46,17,,,,29
2013-01,Prisoner Litigation,Other,54,58,0,62,23,,,,39
2013-02,Prisoner Litigation,Other,55,48,1,48,12,,3,,33
2013-03,Prisoner Litigation,Other,63,67,0,49,24,,4,1,20
2013-04,Prisoner Litigation,Other,63,59,0,57,16,,2,,39
2013-05,Prisoner Litigation,Other,51,42,1,68,26,,,3,39
2013-06,Prisoner Litigation,Other,47,51,0,66,29,,1,1,35
2013-07,Prisoner Litigation,Other,59,60,2,61,24,,2,,35
2013-08,Prisoner Litigation,Other,61,60,2,68,24,1,,4,39
2013-09,Prisoner Litigation,Other,57,68,4,41,16,,1,,24
2013-10,Prisoner Litigation,Other,85,64,0,54,18,,,1,35
2013-11,Prisoner Litigation,Other,48,55,0,37,9,,,,28
2013-12,Prisoner Litigation,Other,50,45,1,67,18,,2,3,44
2014-01,Prisoner Litigation,Other,72,71,1,56,15,,,1,40
2014-02,Prisoner Litigation,Other,34,34,2,56,14,,,2,40
2014-03,Prisoner Litigation,Other,54,65,1,47,13,,,,34
2014-04,Prisoner Litigation,Other,67,59,0,70,21,,1,1,47
2014-05,Prisoner Litigation,Other,61,52,0,57,30,,,1,26
2014-06,Prisoner Litigation,Other,72,77,0,76,25,,,,51
2014-07,Prisoner Litigation,Other,58,58,0,59,17,,1,1,40
2014-08,Prisoner Litigation,Other,51,58,0,67,27,,,1,39
2014-09,Prisoner Litigation,Other,65,60,0,56,15,,1,2,38
2014-10,Prisoner Litigation,Other,73,77,1,50,10,,,1,39
2014-11,Prisoner Litigation,Other,127,141,1,32,14,,,1,17
2014-12,Prisoner Litigation,Other,77,75,2,71,22,,7,,42
2015-01,Prisoner Litigation,Other,78,91,1,82,17,,28,2,35
2015-02,Prisoner Litigation,Other,111,125,1,73,16,,15,3,39
2015-03,Prisoner Litigation,Other,141,101,1,84,23,,23,1,37
2015-04,Prisoner Litigation,Other,76,64,1,61,14,,21,,26
2015-05,Prisoner Litigation,Other,73,71,1,67,20,,19,1,27
2015-06,Prisoner Litigation,Other,90,92,0,70,22,,17,1,30
2015-07,Prisoner Litigation,Other,97,90,0,71,23,,17,,31
2015-08,Prisoner Litigation,Other,116,113,1,76,22,,15,1,38
2015-09,Prisoner Litigation,Other,147,129,1,81,28,,14,,39
2015-10,Prisoner Litigation,Other,126,126,0,163,80,,36,1,46
2015-11,Prisoner Litigation,Other,101,100,2,113,49,1,23,1,39
2015-12,Prisoner Litigation,Other,83,85,0,91,35,2,15,1,38
2016-01,Prisoner Litigation,Other,96,90,2,91,28,,13,1,49
2016-02,Prisoner Litigation,Other,100,97,0,106,40,,11,,55
2016-03,Prisoner Litigation,Other,100,98,3,104,35,1,9,2,57
2016-04,Prisoner Litigation,Other,103,100,1,95,33,,8,1,53
2016-05,Prisoner Litigation,Other,313,322,0,122,32,,4,1,85
2016-06,Prisoner Litigation,Other,901,903,0,189,31,,13,,145
2016-07,Prisoner Litigation,Other,146,131,4,157,26,,4,3,124
2016-08,Prisoner Litigation,Other,108,104,2,141,28,,12,1,100
2016-09,Prisoner Litigation,Other,65,61,1,163,39,,13,,111
2016-10,Prisoner Litigation,Other,69,63,1,159,14,2,10,,133
2016-11,Prisoner Litigation,Other,66,67,0,107,21,,3,3,80
2016-12,Prisoner Litigation,Other,59,58,7,101,21,,9,2,69
2017-01,Prisoner Litigation,Other,64,62,1,116,26,,7,2,81
2017-02,Prisoner Litigation,Other,51,52,1,74,8,,4,3,59
2017-03,Prisoner Litigation,Other,67,56,3,157,39,,5,14,99
2017-04,Prisoner Litigation,Other,54,58,3,117,21,,1,27,68
2017-05,Prisoner Litigation,Other,64,66,1,119,30,,4,12,73
2017-06,Prisoner Litigation,Other,59,64,0,82,23,,2,5,52
2017-07,Prisoner Litigation,Other,76,75,0,105,30,,7,3,65
2017-08,Prisoner Litigation,Other,64,65,3,108,35,,2,2,69
2017-09,Prisoner Litigation,Other,30,26,2,78,21,,4,1,52
2017-10,Prisoner Litigation,Other,54,51,7,77,14,,3,1,59
2017-11,Prisoner Litigation,Other,41,36,0,80,19,,4,1,56
2017-12,Prisoner Litigation,Other,52,60,2,61,12,,2,,47
2018-01,Prisoner Litigation,Other,53,46,2,54,13,,,,41
2018-02,Prisoner Litigation,Other,57,43,2,56,10,,1,,45
2018-03,Prisoner Litigation,Other,63,63,0,70,16,,1,,53
2018-04,Prisoner Litigation,Other,41,49,1,50,13,,2,1,34
2018-05,Prisoner Litigation,Other,52,59,1,59,19,,1,,39
2018-06,Prisoner Litigation,Other,67,55,3,68,20,,1,1,46
2018-07,Prisoner Litigation,Other,64,57,2,61,15,,4,1,41
2018-08,Prisoner Litigation,Other,74,65,3,53,7,,4,2,40
2018-09,Prisoner Litigation,Other,50,57,2,67,16,,,4,47
2018-10,Prisoner Litigation,Other,46,46,0,60,11,,1,3,45
2018-11,Prisoner Litigation,Other,47,50,2,42,9,,,2,31
2018-12,Prisoner Litigation,Other,43,35,1,48,9,,,3,36
2019-01,Prisoner Litigation,Other,58,67,0,55,10,1,,,44
2019-02,Prisoner Litigation,Other,63,57,2,75,14,,2,3,56
2019-03,Prisoner Litigation,Other,56,48,3,67,10,,11,1,45
2019-04,Prisoner Litigation,Other,83,80,1,58,14,,,1,43
2019-05,Prisoner Litigation,Other,75,67,0,55,10,,4,1,40
2019-06,Prisoner Litigation,Other,54,52,1,52,11,,3,1,37
2019-07,Prisoner Litigation,Other,82,91,0,50,11,,4,1,34
2019-08,Prisoner Litigation,Other,77,74,1,69,14,,3,1,51
2019-09,Prisoner Litigation,Other,76,68,2,92,11,,2,2,77
2019-10,Prisoner Litigation,Other,85,84,0,76,19,,1,,56
2019-11,Prisoner Litigation,Other,69,71,2,65,15,,1,1,48
2019-12,Prisoner Litigation,Other,64,57,1,45,9,,1,2,33
2020-01,Prisoner Litigation,Other,80,86,3,84,14,,6,1,63
2020-02,Prisoner Litigation,Other,70,70,1,78,15,,2,1,60
2020-03,Prisoner Litigation,Other,93,91,1,74,10,,4,1,59
2020-04,Prisoner Litigation,Other,147,156,0,99,24,,6,,69
2020-05,Prisoner Litigation,Other,151,145,3,91,29,,10,4,48
2020-06,Prisoner Litigation,Other,169,179,2,105,40,,3,1,61
2020-07,Prisoner Litigation,Other,137,121,2,131,45,,15,3,68
2020-08,Prisoner Litigation,Other,108,102,5,123,49,,9,3,62
2020-09,Prisoner Litigation,Other,114,112,0,125,36,,4,2,83
2020-10,Prisoner Litigation,Other,101,89,2,94,38,,7,3,46
2020-11,Prisoner Litigation,Other,69,73,0,92,41,,4,4,43
2020-12,Prisoner Litigation,Other,76,78,2,94,45,,7,1,41
2021-01,Prisoner Litigation,Other,85,80,0,69,27,,6,2,34
2021-02,Prisoner Litigation,Other,71,71,1,86,33,,7,1,45
2021-03,Prisoner Litigation,Other,66,64,1,122,40,,2,7,73
2021-04,Prisoner Litigation,Other,66,76,0,106,46,,3,1,56
2021-05,Prisoner Litigation,Other,64,65,2,80,36,,1,2,41
2021-06,Prisoner Litigation,Other,65,71,0,102,49,,3,3,47
2021-07,Prisoner Litigation,Other,61,59,0,79,29,,6,1,43
2021-08,Prisoner Litigation,Other,66,62,0,94,32,,9,2,51
2021-09,Prisoner Litigation,Other,59,62,0,73,12,,4,1,56
2021-10,Prisoner Litigation,Other,59,49,0,86,38,,2,1,45
2021-11,Prisoner Litigation,Other,37,43,0,72,20,,1,2,49
2021-12,Prisoner Litigation,Other,36,39,0,65,25,,2,1,37
2022-01,Prisoner Litigation,Other,41,41,1,71,27,,3,,41
2022-02,Prisoner Litigation,Other,42,38,0,63,18,,4,3,38
2022-03,Prisoner Litigation,Other,40,34,0,91,19,,1,1,70
2022-04,Prisoner Litigation,Other,37,41,3,55,17,1,5,1,31
2022-05,Prisoner Litigation,Other,47,40,0,82,34,,7,,41
2022-06,Prisoner Litigation,Other,40,46,0,70,27,,1,1,41
2022-07,Prisoner Litigation,Other,40,45,0,42,7,,1,1,33
2022-08,Prisoner Litigation,Other,51,53,1,62,19,,1,2,40
2022-09,Prisoner Litigation,Other,42,38,2,47,15,,,1,31
2022-10,Prisoner Litigation,Other,41,39,1,46,8,,3,,35
2022-11,Prisoner Litigation,Other,32,38,1,39,11,,,2,26
2022-12,Prisoner Litigation,Other,40,36,0,46,15,,,,31
2023-01,Prisoner Litigation,Other,54,56,0,49,13,,2,,34
2023-02,Prisoner Litigation,Other,40,38,1,46,13,,,,33
2023-03,Prisoner Litigation,Other,47,54,3,62,15,,,,47
2023-04,Prisoner Litigation,Other,53,42,0,50,13,,2,,35
2023-05,Prisoner Litigation,Other,63,57,1,70,21,,3,,46
2023-06,Prisoner Litigation,Other,57,55,0,57,18,,4,1,34
2023-07,Prisoner Litigation,Other,28,34,0,62,18,,1,,43
2023-08,Prisoner Litigation,Other,52,47,2,87,38,,2,,47
2023-09,Prisoner Litigation,Other,52,49,0,53,13,,2,,38
2023-10,Prisoner Litigation,Other,30,29,0,47,11,,,1,35
2023-11,Prisoner Litigation,Other,50,50,1,54,12,,,1,41
2023-12,Prisoner Litigation,Other,39,44,0,45,23,,,2,20
2024-01,Prisoner Litigation,Other,89,88,2,61,17,,13,,31
2024-02,Prisoner Litigation,Other,59,53,0,58,19,,7,,32
2024-03,Prisoner Litigation,Other,69,73,0,64,25,,5,1,33
2024-04,Prisoner Litigation,Other,49,53,0,76,22,,12,1,41
2024-05,Prisoner Litigation,Other,48,44,2,46,12,,4,1,29
2024-06,Prisoner Litigation,Other,42,43,1,49,13,,4,,32
2024-07,Prisoner Litigation,Other,49,50,0,59,19,,4,,36
2024-08,Prisoner Litigation,Other,55,50,0,58,7,,9,,42
2024-09,Prisoner Litigation,Other,39,46,5,51,14,,1,1,35
2024-10,Prisoner Litigation,Other,49,42,0,63,20,,2,,41
2024-11,Prisoner Litigation,Other,37,35,0,35,8,,1,,26
2024-12,Prisoner Litigation,Other,30,35,1,33,12,,2,1,18
2025-01,Prisoner Litigation,Other,41,43,1,53,10,,,,43
2025-02,Prisoner Litigation,Other,31,29,0,24,5,,1,,18
2025-03,Prisoner Litigation,Other,37,35,1,47,11,,3,,33
2025-04,Prisoner Litigation,Other,37,41,0,38,9,,,,29
2025-05,Prisoner Litigation,Other,34,37,0,34,10,1,1,1,21
2025-06,Prisoner Litigation,Other,31,30,0,50,11,,2,,37
2025-07,Prisoner Litigation,Other,43,39,0,29,5,,3,,21
2025-08,Prisoner Litigation,Other,37,35,1,46,7,,1,,38
2025-09,Prisoner Litigation,Other,32,32,0,45,14,,2,,29
2025-10,Prisoner Litigation,Other,31,32,0,35,10,,4,,21
2025-11,Prisoner Litigation,Other,21,15,0,38,8,,2,2,26
2025-12,Prisoner Litigation,Other,31,44,0,36,10,,1,,25
2026-01,Prisoner Litigation,Other,26,25,0,16,8,,,,8
2026-02,Prisoner Litigation,Other,27,21,0,28,15,,1,,12
2026-03,Prisoner Litigation,Other,33,28,1,28,15,,,,13
2026-04,Prisoner Litigation,Other,26,24,0,24,12,,1,,11
2026-05,Prisoner Litigation,Other,21,15,0,10,4,,1,,5
1994-10,Program Litigation,Other,140,84,61,76,2,,,,74
1994-11,Program Litigation,Other,145,83,49,57,4,,,,53
1994-12,Program Litigation,Other,133,70,65,93,,,,,93
1995-01,Program Litigation,Other,141,104,44,87,1,,,,86
1995-02,Program Litigation,Other,163,78,52,79,4,,,,75
1995-03,Program Litigation,Other,190,116,83,92,2,,1,,89
1995-04,Program Litigation,Other,157,79,65,70,2,,,,68
1995-05,Program Litigation,Other,211,112,84,97,2,,1,,94
1995-06,Program Litigation,Other,184,101,74,111,3,2,1,,105
1995-07,Program Litigation,Other,164,90,64,69,5,,,,64
1995-08,Program Litigation,Other,235,109,83,76,1,,,,75
1995-09,Program Litigation,Other,224,102,94,130,2,,1,,127
1995-10,Program Litigation,Other,227,121,76,103,2,,,,101
1995-11,Program Litigation,Other,158,77,64,92,4,,,,88
1995-12,Program Litigation,Other,148,83,75,76,1,,,,75
1996-01,Program Litigation,Other,171,147,60,101,,,,1,100
1996-02,Program Litigation,Other,196,133,64,89,5,,1,,83
1996-03,Program Litigation,Other,230,145,88,105,3,,1,,101
1996-04,Program Litigation,Other,197,133,81,103,2,,1,,100
1996-05,Program Litigation,Other,251,131,59,96,4,,1,1,90
1996-06,Program Litigation,Other,266,106,83,225,6,,1,,218
1996-07,Program Litigation,Other,167,124,77,97,2,,3,,92
1996-08,Program Litigation,Other,234,140,51,126,3,,,,123
1996-09,Program Litigation,Other,219,181,79,112,7,,1,,104
1996-10,Program Litigation,Other,290,138,87,121,4,,1,,116
1996-11,Program Litigation,Other,320,93,56,219,3,,,,216
1996-12,Program Litigation,Other,178,75,69,119,3,,,,116
1997-01,Program Litigation,Other,223,128,106,109,2,,,,107
1997-02,Program Litigation,Other,202,92,68,93,6,,1,,86
1997-03,Program Litigation,Other,193,98,69,80,4,,,,76
1997-04,Program Litigation,Other,212,94,74,89,3,,1,,85
1997-05,Program Litigation,Other,210,108,102,135,2,,2,,131
1997-06,Program Litigation,Other,209,93,59,108,3,1,1,,103
1997-07,Program Litigation,Other,228,94,71,127,1,,1,,125
1997-08,Program Litigation,Other,193,87,51,106,2,,1,,103
1997-09,Program Litigation,Other,206,72,74,87,4,,2,2,79
1997-10,Program Litigation,Other,187,92,46,86,5,,1,,80
1997-11,Program Litigation,Other,198,78,36,66,3,,,,63
1997-12,Program Litigation,Other,172,99,57,87,4,1,,1,81
1998-01,Program Litigation,Other,231,117,87,83,2,,1,,80
1998-02,Program Litigation,Other,242,96,204,101,6,,,,95
1998-03,Program Litigation,Other,265,86,81,92,6,,1,,85
1998-04,Program Litigation,Other,225,113,84,97,5,,,,92
1998-05,Program Litigation,Other,222,105,132,80,4,,,,76
1998-06,Program Litigation,Other,214,101,105,94,10,,,2,82
1998-07,Program Litigation,Other,212,81,124,101,5,,,,96
1998-08,Program Litigation,Other,225,80,131,74,5,,1,,68
1998-09,Program Litigation,Other,220,89,225,109,3,1,2,2,101
1998-10,Program Litigation,Other,191,72,79,67,1,,1,,65
1998-11,Program Litigation,Other,151,66,43,89,2,,1,,86
1998-12,Program Litigation,Other,175,76,93,76,3,,,,73
1999-01,Program Litigation,Other,189,105,69,81,2,1,,1,77
1999-02,Program Litigation,Other,223,57,58,84,5,1,,2,76
1999-03,Program Litigation,Other,257,101,146,84,2,,,,82
1999-04,Program Litigation,Other,234,78,88,76,7,,1,2,66
1999-05,Program Litigation,Other,209,71,148,69,9,,1,,59
1999-06,Program Litigation,Other,241,80,117,61,7,,,1,53
1999-07,Program Litigation,Other,204,61,149,89,3,3,3,,80
1999-08,Program Litigation,Other,250,88,107,91,7,1,,,83
1999-09,Program Litigation,Other,226,65,141,99,2,1,1,,95
1999-10,Program Litigation,Other,201,91,66,92,15,4,1,2,70
1999-11,Program Litigation,Other,258,84,81,91,17,3,,2,69
1999-12,Program Litigation,Other,185,78,101,73,13,6,,2,52
2000-01,Program Litigation,Other,236,85,75,76,11,2,2,6,55
2000-02,Program Litigation,Other,262,98,152,103,9,2,2,5,85
2000-03,Program Litigation,Other,303,106,238,130,15,5,5,5,100
2000-04,Program Litigation,Other,240,82,93,62,8,1,,2,51
2000-05,Program Litigation,Other,260,105,93,85,10,1,,3,71
2000-06,Program Litigation,Other,265,101,102,87,14,4,,5,64
2000-07,Program Litigation,Other,251,82,100,82,10,3,3,2,64
2000-08,Program Litigation,Other,354,123,120,107,11,6,1,4,85
2000-09,Program Litigation,Other,273,99,107,83,13,3,1,11,55
2000-10,Program Litigation,Other,256,101,142,115,7,6,,7,95
2000-11,Program Litigation,Other,229,74,98,81,10,3,2,3,63
2000-12,Program Litigation,Other,184,85,53,86,11,3,,6,66
2001-01,Program Litigation,Other,277,107,179,93,10,1,1,4,77
2001-02,Program Litigation,Other,309,83,171,84,10,2,1,3,68
2001-03,Program Litigation,Other,258,110,161,113,18,6,,3,86
2001-04,Program Litigation,Other,283,101,143,104,6,1,1,3,93
2001-05,Program Litigation,Other,278,74,248,88,7,1,1,2,77
2001-06,Program Litigation,Other,252,108,199,92,4,9,,3,76
2001-07,Program Litigation,Other,222,81,134,72,7,2,1,2,60
2001-08,Program Litigation,Other,276,109,139,113,14,1,,1,97
2001-09,Program Litigation,Other,229,95,149,96,12,3,2,3,76
2001-10,Program Litigation,Other,269,95,155,91,12,2,1,2,74
2001-11,Program Litigation,Other,256,77,114,80,13,,2,,65
2001-12,Program Litigation,Other,162,74,134,59,10,,1,,48
2002-01,Program Litigation,Other,243,128,140,104,7,4,1,6,86
2002-02,Program Litigation,Other,220,72,129,88,6,2,1,3,76
2002-03,Program Litigation,Other,212,92,103,95,4,1,,3,87
2002-04,Program Litigation,Other,243,97,144,110,13,2,,6,89
2002-05,Program Litigation,Other,248,87,223,113,5,,,6,102
2002-06,Program Litigation,Other,274,82,205,85,7,3,,1,74
2002-07,Program Litigation,Other,278,89,159,94,9,,1,4,80
2002-08,Program Litigation,Other,226,88,185,91,12,2,,8,69
2002-09,Program Litigation,Other,284,70,160,92,10,,1,,81
2002-10,Program Litigation,Other,288,101,242,100,11,2,4,2,81
2002-11,Program Litigation,Other,219,66,131,79,16,2,,2,59
2002-12,Program Litigation,Other,223,80,89,73,6,2,,1,64
2003-01,Program Litigation,Other,249,148,154,102,12,1,1,5,83
2003-02,Program Litigation,Other,314,104,122,73,5,1,1,5,61
2003-03,Program Litigation,Other,281,107,185,96,12,4,,3,77
2003-04,Program Litigation,Other,281,84,307,95,13,3,1,4,74
2003-05,Program Litigation,Other,247,100,156,80,8,2,,6,64
2003-06,Program Litigation,Other,272,88,150,111,8,1,,2,100
2003-07,Program Litigation,Other,305,113,178,86,7,3,,3,73
2003-08,Program Litigation,Other,255,83,238,107,5,5,1,3,93
2003-09,Program Litigation,Other,225,87,212,114,6,3,1,3,101
2003-10,Program Litigation,Other,268,96,163,89,12,3,1,4,69
2003-11,Program Litigation,Other,205,77,105,96,8,1,1,2,84
2003-12,Program Litigation,Other,211,81,108,82,9,4,2,4,63
2004-01,Program Litigation,Other,252,143,152,81,7,1,,3,70
2004-02,Program Litigation,Other,222,66,172,97,15,4,1,5,72
2004-03,Program Litigation,Other,316,102,360,132,16,4,2,8,102
2004-04,Program Litigation,Other,264,80,154,78,9,2,1,7,59
2004-05,Program Litigation,Other,245,88,87,74,13,3,,3,55
2004-06,Program Litigation,Other,285,72,151,70,14,5,,1,50
2004-07,Program Litigation,Other,233,74,155,52,8,2,1,2,39
2004-08,Program Litigation,Other,254,72,301,89,9,1,,3,76
2004-09,Program Litigation,Other,260,87,283,121,5,6,1,4,105
2004-10,Program Litigation,Other,261,80,192,62,10,3,,4,45
2004-11,Program Litigation,Other,219,77,113,80,14,2,,5,59
2004-12,Program Litigation,Other,208,67,142,51,8,1,,2,40
2005-01,Program Litigation,Other,246,120,125,84,5,3,,1,75
2005-02,Program Litigation,Other,263,78,123,80,15,4,,4,57
2005-03,Program Litigation,Other,243,89,274,136,28,3,,6,99
2005-04,Program Litigation,Other,252,90,163,106,10,2,1,4,89
2005-05,Program Litigation,Other,283,91,131,82,5,3,1,2,71
2005-06,Program Litigation,Other,286,94,132,83,10,1,1,3,68
2005-07,Program Litigation,Other,243,101,198,70,7,,,1,62
2005-08,Program Litigation,Other,286,84,141,81,20,1,1,2,57
2005-09,Program Litigation,Other,247,85,195,101,9,1,1,6,84
2005-10,Program Litigation,Other,282,83,103,109,6,1,2,2,98
2005-11,Program Litigation,Other,222,92,101,105,6,,1,2,96
2005-12,Program Litigation,Other,181,64,106,71,9,1,,2,59
2006-01,Program Litigation,Other,209,79,125,88,8,3,1,2,74
2006-02,Program Litigation,Other,222,97,178,93,9,2,1,3,78
2006-03,Program Litigation,Other,328,109,253,119,12,3,1,5,98
2006-04,Program Litigation,Other,218,74,153,52,7,,,2,43
2006-05,Program Litigation,Other,235,82,108,75,5,2,,4,64
2006-06,Program Litigation,Other,232,93,189,85,6,,1,2,76
2006-07,Program Litigation,Other,243,75,132,80,8,3,,3,66
2006-08,Program Litigation,Other,225,85,159,81,5,2,1,3,70
2006-09,Program Litigation,Other,197,75,172,110,12,2,3,2,91
2006-10,Program Litigation,Other,271,96,140,97,8,3,1,2,83
2006-11,Program Litigation,Other,173,63,86,58,,1,1,2,54
2006-12,Program Litigation,Other,191,71,94,59,3,1,,1,54
2007-01,Program Litigation,Other,240,77,134,92,11,3,,4,74
2007-02,Program Litigation,Other,173,69,116,48,2,1,,2,43
2007-03,Program Litigation,Other,324,88,206,86,15,,1,3,67
2007-04,Program Litigation,Other,230,76,165,94,10,,1,3,80
2007-05,Program Litigation,Other,247,80,149,65,9,1,1,4,50
2007-06,Program Litigation,Other,240,69,198,86,6,2,1,3,74
2007-07,Program Litigation,Other,168,61,226,48,2,,1,1,44
2007-08,Program Litigation,Other,290,90,148,62,8,2,,2,50
2007-09,Program Litigation,Other,196,89,205,82,4,1,1,5,71
2007-10,Program Litigation,Other,234,81,171,93,7,2,1,7,76
2007-11,Program Litigation,Other,259,79,96,74,6,1,4,4,59
2007-12,Program Litigation,Other,188,65,92,48,8,,1,5,34
2008-01,Program Litigation,Other,234,80,136,62,6,4,,2,50
2008-02,Program Litigation,Other,280,98,162,72,5,1,,9,57
2008-03,Program Litigation,Other,207,82,216,113,11,1,2,3,96
2008-04,Program Litigation,Other,252,89,162,113,12,6,1,7,87
2008-05,Program Litigation,Other,226,77,117,74,13,3,,4,54
2008-06,Program Litigation,Other,236,84,95,80,10,2,,3,65
2008-07,Program Litigation,Other,252,98,143,81,8,3,,2,68
2008-08,Program Litigation,Other,239,101,144,81,7,2,,2,70
2008-09,Program Litigation,Other,267,101,233,102,9,1,1,6,85
2008-10,Program Litigation,Other,298,93,164,116,16,2,,1,97
2008-11,Program Litigation,Other,179,68,100,57,16,,,2,39
2008-12,Program Litigation,Other,227,77,99,55,5,1,1,3,45
2009-01,Program Litigation,Other,251,84,124,64,5,,1,1,57
2009-02,Program Litigation,Other,212,78,182,64,11,1,,1,51
2009-03,Program Litigation,Other,270,93,179,154,10,1,2,5,136
2009-04,Program Litigation,Other,227,87,106,91,9,2,1,4,75
2009-05,Program Litigation,Other,238,63,132,73,10,3,,1,59
2009-06,Program Litigation,Other,294,100,180,106,7,2,,5,92
2009-07,Program Litigation,Other,276,87,150,75,8,3,1,3,60
2009-08,Program Litigation,Other,247,72,150,86,10,1,,4,71
2009-09,Program Litigation,Other,236,78,256,131,6,1,,5,119
2009-10,Program Litigation,Other,269,99,138,77,6,,,4,67
2009-11,Program Litigation,Other,209,83,125,63,5,2,,4,52
2009-12,Program Litigation,Other,189,69,117,60,5,1,,6,48
2010-01,Program Litigation,Other,239,76,104,69,10,,2,3,54
2010-02,Program Litigation,Other,202,104,143,84,6,,1,4,73
2010-03,Program Litigation,Other,308,104,266,140,9,3,,1,127
2010-04,Program Litigation,Other,257,86,166,77,6,1,,5,65
2010-05,Program Litigation,Other,208,82,150,82,5,2,,2,73
2010-06,Program Litigation,Other,291,97,128,96,8,1,,6,81
2010-07,Program Litigation,Other,213,94,124,78,5,2,1,4,66
2010-08,Program Litigation,Other,304,116,139,93,5,1,,2,85
2010-09,Program Litigation,Other,274,90,290,91,8,1,2,5,75
2010-10,Program Litigation,Other,233,88,92,80,4,1,,1,74
2010-11,Program Litigation,Other,347,106,99,64,1,1,,2,60
2010-12,Program Litigation,Other,231,79,83,82,2,2,,,78
2011-01,Program Litigation,Other,238,110,127,77,12,1,1,,63
2011-02,Program Litigation,Other,241,101,111,71,6,3,,3,59
2011-03,Program Litigation,Other,301,151,246,170,5,3,1,7,154
2011-04,Program Litigation,Other,259,87,153,99,4,1,,8,86
2011-05,Program Litigation,Other,285,147,117,96,5,2,,7,82
2011-06,Program Litigation,Other,270,102,151,94,6,6,1,9,72
2011-07,Program Litigation,Other,239,74,86,89,5,1,,14,69
2011-08,Program Litigation,Other,294,110,354,111,8,1,,11,91
2011-09,Program Litigation,Other,279,101,213,144,11,2,1,20,110
2011-10,Program Litigation,Other,223,88,213,108,4,1,2,19,82
2011-11,Program Litigation,Other,226,88,85,81,3,2,,9,67
2011-12,Program Litigation,Other,212,83,70,72,6,1,,7,58
2012-01,Program Litigation,Other,252,91,102,88,8,,1,7,72
2012-02,Program Litigation,Other,235,120,145,105,6,1,4,9,85
2012-03,Program Litigation,Other,259,108,267,143,8,1,1,6,127
2012-04,Program Litigation,Other,227,107,163,134,7,,2,5,120
2012-05,Program Litigation,Other,241,109,130,63,4,1,,4,54
2012-06,Program Litigation,Other,237,86,135,78,3,,1,6,68
2012-07,Program Litigation,Other,283,103,94,76,5,1,1,6,63
2012-08,Program Litigation,Other,336,91,116,96,3,,1,4,88
2012-09,Program Litigation,Other,253,86,253,142,6,,,4,132
2012-10,Program Litigation,Other,265,93,140,113,7,1,1,11,93
2012-11,Program Litigation,Other,227,89,82,85,5,,1,5,74
2012-12,Program Litigation,Other,185,66,86,87,8,2,,3,74
2013-01,Program Litigation,Other,219,69,128,102,10,2,,1,89
2013-02,Program Litigation,Other,243,95,98,85,10,1,,3,71
2013-03,Program Litigation,Other,308,106,174,138,6,,1,4,127
2013-04,Program Litigation,Other,280,105,189,113,9,2,3,6,93
2013-05,Program Litigation,Other,290,106,231,93,7,1,,6,79
2013-06,Program Litigation,Other,211,90,157,106,7,1,2,5,91
2013-07,Program Litigation,Other,298,98,148,124,3,1,,5,115
2013-08,Program Litigation,Other,247,98,118,77,6,1,,4,66
2013-09,Program Litigation,Other,272,86,244,120,7,3,,10,100
2013-10,Program Litigation,Other,251,92,113,77,7,2,,1,67
2013-11,Program Litigation,Other,210,77,123,95,5,,,1,89
2013-12,Program Litigation,Other,182,88,94,66,6,,1,6,53
2014-01,Program Litigation,Other,284,101,174,77,2,,,5,70
2014-02,Program Litigation,Other,300,97,129,91,5,,,4,82
2014-03,Program Litigation,Other,308,107,281,138,11,,,2,125
2014-04,Program Litigation,Other,286,90,133,95,4,1,1,10,79
2014-05,Program Litigation,Other,284,110,147,86,4,1,2,3,76
2014-06,Program Litigation,Other,248,92,146,86,8,2,,4,72
2014-07,Program Litigation,Other,250,98,186,82,9,3,,3,67
2014-08,Program Litigation,Other,262,113,154,91,4,,,3,84
2014-09,Program Litigation,Other,257,106,274,118,11,,1,3,103
2014-10,Program Litigation,Other,272,123,105,103,5,,1,3,94
2014-11,Program Litigation,Other,200,88,113,57,3,,1,3,50
2014-12,Program Litigation,Other,235,98,108,79,5,2,,3,69
2015-01,Program Litigation,Other,240,111,110,102,7,1,1,3,90
2015-02,Program Litigation,Other,204,100,84,78,4,,1,2,71
2015-03,Program Litigation,Other,252,99,177,109,4,2,,2,101
2015-04,Program Litigation,Other,261,118,336,118,3,1,1,4,109
2015-05,Program Litigation,Other,237,95,154,82,4,2,1,7,68
2015-06,Program Litigation,Other,278,102,152,131,6,,,6,119
2015-07,Program Litigation,Other,244,114,114,106,2,,2,3,99
2015-08,Program Litigation,Other,223,102,133,91,3,1,,1,86
2015-09,Program Litigation,Other,225,89,176,126,10,1,,2,113
2015-10,Program Litigation,Other,255,97,207,120,5,2,1,4,108
2015-11,Program Litigation,Other,171,67,95,79,5,,,1,73
2015-12,Program Litigation,Other,260,85,82,88,5,2,,2,79
2016-01,Program Litigation,Other,230,88,133,71,6,2,,4,59
2016-02,Program Litigation,Other,268,92,153,87,6,,2,6,73
2016-03,Program Litigation,Other,302,97,267,154,4,1,,1,148
2016-04,Program Litigation,Other,253,98,153,83,10,,,1,72
2016-05,Program Litigation,Other,259,112,137,147,4,2,,1,140
2016-06,Program Litigation,Other,281,99,134,79,1,,,2,76
2016-07,Program Litigation,Other,221,88,140,93,2,1,,3,87
2016-08,Program Litigation,Other,273,95,144,106,4,,,5,97
2016-09,Program Litigation,Other,225,92,201,95,7,,1,1,86
2016-10,Program Litigation,Other,247,96,166,76,5,,,2,69
2016-11,Program Litigation,Other,195,102,189,103,5,,1,2,95
2016-12,Program Litigation,Other,195,84,106,60,2,1,1,3,53
2017-01,Program Litigation,Other,228,109,181,104,1,1,1,4,97
2017-02,Program Litigation,Other,196,97,119,90,4,,,2,84
2017-03,Program Litigation,Other,261,112,327,145,9,1,,3,132
2017-04,Program Litigation,Other,228,114,190,91,2,,1,4,84
2017-05,Program Litigation,Other,244,121,180,107,3,,2,4,98
2017-06,Program Litigation,Other,200,101,125,96,7,1,,1,87
2017-07,Program Litigation,Other,210,104,91,87,6,1,,2,78
2017-08,Program Litigation,Other,274,133,266,101,5,,,2,94
2017-09,Program Litigation,Other,200,103,118,149,3,,1,3,142
2017-10,Program Litigation,Other,226,113,102,116,8,1,,5,102
2017-11,Program Litigation,Other,201,97,93,58,5,1,,3,49
2017-12,Program Litigation,Other,176,84,51,75,3,1,,1,70
2018-01,Program Litigation,Other,238,114,79,91,4,1,2,3,81
2018-02,Program Litigation,Other,253,106,130,107,3,2,,2,100
2018-03,Program Litigation,Other,241,110,138,134,5,,,2,127
2018-04,Program Litigation,Other,225,104,88,130,5,1,,,124
2018-05,Program Litigation,Other,234,131,109,95,5,1,,1,88
2018-06,Program Litigation,Other,208,95,178,103,7,2,,3,91
2018-07,Program Litigation,Other,177,103,84,98,4,1,,6,87
2018-08,Program Litigation,Other,217,126,97,137,9,,,5,123
2018-09,Program Litigation,Other,257,98,154,125,17,1,2,2,103
2018-10,Program Litigation,Other,207,110,82,111,8,1,,1,101
2018-11,Program Litigation,Other,236,82,97,75,5,1,,3,66
2018-12,Program Litigation,Other,166,81,55,66,6,1,1,2,56
2019-01,Program Litigation,Other,133,78,24,57,5,,,2,50
2019-02,Program Litigation,Other,234,133,48,94,5,1,,1,87
2019-03,Program Litigation,Other,217,108,167,227,4,,3,2,218
2019-04,Program Litigation,Other,200,123,144,101,7,2,,4,88
2019-05,Program Litigation,Other,208,102,71,91,,2,1,3,85
2019-06,Program Litigation,Other,257,107,78,107,6,2,,3,96
2019-07,Program Litigation,Other,212,74,90,110,6,,,6,98
2019-08,Program Litigation,Other,227,106,122,89,4,,,7,78
2019-09,Program Litigation,Other,231,107,198,150,5,3,,5,137
2019-10,Program Litigation,Other,185,80,94,94,2,1,,7,84
2019-11,Program Litigation,Other,149,82,73,73,2,5,1,,65
2019-12,Program Litigation,Other,169,84,79,69,3,1,1,4,60
2020-01,Program Litigation,Other,246,142,105,103,3,1,,5,94
2020-02,Program Litigation,Other,198,100,198,89,8,,,1,80
2020-03,Program Litigation,Other,192,81,378,97,7,,,3,87
2020-04,Program Litigation,Other,77,31,38,61,4,2,,4,51
2020-05,Program Litigation,Other,77,38,26,29,1,,,3,25
2020-06,Program Litigation,Other,129,59,40,26,2,,,2,22
2020-07,Program Litigation,Other,118,57,67,44,4,,1,4,35
2020-08,Program Litigation,Other,128,62,66,56,1,1,,3,51
2020-09,Program Litigation,Other,152,59,96,82,2,1,,2,77
2020-10,Program Litigation,Other,139,75,76,55,4,1,,2,48
2020-11,Program Litigation,Other,109,52,37,19,4,1,,,14
2020-12,Program Litigation,Other,102,46,67,45,2,6,,2,35
2021-01,Program Litigation,Other,96,54,58,63,3,1,,2,57
2021-02,Program Litigation,Other,63,39,74,55,5,4,,2,44
2021-03,Program Litigation,Other,122,81,91,96,3,1,,3,89
2021-04,Program Litigation,Other,151,82,48,110,6,2,,1,101
2021-05,Program Litigation,Other,121,54,65,59,1,,,3,55
2021-06,Program Litigation,Other,149,91,57,56,,1,,2,53
2021-07,Program Litigation,Other,162,91,67,65,3,2,,,60
2021-08,Program Litigation,Other,163,110,79,135,2,1,1,3,128
2021-09,Program Litigation,Other,143,77,134,119,2,1,,4,112
2021-10,Program Litigation,Other,147,97,31,57,2,,,3,52
2021-11,Program Litigation,Other,132,75,79,90,7,,,4,79
2021-12,Program Litigation,Other,131,63,117,158,3,,,1,154
2022-01,Program Litigation,Other,131,70,87,112,2,2,,2,106
2022-02,Program Litigation,Other,133,78,79,57,4,,,2,51
2022-03,Program Litigation,Other,235,116,124,153,6,1,1,4,141
2022-04,Program Litigation,Other,167,91,76,78,4,,,1,73
2022-05,Program Litigation,Other,184,101,110,75,4,,,5,66
2022-06,Program Litigation,Other,174,85,56,78,1,,,2,75
2022-07,Program Litigation,Other,153,79,61,57,,1,,1,55
2022-08,Program Litigation,Other,172,81,99,87,4,,,1,82
2022-09,Program Litigation,Other,162,75,122,128,1,1,1,3,122
2022-10,Program Litigation,Other,147,86,81,54,1,,1,2,50
2022-11,Program Litigation,Other,168,80,107,80,7,1,2,1,69
2022-12,Program Litigation,Other,126,76,76,58,,,,,58
2023-01,Program Litigation,Other,171,82,70,142,3,,,1,138
2023-02,Program Litigation,Other,152,97,69,64,1,1,,1,61
2023-03,Program Litigation,Other,181,116,135,129,4,,,2,123
2023-04,Program Litigation,Other,184,107,42,72,2,,,2,68
2023-05,Program Litigation,Other,178,112,65,64,1,1,,2,60
2023-06,Program Litigation,Other,137,89,45,85,2,1,1,1,80
2023-07,Program Litigation,Other,147,92,37,84,3,1,,3,77
2023-08,Program Litigation,Other,187,142,100,149,3,,,4,142
2023-09,Program Litigation,Other,124,85,78,164,,,,2,162
2023-10,Program Litigation,Other,190,106,53,93,4,1,,1,87
2023-11,Program Litigation,Other,157,82,37,71,2,,1,,68
2023-12,Program Litigation,Other,125,69,28,46,1,1,,3,41
2024-01,Program Litigation,Other,168,103,43,85,6,,1,2,76
2024-02,Program Litigation,Other,197,108,73,116,2,,,3,111
2024-03,Program Litigation,Other,174,107,123,171,4,1,1,1,164
2024-04,Program Litigation,Other,180,107,64,71,2,,,3,66
2024-05,Program Litigation,Other,148,85,65,60,,,,2,58
2024-06,Program Litigation,Other,149,94,60,81,2,1,,2,76
2024-07,Program Litigation,Other,161,116,41,113,4,2,,,107
2024-08,Program Litigation,Other,197,124,49,89,3,1,,,85
2024-09,Program Litigation,Other,145,104,100,184,2,,,4,178
2024-10,Program Litigation,Other,197,122,38,79,2,,,,77
2024-11,Program Litigation,Other,144,107,23,62,1,,,2,59
2024-12,Program Litigation,Other,109,82,50,68,5,,,2,61
2025-01,Program Litigation,Other,154,115,33,60,3,,,2,55
2025-02,Program Litigation,Other,152,111,76,165,4,,,,161
2025-03,Program Litigation,Other,203,129,99,203,4,1,,6,192
2025-04,Program Litigation,Other,166,104,75,90,3,,,,87
2025-05,Program Litigation,Other,176,96,48,76,5,,1,2,68
2025-06,Program Litigation,Other,158,102,32,108,3,,,,105
2025-07,Program Litigation,Other,174,91,36,100,1,,,3,96
2025-08,Program Litigation,Other,164,97,38,107,2,,1,,104
2025-09,Program Litigation,Other,173,88,63,147,5,,,,142
2025-10,Program Litigation,Other,97,84,17,30,1,1,1,,27
2025-11,Program Litigation,Other,101,55,12,62,3,1,,2,56
2025-12,Program Litigation,Other,115,62,28,57,2,,1,3,51
2026-01,Program Litigation,Other,123,77,24,53,3,,,3,47
2026-02,Program Litigation,Other,100,55,34,70,3,,1,1,65
2026-03,Program Litigation,Other,133,66,85,160,3,1,,,156
2026-04,Program Litigation,Other,143,69,28,56,,,1,4,51
2026-05,Program Litigation,Other,90,54,19,41,,,,,41
1994-10,Social Security,Other,15,16,0,6,,,,,6
1994-11,Social Security,Other,14,13,0,5,,,,,5
1994-12,Social Security,Other,18,15,0,11,,,,,11
1995-01,Social Security,Other,13,9,0,18,2,,,,16
1995-02,Social Security,Other,13,13,0,22,1,,,1,20
1995-03,Social Security,Other,22,20,0,29,,,,,29
1995-04,Social Security,Other,14,10,0,23,2,,,,21
1995-05,Social Security,Other,24,23,2,22,1,,,,21
1995-06,Social Security,Other,16,19,0,19,,,,,19
1995-07,Social Security,Other,9,7,2,7,,,,,7
1995-08,Social Security,Other,15,12,0,7,,,,,7
1995-09,Social Security,Other,18,15,0,11,,,,,11
1995-10,Social Security,Other,9,13,1,9,,,,,9
1995-11,Social Security,Other,15,13,0,7,,,,,7
1995-12,Social Security,Other,14,13,0,8,,,,,8
1996-01,Social Security,Other,11,14,1,13,,,,,13
1996-02,Social Security,Other,9,6,0,14,2,,,,12
1996-03,Social Security,Other,9,11,1,13,1,,,,12
1996-04,Social Security,Other,10,9,0,12,,,,,12
1996-05,Social Security,Other,7,11,1,10,1,,,,9
1996-06,Social Security,Other,8,15,1,14,,,,,14
1996-07,Social Security,Other,21,12,0,11,,,,,11
1996-08,Social Security,Other,7,8,0,18,,,,,18
1996-09,Social Security,Other,7,9,0,11,,,1,,10
1996-10,Social Security,Other,11,12,0,21,,,,,21
1996-11,Social Security,Other,15,10,0,7,,,,,7
1996-12,Social Security,Other,12,11,0,9,,,,,9
1997-01,Social Security,Other,4,5,0,14,1,,,,13
1997-02,Social Security,Other,8,8,0,11,,,,,11
1997-03,Social Security,Other,9,8,0,7,1,,,,6
1997-04,Social Security,Other,6,9,1,5,,,,,5
1997-05,Social Security,Other,15,11,0,8,,,,,8
1997-06,Social Security,Other,6,6,0,12,,,,,12
1997-07,Social Security,Other,11,13,0,6,1,,,,5
1997-08,Social Security,Other,8,8,0,5,,,,,5
1997-09,Social Security,Other,6,9,0,8,1,,,1,6
1997-10,Social Security,Other,15,10,0,9,,,,,9
1997-11,Social Security,Other,2,5,0,7,,,,,7
1997-12,Social Security,Other,4,2,0,12,,,,,12
1998-01,Social Security,Other,3,2,0,9,,,,,9
1998-02,Social Security,Other,1,0,0,10,,1,,,9
1998-03,Social Security,Other,3,4,0,38,1,,,,37
1998-04,Social Security,Other,0,1,0,14,,,,,14
1998-05,Social Security,Other,1,3,0,11,,,,,11
1998-06,Social Security,Other,5,2,0,4,,,,,4
1998-07,Social Security,Other,2,4,0,3,,,,,3
1998-08,Social Security,Other,4,2,0,2,,,,,2
1998-09,Social Security,Other,1,2,0,4,1,1,,,2
1998-10,Social Security,Other,3,2,0,3,,,,,3
1998-11,Social Security,Other,2,1,0,2,,,,,2
1998-12,Social Security,Other,2,1,0,3,,,,,3
1999-01,Social Security,Other,2,2,0,1,,,,,1
1999-02,Social Security,Other,1,1,0,4,,,,,4
1999-03,Social Security,Other,3,6,0,3,1,,1,,1
1999-04,Social Security,Other,4,3,0,0,,,,,
1999-05,Social Security,Other,5,5,0,2,,,,,2
1999-06,Social Security,Other,4,3,0,3,,,,,3
1999-07,Social Security,Other,0,0,0,5,,,,,5
1999-08,Social Security,Other,2,2,0,1,,,,,1
1999-09,Social Security,Other,2,1,0,3,,,,,3
1999-10,Social Security,Other,0,1,0,2,,,,,2
1999-11,Social Security,Other,2,1,0,6,,1,1,,4
1999-12,Social Security,Other,3,2,0,1,,1,,,
2000-01,Social Security,Other,0,0,0,7,1,2,,1,3
2000-02,Social Security,Other,0,0,0,3,1,1,,,1
2000-03,Social Security,Other,1,1,0,5,2,2,1,,
2000-04,Social Security,Other,2,2,0,2,1,1,,,
2000-05,Social Security,Other,1,3,0,2,1,,,,1
2000-06,Social Security,Other,3,4,0,2,1,,,,1
2000-07,Social Security,Other,6,4,0,1,1,,,,
2000-08,Social Security,Other,4,9,0,2,,,,,2
2000-09,Social Security,Other,9,7,1,3,,1,,1,1
2000-10,Social Security,Other,6,2,0,6,,5,,,1
2000-11,Social Security,Other,2,5,0,2,,,1,,1
2000-12,Social Security,Other,4,4,0,2,1,,,,1
2001-01,Social Security,Other,2,1,0,5,1,,,1,3
2001-02,Social Security,Other,3,0,1,4,1,,,,3
2001-03,Social Security,Other,3,3,0,2,,,,,2
2001-04,Social Security,Other,0,5,2,2,1,,,,1
2001-05,Social Security,Other,9,4,0,0,,,,,
2001-06,Social Security,Other,5,3,1,2,,,,,2
2001-07,Social Security,Other,4,5,0,4,,,1,,3
2001-08,Social Security,Other,4,2,1,2,,,,,2
2001-09,Social Security,Other,3,1,0,8,4,2,,,2
2001-10,Social Security,Other,1,0,1,1,,,,,1
2001-11,Social Security,Other,5,3,1,3,1,,1,,1
2001-12,Social Security,Other,3,5,1,1,,1,,,
2002-01,Social Security,Other,7,3,0,1,,,,,1
2002-02,Social Security,Other,9,7,0,1,,,,,1
2002-03,Social Security,Other,4,2,1,3,1,1,,,1
2002-04,Social Security,Other,7,3,2,4,2,,,1,1
2002-05,Social Security,Other,9,7,0,4,,,,,4
2002-06,Social Security,Other,9,4,0,2,1,,,,1
2002-07,Social Security,Other,8,5,0,5,1,,1,,3
2002-08,Social Security,Other,4,2,3,5,2,,,,3
2002-09,Social Security,Other,9,6,1,2,1,,,,1
2002-10,Social Security,Other,2,4,5,4,1,,,,3
2002-11,Social Security,Other,8,6,1,1,1,,,,
2002-12,Social Security,Other,4,1,6,4,3,,,,1
2003-01,Social Security,Other,4,3,0,4,1,,,,3
2003-02,Social Security,Other,8,9,0,3,2,,,,1
2003-03,Social Security,Other,12,10,1,4,1,,,,3
2003-04,Social Security,Other,21,8,2,1,,,,,1
2003-05,Social Security,Other,14,11,0,4,2,,,1,1
2003-06,Social Security,Other,14,11,2,6,1,,2,1,2
2003-07,Social Security,Other,31,28,0,4,,2,1,,1
2003-08,Social Security,Other,14,8,7,4,3,,,,1
2003-09,Social Security,Other,15,5,9,13,4,,,1,8
2003-10,Social Security,Other,6,3,1,5,1,,,,4
2003-11,Social Security,Other,4,1,1,8,,1,2,1,4
2003-12,Social Security,Other,4,2,1,5,1,2,1,,1
2004-01,Social Security,Other,8,3,0,7,2,,,1,4
2004-02,Social Security,Other,5,1,1,6,3,,1,1,1
2004-03,Social Security,Other,2,1,2,10,6,,2,,2
2004-04,Social Security,Other,6,2,15,3,1,,,1,1
2004-05,Social Security,Other,6,7,5,3,2,,,,1
2004-06,Social Security,Other,1,2,7,7,2,,2,,3
2004-07,Social Security,Other,4,3,3,4,1,,1,,2
2004-08,Social Security,Other,10,4,18,6,2,,2,,2
2004-09,Social Security,Other,4,4,1,10,5,1,3,,1
2004-10,Social Security,Other,3,0,1,4,1,,1,,2
2004-11,Social Security,Other,3,5,2,4,,,,,4
2004-12,Social Security,Other,6,1,0,2,,,,1,1
2005-01,Social Security,Other,3,2,1,4,1,,1,,2
2005-02,Social Security,Other,5,5,1,6,1,,1,,4
2005-03,Social Security,Other,4,4,1,6,4,,1,,1
2005-04,Social Security,Other,5,3,1,4,1,,,1,2
2005-05,Social Security,Other,2,4,0,2,,,,,2
2005-06,Social Security,Other,1,3,0,5,1,,,1,3
2005-07,Social Security,Other,4,2,1,1,,,,,1
2005-08,Social Security,Other,6,5,1,4,1,,,,3
2005-09,Social Security,Other,1,0,2,2,,,1,1,
2005-10,Social Security,Other,2,2,1,6,5,,,,1
2005-11,Social Security,Other,4,4,0,5,3,,1,,1
2005-12,Social Security,Other,8,8,0,2,1,,,,1
2006-01,Social Security,Other,4,6,2,6,,1,1,1,3
2006-02,Social Security,Other,5,8,0,1,,1,,,
2006-03,Social Security,Other,17,17,0,8,3,1,1,,3
2006-04,Social Security,Other,12,7,1,4,2,,,1,1
2006-05,Social Security,Other,9,9,0,5,1,2,,,2
2006-06,Social Security,Other,10,13,1,9,1,2,,,6
2006-07,Social Security,Other,15,10,0,3,,2,,,1
2006-08,Social Security,Other,16,14,1,5,1,,,,4
2006-09,Social Security,Other,11,9,0,2,1,,1,,
2006-10,Social Security,Other,9,4,0,4,1,1,1,,1
2006-11,Social Security,Other,5,3,1,2,2,,,,
2006-12,Social Security,Other,8,8,0,3,,,,,3
2007-01,Social Security,Other,10,14,6,4,3,,,,1
2007-02,Social Security,Other,11,12,0,6,3,,,,3
2007-03,Social Security,Other,14,6,0,15,8,,3,,4
2007-04,Social Security,Other,5,7,1,6,3,,2,,1
2007-05,Social Security,Other,7,7,1,3,,,2,,1
2007-06,Social Security,Other,7,7,0,4,2,1,1,,
2007-07,Social Security,Other,7,8,0,7,2,,,3,2
2007-08,Social Security,Other,11,13,0,55,3,27,,,25
2007-09,Social Security,Other,9,5,0,13,3,4,,2,4
2007-10,Social Security,Other,4,6,2,1,,,,,1
2007-11,Social Security,Other,4,4,0,12,11,,,,1
2007-12,Social Security,Other,4,1,1,7,5,1,,,1
2008-01,Social Security,Other,4,10,0,7,,2,,2,3
2008-02,Social Security,Other,18,8,0,5,3,1,,,1
2008-03,Social Security,Other,5,4,7,6,2,1,,1,2
2008-04,Social Security,Other,9,6,0,5,1,3,,,1
2008-05,Social Security,Other,3,3,0,8,,5,1,,2
2008-06,Social Security,Other,1,1,0,4,,3,,,1
2008-07,Social Security,Other,5,6,1,4,1,,,,3
2008-08,Social Security,Other,5,3,2,7,1,5,1,,
2008-09,Social Security,Other,1,3,0,8,,2,,,6
2008-10,Social Security,Other,6,6,1,1,1,,,,
2008-11,Social Security,Other,5,7,0,4,2,2,,,
2008-12,Social Security,Other,11,7,0,7,2,1,3,,1
2009-01,Social Security,Other,4,3,1,5,2,1,1,,1
2009-02,Social Security,Other,1,4,0,6,2,2,,2,
2009-03,Social Security,Other,5,2,0,10,1,3,,2,4
2009-04,Social Security,Other,2,2,1,9,,4,2,1,2
2009-05,Social Security,Other,1,1,0,3,,1,2,,
2009-06,Social Security,Other,3,4,0,4,2,1,,,1
2009-07,Social Security,Other,4,1,1,4,1,,1,,2
2009-08,Social Security,Other,5,4,2,2,2,,,,
2009-09,Social Security,Other,3,8,4,5,3,1,,,1
2009-10,Social Security,Other,7,4,0,2,,,,1,1
2009-11,Social Security,Other,4,5,0,5,,2,,1,2
2009-12,Social Security,Other,2,0,0,5,1,2,1,,1
2010-01,Social Security,Other,5,4,1,1,,,,1,
2010-02,Social Security,Other,2,2,0,5,,2,,1,2
2010-03,Social Security,Other,5,3,0,5,1,,2,,2
2010-04,Social Security,Other,4,4,0,2,,,1,,1
2010-05,Social Security,Other,3,0,0,1,,,,,1
2010-06,Social Security,Other,2,1,1,1,,,,1,
2010-07,Social Security,Other,4,3,0,7,,,1,1,5
2010-08,Social Security,Other,7,7,1,5,1,,,,4
2010-09,Social Security,Other,4,4,2,2,,1,,1,
2010-10,Social Security,Other,1,0,0,5,1,,2,,2
2010-11,Social Security,Other,2,3,0,2,,,,,2
2010-12,Social Security,Other,5,6,1,2,,,1,,1
2011-01,Social Security,Other,5,5,0,8,2,,,,6
2011-02,Social Security,Other,5,4,0,8,1,,,,7
2011-03,Social Security,Other,7,7,0,2,,,,,2
2011-04,Social Security,Other,4,3,1,1,,,,,1
2011-05,Social Security,Other,10,9,0,5,,,1,,4
2011-06,Social Security,Other,9,5,0,2,,,,,2
2011-07,Social Security,Other,3,4,0,6,1,,1,,4
2011-08,Social Security,Other,4,5,0,3,,,,1,2
2011-09,Social Security,Other,3,3,0,3,,,1,,2
2011-10,Social Security,Other,5,6,0,5,1,,1,2,1
2011-11,Social Security,Other,5,3,0,11,,,,1,10
2011-12,Social Security,Other,2,2,0,2,,1,,,1
2012-01,Social Security,Other,3,2,0,2,1,,,,1
2012-02,Social Security,Other,3,3,0,3,,,,,3
2012-03,Social Security,Other,4,3,1,1,,,,,1
2012-04,Social Security,Other,5,6,0,0,,,,,
2012-05,Social Security,Other,3,2,0,1,,,,,1
2012-06,Social Security,Other,3,0,0,1,,,1,,
2012-07,Social Security,Other,5,15,0,13,1,,1,,11
2012-08,Social Security,Other,17,18,2,10,1,,2,,7
2012-09,Social Security,Other,18,17,2,1,,,,,1
2012-10,Social Security,Other,25,15,0,3,2,,1,,
2012-11,Social Security,Other,13,14,0,3,,1,1,,1
2012-12,Social Security,Other,16,12,0,4,1,,,,3
2013-01,Social Security,Other,16,16,0,2,,,,2,
2013-02,Social Security,Other,12,7,0,12,,,,9,3
2013-03,Social Security,Other,12,10,10,15,,,,5,10
2013-04,Social Security,Other,12,14,2,5,,,,3,2
2013-05,Social Security,Other,16,17,0,6,3,,,2,1
2013-06,Social Security,Other,14,16,0,6,2,,,,4
2013-07,Social Security,Other,17,11,0,8,4,,1,,3
2013-08,Social Security,Other,14,19,0,7,7,,,,
2013-09,Social Security,Other,14,9,1,17,5,,7,2,3
2013-10,Social Security,Other,18,15,0,7,2,,2,1,2
2013-11,Social Security,Other,9,13,0,7,1,,3,1,2
2013-12,Social Security,Other,5,6,0,8,3,2,1,,2
2014-01,Social Security,Other,8,10,1,13,8,,4,,1
2014-02,Social Security,Other,11,5,0,9,8,,,1,
2014-03,Social Security,Other,11,11,0,24,14,,8,,2
2014-04,Social Security,Other,10,13,1,4,3,,,,1
2014-05,Social Security,Other,10,4,1,5,1,1,,1,2
2014-06,Social Security,Other,10,8,0,9,6,,,1,2
2014-07,Social Security,Other,10,13,0,13,5,,1,,7
2014-08,Social Security,Other,6,10,0,7,6,,1,,
2014-09,Social Security,Other,13,8,1,26,14,,9,1,2
2014-10,Social Security,Other,9,18,0,3,1,,,1,1
2014-11,Social Security,Other,10,10,0,3,2,,1,,
2014-12,Social Security,Other,17,14,0,3,1,,1,,1
2015-01,Social Security,Other,15,10,0,15,7,,3,1,4
2015-02,Social Security,Other,9,10,0,6,2,,2,1,1
2015-03,Social Security,Other,15,10,1,24,18,,3,1,2
2015-04,Social Security,Other,6,11,0,6,1,,3,,2
2015-05,Social Security,Other,11,9,1,7,5,,1,,1
2015-06,Social Security,Other,10,10,0,13,7,,5,,1
2015-07,Social Security,Other,8,12,0,6,,,2,1,3
2015-08,Social Security,Other,10,7,0,11,8,,3,,
2015-09,Social Security,Other,7,7,0,20,15,,5,,
2015-10,Social Security,Other,11,10,1,11,4,,3,,4
2015-11,Social Security,Other,7,6,2,7,5,,2,,
2015-12,Social Security,Other,7,5,0,13,4,,3,1,5
2016-01,Social Security,Other,9,2,0,3,1,,2,,
2016-02,Social Security,Other,4,4,0,11,7,,2,,2
2016-03,Social Security,Other,6,6,0,20,7,,10,1,2
2016-04,Social Security,Other,6,8,0,8,1,,,,7
2016-05,Social Security,Other,3,4,0,5,1,1,1,1,1
2016-06,Social Security,Other,5,6,1,8,,,4,2,2
2016-07,Social Security,Other,2,9,0,7,2,,2,1,2
2016-08,Social Security,Other,8,15,0,13,5,1,6,,1
2016-09,Social Security,Other,5,5,0,36,26,,6,3,1
2016-10,Social Security,Other,13,0,0,5,2,,2,,1
2016-11,Social Security,Other,9,2,1,8,3,,1,3,1
2016-12,Social Security,Other,1,3,0,14,6,,2,3,3
2017-01,Social Security,Other,7,3,0,7,1,,3,,3
2017-02,Social Security,Other,2,4,0,2,,,1,,1
2017-03,Social Security,Other,2,1,1,4,1,,,,3
2017-04,Social Security,Other,3,3,0,5,2,,1,1,1
2017-05,Social Security,Other,3,4,1,5,2,,,,3
2017-06,Social Security,Other,5,3,0,5,2,,1,,2
2017-07,Social Security,Other,7,9,0,6,5,,,,1
2017-08,Social Security,Other,3,3,0,4,2,,1,,1
2017-09,Social Security,Other,4,4,0,11,6,,5,,
2017-10,Social Security,Other,3,1,2,5,,,,2,3
2017-11,Social Security,Other,11,10,0,4,2,,2,,
2017-12,Social Security,Other,2,3,0,1,,,,,1
2018-01,Social Security,Other,6,3,1,3,2,,1,,
2018-02,Social Security,Other,5,3,0,4,,,1,1,2
2018-03,Social Security,Other,5,5,0,7,3,,2,,2
2018-04,Social Security,Other,5,2,0,2,,,2,,
2018-05,Social Security,Other,3,5,0,6,2,,3,,1
2018-06,Social Security,Other,2,1,1,0,,,,,
2018-07,Social Security,Other,2,2,0,4,1,,1,,2
2018-08,Social Security,Other,6,6,0,5,1,,1,1,2
2018-09,Social Security,Other,4,5,2,4,1,,2,,1
2018-10,Social Security,Other,3,2,0,2,,1,,,1
2018-11,Social Security,Other,3,4,0,3,2,,,,1
2018-12,Social Security,Other,2,4,0,9,2,,3,,4
2019-01,Social Security,Other,6,8,0,6,2,2,,,2
2019-02,Social Security,Other,6,2,0,1,,,1,,
2019-03,Social Security,Other,4,2,0,6,5,1,,,
2019-04,Social Security,Other,6,9,0,0,,,,,
2019-05,Social Security,Other,11,8,0,1,,1,,,
2019-06,Social Security,Other,1,0,0,4,2,,1,,1
2019-07,Social Security,Other,3,4,0,4,1,,,,3
2019-08,Social Security,Other,2,0,0,6,3,,1,,2
2019-09,Social Security,Other,2,3,0,5,,,1,1,3
2019-10,Social Security,Other,2,6,0,6,1,,1,,4
2019-11,Social Security,Other,10,9,0,5,,,2,,3
2019-12,Social Security,Other,4,2,0,2,,,,,2
2020-01,Social Security,Other,5,6,0,10,4,1,3,,2
2020-02,Social Security,Other,2,3,0,4,1,1,,,2
2020-03,Social Security,Other,6,4,0,13,3,,3,,7
2020-04,Social Security,Other,1,0,0,3,,,1,,2
2020-05,Social Security,Other,1,4,0,3,1,1,1,,
2020-06,Social Security,Other,3,5,0,4,1,,1,,2
2020-07,Social Security,Other,4,2,0,3,,,1,,2
2020-08,Social Security,Other,5,5,0,4,,,2,,2
2020-09,Social Security,Other,3,3,0,4,2,,,,2
2020-10,Social Security,Other,3,6,0,3,,,,,3
2020-11,Social Security,Other,7,9,0,1,,,1,,
2020-12,Social Security,Other,6,6,1,7,1,,3,1,2
2021-01,Social Security,Other,7,4,0,5,1,,1,1,2
2021-02,Social Security,Other,2,3,0,2,1,,,,1
2021-03,Social Security,Other,4,2,0,3,,,1,,2
2021-04,Social Security,Other,4,6,1,3,1,,,,2
2021-05,Social Security,Other,2,1,0,2,1,,,,1
2021-06,Social Security,Other,5,2,0,2,,,,,2
2021-07,Social Security,Other,4,4,0,7,2,,1,,4
2021-08,Social Security,Other,3,3,0,4,1,,,,3
2021-09,Social Security,Other,4,2,0,6,2,,1,,3
2021-10,Social Security,Other,6,6,0,0,,,,,
2021-11,Social Security,Other,1,2,0,3,,,,1,2
2021-12,Social Security,Other,2,3,1,0,,,,,
2022-01,Social Security,Other,1,1,0,5,1,,1,,3
2022-02,Social Security,Other,0,1,0,2,1,,,,1
2022-03,Social Security,Other,2,1,0,2,,,,,2
2022-04,Social Security,Other,4,4,0,8,,,5,,3
2022-05,Social Security,Other,2,2,0,1,,,,,1
2022-06,Social Security,Other,5,2,0,3,1,,2,,
2022-07,Social Security,Other,2,4,0,4,,,2,,2
2022-08,Social Security,Other,3,3,0,6,2,,1,1,2
2022-09,Social Security,Other,3,3,0,7,2,1,4,,
2022-10,Social Security,Other,1,3,0,0,,,,,
2022-11,Social Security,Other,7,7,0,1,,,,,1
2022-12,Social Security,Other,3,2,0,0,,,,,
2023-01,Social Security,Other,4,4,0,5,,,2,,3
2023-02,Social Security,Other,3,3,0,4,,,,,4
2023-03,Social Security,Other,5,4,0,1,,,,,1
2023-04,Social Security,Other,1,2,0,3,2,,,,1
2023-05,Social Security,Other,9,8,0,1,,,,,1
2023-06,Social Security,Other,3,5,0,2,,,,1,1
2023-07,Social Security,Other,5,3,0,2,1,,,,1
2023-08,Social Security,Other,3,2,0,1,1,,,,
2023-09,Social Security,Other,6,5,1,4,,,1,,3
2023-10,Social Security,Other,5,5,0,5,3,,,,2
2023-11,Social Security,Other,4,5,0,7,2,,2,,3
2023-12,Social Security,Other,6,6,0,4,1,,,,3
2024-01,Social Security,Other,7,6,0,5,2,,,,3
2024-02,Social Security,Other,4,5,0,2,,,1,,1
2024-03,Social Security,Other,1,1,0,7,2,,2,,3
2024-04,Social Security,Other,8,8,0,4,,,1,,3
2024-05,Social Security,Other,4,5,0,2,,,1,,1
2024-06,Social Security,Other,4,2,0,4,2,,1,,1
2024-07,Social Security,Other,7,10,0,7,4,1,2,,
2024-08,Social Security,Other,9,7,0,4,,,2,,2
2024-09,Social Security,Other,12,12,0,14,5,,2,,7
2024-10,Social Security,Other,3,2,0,5,1,,1,,3
2024-11,Social Security,Other,9,8,0,1,,,,,1
2024-12,Social Security,Other,1,1,0,6,1,,2,,3
2025-01,Social Security,Other,5,5,0,8,1,,3,,4
2025-02,Social Security,Other,5,7,0,5,,,3,,2
2025-03,Social Security,Other,8,6,0,12,5,,5,,2
2025-04,Social Security,Other,3,4,0,2,,1,,,1
2025-05,Social Security,Other,14,13,0,5,2,,,,3
2025-06,Social Security,Other,15,15,0,5,,,2,,3
2025-07,Social Security,Other,10,11,0,6,,,3,,3
2025-08,Social Security,Other,11,10,0,7,2,,1,,4
2025-09,Social Security,Other,11,11,0,9,4,,2,,3
2025-10,Social Security,Other,12,12,0,3,,,3,,
2025-11,Social Security,Other,7,7,0,6,1,,3,,2
2025-12,Social Security,Other,5,4,0,4,2,,,,2
2026-01,Social Security,Other,1,1,0,7,,,2,1,4
2026-02,Social Security,Other,2,3,0,6,,,1,,5
2026-03,Social Security,Other,4,3,0,9,3,,3,,3
2026-04,Social Security,Other,2,2,0,5,1,,1,,3
2026-05,Social Security,Other,2,2,0,1,,,,,1
2001-12,Terrorism,Other,0,1,0,0,,,,,
2002-03,Terrorism,Other,1,1,0,0,,,,,
2002-07,Terrorism,Other,2,0,0,0,,,,,
2002-08,Terrorism,Other,2,0,1,0,,,,,
2002-09,Terrorism,Other,1,1,1,0,,,,,
2002-10,Terrorism,Other,0,0,0,1,1,,,,
2002-11,Terrorism,Other,1,1,0,0,,,,,
2003-01,Terrorism,Other,1,0,0,0,,,,,
2003-02,Terrorism,Other,1,0,0,0,,,,,
2003-05,Terrorism,Other,0,0,1,0,,,,,
2003-09,Terrorism,Other,0,0,1,0,,,,,
2003-11,Terrorism,Other,1,0,0,0,,,,,
2004-02,Terrorism,Other,0,0,1,0,,,,,
2004-03,Terrorism,Other,1,0,0,0,,,,,
2004-09,Terrorism,Other,1,0,0,0,,,,,
2005-06,Terrorism,Other,1,0,1,0,,,,,
2006-01,Terrorism,Other,2,0,0,0,,,,,
2006-02,Terrorism,Other,1,1,0,0,,,,,
2006-09,Terrorism,Other,0,0,0,1,,,,,1
2007-12,Terrorism,Other,1,0,0,0,,,,,
2008-01,Terrorism,Other,1,1,0,0,,,,,
2008-06,Terrorism,Other,1,1,0,0,,,,,
2008-07,Terrorism,Other,0,1,0,0,,,,,
2009-01,Terrorism,Other,2,2,0,0,,,,,
2009-02,Terrorism,Other,1,1,0,1,,,,,1
2009-03,Terrorism,Other,0,1,1,0,,,,,
2009-05,Terrorism,Other,1,0,0,0,,,,,
2009-06,Terrorism,Other,0,1,0,0,,,,,
2009-07,Terrorism,Other,0,0,1,0,,,,,
2009-11,Terrorism,Other,2,0,0,0,,,,,
2009-12,Terrorism,Other,0,0,1,0,,,,,
2010-01,Terrorism,Other,0,0,3,0,,,,,
2010-03,Terrorism,Other,0,0,0,2,,,,,2
2011-02,Terrorism,Other,0,1,0,0,,,,,
2011-05,Terrorism,Other,1,1,0,0,,,,,
2012-01,Terrorism,Other,1,0,0,0,,,,,
2012-02,Terrorism,Other,0,1,0,0,,,,,
2012-05,Terrorism,Other,0,0,0,1,,,,,1
2012-10,Terrorism,Other,0,1,0,0,,,,,
2012-12,Terrorism,Other,0,0,0,1,,,,,1
2013-01,Terrorism,Other,1,0,0,0,,,,,
2014-09,Terrorism,Other,0,0,0,1,,,,,1
2015-05,Terrorism,Other,1,0,0,1,,,,,1
2016-01,Terrorism,Other,1,0,0,0,,,,,
2016-02,Terrorism,Other,0,0,1,0,,,,,
2016-08,Terrorism,Other,1,0,0,0,,,,,
2016-10,Terrorism,Other,0,0,1,0,,,,,
2017-12,Terrorism,Other,0,0,0,1,,,,,1
2018-08,Terrorism,Other,0,0,0,1,,,,,1
2018-12,Terrorism,Other,0,1,0,0,,,,,
2019-03,Terrorism,Other,0,1,0,0,,,,,
2019-04,Terrorism,Other,0,0,0,2,,1,,,1
2019-05,Terrorism,Other,1,0,0,0,,,,,
2019-07,Terrorism,Other,0,0,0,1,,,,,1
2020-04,Terrorism,Other,0,1,0,0,,,,,
2020-07,Terrorism,Other,3,0,0,0,,,,,
2021-05,Terrorism,Other,1,0,0,0,,,,,
2021-09,Terrorism,Other,1,1,0,0,,,,,
2021-12,Terrorism,Other,1,0,0,0,,,,,
2023-09,Terrorism,Other,0,1,1,1,,,,,1
2023-11,Terrorism,Other,1,0,0,0,,,,,
2024-03,Terrorism,Other,0,0,0,1,,,,,1
2025-03,Terrorism,Other,0,0,1,0,,,,,
2025-06,Terrorism,Other,0,0,0,2,,,,,2
1994-10,Torts,Other,42,38,2,60,6,,1,,53
1994-11,Torts,Other,59,38,2,53,3,,1,,49
1994-12,Torts,Other,50,49,5,37,6,,1,,30
1995-01,Torts,Other,39,48,6,40,2,,1,,37
1995-02,Torts,Other,40,32,3,36,3,,1,,32
1995-03,Torts,Other,46,58,1,41,4,,,,37
1995-04,Torts,Other,49,65,5,32,2,,,,30
1995-05,Torts,Other,92,91,3,25,2,,1,,22
1995-06,Torts,Other,73,58,1,29,3,,1,,25
1995-07,Torts,Other,50,33,1,26,2,,,,24
1995-08,Torts,Other,56,54,2,48,1,,1,,46
1995-09,Torts,Other,44,45,5,71,2,,1,,68
1995-10,Torts,Other,56,41,2,52,1,,2,,49
1995-11,Torts,Other,67,77,2,71,3,,2,,66
1995-12,Torts,Other,86,77,1,41,3,,3,,35
1996-01,Torts,Other,80,65,6,72,2,,2,,68
1996-02,Torts,Other,59,51,4,52,1,,1,,50
1996-03,Torts,Other,93,84,4,63,1,,1,,61
1996-04,Torts,Other,78,64,6,74,3,,,,71
1996-05,Torts,Other,63,55,10,60,1,,,,59
1996-06,Torts,Other,73,66,6,49,6,,,,43
1996-07,Torts,Other,68,64,6,49,2,,,,47
1996-08,Torts,Other,56,39,3,67,3,,,,64
1996-09,Torts,Other,44,43,3,64,2,,,,62
1996-10,Torts,Other,67,62,2,60,10,,2,,48
1996-11,Torts,Other,63,49,0,39,9,,,,30
1996-12,Torts,Other,57,55,5,60,10,,,,50
1997-01,Torts,Other,59,68,12,66,13,,,1,52
1997-02,Torts,Other,51,47,10,46,3,,,,43
1997-03,Torts,Other,92,65,11,42,4,1,,,37
1997-04,Torts,Other,63,66,5,68,2,,3,,63
1997-05,Torts,Other,78,57,13,70,4,,2,,64
1997-06,Torts,Other,72,68,13,54,,,1,,53
1997-07,Torts,Other,62,54,8,56,1,,,,55
1997-08,Torts,Other,63,45,12,55,2,,2,,51
1997-09,Torts,Other,56,54,9,70,2,,,,68
1997-10,Torts,Other,38,64,4,62,1,,1,,60
1997-11,Torts,Other,83,60,1,33,1,,,1,31
1997-12,Torts,Other,67,72,3,49,3,,1,,45
1998-01,Torts,Other,89,61,7,57,2,2,,,53
1998-02,Torts,Other,49,65,43,55,5,,,,50
1998-03,Torts,Other,88,54,5,71,,,1,,70
1998-04,Torts,Other,46,50,5,65,6,,3,,56
1998-05,Torts,Other,71,64,3,75,,,,1,74
1998-06,Torts,Other,77,71,4,65,1,,,,64
1998-07,Torts,Other,65,53,9,58,7,,,,51
1998-08,Torts,Other,87,61,7,61,4,,,1,56
1998-09,Torts,Other,75,56,9,74,3,1,1,,69
1998-10,Torts,Other,77,87,5,61,1,,2,,58
1998-11,Torts,Other,62,53,11,57,2,1,,,54
1998-12,Torts,Other,70,62,10,59,,2,,,57
1999-01,Torts,Other,47,54,3,51,4,,1,,46
1999-02,Torts,Other,95,54,18,42,2,,,1,39
1999-03,Torts,Other,70,60,13,63,3,,2,,58
1999-04,Torts,Other,83,49,6,53,2,1,,,50
1999-05,Torts,Other,38,62,7,49,3,,,3,43
1999-06,Torts,Other,83,70,10,72,4,,,,68
1999-07,Torts,Other,68,61,9,58,6,,1,,51
1999-08,Torts,Other,40,59,38,41,7,,,,34
1999-09,Torts,Other,85,54,25,63,10,3,,3,47
1999-10,Torts,Other,31,47,6,58,8,24,1,17,8
1999-11,Torts,Other,65,59,6,57,11,20,2,11,13
1999-12,Torts,Other,85,49,3,41,11,4,,3,23
2000-01,Torts,Other,68,50,4,59,11,4,1,1,42
2000-02,Torts,Other,53,51,5,27,7,5,,4,11
2000-03,Torts,Other,65,62,18,86,19,6,1,2,58
2000-04,Torts,Other,50,46,6,53,5,3,,2,43
2000-05,Torts,Other,66,46,13,64,11,6,1,3,43
2000-06,Torts,Other,97,41,6,53,10,5,,4,34
2000-07,Torts,Other,47,38,5,61,6,7,,4,44
2000-08,Torts,Other,85,61,10,64,5,8,,6,45
2000-09,Torts,Other,48,59,9,109,10,3,1,9,86
2000-10,Torts,Other,34,50,5,50,9,6,,2,33
2000-11,Torts,Other,86,46,6,39,5,2,1,4,27
2000-12,Torts,Other,56,46,8,47,8,,1,4,34
2001-01,Torts,Other,65,54,5,52,8,4,1,3,36
2001-02,Torts,Other,80,42,9,56,7,4,,3,42
2001-03,Torts,Other,55,62,13,80,13,4,1,3,59
2001-04,Torts,Other,60,46,18,64,6,3,1,3,51
2001-05,Torts,Other,76,63,7,63,7,8,1,4,43
2001-06,Torts,Other,61,51,14,51,5,4,,3,39
2001-07,Torts,Other,74,45,2,54,9,2,,3,40
2001-08,Torts,Other,70,58,7,49,7,1,,8,33
2001-09,Torts,Other,63,33,14,47,15,4,,3,25
2001-10,Torts,Other,67,63,14,64,16,3,1,3,41
2001-11,Torts,Other,65,51,13,42,8,1,,2,31
2001-12,Torts,Other,58,38,2,42,8,5,,3,26
2002-01,Torts,Other,74,53,21,58,4,5,,4,45
2002-02,Torts,Other,81,58,19,48,8,8,,6,26
2002-03,Torts,Other,64,43,11,70,16,5,,3,46
2002-04,Torts,Other,69,56,14,48,6,5,,5,32
2002-05,Torts,Other,85,60,17,36,5,2,,5,24
2002-06,Torts,Other,56,45,14,45,9,6,,3,27
2002-07,Torts,Other,60,44,8,44,9,3,,3,29
2002-08,Torts,Other,64,49,25,48,11,5,,2,30
2002-09,Torts,Other,69,40,34,46,6,3,1,6,30
2002-10,Torts,Other,80,51,11,56,8,3,1,2,42
2002-11,Torts,Other,61,39,14,42,3,2,1,4,32
2002-12,Torts,Other,55,59,5,53,7,1,,2,43
2003-01,Torts,Other,94,68,16,47,7,4,,3,33
2003-02,Torts,Other,71,42,15,42,6,6,,2,28
2003-03,Torts,Other,76,54,22,36,4,5,,6,21
2003-04,Torts,Other,95,60,12,51,4,3,,4,40
2003-05,Torts,Other,121,73,15,40,4,6,,1,29
2003-06,Torts,Other,97,53,13,62,14,1,,4,43
2003-07,Torts,Other,82,48,30,47,8,6,,2,31
2003-08,Torts,Other,95,53,39,54,10,12,,2,30
2003-09,Torts,Other,85,39,31,49,12,5,,4,28
2003-10,Torts,Other,92,48,23,39,6,3,,1,29
2003-11,Torts,Other,60,35,27,35,9,2,,1,23
2003-12,Torts,Other,61,46,30,64,7,9,,2,46
2004-01,Torts,Other,97,58,24,63,8,6,,4,45
2004-02,Torts,Other,92,45,39,43,9,4,,1,29
2004-03,Torts,Other,145,77,42,86,16,10,,5,55
2004-04,Torts,Other,113,47,30,44,9,2,1,1,31
2004-05,Torts,Other,107,57,26,47,7,5,,5,30
2004-06,Torts,Other,108,54,26,44,7,5,,2,30
2004-07,Torts,Other,96,52,40,40,8,3,,2,27
2004-08,Torts,Other,94,55,43,56,5,13,1,3,34
2004-09,Torts,Other,103,62,29,72,18,5,,2,47
2004-10,Torts,Other,112,55,22,48,9,5,,3,31
2004-11,Torts,Other,100,37,23,44,5,5,,2,32
2004-12,Torts,Other,76,31,37,47,11,1,3,2,30
2005-01,Torts,Other,80,46,34,55,11,5,,3,36
2005-02,Torts,Other,94,35,46,54,12,4,1,2,35
2005-03,Torts,Other,84,30,46,59,13,7,,3,36
2005-04,Torts,Other,91,43,28,42,8,4,1,3,26
2005-05,Torts,Other,69,33,22,43,7,4,,2,30
2005-06,Torts,Other,99,25,36,47,10,3,,4,30
2005-07,Torts,Other,91,31,29,43,10,9,,2,22
2005-08,Torts,Other,94,42,53,53,13,5,,1,34
2005-09,Torts,Other,103,22,37,46,14,1,,4,27
2005-10,Torts,Other,69,32,35,45,10,2,,3,30
2005-11,Torts,Other,65,20,47,44,16,5,,4,19
2005-12,Torts,Other,77,31,41,39,6,1,,3,29
2006-01,Torts,Other,84,29,30,43,6,12,,4,21
2006-02,Torts,Other,75,29,43,33,10,4,,4,15
2006-03,Torts,Other,88,23,58,58,16,6,1,3,32
2006-04,Torts,Other,98,23,45,27,7,4,,3,13
2006-05,Torts,Other,99,29,45,23,8,2,,1,12
2006-06,Torts,Other,85,27,59,38,10,3,,3,22
2006-07,Torts,Other,69,23,46,31,6,6,,2,17
2006-08,Torts,Other,95,36,51,33,10,5,,1,17
2006-09,Torts,Other,110,30,55,40,6,12,,6,16
2006-10,Torts,Other,80,30,41,24,5,,1,5,13
2006-11,Torts,Other,94,25,34,41,19,4,,2,16
2006-12,Torts,Other,78,18,18,25,6,3,,5,11
2007-01,Torts,Other,93,27,37,33,12,3,,2,16
2007-02,Torts,Other,66,16,59,19,8,1,,3,7
2007-03,Torts,Other,91,20,104,40,18,6,1,5,10
2007-04,Torts,Other,71,23,61,39,11,8,,7,13
2007-05,Torts,Other,77,18,51,22,9,2,,3,8
2007-06,Torts,Other,67,37,43,26,14,3,,,9
2007-07,Torts,Other,59,28,25,24,7,3,,3,11
2007-08,Torts,Other,96,44,57,40,14,7,,3,16
2007-09,Torts,Other,87,31,70,30,17,,,2,11
2007-10,Torts,Other,100,38,111,26,7,2,1,3,13
2007-11,Torts,Other,89,20,39,33,13,3,2,5,10
2007-12,Torts,Other,59,19,33,19,7,3,,1,8
2008-01,Torts,Other,99,21,75,23,9,2,,1,11
2008-02,Torts,Other,52,19,92,28,14,1,,6,7
2008-03,Torts,Other,60,18,77,26,13,1,,4,8
2008-04,Torts,Other,80,13,97,25,8,3,,1,13
2008-05,Torts,Other,64,23,61,22,9,1,,2,10
2008-06,Torts,Other,73,31,53,20,10,1,,2,7
2008-07,Torts,Other,78,22,57,21,9,1,,3,8
2008-08,Torts,Other,61,15,37,26,8,1,,3,14
2008-09,Torts,Other,64,17,89,28,11,,,3,14
2008-10,Torts,Other,71,24,66,26,12,4,,2,8
2008-11,Torts,Other,81,20,47,31,9,5,,1,16
2008-12,Torts,Other,61,18,26,15,3,1,,3,8
2009-01,Torts,Other,79,21,64,23,11,3,,3,6
2009-02,Torts,Other,83,19,35,14,3,2,,2,7
2009-03,Torts,Other,92,22,40,38,19,2,,3,14
2009-04,Torts,Other,93,24,45,26,12,2,,5,7
2009-05,Torts,Other,76,25,34,20,8,1,,6,5
2009-06,Torts,Other,87,20,56,24,10,2,,2,10
2009-07,Torts,Other,95,22,37,21,7,2,,1,11
2009-08,Torts,Other,77,16,44,19,9,,,2,8
2009-09,Torts,Other,57,23,71,29,13,4,,,12
2009-10,Torts,Other,96,17,47,17,5,1,,3,8
2009-11,Torts,Other,105,30,43,25,6,5,,,14
2009-12,Torts,Other,66,14,30,18,9,2,,3,4
2010-01,Torts,Other,111,22,67,18,4,1,,4,9
2010-02,Torts,Other,113,27,38,59,3,44,,3,9
2010-03,Torts,Other,134,29,75,41,16,2,1,3,19
2010-04,Torts,Other,90,21,54,20,6,,,1,13
2010-05,Torts,Other,71,27,58,22,8,,,3,11
2010-06,Torts,Other,93,30,84,25,12,4,,3,6
2010-07,Torts,Other,86,16,44,15,5,,,,10
2010-08,Torts,Other,125,29,54,20,4,1,,1,14
2010-09,Torts,Other,104,17,100,28,10,1,2,2,13
2010-10,Torts,Other,83,22,45,16,6,1,,,9
2010-11,Torts,Other,81,13,39,23,12,1,,3,7
2010-12,Torts,Other,74,20,29,24,6,,,8,10
2011-01,Torts,Other,133,29,121,23,7,3,,2,11
2011-02,Torts,Other,94,28,32,16,7,2,1,,6
2011-03,Torts,Other,119,24,121,28,12,2,,2,12
2011-04,Torts,Other,79,21,49,23,4,3,,6,10
2011-05,Torts,Other,124,27,41,21,4,3,,3,11
2011-06,Torts,Other,114,22,55,26,14,1,,4,7
2011-07,Torts,Other,106,21,61,23,8,2,,5,8
2011-08,Torts,Other,114,23,68,25,8,2,1,4,10
2011-09,Torts,Other,101,19,119,28,16,1,1,2,8
2011-10,Torts,Other,101,26,89,28,10,2,,5,11
2011-11,Torts,Other,123,23,85,25,12,3,,,10
2011-12,Torts,Other,88,19,62,17,4,2,,4,7
2012-01,Torts,Other,129,26,91,10,4,1,,2,3
2012-02,Torts,Other,128,23,88,19,7,4,,2,6
2012-03,Torts,Other,156,20,58,32,16,,,6,10
2012-04,Torts,Other,144,34,121,18,4,4,,2,8
2012-05,Torts,Other,166,32,161,22,7,,,2,13
2012-06,Torts,Other,139,27,107,19,8,2,,,9
2012-07,Torts,Other,137,32,88,39,16,4,,3,16
2012-08,Torts,Other,165,16,97,23,12,1,,5,5
2012-09,Torts,Other,140,23,89,27,12,1,,3,11
2012-10,Torts,Other,144,20,82,19,7,1,,1,10
2012-11,Torts,Other,137,24,53,28,13,5,,,10
2012-12,Torts,Other,125,22,67,13,1,3,,3,6
2013-01,Torts,Other,122,22,77,22,6,7,,3,6
2013-02,Torts,Other,100,15,88,16,8,2,,2,4
2013-03,Torts,Other,149,26,92,37,20,1,,3,13
2013-04,Torts,Other,132,15,94,22,7,3,1,1,10
2013-05,Torts,Other,99,21,109,18,8,1,,2,7
2013-06,Torts,Other,89,14,85,22,7,2,,5,8
2013-07,Torts,Other,119,15,77,25,8,5,1,1,10
2013-08,Torts,Other,97,17,76,20,4,2,,5,9
2013-09,Torts,Other,96,25,110,23,10,2,1,1,9
2013-10,Torts,Other,117,19,71,20,8,3,,1,8
2013-11,Torts,Other,88,12,79,14,2,,,3,9
2013-12,Torts,Other,72,18,79,19,7,3,,2,7
2014-01,Torts,Other,102,17,78,22,12,1,,1,8
2014-02,Torts,Other,107,11,61,18,4,3,,1,10
2014-03,Torts,Other,119,14,74,23,10,2,,2,9
2014-04,Torts,Other,106,15,114,10,5,1,,,4
2014-05,Torts,Other,104,13,97,12,4,1,,2,5
2014-06,Torts,Other,95,20,72,9,2,,,3,4
2014-07,Torts,Other,110,12,95,14,6,1,,4,3
2014-08,Torts,Other,120,21,77,10,7,,,1,2
2014-09,Torts,Other,108,10,153,14,9,1,,,4
2014-10,Torts,Other,121,19,76,19,5,4,,3,7
2014-11,Torts,Other,102,10,68,19,6,2,,3,8
2014-12,Torts,Other,86,8,64,11,3,,,4,4
2015-01,Torts,Other,102,13,50,19,9,1,,2,7
2015-02,Torts,Other,113,11,78,12,1,,,1,10
2015-03,Torts,Other,136,18,104,26,10,,1,6,9
2015-04,Torts,Other,100,13,101,15,7,2,,1,5
2015-05,Torts,Other,108,11,109,11,9,1,,,1
2015-06,Torts,Other,116,15,125,24,18,1,,2,3
2015-07,Torts,Other,114,13,103,23,10,1,,1,11
2015-08,Torts,Other,94,10,103,21,13,,,,8
2015-09,Torts,Other,93,12,109,25,14,2,,1,8
2015-10,Torts,Other,91,12,111,20,7,5,,3,5
2015-11,Torts,Other,86,9,79,11,2,2,,3,4
2015-12,Torts,Other,61,6,72,17,6,,1,3,7
2016-01,Torts,Other,74,10,86,13,5,2,,,6
2016-02,Torts,Other,79,8,107,23,7,,,2,14
2016-03,Torts,Other,96,18,140,16,8,,,,8
2016-04,Torts,Other,84,6,275,14,8,,,3,3
2016-05,Torts,Other,70,11,161,15,4,,1,2,8
2016-06,Torts,Other,78,20,84,14,6,1,,4,3
2016-07,Torts,Other,56,10,133,11,3,1,,2,5
2016-08,Torts,Other,88,8,124,12,2,1,,4,5
2016-09,Torts,Other,72,13,115,11,5,1,,1,4
2016-10,Torts,Other,71,17,87,10,6,1,,,3
2016-11,Torts,Other,63,22,71,11,4,,,,7
2016-12,Torts,Other,67,17,89,4,,,,,4
2017-01,Torts,Other,58,17,39,13,3,,,3,7
2017-02,Torts,Other,58,17,60,14,8,,,1,5
2017-03,Torts,Other,82,20,87,12,4,,,,8
2017-04,Torts,Other,48,20,49,15,5,,,1,9
2017-05,Torts,Other,62,19,66,20,8,,,,12
2017-06,Torts,Other,85,18,68,15,4,,,2,9
2017-07,Torts,Other,100,18,74,20,6,4,,3,7
2017-08,Torts,Other,98,11,61,13,7,2,,1,3
2017-09,Torts,Other,90,20,59,14,6,,,3,5
2017-10,Torts,Other,84,15,70,15,4,,,4,7
2017-11,Torts,Other,78,7,67,14,5,,,3,6
2017-12,Torts,Other,68,10,69,6,2,,,2,2
2018-01,Torts,Other,69,13,79,13,5,1,,4,3
2018-02,Torts,Other,68,11,48,13,4,,,3,6
2018-03,Torts,Other,69,14,81,23,11,2,,3,7
2018-04,Torts,Other,53,12,60,9,3,,,3,3
2018-05,Torts,Other,63,12,86,17,8,1,,3,5
2018-06,Torts,Other,35,9,61,16,9,,,,7
2018-07,Torts,Other,58,15,51,19,9,,,2,8
2018-08,Torts,Other,58,15,75,14,7,,,2,5
2018-09,Torts,Other,32,12,49,21,10,1,,5,5
2018-10,Torts,Other,30,26,53,14,5,1,,1,7
2018-11,Torts,Other,19,12,2,13,2,1,,,10
2018-12,Torts,Other,15,15,7,13,6,,,4,3
2019-01,Torts,Other,7,10,2,9,2,1,,4,2
2019-02,Torts,Other,32,30,4,12,3,1,1,1,6
2019-03,Torts,Other,22,20,5,28,15,,1,4,8
2019-04,Torts,Other,21,15,1,10,5,1,,2,2
2019-05,Torts,Other,17,9,4,20,9,,,1,10
2019-06,Torts,Other,31,21,2,11,4,1,,1,5
2019-07,Torts,Other,25,12,2,16,5,2,1,,8
2019-08,Torts,Other,24,25,11,19,5,,,4,10
2019-09,Torts,Other,24,16,2,23,8,3,,3,9
2019-10,Torts,Other,15,17,4,9,4,,,1,4
2019-11,Torts,Other,16,8,2,13,6,1,,3,3
2019-12,Torts,Other,21,12,4,13,5,,,2,6
2020-01,Torts,Other,18,21,0,15,8,4,,,3
2020-02,Torts,Other,18,11,3,18,9,1,,2,6
2020-03,Torts,Other,24,9,6,19,7,,1,4,7
2020-04,Torts,Other,25,21,2,10,5,,,,5
2020-05,Torts,Other,19,9,8,7,3,,,1,3
2020-06,Torts,Other,20,9,4,15,8,,,,7
2020-07,Torts,Other,29,18,4,16,9,1,,,6
2020-08,Torts,Other,19,11,9,17,5,2,,1,9
2020-09,Torts,Other,15,15,6,13,7,1,,1,4
2020-10,Torts,Other,13,9,5,13,4,1,,2,6
2020-11,Torts,Other,7,14,5,10,6,,,2,2
2020-12,Torts,Other,13,11,4,17,12,1,,,4
2021-01,Torts,Other,10,15,6,10,3,,,,7
2021-02,Torts,Other,6,5,5,13,5,,,3,5
2021-03,Torts,Other,16,12,4,23,15,,,4,4
2021-04,Torts,Other,23,18,3,12,6,,1,,5
2021-05,Torts,Other,14,14,3,19,4,,,3,12
2021-06,Torts,Other,13,11,8,13,3,,,3,7
2021-07,Torts,Other,14,12,3,23,7,2,1,2,11
2021-08,Torts,Other,15,9,1,10,5,1,,,4
2021-09,Torts,Other,10,9,9,13,6,1,,1,5
2021-10,Torts,Other,19,20,4,14,7,2,,3,2
2021-11,Torts,Other,20,15,4,12,4,,1,3,4
2021-12,Torts,Other,12,9,0,15,6,1,,1,7
2022-01,Torts,Other,7,14,5,18,3,,,,15
2022-02,Torts,Other,21,12,2,8,3,,,,5
2022-03,Torts,Other,11,17,2,18,8,1,1,,8
2022-04,Torts,Other,13,14,5,11,3,,1,1,6
2022-05,Torts,Other,14,35,2,14,8,2,,,4
2022-06,Torts,Other,22,18,1,21,10,2,,2,7
2022-07,Torts,Other,10,17,1,15,3,1,,2,9
2022-08,Torts,Other,30,7,3,11,5,1,,1,4
2022-09,Torts,Other,14,6,3,14,9,,,2,3
2022-10,Torts,Other,12,10,0,13,7,,,1,5
2022-11,Torts,Other,36,9,3,12,8,1,,1,2
2022-12,Torts,Other,10,11,1,13,8,2,,,3
2023-01,Torts,Other,17,8,0,11,5,2,,3,1
2023-02,Torts,Other,7,8,7,14,4,1,,3,6
2023-03,Torts,Other,10,6,2,14,4,,,1,9
2023-04,Torts,Other,7,4,0,7,2,,,2,3
2023-05,Torts,Other,7,13,3,15,8,2,,2,3
2023-06,Torts,Other,11,6,2,14,6,,,2,6
2023-07,Torts,Other,4,1,1,15,10,,,1,4
2023-08,Torts,Other,19,16,0,15,9,2,,3,1
2023-09,Torts,Other,7,7,1,20,11,2,,2,5
2023-10,Torts,Other,9,12,0,12,5,,,1,6
2023-11,Torts,Other,9,13,2,12,7,,,,5
2023-12,Torts,Other,17,11,1,8,6,,,2,
2024-01,Torts,Other,13,3,2,6,,,2,2,2
2024-02,Torts,Other,5,5,1,12,6,1,,1,4
2024-03,Torts,Other,4,8,4,21,12,2,,1,6
2024-04,Torts,Other,12,6,0,18,8,,,2,8
2024-05,Torts,Other,8,17,1,13,6,1,,3,3
2024-06,Torts,Other,14,8,1,9,4,1,,1,3
2024-07,Torts,Other,10,12,0,10,5,,,1,4
2024-08,Torts,Other,17,15,1,16,2,3,,1,10
2024-09,Torts,Other,7,8,23,6,3,,,2,1
2024-10,Torts,Other,7,20,2,8,1,,,4,3
2024-11,Torts,Other,12,11,0,4,2,,,2,
2024-12,Torts,Other,23,8,4,16,4,2,,2,8
2025-01,Torts,Other,9,5,1,25,4,,,2,19
2025-02,Torts,Other,29,23,1,9,2,,,3,4
2025-03,Torts,Other,13,16,4,13,5,,,3,5
2025-04,Torts,Other,9,9,10,6,2,1,,2,1
2025-05,Torts,Other,14,10,318,9,4,,,2,3
2025-06,Torts,Other,9,4,77,4,1,1,,,2
2025-07,Torts,Other,7,4,5,5,4,1,,,
2025-08,Torts,Other,6,7,6,13,4,2,,,7
2025-09,Torts,Other,8,6,1,24,7,,,4,13
2025-10,Torts,Other,3,3,1,5,2,,,,3
2025-11,Torts,Other,9,8,0,3,,2,,,1
2025-12,Torts,Other,9,7,0,7,2,,,3,2
2026-01,Torts,Other,5,5,0,12,1,2,,1,8
2026-02,Torts,Other,7,7,0,14,9,,,,5
2026-03,Torts,Other,7,3,1,4,2,1,,1,
2026-04,Torts,Other,9,8,0,2,,1,,,1
2026-05,Torts,Other,7,4,0,3,1,,,,2
1994-10,ALL,Plaintiff,1700,1106,438,902,198,,10,,694
1994-11,ALL,Plaintiff,1717,1060,479,1076,182,,11,,883
1994-12,ALL,Plaintiff,1532,925,475,1081,205,,17,,859
1995-01,ALL,Plaintiff,1731,1024,711,1106,234,4,4,,864
1995-02,ALL,Plaintiff,1634,996,484,1095,219,2,7,,867
1995-03,ALL,Plaintiff,1892,1365,541,1159,201,1,8,1,948
1995-04,ALL,Plaintiff,1580,1132,486,1149,184,1,7,2,955
1995-05,ALL,Plaintiff,1676,1154,543,1159,204,,8,1,946
1995-06,ALL,Plaintiff,1656,1135,477,1221,263,,11,1,946
1995-07,ALL,Plaintiff,1372,1023,476,951,162,2,3,1,783
1995-08,ALL,Plaintiff,1960,1055,491,1086,222,2,5,2,855
1995-09,ALL,Plaintiff,1413,899,548,1147,190,1,8,,948
1995-10,ALL,Plaintiff,1953,1008,447,969,186,,7,1,775
1995-11,ALL,Plaintiff,1309,857,415,939,180,1,6,,752
1995-12,ALL,Plaintiff,1134,876,364,942,161,1,4,,776
1996-01,ALL,Plaintiff,1352,988,493,1126,184,2,6,1,933
1996-02,ALL,Plaintiff,1761,1135,524,1109,199,,9,1,900
1996-03,ALL,Plaintiff,1795,1107,509,1109,176,,5,2,926
1996-04,ALL,Plaintiff,1717,1017,537,1060,214,2,9,,835
1996-05,ALL,Plaintiff,1916,965,573,1056,179,3,6,2,866
1996-06,ALL,Plaintiff,1355,938,730,1202,188,2,12,1,999
1996-07,ALL,Plaintiff,1633,942,510,1111,222,2,9,,878
1996-08,ALL,Plaintiff,1618,934,478,1184,178,7,7,,992
1996-09,ALL,Plaintiff,1475,916,543,1299,240,2,6,3,1048
1996-10,ALL,Plaintiff,1462,946,392,1041,178,6,11,1,845
1996-11,ALL,Plaintiff,1587,808,385,887,129,3,7,2,746
1996-12,ALL,Plaintiff,1289,871,471,925,133,11,9,3,769
1997-01,ALL,Plaintiff,1877,942,598,1060,168,8,6,2,876
1997-02,ALL,Plaintiff,1609,886,365,1087,283,6,5,1,792
1997-03,ALL,Plaintiff,1825,928,529,1032,192,5,2,,833
1997-04,ALL,Plaintiff,1790,1091,485,1186,214,7,1,2,962
1997-05,ALL,Plaintiff,1703,904,710,1109,161,4,4,1,939
1997-06,ALL,Plaintiff,1620,860,428,1174,161,6,2,,1005
1997-07,ALL,Plaintiff,2309,932,566,1204,171,2,6,2,1023
1997-08,ALL,Plaintiff,1634,891,466,934,147,,6,1,780
1997-09,ALL,Plaintiff,1924,922,593,979,142,,13,6,818
1997-10,ALL,Plaintiff,1630,915,410,1163,144,6,10,1,1002
1997-11,ALL,Plaintiff,1352,619,308,875,118,3,7,1,746
1997-12,ALL,Plaintiff,1372,703,401,804,145,17,6,5,631
1998-01,ALL,Plaintiff,1378,726,697,863,146,5,6,3,703
1998-02,ALL,Plaintiff,1439,662,1010,760,147,3,8,5,597
1998-03,ALL,Plaintiff,1490,831,937,925,154,8,5,3,755
1998-04,ALL,Plaintiff,1501,775,745,801,141,4,4,1,651
1998-05,ALL,Plaintiff,1305,777,730,700,119,8,1,4,568
1998-06,ALL,Plaintiff,1322,773,723,796,149,7,2,3,635
1998-07,ALL,Plaintiff,1280,734,955,919,189,5,5,3,717
1998-08,ALL,Plaintiff,1170,630,646,978,221,23,8,1,725
1998-09,ALL,Plaintiff,1095,659,975,1043,174,44,12,5,808
1998-10,ALL,Plaintiff,1256,578,485,663,130,7,9,3,514
1998-11,ALL,Plaintiff,1115,571,484,593,152,9,7,3,422
1998-12,ALL,Plaintiff,1127,727,967,702,163,15,6,6,512
1999-01,ALL,Plaintiff,1050,564,749,611,133,2,4,7,465
1999-02,ALL,Plaintiff,1136,624,550,658,166,10,6,4,472
1999-03,ALL,Plaintiff,1475,810,597,851,218,19,11,7,596
1999-04,ALL,Plaintiff,1158,706,620,708,152,23,9,6,518
1999-05,ALL,Plaintiff,1168,721,643,666,169,15,2,12,468
1999-06,ALL,Plaintiff,1377,722,618,736,190,18,18,12,498
1999-07,ALL,Plaintiff,1298,807,781,734,229,21,6,7,471
1999-08,ALL,Plaintiff,1382,794,515,718,229,21,7,22,439
1999-09,ALL,Plaintiff,1347,760,691,717,301,47,10,26,333
1999-10,ALL,Plaintiff,1206,730,546,651,353,68,10,36,184
1999-11,ALL,Plaintiff,1141,757,408,677,367,67,16,63,164
1999-12,ALL,Plaintiff,1325,775,472,739,407,73,15,47,197
2000-01,ALL,Plaintiff,1226,852,434,772,384,102,20,57,209
2000-02,ALL,Plaintiff,1241,814,553,727,429,61,16,55,166
2000-03,ALL,Plaintiff,1542,939,900,963,554,86,18,95,210
2000-04,ALL,Plaintiff,1294,764,477,718,408,77,9,56,168
2000-05,ALL,Plaintiff,1444,831,475,790,444,94,17,65,170
2000-06,ALL,Plaintiff,1325,866,471,756,434,82,13,66,161
2000-07,ALL,Plaintiff,1272,767,546,744,425,77,36,66,140
2000-08,ALL,Plaintiff,1441,1129,727,975,496,103,24,93,259
2000-09,ALL,Plaintiff,1349,784,456,931,435,96,18,74,308
2000-10,ALL,Plaintiff,1190,828,491,850,467,105,15,77,186
2000-11,ALL,Plaintiff,1209,724,472,673,396,83,13,55,126
2000-12,ALL,Plaintiff,1072,597,380,603,323,76,11,53,140
2001-01,ALL,Plaintiff,1286,726,463,794,446,141,8,57,142
2001-02,ALL,Plaintiff,1222,676,462,687,395,78,25,44,145
2001-03,ALL,Plaintiff,1406,883,698,802,457,131,19,46,149
2001-04,ALL,Plaintiff,1288,769,560,657,353,104,12,52,136
2001-05,ALL,Plaintiff,1416,806,561,756,419,111,22,55,149
2001-06,ALL,Plaintiff,1476,945,581,618,353,92,7,36,130
2001-07,ALL,Plaintiff,1240,771,499,750,411,114,10,55,160
2001-08,ALL,Plaintiff,1408,903,590,759,363,122,14,56,204
2001-09,ALL,Plaintiff,1204,640,848,728,305,113,12,34,264
2001-10,ALL,Plaintiff,1400,827,581,635,356,75,11,32,161
2001-11,ALL,Plaintiff,1156,763,508,656,383,69,5,52,147
2001-12,ALL,Plaintiff,1007,656,323,528,285,67,10,46,120
2002-01,ALL,Plaintiff,1121,658,529,693,432,81,11,35,134
2002-02,ALL,Plaintiff,1121,794,510,665,346,85,10,41,183
2002-03,ALL,Plaintiff,1119,816,476,736,424,67,11,47,187
2002-04,ALL,Plaintiff,1385,853,447,753,412,99,11,45,186
2002-05,ALL,Plaintiff,1202,753,705,850,503,125,13,47,162
2002-06,ALL,Plaintiff,1223,799,488,725,398,95,13,38,181
2002-07,ALL,Plaintiff,1297,807,503,719,391,100,7,41,180
2002-08,ALL,Plaintiff,1245,738,408,736,429,73,14,40,180
2002-09,ALL,Plaintiff,1183,703,645,768,447,69,10,64,178
2002-10,ALL,Plaintiff,1204,714,863,922,493,87,10,66,266
2002-11,ALL,Plaintiff,1096,697,773,776,398,67,12,43,256
2002-12,ALL,Plaintiff,1009,615,468,738,416,115,13,46,148
2003-01,ALL,Plaintiff,1004,692,421,937,532,127,9,58,211
2003-02,ALL,Plaintiff,1004,676,361,712,347,122,10,46,187
2003-03,ALL,Plaintiff,1089,714,611,785,450,53,4,47,231
2003-04,ALL,Plaintiff,1232,683,652,848,479,94,7,42,226
2003-05,ALL,Plaintiff,1206,830,447,700,403,66,8,59,164
2003-06,ALL,Plaintiff,1230,699,432,724,373,95,9,68,179
2003-07,ALL,Plaintiff,1180,680,474,830,394,169,1,54,212
2003-08,ALL,Plaintiff,1059,711,400,670,352,106,6,39,167
2003-09,ALL,Plaintiff,1052,642,646,732,390,98,9,53,182
2003-10,ALL,Plaintiff,1154,753,357,696,369,79,7,67,174
2003-11,ALL,Plaintiff,916,550,289,487,284,38,6,42,117
2003-12,ALL,Plaintiff,1015,582,378,664,347,79,4,39,195
2004-01,ALL,Plaintiff,1029,589,433,679,358,64,9,41,207
2004-02,ALL,Plaintiff,986,702,502,637,355,68,8,51,155
2004-03,ALL,Plaintiff,1317,830,601,1246,510,74,20,68,574
2004-04,ALL,Plaintiff,1147,733,394,623,343,65,4,58,153
2004-05,ALL,Plaintiff,1082,688,287,576,308,74,3,49,142
2004-06,ALL,Plaintiff,1045,590,354,973,571,140,5,54,203
2004-07,ALL,Plaintiff,1051,747,400,738,432,100,10,48,148
2004-08,ALL,Plaintiff,1253,679,389,713,406,57,8,59,183
2004-09,ALL,Plaintiff,955,611,628,735,392,69,7,60,207
2004-10,ALL,Plaintiff,948,645,308,695,399,65,9,44,178
2004-11,ALL,Plaintiff,924,673,322,630,361,67,8,52,142
2004-12,ALL,Plaintiff,1176,571,309,577,287,79,7,52,152
2005-01,ALL,Plaintiff,1016,676,338,692,404,64,11,52,161
2005-02,ALL,Plaintiff,1046,707,346,721,460,59,7,48,147
2005-03,ALL,Plaintiff,1257,758,622,847,506,85,7,51,198
2005-04,ALL,Plaintiff,1077,744,420,772,452,77,12,53,178
2005-05,ALL,Plaintiff,1070,681,302,671,426,50,7,53,135
2005-06,ALL,Plaintiff,1221,775,372,817,492,52,14,48,211
2005-07,ALL,Plaintiff,1024,684,356,723,476,57,4,43,143
2005-08,ALL,Plaintiff,1122,818,488,847,529,56,9,66,187
2005-09,ALL,Plaintiff,1159,827,485,811,479,62,14,56,200
2005-10,ALL,Plaintiff,1018,685,292,676,378,54,9,47,188
2005-11,ALL,Plaintiff,1058,574,320,667,389,54,4,52,168
2005-12,ALL,Plaintiff,905,552,279,651,355,68,15,45,168
2006-01,ALL,Plaintiff,1014,621,475,703,376,74,10,60,183
2006-02,ALL,Plaintiff,986,664,403,653,367,70,2,56,158
2006-03,ALL,Plaintiff,1444,759,524,1019,603,79,13,73,251
2006-04,ALL,Plaintiff,1035,649,329,644,367,69,8,38,162
2006-05,ALL,Plaintiff,1080,658,309,627,309,53,7,60,198
2006-06,ALL,Plaintiff,1022,673,411,735,370,69,7,51,238
2006-07,ALL,Plaintiff,844,548,345,649,311,70,6,61,201
2006-08,ALL,Plaintiff,990,589,401,658,324,85,4,35,210
2006-09,ALL,Plaintiff,955,585,527,723,380,69,8,58,208
2006-10,ALL,Plaintiff,944,539,456,691,310,51,8,47,275
2006-11,ALL,Plaintiff,834,506,320,568,266,60,4,47,191
2006-12,ALL,Plaintiff,858,524,246,450,249,32,10,25,134
2007-01,ALL,Plaintiff,828,511,369,624,335,57,13,57,162
2007-02,ALL,Plaintiff,944,532,328,593,308,57,9,44,175
2007-03,ALL,Plaintiff,1079,562,532,737,389,62,7,51,228
2007-04,ALL,Plaintiff,1003,576,390,640,299,61,4,49,227
2007-05,ALL,Plaintiff,1029,574,508,688,335,75,13,46,219
2007-06,ALL,Plaintiff,975,596,411,553,277,51,7,57,161
2007-07,ALL,Plaintiff,1202,653,418,577,302,42,5,43,185
2007-08,ALL,Plaintiff,1045,596,532,765,371,32,10,52,300
2007-09,ALL,Plaintiff,976,564,548,617,330,54,13,51,169
2007-10,ALL,Plaintiff,910,568,501,667,317,47,9,54,240
2007-11,ALL,Plaintiff,773,472,323,495,286,50,8,28,123
2007-12,ALL,Plaintiff,774,446,341,435,232,41,5,27,130
2008-01,ALL,Plaintiff,949,607,377,510,238,48,8,55,161
2008-02,ALL,Plaintiff,1145,756,413,571,293,59,9,43,167
2008-03,ALL,Plaintiff,1547,1149,567,854,341,51,146,62,254
2008-04,ALL,Plaintiff,1350,720,500,770,349,54,125,51,191
2008-05,ALL,Plaintiff,1108,659,370,706,345,48,98,48,167
2008-06,ALL,Plaintiff,1070,682,317,668,355,45,59,58,151
2008-07,ALL,Plaintiff,1133,693,410,736,375,48,61,56,196
2008-08,ALL,Plaintiff,1006,547,523,634,325,41,39,46,183
2008-09,ALL,Plaintiff,1023,547,591,699,328,63,42,59,207
2008-10,ALL,Plaintiff,1007,593,431,620,313,42,31,62,172
2008-11,ALL,Plaintiff,806,501,413,511,289,40,26,40,116
2008-12,ALL,Plaintiff,839,479,289,588,329,63,28,51,117
2009-01,ALL,Plaintiff,903,497,352,579,276,65,23,40,175
2009-02,ALL,Plaintiff,856,478,366,572,305,64,12,63,128
2009-03,ALL,Plaintiff,1134,541,683,661,333,44,23,70,191
2009-04,ALL,Plaintiff,968,516,457,594,289,57,27,62,159
2009-05,ALL,Plaintiff,937,475,1120,526,253,51,8,55,159
2009-06,ALL,Plaintiff,1017,538,415,620,306,56,20,65,173
2009-07,ALL,Plaintiff,958,533,375,515,230,57,12,57,159
2009-08,ALL,Plaintiff,885,533,472,609,281,49,13,56,210
2009-09,ALL,Plaintiff,913,531,752,578,262,55,17,58,186
2009-10,ALL,Plaintiff,830,533,350,595,281,43,19,78,174
2009-11,ALL,Plaintiff,916,485,282,463,216,44,13,40,150
2009-12,ALL,Plaintiff,751,488,283,512,271,42,7,52,140
2010-01,ALL,Plaintiff,791,467,365,492,251,48,4,60,129
2010-02,ALL,Plaintiff,753,447,387,427,219,40,5,45,118
2010-03,ALL,Plaintiff,982,503,833,736,299,54,10,73,300
2010-04,ALL,Plaintiff,835,495,365,567,274,65,6,48,174
2010-05,ALL,Plaintiff,797,422,315,425,201,39,8,34,143
2010-06,ALL,Plaintiff,980,517,342,502,237,50,5,59,151
2010-07,ALL,Plaintiff,895,520,394,520,228,36,4,39,213
2010-08,ALL,Plaintiff,884,487,399,507,207,41,12,54,193
2010-09,ALL,Plaintiff,1021,562,609,593,256,61,11,44,221
2010-10,ALL,Plaintiff,967,580,329,475,233,36,7,58,141
2010-11,ALL,Plaintiff,952,496,368,461,225,35,7,47,147
2010-12,ALL,Plaintiff,947,492,327,516,199,45,7,41,224
2011-01,ALL,Plaintiff,862,527,329,467,234,29,8,48,148
2011-02,ALL,Plaintiff,944,545,346,473,194,38,4,60,177
2011-03,ALL,Plaintiff,1054,523,715,738,281,53,8,85,311
2011-04,ALL,Plaintiff,921,473,328,496,206,50,5,58,177
2011-05,ALL,Plaintiff,982,502,331,506,214,35,10,58,189
2011-06,ALL,Plaintiff,1050,582,447,492,234,38,7,44,169
2011-07,ALL,Plaintiff,915,552,303,431,214,33,5,46,133
2011-08,ALL,Plaintiff,1196,624,447,572,257,43,9,52,211
2011-09,ALL,Plaintiff,1026,534,639,651,293,52,14,51,241
2011-10,ALL,Plaintiff,1025,621,343,499,234,38,23,48,156
2011-11,ALL,Plaintiff,967,598,349,548,221,36,71,63,157
2011-12,ALL,Plaintiff,956,520,391,536,210,35,37,58,196
2012-01,ALL,Plaintiff,1000,504,361,540,236,44,30,56,174
2012-02,ALL,Plaintiff,960,518,454,532,246,33,22,62,169
2012-03,ALL,Plaintiff,1021,518,725,611,255,40,30,57,229
2012-04,ALL,Plaintiff,977,522,356,542,228,59,15,55,185
2012-05,ALL,Plaintiff,1025,561,471,562,219,41,11,83,208
2012-06,ALL,Plaintiff,1022,585,338,533,240,35,30,64,164
2012-07,ALL,Plaintiff,1104,609,367,550,226,39,26,53,206
2012-08,ALL,Plaintiff,1107,588,429,556,234,41,17,70,194
2012-09,ALL,Plaintiff,825,517,719,558,192,57,13,66,230
2012-10,ALL,Plaintiff,984,466,408,505,234,39,13,56,163
2012-11,ALL,Plaintiff,887,580,275,437,192,34,12,46,153
2012-12,ALL,Plaintiff,752,469,413,462,200,44,9,44,165
2013-01,ALL,Plaintiff,999,475,350,570,247,33,14,53,223
2013-02,ALL,Plaintiff,821,453,349,477,195,44,14,36,188
2013-03,ALL,Plaintiff,898,504,558,585,222,55,10,60,238
2013-04,ALL,Plaintiff,1087,584,443,567,236,45,15,66,205
2013-05,ALL,Plaintiff,984,547,351,507,241,49,10,46,161
2013-06,ALL,Plaintiff,931,541,314,428,209,32,8,44,135
2013-07,ALL,Plaintiff,965,573,299,505,227,28,7,61,182
2013-08,ALL,Plaintiff,948,501,464,551,222,44,9,56,220
2013-09,ALL,Plaintiff,907,525,621,610,242,52,8,61,247
2013-10,ALL,Plaintiff,765,423,242,425,193,25,16,48,143
2013-11,ALL,Plaintiff,742,443,271,441,167,36,7,43,188
2013-12,ALL,Plaintiff,678,430,283,452,190,35,8,51,168
2014-01,ALL,Plaintiff,837,454,348,483,184,43,6,49,201
2014-02,ALL,Plaintiff,714,453,367,466,195,40,6,36,189
2014-03,ALL,Plaintiff,756,450,499,627,224,48,12,68,275
2014-04,ALL,Plaintiff,888,540,388,532,261,35,7,41,188
2014-05,ALL,Plaintiff,773,480,352,437,194,38,9,38,158
2014-06,ALL,Plaintiff,863,508,303,473,191,31,6,44,201
2014-07,ALL,Plaintiff,908,485,413,448,199,41,8,48,152
2014-08,ALL,Plaintiff,893,437,399,446,163,49,9,42,183
2014-09,ALL,Plaintiff,764,463,640,580,228,58,7,57,230
2014-10,ALL,Plaintiff,953,710,367,460,212,37,14,54,143
2014-11,ALL,Plaintiff,989,885,223,409,197,39,17,40,116
2014-12,ALL,Plaintiff,1181,925,271,470,198,54,31,39,148
2015-01,ALL,Plaintiff,1282,1028,328,715,254,37,174,76,174
2015-02,ALL,Plaintiff,1076,777,314,669,217,41,155,39,217
2015-03,ALL,Plaintiff,1138,768,429,1056,270,46,195,215,330
2015-04,ALL,Plaintiff,1244,974,505,968,239,34,238,55,402
2015-05,ALL,Plaintiff,982,706,354,682,254,43,103,47,235
2015-06,ALL,Plaintiff,1003,609,320,716,282,40,136,66,192
2015-07,ALL,Plaintiff,1018,624,354,697,273,37,143,49,195
2015-08,ALL,Plaintiff,939,594,262,769,244,32,187,64,242
2015-09,ALL,Plaintiff,1230,907,384,1082,619,41,157,55,210
2015-10,ALL,Plaintiff,865,493,392,858,291,46,211,83,227
2015-11,ALL,Plaintiff,804,468,363,505,191,30,92,25,167
2015-12,ALL,Plaintiff,794,476,218,501,187,46,65,53,150
2016-01,ALL,Plaintiff,724,432,309,590,249,49,76,44,172
2016-02,ALL,Plaintiff,805,483,368,509,188,25,66,57,173
2016-03,ALL,Plaintiff,859,512,518,553,197,33,34,51,238
2016-04,ALL,Plaintiff,712,444,246,390,161,25,32,47,125
2016-05,ALL,Plaintiff,792,521,338,475,179,29,39,50,178
2016-06,ALL,Plaintiff,1311,1119,287,504,199,30,40,42,193
2016-07,ALL,Plaintiff,867,426,335,432,191,34,68,32,107
2016-08,ALL,Plaintiff,809,412,300,459,194,29,29,46,161
2016-09,ALL,Plaintiff,751,420,553,552,144,33,33,57,285
2016-10,ALL,Plaintiff,783,371,321,443,249,20,25,49,100
2016-11,ALL,Plaintiff,658,406,296,462,135,28,26,46,227
2016-12,ALL,Plaintiff,685,355,272,310,118,29,28,43,92
2017-01,ALL,Plaintiff,774,360,317,391,159,28,21,40,143
2017-02,ALL,Plaintiff,686,366,315,370,159,24,15,42,130
2017-03,ALL,Plaintiff,969,469,546,635,235,34,20,91,255
2017-04,ALL,Plaintiff,681,395,340,394,145,29,16,69,135
2017-05,ALL,Plaintiff,777,425,341,509,190,36,28,70,185
2017-06,ALL,Plaintiff,905,494,303,451,151,37,16,59,188
2017-07,ALL,Plaintiff,680,399,268,354,133,26,17,53,125
2017-08,ALL,Plaintiff,897,590,343,480,169,45,16,64,186
2017-09,ALL,Plaintiff,947,588,339,403,132,24,19,50,178
2017-10,ALL,Plaintiff,920,601,261,400,155,21,12,53,159
2017-11,ALL,Plaintiff,862,519,270,442,148,29,6,68,191
2017-12,ALL,Plaintiff,763,468,233,357,112,23,8,64,150
2018-01,ALL,Plaintiff,812,506,439,443,157,36,14,70,166
2018-02,ALL,Plaintiff,904,571,326,517,143,31,34,74,235
2018-03,ALL,Plaintiff,952,596,479,588,168,22,19,65,314
2018-04,ALL,Plaintiff,1022,563,316,481,158,23,10,76,214
2018-05,ALL,Plaintiff,867,553,394,484,157,27,65,71,164
2018-06,ALL,Plaintiff,844,552,296,575,162,30,97,79,207
2018-07,ALL,Plaintiff,893,538,258,523,126,24,11,91,271
2018-08,ALL,Plaintiff,1029,589,292,586,151,35,9,97,294
2018-09,ALL,Plaintiff,930,505,470,489,159,41,17,91,181
2018-10,ALL,Plaintiff,1006,640,238,472,130,30,13,111,188
2018-11,ALL,Plaintiff,915,481,278,425,135,21,9,108,152
2018-12,ALL,Plaintiff,615,423,260,382,113,17,4,78,170
2019-01,ALL,Plaintiff,543,463,204,342,85,13,10,31,203
2019-02,ALL,Plaintiff,927,530,283,513,128,21,10,145,209
2019-03,ALL,Plaintiff,1000,557,511,551,144,32,23,141,211
2019-04,ALL,Plaintiff,1177,715,378,486,127,27,18,112,202
2019-05,ALL,Plaintiff,961,587,267,487,136,33,12,143,163
2019-06,ALL,Plaintiff,888,467,305,349,117,19,12,110,91
2019-07,ALL,Plaintiff,909,546,335,441,140,22,12,116,151
2019-08,ALL,Plaintiff,941,536,389,420,130,25,17,91,157
2019-09,ALL,Plaintiff,793,446,415,589,145,38,19,182,205
2019-10,ALL,Plaintiff,930,607,341,547,124,30,22,195,176
2019-11,ALL,Plaintiff,788,441,308,394,133,28,9,97,127
2019-12,ALL,Plaintiff,758,489,287,456,101,19,15,192,129
2020-01,ALL,Plaintiff,923,517,349,504,132,19,63,154,136
2020-02,ALL,Plaintiff,879,470,373,545,156,21,106,133,129
2020-03,ALL,Plaintiff,620,307,380,410,130,22,19,92,147
2020-04,ALL,Plaintiff,637,362,235,347,143,19,25,18,142
2020-05,ALL,Plaintiff,700,452,178,352,161,13,42,34,102
2020-06,ALL,Plaintiff,796,526,273,430,195,22,27,40,146
2020-07,ALL,Plaintiff,819,487,254,450,195,23,36,43,153
2020-08,ALL,Plaintiff,797,455,251,427,178,39,43,22,145
2020-09,ALL,Plaintiff,866,464,377,435,162,37,27,40,169
2020-10,ALL,Plaintiff,835,479,330,391,155,15,45,27,149
2020-11,ALL,Plaintiff,706,434,206,319,122,13,51,19,114
2020-12,ALL,Plaintiff,768,486,256,389,151,21,28,30,159
2021-01,ALL,Plaintiff,762,403,265,523,144,19,42,38,280
2021-02,ALL,Plaintiff,806,375,278,516,137,17,25,147,190
2021-03,ALL,Plaintiff,832,414,452,564,172,21,29,148,194
2021-04,ALL,Plaintiff,655,347,287,491,148,23,21,122,177
2021-05,ALL,Plaintiff,644,312,254,373,112,16,24,60,161
2021-06,ALL,Plaintiff,734,303,272,407,135,21,22,49,180
2021-07,ALL,Plaintiff,741,301,354,438,118,36,21,81,182
2021-08,ALL,Plaintiff,843,345,378,393,146,21,27,51,148
2021-09,ALL,Plaintiff,655,387,546,462,138,24,20,68,212
2021-10,ALL,Plaintiff,596,288,315,393,136,29,15,63,150
2021-11,ALL,Plaintiff,593,296,257,369,125,16,12,62,154
2021-12,ALL,Plaintiff,474,260,230,381,125,16,19,69,152
2022-01,ALL,Plaintiff,576,279,320,347,102,18,15,58,154
2022-02,ALL,Plaintiff,571,295,312,317,114,16,4,43,140
2022-03,ALL,Plaintiff,734,308,480,444,124,39,15,57,209
2022-04,ALL,Plaintiff,694,317,331,422,135,20,10,66,191
2022-05,ALL,Plaintiff,618,328,306,404,100,21,8,113,162
2022-06,ALL,Plaintiff,648,308,349,377,127,32,13,68,137
2022-07,ALL,Plaintiff,539,267,354,290,125,14,11,33,107
2022-08,ALL,Plaintiff,646,333,385,310,116,20,16,33,125
2022-09,ALL,Plaintiff,564,268,462,442,124,24,11,146,137
2022-10,ALL,Plaintiff,665,282,323,450,107,21,7,176,139
2022-11,ALL,Plaintiff,514,255,275,511,102,18,18,261,112
2022-12,ALL,Plaintiff,515,281,272,319,151,29,7,37,95
2023-01,ALL,Plaintiff,664,304,311,325,113,53,9,47,103
2023-02,ALL,Plaintiff,601,259,243,528,123,37,9,41,318
2023-03,ALL,Plaintiff,754,318,395,433,140,37,16,49,191
2023-04,ALL,Plaintiff,599,247,271,328,195,26,12,31,64
2023-05,ALL,Plaintiff,598,310,245,340,134,49,17,53,87
2023-06,ALL,Plaintiff,611,258,282,312,109,55,11,25,112
2023-07,ALL,Plaintiff,579,264,203,277,100,53,3,44,77
2023-08,ALL,Plaintiff,740,344,328,414,134,73,17,68,122
2023-09,ALL,Plaintiff,592,259,396,514,119,107,14,73,201
2023-10,ALL,Plaintiff,599,257,221,352,129,25,5,100,93
2023-11,ALL,Plaintiff,832,470,252,368,114,35,7,88,124
2023-12,ALL,Plaintiff,795,447,166,261,114,22,15,24,86
2024-01,ALL,Plaintiff,810,439,244,443,214,21,70,35,103
2024-02,ALL,Plaintiff,803,446,247,425,205,22,55,31,112
2024-03,ALL,Plaintiff,691,375,354,517,186,37,26,118,150
2024-04,ALL,Plaintiff,638,384,336,434,201,36,24,52,121
2024-05,ALL,Plaintiff,703,381,324,362,155,49,27,51,80
2024-06,ALL,Plaintiff,650,357,278,413,138,100,26,38,111
2024-07,ALL,Plaintiff,692,430,222,357,188,41,18,30,80
2024-08,ALL,Plaintiff,802,490,343,363,172,28,27,41,95
2024-09,ALL,Plaintiff,579,355,303,432,190,60,28,37,117
2024-10,ALL,Plaintiff,626,397,242,363,177,26,28,35,97
2024-11,ALL,Plaintiff,481,277,265,231,119,21,7,25,59
2024-12,ALL,Plaintiff,478,301,219,274,137,22,19,28,68
2025-01,ALL,Plaintiff,546,329,200,300,137,32,17,41,73
2025-02,ALL,Plaintiff,574,304,313,314,131,36,14,41,92
2025-03,ALL,Plaintiff,609,365,501,388,152,24,17,65,130
2025-04,ALL,Plaintiff,631,349,246,314,137,33,14,35,95
2025-05,ALL,Plaintiff,513,333,408,302,110,36,14,33,109
2025-06,ALL,Plaintiff,507,302,561,287,138,16,1,41,91
2025-07,ALL,Plaintiff,525,341,513,295,137,28,19,42,69
2025-08,ALL,Plaintiff,491,284,361,319,129,36,7,39,108
2025-09,ALL,Plaintiff,529,326,469,329,107,38,14,28,142
2025-10,ALL,Plaintiff,520,316,149,223,93,19,10,28,73
2025-11,ALL,Plaintiff,444,273,123,182,75,19,7,26,55
2025-12,ALL,Plaintiff,464,305,131,208,92,18,9,35,54
2026-01,ALL,Plaintiff,573,310,193,205,78,22,17,27,61
2026-02,ALL,Plaintiff,414,236,240,238,100,13,12,35,78
2026-03,ALL,Plaintiff,538,303,308,291,110,21,7,29,124
2026-04,ALL,Plaintiff,586,361,163,202,87,8,6,25,76
2026-05,ALL,Plaintiff,387,205,151,139,59,8,7,23,42
1994-10,Admiralty,Plaintiff,2,2,0,0,,,,,
1994-11,Admiralty,Plaintiff,0,0,0,2,,,,,2
1994-12,Admiralty,Plaintiff,1,1,0,6,1,,1,,4
1995-01,Admiralty,Plaintiff,0,0,0,3,1,,,,2
1995-02,Admiralty,Plaintiff,2,2,0,0,,,,,
1995-03,Admiralty,Plaintiff,6,4,1,0,,,,,
1995-04,Admiralty,Plaintiff,3,3,0,5,,,,,5
1995-05,Admiralty,Plaintiff,5,4,1,4,2,,,,2
1995-06,Admiralty,Plaintiff,1,1,0,3,1,,,,2
1995-07,Admiralty,Plaintiff,0,2,0,3,,,,,3
1995-08,Admiralty,Plaintiff,3,2,0,5,1,,,,4
1995-09,Admiralty,Plaintiff,2,1,0,8,,,,,8
1995-10,Admiralty,Plaintiff,2,3,0,3,,,,,3
1995-11,Admiralty,Plaintiff,5,5,0,7,,,,,7
1995-12,Admiralty,Plaintiff,0,0,0,2,1,,,,1
1996-01,Admiralty,Plaintiff,1,2,0,4,,,,,4
1996-02,Admiralty,Plaintiff,4,2,0,1,,,,,1
1996-03,Admiralty,Plaintiff,0,0,1,1,,,,,1
1996-04,Admiralty,Plaintiff,1,1,0,2,1,,,,1
1996-05,Admiralty,Plaintiff,2,1,0,0,,,,,
1996-06,Admiralty,Plaintiff,0,0,0,3,,,,,3
1996-07,Admiralty,Plaintiff,2,0,0,3,,,,,3
1996-08,Admiralty,Plaintiff,1,2,0,0,,,,,
1996-09,Admiralty,Plaintiff,1,1,0,0,,,,,
1996-10,Admiralty,Plaintiff,1,0,0,2,,,,,2
1996-11,Admiralty,Plaintiff,1,1,1,2,,,,,2
1996-12,Admiralty,Plaintiff,1,1,0,3,,,,,3
1997-01,Admiralty,Plaintiff,3,1,0,0,,,,,
1997-02,Admiralty,Plaintiff,1,1,0,3,1,,,,2
1997-03,Admiralty,Plaintiff,0,0,0,1,,,,,1
1997-04,Admiralty,Plaintiff,1,2,0,0,,,,,
1997-05,Admiralty,Plaintiff,2,1,0,1,,,,,1
1997-06,Admiralty,Plaintiff,2,2,0,2,,,,,2
1997-07,Admiralty,Plaintiff,0,1,0,0,,,,,
1997-08,Admiralty,Plaintiff,2,1,0,0,,,,,
1997-09,Admiralty,Plaintiff,5,6,1,1,,,,,1
1997-10,Admiralty,Plaintiff,2,1,0,0,,,,,
1997-11,Admiralty,Plaintiff,0,1,0,1,,,,,1
1997-12,Admiralty,Plaintiff,1,0,0,2,,,,,2
1998-01,Admiralty,Plaintiff,2,3,0,0,,,,,
1998-02,Admiralty,Plaintiff,3,2,0,1,,,,,1
1998-03,Admiralty,Plaintiff,5,6,0,4,,4,,,
1998-04,Admiralty,Plaintiff,4,1,0,2,,,,,2
1998-05,Admiralty,Plaintiff,1,0,0,1,1,,,,
1998-06,Admiralty,Plaintiff,2,0,1,1,1,,,,
1998-07,Admiralty,Plaintiff,1,2,0,2,,,,,2
1998-08,Admiralty,Plaintiff,2,1,0,2,,,,,2
1998-09,Admiralty,Plaintiff,3,2,2,1,,,,,1
1998-10,Admiralty,Plaintiff,1,0,0,1,,,,,1
1998-11,Admiralty,Plaintiff,0,0,0,3,,,,,3
1998-12,Admiralty,Plaintiff,5,2,0,0,,,,,
1999-01,Admiralty,Plaintiff,3,12,1,2,,,,,2
1999-02,Admiralty,Plaintiff,14,6,1,2,,,,,2
1999-03,Admiralty,Plaintiff,5,3,2,1,,,,,1
1999-04,Admiralty,Plaintiff,1,1,1,6,1,,,,5
1999-05,Admiralty,Plaintiff,5,4,0,1,,,,,1
1999-06,Admiralty,Plaintiff,1,1,0,8,1,1,,,6
1999-07,Admiralty,Plaintiff,3,1,2,2,1,,,,1
1999-08,Admiralty,Plaintiff,3,5,0,1,1,,,,
1999-09,Admiralty,Plaintiff,1,0,0,2,,1,,,1
1999-10,Admiralty,Plaintiff,3,3,0,1,,,,,1
1999-11,Admiralty,Plaintiff,1,1,0,1,,,,1,
1999-12,Admiralty,Plaintiff,0,0,0,1,,,,1,
2000-01,Admiralty,Plaintiff,4,4,0,7,4,,,,3
2000-02,Admiralty,Plaintiff,2,0,2,2,,1,,,1
2000-03,Admiralty,Plaintiff,2,3,0,1,,,,1,
2000-04,Admiralty,Plaintiff,5,3,0,2,,1,,1,
2000-05,Admiralty,Plaintiff,6,4,1,0,,,,,
2000-06,Admiralty,Plaintiff,2,3,0,2,2,,,,
2000-07,Admiralty,Plaintiff,5,6,0,2,1,1,,,
2000-08,Admiralty,Plaintiff,4,3,2,2,,,,1,1
2000-09,Admiralty,Plaintiff,2,0,0,5,,3,,1,1
2000-10,Admiralty,Plaintiff,1,0,1,3,1,2,,,
2000-11,Admiralty,Plaintiff,3,3,0,7,1,,,,6
2000-12,Admiralty,Plaintiff,0,1,0,2,,1,,,1
2001-01,Admiralty,Plaintiff,2,1,0,3,,1,,1,1
2001-02,Admiralty,Plaintiff,1,1,0,0,,,,,
2001-03,Admiralty,Plaintiff,3,2,2,2,,1,,1,
2001-04,Admiralty,Plaintiff,1,1,0,0,,,,,
2001-05,Admiralty,Plaintiff,3,4,0,4,1,1,,,2
2001-06,Admiralty,Plaintiff,10,10,0,3,,2,,,1
2001-07,Admiralty,Plaintiff,3,0,0,3,,,,1,2
2001-08,Admiralty,Plaintiff,3,4,1,6,1,1,,3,1
2001-09,Admiralty,Plaintiff,0,2,0,2,,,,,2
2001-10,Admiralty,Plaintiff,2,2,0,2,,1,,,1
2001-11,Admiralty,Plaintiff,0,0,0,2,,,,1,1
2001-12,Admiralty,Plaintiff,2,2,0,0,,,,,
2002-01,Admiralty,Plaintiff,0,0,0,2,2,,,,
2002-02,Admiralty,Plaintiff,0,0,0,1,,,,1,
2002-03,Admiralty,Plaintiff,1,0,0,2,,,,,2
2002-04,Admiralty,Plaintiff,0,0,0,2,1,1,,,
2002-05,Admiralty,Plaintiff,1,1,0,2,1,1,,,
2002-06,Admiralty,Plaintiff,1,2,0,2,,1,,,1
2002-07,Admiralty,Plaintiff,2,1,0,2,,2,,,
2002-08,Admiralty,Plaintiff,0,1,0,2,1,1,,,
2002-09,Admiralty,Plaintiff,2,2,0,1,,1,,,
2002-10,Admiralty,Plaintiff,3,0,0,7,,3,,,4
2002-11,Admiralty,Plaintiff,2,1,0,3,1,1,,,1
2002-12,Admiralty,Plaintiff,0,1,0,2,1,1,,,
2003-01,Admiralty,Plaintiff,0,1,0,1,,,,1,
2003-02,Admiralty,Plaintiff,0,0,0,1,1,,,,
2003-03,Admiralty,Plaintiff,2,2,1,2,1,,,1,
2003-04,Admiralty,Plaintiff,0,0,0,1,,1,,,
2003-05,Admiralty,Plaintiff,1,2,0,1,,,,,1
2003-06,Admiralty,Plaintiff,0,1,0,0,,,,,
2003-07,Admiralty,Plaintiff,2,1,1,0,,,,,
2003-09,Admiralty,Plaintiff,2,1,1,1,,,,,1
2003-10,Admiralty,Plaintiff,1,1,0,0,,,,,
2003-12,Admiralty,Plaintiff,1,0,0,2,1,,,1,
2004-01,Admiralty,Plaintiff,0,0,0,1,1,,,,
2004-02,Admiralty,Plaintiff,1,0,0,1,1,,,,
2004-03,Admiralty,Plaintiff,0,0,0,1,1,,,,
2004-04,Admiralty,Plaintiff,1,0,0,1,1,,,,
2004-05,Admiralty,Plaintiff,1,2,0,0,,,,,
2004-06,Admiralty,Plaintiff,1,3,0,2,1,,,1,
2004-07,Admiralty,Plaintiff,2,1,0,0,,,,,
2004-08,Admiralty,Plaintiff,2,2,0,2,1,,,1,
2004-09,Admiralty,Plaintiff,2,0,0,1,,1,,,
2004-10,Admiralty,Plaintiff,1,1,0,0,,,,,
2004-11,Admiralty,Plaintiff,2,1,0,3,,1,,1,1
2005-01,Admiralty,Plaintiff,0,0,0,1,,1,,,
2005-03,Admiralty,Plaintiff,1,1,0,0,,,,,
2005-05,Admiralty,Plaintiff,1,0,1,1,,,,1,
2005-06,Admiralty,Plaintiff,1,2,0,0,,,,,
2005-07,Admiralty,Plaintiff,1,0,0,1,1,,,,
2005-08,Admiralty,Plaintiff,1,0,0,2,,1,,1,
2005-09,Admiralty,Plaintiff,0,0,0,2,1,,,,1
2005-10,Admiralty,Plaintiff,1,1,0,1,,,,1,
2005-11,Admiralty,Plaintiff,0,0,1,0,,,,,
2005-12,Admiralty,Plaintiff,0,0,0,1,1,,,,
2006-01,Admiralty,Plaintiff,0,0,0,2,1,1,,,
2006-02,Admiralty,Plaintiff,0,1,0,0,,,,,
2006-03,Admiralty,Plaintiff,2,1,1,1,,,,,1
2006-04,Admiralty,Plaintiff,0,0,0,1,1,,,,
2006-05,Admiralty,Plaintiff,1,1,0,0,,,,,
2006-07,Admiralty,Plaintiff,0,0,1,0,,,,,
2006-08,Admiralty,Plaintiff,0,0,0,1,,,,1,
2006-09,Admiralty,Plaintiff,3,2,0,2,,1,,,1
2006-10,Admiralty,Plaintiff,2,3,1,0,,,,,
2006-11,Admiralty,Plaintiff,0,0,0,1,1,,,,
2006-12,Admiralty,Plaintiff,0,1,0,1,,,,1,
2007-03,Admiralty,Plaintiff,0,0,0,1,,1,,,
2007-04,Admiralty,Plaintiff,1,2,0,0,,,,,
2007-06,Admiralty,Plaintiff,2,0,0,0,,,,,
2007-10,Admiralty,Plaintiff,0,0,0,2,2,,,,
2008-03,Admiralty,Plaintiff,1,0,0,1,,,,,1
2008-05,Admiralty,Plaintiff,1,1,0,0,,,,,
2008-07,Admiralty,Plaintiff,0,0,0,1,,,,,1
2008-08,Admiralty,Plaintiff,0,0,0,1,1,,,,
2008-09,Admiralty,Plaintiff,1,1,0,1,,1,,,
2008-11,Admiralty,Plaintiff,1,2,0,0,,,,,
2008-12,Admiralty,Plaintiff,1,0,0,1,,1,,,
2009-02,Admiralty,Plaintiff,1,0,0,1,1,,,,
2009-03,Admiralty,Plaintiff,0,1,1,1,1,,,,
2009-05,Admiralty,Plaintiff,2,2,0,0,,,,,
2009-06,Admiralty,Plaintiff,0,0,0,2,1,1,,,
2009-07,Admiralty,Plaintiff,0,1,0,0,,,,,
2009-09,Admiralty,Plaintiff,1,0,0,1,,,,,1
2009-11,Admiralty,Plaintiff,1,0,0,2,,1,,,1
2009-12,Admiralty,Plaintiff,0,0,1,0,,,,,
2010-02,Admiralty,Plaintiff,0,0,1,0,,,,,
2010-04,Admiralty,Plaintiff,0,0,0,2,,1,,1,
2010-06,Admiralty,Plaintiff,2,1,0,0,,,,,
2010-08,Admiralty,Plaintiff,0,0,0,1,,,,,1
2010-11,Admiralty,Plaintiff,1,1,0,0,,,,,
2010-12,Admiralty,Plaintiff,0,0,0,1,,,,1,
2011-03,Admiralty,Plaintiff,1,1,0,0,,,,,
2011-05,Admiralty,Plaintiff,0,0,0,1,,1,,,
2011-06,Admiralty,Plaintiff,0,0,0,1,1,,,,
2011-07,Admiralty,Plaintiff,1,0,1,0,,,,,
2011-08,Admiralty,Plaintiff,0,0,0,1,,,,1,
2012-04,Admiralty,Plaintiff,1,0,0,0,,,,,
2012-05,Admiralty,Plaintiff,1,1,0,0,,,,,
2012-06,Admiralty,Plaintiff,0,0,1,0,,,,,
2012-09,Admiralty,Plaintiff,0,0,0,1,,,,1,
2013-01,Admiralty,Plaintiff,2,1,0,0,,,,,
2013-05,Admiralty,Plaintiff,1,0,0,0,,,,,
2013-06,Admiralty,Plaintiff,1,0,0,0,,,,,
2013-07,Admiralty,Plaintiff,1,1,1,0,,,,,
2013-08,Admiralty,Plaintiff,0,0,1,0,,,,,
2013-09,Admiralty,Plaintiff,1,1,0,0,,,,,
2014-01,Admiralty,Plaintiff,0,0,0,1,,,,1,
2014-03,Admiralty,Plaintiff,1,0,2,0,,,,,
2014-04,Admiralty,Plaintiff,0,1,0,0,,,,,
2014-09,Admiralty,Plaintiff,0,0,0,1,,1,,,
2014-10,Admiralty,Plaintiff,0,0,1,0,,,,,
2014-11,Admiralty,Plaintiff,0,1,0,0,,,,,
2015-06,Admiralty,Plaintiff,1,0,0,0,,,,,
2015-08,Admiralty,Plaintiff,1,1,0,1,,,,,1
2015-10,Admiralty,Plaintiff,0,0,0,1,,,,,1
2016-02,Admiralty,Plaintiff,2,0,0,1,,1,,,
2016-03,Admiralty,Plaintiff,1,0,0,0,,,,,
2016-04,Admiralty,Plaintiff,0,0,0,1,1,,,,
2016-05,Admiralty,Plaintiff,0,1,1,0,,,,,
2016-06,Admiralty,Plaintiff,1,1,0,0,,,,,
2016-07,Admiralty,Plaintiff,0,0,1,0,,,,,
2017-05,Admiralty,Plaintiff,1,0,0,1,,,,,1
2018-02,Admiralty,Plaintiff,0,0,1,0,,,,,
2018-04,Admiralty,Plaintiff,0,0,0,1,,,,,1
2019-01,Admiralty,Plaintiff,1,0,0,0,,,,,
2019-04,Admiralty,Plaintiff,1,1,0,0,,,,,
2019-09,Admiralty,Plaintiff,0,0,1,0,,,,,
2020-09,Admiralty,Plaintiff,0,0,1,0,,,,,
2020-11,Admiralty,Plaintiff,1,0,0,0,,,,,
2021-01,Admiralty,Plaintiff,0,0,1,0,,,,,
2021-04,Admiralty,Plaintiff,1,0,0,0,,,,,
2021-05,Admiralty,Plaintiff,0,1,0,0,,,,,
2021-11,Admiralty,Plaintiff,0,0,0,1,,,,,1
2022-03,Admiralty,Plaintiff,1,0,0,1,,1,,,
2022-05,Admiralty,Plaintiff,1,0,0,0,,,,,
2022-08,Admiralty,Plaintiff,1,1,0,0,,,,,
2022-09,Admiralty,Plaintiff,0,0,1,0,,,,,
2023-03,Admiralty,Plaintiff,1,1,0,0,,,,,
2023-12,Admiralty,Plaintiff,1,0,0,0,,,,,
2024-03,Admiralty,Plaintiff,1,0,0,0,,,,,
2024-04,Admiralty,Plaintiff,0,1,0,0,,,,,
2024-10,Admiralty,Plaintiff,0,0,0,1,,1,,,
2024-11,Admiralty,Plaintiff,0,0,1,0,,,,,
2025-01,Admiralty,Plaintiff,1,0,0,0,,,,,
2025-02,Admiralty,Plaintiff,0,0,0,1,,1,,,
2025-04,Admiralty,Plaintiff,1,1,0,0,,,,,
2025-08,Admiralty,Plaintiff,0,0,0,1,,,,,1
2025-09,Admiralty,Plaintiff,2,0,0,0,,,,,
2025-12,Admiralty,Plaintiff,0,0,2,0,,,,,
2026-01,Admiralty,Plaintiff,1,1,0,0,,,,,
2026-02,Admiralty,Plaintiff,1,1,0,0,,,,,
2026-03,Admiralty,Plaintiff,0,0,1,0,,,,,
1994-10,Asset Forfeiture,Plaintiff,13,9,1,6,4,,,,2
1994-11,Asset Forfeiture,Plaintiff,11,11,1,0,,,,,
1994-12,Asset Forfeiture,Plaintiff,15,5,0,3,3,,,,
1995-01,Asset Forfeiture,Plaintiff,9,4,0,1,,,1,,
1995-02,Asset Forfeiture,Plaintiff,15,5,0,6,1,1,,,4
1995-03,Asset Forfeiture,Plaintiff,18,2,0,3,2,,1,,
1995-04,Asset Forfeiture,Plaintiff,14,6,2,2,1,,1,,
1995-05,Asset Forfeiture,Plaintiff,22,9,0,2,,,,,2
1995-06,Asset Forfeiture,Plaintiff,23,7,0,2,,,,,2
1995-07,Asset Forfeiture,Plaintiff,15,11,0,3,1,,,,2
1995-08,Asset Forfeiture,Plaintiff,31,3,2,1,1,,,,
1995-09,Asset Forfeiture,Plaintiff,18,9,0,3,1,,,,2
1995-10,Asset Forfeiture,Plaintiff,23,6,0,3,2,,,,1
1995-11,Asset Forfeiture,Plaintiff,24,12,0,1,,,,,1
1995-12,Asset Forfeiture,Plaintiff,11,3,0,5,3,,,,2
1996-01,Asset Forfeiture,Plaintiff,28,2,0,0,,,,,
1996-02,Asset Forfeiture,Plaintiff,32,4,0,1,,,,,1
1996-03,Asset Forfeiture,Plaintiff,50,12,0,2,1,,,,1
1996-04,Asset Forfeiture,Plaintiff,42,9,0,3,1,,,,2
1996-05,Asset Forfeiture,Plaintiff,38,14,0,1,,,,,1
1996-06,Asset Forfeiture,Plaintiff,35,10,0,2,1,,,,1
1996-07,Asset Forfeiture,Plaintiff,46,16,0,7,4,,,,3
1996-08,Asset Forfeiture,Plaintiff,31,18,0,5,2,1,,,2
1996-09,Asset Forfeiture,Plaintiff,30,12,0,5,2,1,,,2
1996-10,Asset Forfeiture,Plaintiff,49,16,0,4,3,,,,1
1996-11,Asset Forfeiture,Plaintiff,36,14,0,2,,,,2,
1996-12,Asset Forfeiture,Plaintiff,39,26,0,4,1,2,,,1
1997-01,Asset Forfeiture,Plaintiff,57,27,0,0,,,,,
1997-02,Asset Forfeiture,Plaintiff,56,20,0,1,,,,,1
1997-03,Asset Forfeiture,Plaintiff,44,23,0,2,1,,1,,
1997-04,Asset Forfeiture,Plaintiff,40,19,0,4,3,1,,,
1997-05,Asset Forfeiture,Plaintiff,59,34,0,6,5,1,,,
1997-06,Asset Forfeiture,Plaintiff,71,33,1,4,3,,,,1
1997-07,Asset Forfeiture,Plaintiff,58,39,0,5,3,,,,2
1997-08,Asset Forfeiture,Plaintiff,69,26,0,7,4,,1,,2
1997-09,Asset Forfeiture,Plaintiff,79,26,1,7,2,,,2,3
1997-10,Asset Forfeiture,Plaintiff,69,57,0,7,2,2,1,,2
1997-11,Asset Forfeiture,Plaintiff,72,28,0,3,3,,,,
1997-12,Asset Forfeiture,Plaintiff,50,33,0,6,3,1,,1,1
1998-01,Asset Forfeiture,Plaintiff,92,35,0,4,,1,,1,2
1998-02,Asset Forfeiture,Plaintiff,82,36,0,21,3,,1,1,16
1998-03,Asset Forfeiture,Plaintiff,95,54,1,9,8,,,,1
1998-04,Asset Forfeiture,Plaintiff,95,49,0,8,5,,,1,2
1998-05,Asset Forfeiture,Plaintiff,195,93,0,13,6,4,,1,2
1998-06,Asset Forfeiture,Plaintiff,145,77,1,12,7,1,,2,2
1998-07,Asset Forfeiture,Plaintiff,164,78,0,13,9,2,,,2
1998-08,Asset Forfeiture,Plaintiff,134,62,0,15,11,,,,4
1998-09,Asset Forfeiture,Plaintiff,119,47,0,16,12,1,,,3
1998-10,Asset Forfeiture,Plaintiff,134,59,1,21,11,1,,,9
1998-11,Asset Forfeiture,Plaintiff,170,66,0,19,11,3,,,5
1998-12,Asset Forfeiture,Plaintiff,164,79,0,15,7,2,1,1,4
1999-01,Asset Forfeiture,Plaintiff,180,71,0,16,7,1,,4,4
1999-02,Asset Forfeiture,Plaintiff,161,88,0,23,15,3,1,1,3
1999-03,Asset Forfeiture,Plaintiff,271,97,0,36,23,4,1,4,4
1999-04,Asset Forfeiture,Plaintiff,291,158,0,29,13,10,1,1,4
1999-05,Asset Forfeiture,Plaintiff,264,141,0,25,14,1,1,4,5
1999-06,Asset Forfeiture,Plaintiff,371,137,0,29,19,2,,1,7
1999-07,Asset Forfeiture,Plaintiff,326,212,0,37,25,5,,,7
1999-08,Asset Forfeiture,Plaintiff,283,174,1,53,34,4,,3,12
1999-09,Asset Forfeiture,Plaintiff,325,179,3,114,75,15,2,3,19
1999-10,Asset Forfeiture,Plaintiff,333,163,133,170,106,19,3,6,36
1999-11,Asset Forfeiture,Plaintiff,272,178,129,186,127,21,5,18,15
1999-12,Asset Forfeiture,Plaintiff,401,278,114,168,106,23,8,11,20
2000-01,Asset Forfeiture,Plaintiff,348,153,135,180,109,35,5,5,26
2000-02,Asset Forfeiture,Plaintiff,345,189,174,158,93,16,4,9,36
2000-03,Asset Forfeiture,Plaintiff,391,177,292,223,121,21,9,33,39
2000-04,Asset Forfeiture,Plaintiff,395,159,121,215,125,29,4,9,48
2000-05,Asset Forfeiture,Plaintiff,418,202,161,200,127,18,6,4,45
2000-06,Asset Forfeiture,Plaintiff,358,168,192,171,100,23,4,6,38
2000-07,Asset Forfeiture,Plaintiff,318,172,134,150,91,21,2,13,23
2000-08,Asset Forfeiture,Plaintiff,409,389,247,204,120,18,9,28,29
2000-09,Asset Forfeiture,Plaintiff,297,130,180,172,98,23,2,9,40
2000-10,Asset Forfeiture,Plaintiff,316,121,182,203,118,35,5,12,33
2000-11,Asset Forfeiture,Plaintiff,324,121,135,153,98,24,7,11,13
2000-12,Asset Forfeiture,Plaintiff,268,117,171,141,94,20,3,4,20
2001-01,Asset Forfeiture,Plaintiff,371,156,136,168,109,28,3,7,21
2001-02,Asset Forfeiture,Plaintiff,346,155,179,147,95,20,,6,26
2001-03,Asset Forfeiture,Plaintiff,435,215,187,203,142,26,3,7,25
2001-04,Asset Forfeiture,Plaintiff,357,167,171,175,114,25,3,8,25
2001-05,Asset Forfeiture,Plaintiff,404,203,196,193,129,23,2,8,31
2001-06,Asset Forfeiture,Plaintiff,390,198,192,142,101,16,1,4,20
2001-07,Asset Forfeiture,Plaintiff,369,200,166,171,112,20,1,10,28
2001-08,Asset Forfeiture,Plaintiff,462,226,187,157,103,23,5,7,19
2001-09,Asset Forfeiture,Plaintiff,315,133,200,185,98,35,3,7,42
2001-10,Asset Forfeiture,Plaintiff,448,187,251,183,116,25,3,7,32
2001-11,Asset Forfeiture,Plaintiff,326,218,249,158,99,26,1,9,23
2001-12,Asset Forfeiture,Plaintiff,253,174,126,139,81,21,5,5,27
2002-01,Asset Forfeiture,Plaintiff,348,161,184,184,123,17,3,10,31
2002-02,Asset Forfeiture,Plaintiff,351,177,160,165,90,18,2,10,45
2002-03,Asset Forfeiture,Plaintiff,345,183,191,194,107,16,2,7,62
2002-04,Asset Forfeiture,Plaintiff,461,206,143,193,104,24,7,8,50
2002-05,Asset Forfeiture,Plaintiff,398,228,260,173,126,18,1,7,21
2002-06,Asset Forfeiture,Plaintiff,320,187,118,167,98,23,4,4,38
2002-07,Asset Forfeiture,Plaintiff,449,209,212,169,112,22,1,12,22
2002-08,Asset Forfeiture,Plaintiff,365,197,172,170,113,18,2,9,28
2002-09,Asset Forfeiture,Plaintiff,385,199,270,198,132,13,2,10,41
2002-10,Asset Forfeiture,Plaintiff,442,202,403,222,112,22,2,18,68
2002-11,Asset Forfeiture,Plaintiff,339,199,165,281,120,14,2,9,136
2002-12,Asset Forfeiture,Plaintiff,307,179,133,174,100,18,2,18,36
2003-01,Asset Forfeiture,Plaintiff,373,175,152,227,164,14,1,11,37
2003-02,Asset Forfeiture,Plaintiff,358,192,110,169,102,19,4,9,35
2003-03,Asset Forfeiture,Plaintiff,392,200,252,193,110,12,1,12,58
2003-04,Asset Forfeiture,Plaintiff,426,207,276,223,131,24,1,9,58
2003-05,Asset Forfeiture,Plaintiff,407,203,190,180,101,21,1,7,50
2003-06,Asset Forfeiture,Plaintiff,467,198,161,176,109,21,1,10,35
2003-07,Asset Forfeiture,Plaintiff,416,196,263,197,123,25,,12,37
2003-08,Asset Forfeiture,Plaintiff,364,213,153,165,92,23,3,4,43
2003-09,Asset Forfeiture,Plaintiff,364,193,312,216,131,26,2,10,47
2003-10,Asset Forfeiture,Plaintiff,397,213,170,187,121,23,2,11,30
2003-11,Asset Forfeiture,Plaintiff,294,150,138,146,113,6,1,7,19
2003-12,Asset Forfeiture,Plaintiff,396,229,169,206,113,16,2,8,67
2004-01,Asset Forfeiture,Plaintiff,333,193,181,213,123,32,4,9,45
2004-02,Asset Forfeiture,Plaintiff,350,233,237,194,109,22,3,12,48
2004-03,Asset Forfeiture,Plaintiff,473,238,274,272,157,11,5,10,89
2004-04,Asset Forfeiture,Plaintiff,344,194,133,174,114,14,,9,37
2004-05,Asset Forfeiture,Plaintiff,337,194,126,169,109,23,1,8,28
2004-06,Asset Forfeiture,Plaintiff,406,209,194,215,128,27,2,4,54
2004-07,Asset Forfeiture,Plaintiff,341,236,197,189,116,31,2,7,33
2004-08,Asset Forfeiture,Plaintiff,412,198,141,198,113,21,1,10,53
2004-09,Asset Forfeiture,Plaintiff,328,190,283,227,134,22,1,10,60
2004-10,Asset Forfeiture,Plaintiff,312,170,149,180,110,17,2,14,37
2004-11,Asset Forfeiture,Plaintiff,349,254,166,157,105,13,3,9,27
2004-12,Asset Forfeiture,Plaintiff,317,181,134,185,109,25,2,4,45
2005-01,Asset Forfeiture,Plaintiff,366,211,145,211,123,16,4,9,59
2005-02,Asset Forfeiture,Plaintiff,350,199,150,175,101,19,1,9,45
2005-03,Asset Forfeiture,Plaintiff,447,233,242,217,136,30,1,11,39
2005-04,Asset Forfeiture,Plaintiff,303,233,143,193,104,29,5,11,44
2005-05,Asset Forfeiture,Plaintiff,317,179,84,189,128,16,1,8,36
2005-06,Asset Forfeiture,Plaintiff,420,227,129,242,134,14,1,13,80
2005-07,Asset Forfeiture,Plaintiff,349,203,126,160,110,20,,8,22
2005-08,Asset Forfeiture,Plaintiff,397,236,243,214,138,18,2,7,49
2005-09,Asset Forfeiture,Plaintiff,457,302,189,217,116,15,4,11,71
2005-10,Asset Forfeiture,Plaintiff,300,185,116,202,113,17,2,10,60
2005-11,Asset Forfeiture,Plaintiff,338,182,152,194,118,13,2,11,50
2005-12,Asset Forfeiture,Plaintiff,345,206,87,150,88,21,1,2,38
2006-01,Asset Forfeiture,Plaintiff,383,202,193,197,103,19,2,10,63
2006-02,Asset Forfeiture,Plaintiff,346,209,191,161,104,12,,9,36
2006-03,Asset Forfeiture,Plaintiff,436,227,187,252,135,17,3,13,84
2006-04,Asset Forfeiture,Plaintiff,374,228,127,180,115,20,2,9,34
2006-05,Asset Forfeiture,Plaintiff,429,250,125,219,111,15,3,6,84
2006-06,Asset Forfeiture,Plaintiff,448,293,202,249,149,10,3,5,82
2006-07,Asset Forfeiture,Plaintiff,312,198,140,202,94,20,2,15,71
2006-08,Asset Forfeiture,Plaintiff,394,215,168,219,131,23,1,3,61
2006-09,Asset Forfeiture,Plaintiff,414,239,168,231,116,26,1,19,69
2006-10,Asset Forfeiture,Plaintiff,354,209,194,264,126,17,4,8,109
2006-11,Asset Forfeiture,Plaintiff,341,199,130,209,96,15,,12,86
2006-12,Asset Forfeiture,Plaintiff,365,220,97,178,114,12,2,7,43
2007-01,Asset Forfeiture,Plaintiff,317,191,157,191,120,26,2,9,34
2007-02,Asset Forfeiture,Plaintiff,377,178,137,196,98,23,2,9,64
2007-03,Asset Forfeiture,Plaintiff,481,210,272,293,164,19,3,13,94
2007-04,Asset Forfeiture,Plaintiff,377,209,130,246,142,32,1,16,55
2007-05,Asset Forfeiture,Plaintiff,400,225,164,219,125,22,4,11,57
2007-06,Asset Forfeiture,Plaintiff,368,238,147,184,105,21,1,12,45
2007-07,Asset Forfeiture,Plaintiff,406,237,165,221,143,12,2,8,56
2007-08,Asset Forfeiture,Plaintiff,404,240,171,256,148,12,5,11,80
2007-09,Asset Forfeiture,Plaintiff,462,212,173,181,101,10,2,15,53
2007-10,Asset Forfeiture,Plaintiff,409,256,220,251,121,15,4,10,101
2007-11,Asset Forfeiture,Plaintiff,315,175,130,162,100,24,3,6,29
2007-12,Asset Forfeiture,Plaintiff,329,184,184,180,119,12,2,10,37
2008-01,Asset Forfeiture,Plaintiff,371,168,132,176,102,17,1,11,45
2008-02,Asset Forfeiture,Plaintiff,369,200,193,206,117,22,3,16,48
2008-03,Asset Forfeiture,Plaintiff,388,242,218,248,133,22,2,12,79
2008-04,Asset Forfeiture,Plaintiff,423,236,141,227,135,30,9,11,42
2008-05,Asset Forfeiture,Plaintiff,387,207,118,197,109,24,8,11,45
2008-06,Asset Forfeiture,Plaintiff,366,202,126,205,132,19,3,14,37
2008-07,Asset Forfeiture,Plaintiff,387,230,160,215,118,22,3,21,51
2008-08,Asset Forfeiture,Plaintiff,376,204,160,209,114,17,3,14,61
2008-09,Asset Forfeiture,Plaintiff,413,187,245,238,132,20,4,11,71
2008-10,Asset Forfeiture,Plaintiff,393,233,168,202,133,22,2,11,34
2008-11,Asset Forfeiture,Plaintiff,358,183,200,209,137,19,2,11,40
2008-12,Asset Forfeiture,Plaintiff,324,198,132,213,138,20,3,17,35
2009-01,Asset Forfeiture,Plaintiff,373,223,155,229,135,22,4,11,57
2009-02,Asset Forfeiture,Plaintiff,376,192,160,202,136,17,1,13,35
2009-03,Asset Forfeiture,Plaintiff,434,192,244,237,159,14,3,12,49
2009-04,Asset Forfeiture,Plaintiff,439,230,207,264,160,29,3,11,61
2009-05,Asset Forfeiture,Plaintiff,433,210,130,206,134,17,2,7,46
2009-06,Asset Forfeiture,Plaintiff,450,205,180,259,157,25,3,17,57
2009-07,Asset Forfeiture,Plaintiff,426,242,180,215,125,26,2,16,46
2009-08,Asset Forfeiture,Plaintiff,378,203,184,234,120,20,1,16,77
2009-09,Asset Forfeiture,Plaintiff,427,236,328,212,122,23,3,8,56
2009-10,Asset Forfeiture,Plaintiff,359,242,151,238,144,20,6,23,45
2009-11,Asset Forfeiture,Plaintiff,369,213,124,179,107,22,3,12,35
2009-12,Asset Forfeiture,Plaintiff,328,223,124,200,127,13,2,14,44
2010-01,Asset Forfeiture,Plaintiff,312,184,190,191,125,18,,17,31
2010-02,Asset Forfeiture,Plaintiff,284,167,171,179,127,13,1,10,28
2010-03,Asset Forfeiture,Plaintiff,434,228,424,300,136,29,,20,115
2010-04,Asset Forfeiture,Plaintiff,359,200,133,303,176,36,1,14,76
2010-05,Asset Forfeiture,Plaintiff,365,187,147,172,106,14,2,8,42
2010-06,Asset Forfeiture,Plaintiff,407,203,154,218,127,20,2,11,58
2010-07,Asset Forfeiture,Plaintiff,360,210,169,208,124,15,,5,64
2010-08,Asset Forfeiture,Plaintiff,400,217,177,219,100,27,1,14,77
2010-09,Asset Forfeiture,Plaintiff,439,233,251,257,114,33,2,16,92
2010-10,Asset Forfeiture,Plaintiff,437,227,134,203,131,14,1,14,43
2010-11,Asset Forfeiture,Plaintiff,380,209,172,194,127,10,,7,50
2010-12,Asset Forfeiture,Plaintiff,482,254,179,220,97,22,1,5,95
2011-01,Asset Forfeiture,Plaintiff,362,201,153,197,128,10,1,9,49
2011-02,Asset Forfeiture,Plaintiff,374,208,173,170,90,20,,11,49
2011-03,Asset Forfeiture,Plaintiff,475,214,295,321,155,26,2,24,114
2011-04,Asset Forfeiture,Plaintiff,385,192,127,197,117,24,3,7,46
2011-05,Asset Forfeiture,Plaintiff,430,205,136,178,113,14,3,13,35
2011-06,Asset Forfeiture,Plaintiff,462,263,224,240,146,20,4,6,64
2011-07,Asset Forfeiture,Plaintiff,392,230,143,164,110,19,,6,29
2011-08,Asset Forfeiture,Plaintiff,516,246,216,218,137,18,3,5,55
2011-09,Asset Forfeiture,Plaintiff,434,187,251,270,147,20,4,4,95
2011-10,Asset Forfeiture,Plaintiff,400,204,171,202,132,18,1,5,46
2011-11,Asset Forfeiture,Plaintiff,407,229,155,192,108,18,5,11,50
2011-12,Asset Forfeiture,Plaintiff,452,234,201,214,114,12,2,17,69
2012-01,Asset Forfeiture,Plaintiff,410,179,164,203,125,23,3,10,42
2012-02,Asset Forfeiture,Plaintiff,397,189,201,209,115,13,4,12,65
2012-03,Asset Forfeiture,Plaintiff,476,225,243,246,131,16,4,10,85
2012-04,Asset Forfeiture,Plaintiff,420,221,171,236,121,23,3,13,76
2012-05,Asset Forfeiture,Plaintiff,496,225,260,236,116,22,5,11,82
2012-06,Asset Forfeiture,Plaintiff,447,268,169,217,118,18,4,5,72
2012-07,Asset Forfeiture,Plaintiff,541,290,189,263,129,20,3,8,103
2012-08,Asset Forfeiture,Plaintiff,473,253,185,250,140,20,2,18,70
2012-09,Asset Forfeiture,Plaintiff,374,216,301,246,99,29,3,16,99
2012-10,Asset Forfeiture,Plaintiff,423,177,225,211,120,26,3,7,55
2012-11,Asset Forfeiture,Plaintiff,434,270,134,208,103,19,,9,77
2012-12,Asset Forfeiture,Plaintiff,407,227,194,204,95,21,,6,82
2013-01,Asset Forfeiture,Plaintiff,477,169,159,203,118,15,4,10,56
2013-02,Asset Forfeiture,Plaintiff,415,199,154,226,115,18,2,6,85
2013-03,Asset Forfeiture,Plaintiff,398,205,301,216,115,22,,14,65
2013-04,Asset Forfeiture,Plaintiff,513,272,199,237,115,28,4,22,68
2013-05,Asset Forfeiture,Plaintiff,506,256,167,217,125,21,4,9,58
2013-06,Asset Forfeiture,Plaintiff,456,217,150,167,108,18,2,8,31
2013-07,Asset Forfeiture,Plaintiff,439,230,159,208,121,14,1,10,62
2013-08,Asset Forfeiture,Plaintiff,432,179,246,255,120,25,1,11,98
2013-09,Asset Forfeiture,Plaintiff,475,234,266,283,138,17,4,17,107
2013-10,Asset Forfeiture,Plaintiff,404,201,168,240,129,11,9,23,68
2013-11,Asset Forfeiture,Plaintiff,367,217,148,182,85,16,3,5,73
2013-12,Asset Forfeiture,Plaintiff,352,200,141,197,107,11,2,10,67
2014-01,Asset Forfeiture,Plaintiff,468,223,205,230,99,19,3,10,99
2014-02,Asset Forfeiture,Plaintiff,359,224,190,216,103,16,1,7,89
2014-03,Asset Forfeiture,Plaintiff,358,191,223,318,118,28,4,18,150
2014-04,Asset Forfeiture,Plaintiff,466,266,214,229,117,18,2,14,78
2014-05,Asset Forfeiture,Plaintiff,436,224,211,208,115,13,1,13,66
2014-06,Asset Forfeiture,Plaintiff,390,199,172,231,94,17,1,11,108
2014-07,Asset Forfeiture,Plaintiff,387,176,213,171,96,19,1,10,45
2014-08,Asset Forfeiture,Plaintiff,515,183,199,189,89,25,3,7,65
2014-09,Asset Forfeiture,Plaintiff,346,186,310,238,122,14,3,6,93
2014-10,Asset Forfeiture,Plaintiff,384,342,176,218,115,18,6,21,58
2014-11,Asset Forfeiture,Plaintiff,257,211,151,163,95,20,2,4,42
2014-12,Asset Forfeiture,Plaintiff,304,149,163,153,85,29,1,8,30
2015-01,Asset Forfeiture,Plaintiff,284,186,185,181,101,14,1,12,53
2015-02,Asset Forfeiture,Plaintiff,241,107,210,177,84,18,2,7,66
2015-03,Asset Forfeiture,Plaintiff,297,154,175,392,106,22,1,164,99
2015-04,Asset Forfeiture,Plaintiff,301,164,248,224,79,18,4,16,107
2015-05,Asset Forfeiture,Plaintiff,243,145,201,163,71,20,,11,61
2015-06,Asset Forfeiture,Plaintiff,292,124,152,179,90,20,2,20,47
2015-07,Asset Forfeiture,Plaintiff,321,140,178,167,66,17,2,15,67
2015-08,Asset Forfeiture,Plaintiff,292,139,142,185,96,18,4,23,44
2015-09,Asset Forfeiture,Plaintiff,296,131,185,183,93,29,2,6,53
2015-10,Asset Forfeiture,Plaintiff,277,126,171,217,85,19,4,36,73
2015-11,Asset Forfeiture,Plaintiff,275,132,262,122,62,16,,3,41
2015-12,Asset Forfeiture,Plaintiff,301,142,93,142,65,20,,10,47
2016-01,Asset Forfeiture,Plaintiff,259,131,180,172,77,27,1,8,59
2016-02,Asset Forfeiture,Plaintiff,264,113,162,153,77,13,3,15,45
2016-03,Asset Forfeiture,Plaintiff,284,174,198,178,79,10,,9,80
2016-04,Asset Forfeiture,Plaintiff,215,115,136,132,56,12,2,7,55
2016-05,Asset Forfeiture,Plaintiff,252,113,226,135,69,16,3,6,41
2016-06,Asset Forfeiture,Plaintiff,254,107,154,170,72,14,1,6,77
2016-07,Asset Forfeiture,Plaintiff,255,98,180,94,47,14,1,6,26
2016-08,Asset Forfeiture,Plaintiff,287,101,145,123,82,7,3,4,27
2016-09,Asset Forfeiture,Plaintiff,312,103,273,173,57,9,8,15,84
2016-10,Asset Forfeiture,Plaintiff,334,109,170,93,53,5,1,7,27
2016-11,Asset Forfeiture,Plaintiff,267,129,133,104,45,13,1,3,42
2016-12,Asset Forfeiture,Plaintiff,282,127,149,80,42,4,1,7,26
2017-01,Asset Forfeiture,Plaintiff,296,96,178,106,58,7,1,4,36
2017-02,Asset Forfeiture,Plaintiff,257,104,185,103,61,8,1,3,30
2017-03,Asset Forfeiture,Plaintiff,376,154,305,173,86,7,1,3,76
2017-04,Asset Forfeiture,Plaintiff,244,130,204,100,48,8,5,4,35
2017-05,Asset Forfeiture,Plaintiff,329,129,163,155,77,17,4,4,53
2017-06,Asset Forfeiture,Plaintiff,365,177,163,132,60,7,2,11,52
2017-07,Asset Forfeiture,Plaintiff,299,102,127,102,63,6,2,7,24
2017-08,Asset Forfeiture,Plaintiff,326,171,169,146,64,21,2,9,50
2017-09,Asset Forfeiture,Plaintiff,345,164,158,132,54,4,3,8,63
2017-10,Asset Forfeiture,Plaintiff,299,153,138,129,58,6,2,6,57
2017-11,Asset Forfeiture,Plaintiff,259,121,149,128,63,7,,5,53
2017-12,Asset Forfeiture,Plaintiff,313,170,123,114,49,5,1,4,55
2018-01,Asset Forfeiture,Plaintiff,317,149,134,170,78,13,3,9,67
2018-02,Asset Forfeiture,Plaintiff,320,199,172,212,60,7,4,14,127
2018-03,Asset Forfeiture,Plaintiff,351,203,272,233,75,5,2,8,143
2018-04,Asset Forfeiture,Plaintiff,376,203,149,174,57,10,2,7,98
2018-05,Asset Forfeiture,Plaintiff,328,167,124,143,62,12,,7,62
2018-06,Asset Forfeiture,Plaintiff,334,141,147,144,59,7,1,8,69
2018-07,Asset Forfeiture,Plaintiff,361,189,139,174,53,6,4,6,105
2018-08,Asset Forfeiture,Plaintiff,293,164,155,175,66,8,2,19,80
2018-09,Asset Forfeiture,Plaintiff,271,120,159,171,78,15,2,9,67
2018-10,Asset Forfeiture,Plaintiff,341,175,112,152,61,8,1,11,71
2018-11,Asset Forfeiture,Plaintiff,285,146,138,126,57,6,1,3,59
2018-12,Asset Forfeiture,Plaintiff,204,108,109,144,49,7,1,14,73
2019-01,Asset Forfeiture,Plaintiff,211,89,122,187,36,5,,6,140
2019-02,Asset Forfeiture,Plaintiff,207,107,111,128,47,1,,8,72
2019-03,Asset Forfeiture,Plaintiff,251,101,172,140,52,11,3,11,63
2019-04,Asset Forfeiture,Plaintiff,466,295,122,128,44,4,2,6,72
2019-05,Asset Forfeiture,Plaintiff,266,122,96,112,47,10,1,5,49
2019-06,Asset Forfeiture,Plaintiff,221,107,110,92,59,6,,4,23
2019-07,Asset Forfeiture,Plaintiff,260,123,147,118,60,5,1,4,48
2019-08,Asset Forfeiture,Plaintiff,280,127,169,128,51,5,3,15,54
2019-09,Asset Forfeiture,Plaintiff,221,96,164,184,58,13,1,5,107
2019-10,Asset Forfeiture,Plaintiff,257,114,158,112,55,12,1,5,39
2019-11,Asset Forfeiture,Plaintiff,217,80,172,119,52,2,,5,60
2019-12,Asset Forfeiture,Plaintiff,210,103,89,82,39,2,,4,37
2020-01,Asset Forfeiture,Plaintiff,262,107,141,102,54,6,,7,35
2020-02,Asset Forfeiture,Plaintiff,218,103,123,121,56,6,1,8,50
2020-03,Asset Forfeiture,Plaintiff,212,113,137,127,56,8,3,4,56
2020-04,Asset Forfeiture,Plaintiff,183,88,96,111,49,2,2,1,57
2020-05,Asset Forfeiture,Plaintiff,139,75,59,82,35,5,4,4,34
2020-06,Asset Forfeiture,Plaintiff,214,98,76,120,35,3,1,6,75
2020-07,Asset Forfeiture,Plaintiff,258,117,108,99,34,6,1,11,47
2020-08,Asset Forfeiture,Plaintiff,224,120,73,115,52,6,4,2,51
2020-09,Asset Forfeiture,Plaintiff,306,120,118,125,25,11,,13,76
2020-10,Asset Forfeiture,Plaintiff,279,143,113,100,45,3,1,8,43
2020-11,Asset Forfeiture,Plaintiff,269,164,80,88,33,1,,3,51
2020-12,Asset Forfeiture,Plaintiff,279,130,114,110,41,3,1,2,63
2021-01,Asset Forfeiture,Plaintiff,346,129,97,85,36,5,2,7,35
2021-02,Asset Forfeiture,Plaintiff,378,147,106,161,51,4,1,11,94
2021-03,Asset Forfeiture,Plaintiff,337,141,201,114,54,7,,6,47
2021-04,Asset Forfeiture,Plaintiff,285,149,142,132,61,3,1,,67
2021-05,Asset Forfeiture,Plaintiff,289,118,107,94,41,4,3,5,41
2021-06,Asset Forfeiture,Plaintiff,352,128,126,109,52,3,2,3,49
2021-07,Asset Forfeiture,Plaintiff,398,112,170,107,36,9,,5,57
2021-08,Asset Forfeiture,Plaintiff,445,127,195,95,47,6,1,2,39
2021-09,Asset Forfeiture,Plaintiff,252,149,300,167,60,6,3,10,88
2021-10,Asset Forfeiture,Plaintiff,243,112,145,104,49,10,,2,43
2021-11,Asset Forfeiture,Plaintiff,227,110,130,108,48,7,2,6,45
2021-12,Asset Forfeiture,Plaintiff,233,113,112,122,57,5,9,5,46
2022-01,Asset Forfeiture,Plaintiff,223,101,123,101,44,7,3,9,38
2022-02,Asset Forfeiture,Plaintiff,248,84,130,107,57,1,,8,41
2022-03,Asset Forfeiture,Plaintiff,269,86,233,131,52,11,2,13,53
2022-04,Asset Forfeiture,Plaintiff,275,110,135,100,57,3,,7,33
2022-05,Asset Forfeiture,Plaintiff,293,148,108,102,41,4,3,3,51
2022-06,Asset Forfeiture,Plaintiff,251,90,135,100,55,6,1,11,27
2022-07,Asset Forfeiture,Plaintiff,218,84,147,81,52,2,,,27
2022-08,Asset Forfeiture,Plaintiff,261,88,149,99,44,3,,4,48
2022-09,Asset Forfeiture,Plaintiff,201,87,188,90,43,6,1,8,32
2022-10,Asset Forfeiture,Plaintiff,213,77,149,120,41,6,1,8,64
2022-11,Asset Forfeiture,Plaintiff,183,67,129,74,26,6,,5,37
2022-12,Asset Forfeiture,Plaintiff,191,72,128,108,48,6,3,12,39
2023-01,Asset Forfeiture,Plaintiff,254,78,146,73,38,8,2,3,22
2023-02,Asset Forfeiture,Plaintiff,205,74,116,313,44,3,2,7,257
2023-03,Asset Forfeiture,Plaintiff,238,84,176,183,50,5,1,19,108
2023-04,Asset Forfeiture,Plaintiff,194,73,122,115,74,14,2,4,21
2023-05,Asset Forfeiture,Plaintiff,268,101,118,112,46,5,2,6,53
2023-06,Asset Forfeiture,Plaintiff,226,85,132,66,28,2,,3,33
2023-07,Asset Forfeiture,Plaintiff,240,70,99,69,39,2,1,2,25
2023-08,Asset Forfeiture,Plaintiff,260,85,163,132,40,10,2,5,75
2023-09,Asset Forfeiture,Plaintiff,259,65,221,155,59,11,,8,77
2023-10,Asset Forfeiture,Plaintiff,245,65,122,70,31,6,,5,28
2023-11,Asset Forfeiture,Plaintiff,271,86,142,124,29,5,2,3,85
2023-12,Asset Forfeiture,Plaintiff,312,79,89,62,29,5,1,8,19
2024-01,Asset Forfeiture,Plaintiff,291,49,118,111,49,3,2,2,55
2024-02,Asset Forfeiture,Plaintiff,261,67,107,73,33,2,2,6,30
2024-03,Asset Forfeiture,Plaintiff,242,81,145,116,41,4,1,9,61
2024-04,Asset Forfeiture,Plaintiff,211,74,212,71,38,2,,5,26
2024-05,Asset Forfeiture,Plaintiff,216,60,198,74,37,3,1,9,24
2024-06,Asset Forfeiture,Plaintiff,178,62,103,82,28,4,,6,44
2024-07,Asset Forfeiture,Plaintiff,200,72,108,63,34,6,,1,22
2024-08,Asset Forfeiture,Plaintiff,224,65,193,76,34,3,2,3,34
2024-09,Asset Forfeiture,Plaintiff,203,74,116,70,35,6,1,6,22
2024-10,Asset Forfeiture,Plaintiff,194,85,96,80,33,2,1,3,41
2024-11,Asset Forfeiture,Plaintiff,176,61,73,55,29,2,,4,20
2024-12,Asset Forfeiture,Plaintiff,185,82,100,60,27,2,3,6,22
2025-01,Asset Forfeiture,Plaintiff,200,55,82,80,42,4,1,6,27
2025-02,Asset Forfeiture,Plaintiff,249,94,132,68,22,5,,5,36
2025-03,Asset Forfeiture,Plaintiff,215,77,221,90,31,,,9,50
2025-04,Asset Forfeiture,Plaintiff,197,56,104,52,26,3,,3,20
2025-05,Asset Forfeiture,Plaintiff,190,75,104,88,29,4,,5,50
2025-06,Asset Forfeiture,Plaintiff,173,54,92,60,39,1,,2,18
2025-07,Asset Forfeiture,Plaintiff,176,69,122,54,25,1,1,4,23
2025-08,Asset Forfeiture,Plaintiff,164,66,102,76,27,4,,5,40
2025-09,Asset Forfeiture,Plaintiff,195,64,167,100,31,6,1,,62
2025-10,Asset Forfeiture,Plaintiff,222,79,105,59,21,3,1,6,28
2025-11,Asset Forfeiture,Plaintiff,194,73,56,46,15,2,,3,26
2025-12,Asset Forfeiture,Plaintiff,168,58,61,45,19,5,,3,18
2026-01,Asset Forfeiture,Plaintiff,219,55,106,52,17,5,3,2,25
2026-02,Asset Forfeiture,Plaintiff,145,53,159,56,18,2,,8,28
2026-03,Asset Forfeiture,Plaintiff,191,60,162,72,27,3,,3,39
2026-04,Asset Forfeiture,Plaintiff,196,81,90,61,13,1,3,1,43
2026-05,Asset Forfeiture,Plaintiff,148,48,60,29,14,2,1,2,10
1994-10,Bankruptcy,Plaintiff,2,3,0,3,1,,1,,1
1994-11,Bankruptcy,Plaintiff,5,5,0,3,1,,,,2
1994-12,Bankruptcy,Plaintiff,1,5,0,0,,,,,
1995-01,Bankruptcy,Plaintiff,0,6,0,1,,1,,,
1995-02,Bankruptcy,Plaintiff,1,5,0,0,,,,,
1995-03,Bankruptcy,Plaintiff,2,5,0,0,,,,,
1995-04,Bankruptcy,Plaintiff,3,1,0,0,,,,,
1995-05,Bankruptcy,Plaintiff,2,8,0,1,,,,,1
1995-06,Bankruptcy,Plaintiff,3,8,0,0,,,,,
1995-07,Bankruptcy,Plaintiff,1,3,0,0,,,,,
1995-08,Bankruptcy,Plaintiff,4,2,0,1,,,,,1
1995-09,Bankruptcy,Plaintiff,2,8,0,5,,,,,5
1995-10,Bankruptcy,Plaintiff,7,11,0,3,,,,,3
1995-11,Bankruptcy,Plaintiff,2,6,0,1,,,,,1
1995-12,Bankruptcy,Plaintiff,1,6,0,2,,,,,2
1996-01,Bankruptcy,Plaintiff,4,9,0,3,,,,,3
1996-02,Bankruptcy,Plaintiff,1,12,0,2,,,,,2
1996-03,Bankruptcy,Plaintiff,7,6,0,1,,,,,1
1996-04,Bankruptcy,Plaintiff,6,9,0,0,,,,,
1996-05,Bankruptcy,Plaintiff,4,9,0,1,,,,,1
1996-06,Bankruptcy,Plaintiff,7,7,0,2,,,1,,1
1996-07,Bankruptcy,Plaintiff,1,7,0,0,,,,,
1996-08,Bankruptcy,Plaintiff,3,11,0,2,1,,,,1
1996-09,Bankruptcy,Plaintiff,7,8,0,1,,,,,1
1996-10,Bankruptcy,Plaintiff,10,17,0,5,,1,1,,3
1996-11,Bankruptcy,Plaintiff,17,25,0,11,,2,3,,6
1996-12,Bankruptcy,Plaintiff,29,33,0,31,4,7,2,,18
1997-01,Bankruptcy,Plaintiff,18,29,0,18,3,5,,1,9
1997-02,Bankruptcy,Plaintiff,9,16,0,5,,1,1,,3
1997-03,Bankruptcy,Plaintiff,23,27,0,12,,4,,,8
1997-04,Bankruptcy,Plaintiff,11,10,0,4,2,1,,,1
1997-05,Bankruptcy,Plaintiff,13,21,0,2,,,,,2
1997-06,Bankruptcy,Plaintiff,5,15,0,1,,,,,1
1997-07,Bankruptcy,Plaintiff,10,16,1,4,1,,,,3
1997-08,Bankruptcy,Plaintiff,18,25,2,1,,,,,1
1997-09,Bankruptcy,Plaintiff,10,9,1,1,1,,,,
1997-10,Bankruptcy,Plaintiff,16,19,0,4,2,,,,2
1997-11,Bankruptcy,Plaintiff,9,16,0,4,2,,,,2
1997-12,Bankruptcy,Plaintiff,25,33,1,21,2,9,,1,9
1998-01,Bankruptcy,Plaintiff,11,27,0,5,3,,,1,1
1998-02,Bankruptcy,Plaintiff,8,11,2,0,,,,,
1998-03,Bankruptcy,Plaintiff,10,29,0,5,2,,,,3
1998-04,Bankruptcy,Plaintiff,19,29,0,6,1,,,,5
1998-05,Bankruptcy,Plaintiff,12,20,1,6,1,,,,5
1998-06,Bankruptcy,Plaintiff,14,29,2,7,3,,,,4
1998-07,Bankruptcy,Plaintiff,8,18,0,1,,,,,1
1998-08,Bankruptcy,Plaintiff,9,26,0,3,1,,,1,1
1998-09,Bankruptcy,Plaintiff,13,26,0,3,1,,,,2
1998-10,Bankruptcy,Plaintiff,18,30,1,4,2,,,,2
1998-11,Bankruptcy,Plaintiff,14,14,0,1,,,,,1
1998-12,Bankruptcy,Plaintiff,11,31,1,10,3,,,,7
1999-01,Bankruptcy,Plaintiff,14,34,0,7,4,,,1,2
1999-02,Bankruptcy,Plaintiff,52,32,0,13,4,1,,,8
1999-03,Bankruptcy,Plaintiff,36,41,0,24,8,,,,16
1999-04,Bankruptcy,Plaintiff,35,44,1,20,5,2,,,13
1999-05,Bankruptcy,Plaintiff,35,52,0,18,6,2,,1,9
1999-06,Bankruptcy,Plaintiff,32,34,0,20,9,,,,11
1999-07,Bankruptcy,Plaintiff,46,55,1,22,7,,2,,13
1999-08,Bankruptcy,Plaintiff,78,61,2,44,16,6,,1,21
1999-09,Bankruptcy,Plaintiff,42,43,5,43,27,,,,16
1999-10,Bankruptcy,Plaintiff,91,63,11,51,30,,1,2,18
1999-11,Bankruptcy,Plaintiff,40,47,4,65,27,,1,2,35
1999-12,Bankruptcy,Plaintiff,74,59,0,58,14,10,1,2,31
2000-01,Bankruptcy,Plaintiff,62,60,2,59,22,1,3,,33
2000-02,Bankruptcy,Plaintiff,46,54,5,61,24,2,2,2,31
2000-03,Bankruptcy,Plaintiff,66,62,1,79,33,4,1,1,40
2000-04,Bankruptcy,Plaintiff,55,59,0,59,28,5,,,26
2000-05,Bankruptcy,Plaintiff,67,48,0,52,26,6,2,,18
2000-06,Bankruptcy,Plaintiff,69,54,2,55,22,,1,2,30
2000-07,Bankruptcy,Plaintiff,51,45,0,57,36,,2,1,18
2000-08,Bankruptcy,Plaintiff,67,74,2,76,31,4,4,,37
2000-09,Bankruptcy,Plaintiff,59,58,0,78,30,5,4,2,37
2000-10,Bankruptcy,Plaintiff,50,61,0,45,24,1,1,2,17
2000-11,Bankruptcy,Plaintiff,47,50,0,45,22,1,2,1,19
2000-12,Bankruptcy,Plaintiff,49,35,0,36,16,1,2,,17
2001-01,Bankruptcy,Plaintiff,68,45,0,66,34,,,4,28
2001-02,Bankruptcy,Plaintiff,36,44,1,38,21,1,3,,13
2001-03,Bankruptcy,Plaintiff,73,73,3,47,29,,1,,17
2001-04,Bankruptcy,Plaintiff,88,33,1,62,38,,1,,23
2001-05,Bankruptcy,Plaintiff,67,53,0,62,45,1,1,,15
2001-06,Bankruptcy,Plaintiff,70,52,1,42,28,3,,1,10
2001-07,Bankruptcy,Plaintiff,59,61,0,50,33,2,2,,13
2001-08,Bankruptcy,Plaintiff,70,87,3,39,18,2,1,2,16
2001-09,Bankruptcy,Plaintiff,88,81,0,54,34,2,3,3,12
2001-10,Bankruptcy,Plaintiff,72,74,1,62,42,,1,1,18
2001-11,Bankruptcy,Plaintiff,76,70,0,59,43,2,1,1,12
2001-12,Bankruptcy,Plaintiff,58,54,1,48,31,3,2,,12
2002-01,Bankruptcy,Plaintiff,72,81,1,63,40,3,,2,18
2002-02,Bankruptcy,Plaintiff,108,105,1,64,24,,1,1,38
2002-03,Bankruptcy,Plaintiff,118,88,1,80,54,2,5,,19
2002-04,Bankruptcy,Plaintiff,120,104,0,73,39,,3,,31
2002-05,Bankruptcy,Plaintiff,99,84,0,107,78,,1,2,26
2002-06,Bankruptcy,Plaintiff,133,100,1,96,68,,4,2,22
2002-07,Bankruptcy,Plaintiff,107,98,0,84,57,1,3,2,21
2002-08,Bankruptcy,Plaintiff,98,78,0,89,49,3,4,,33
2002-09,Bankruptcy,Plaintiff,115,83,1,86,46,1,1,,38
2002-10,Bankruptcy,Plaintiff,104,94,0,109,73,1,2,,33
2002-11,Bankruptcy,Plaintiff,94,88,0,99,74,,3,1,21
2002-12,Bankruptcy,Plaintiff,103,67,0,71,48,1,1,,21
2003-01,Bankruptcy,Plaintiff,76,89,0,99,49,1,,,49
2003-02,Bankruptcy,Plaintiff,74,69,1,96,53,3,,,40
2003-03,Bankruptcy,Plaintiff,83,88,1,116,70,1,,,45
2003-04,Bankruptcy,Plaintiff,84,67,1,83,53,1,,,29
2003-05,Bankruptcy,Plaintiff,98,94,1,84,56,,,1,27
2003-06,Bankruptcy,Plaintiff,110,90,0,72,43,1,,,28
2003-07,Bankruptcy,Plaintiff,63,57,0,103,48,3,,,52
2003-08,Bankruptcy,Plaintiff,100,83,0,79,40,1,,2,36
2003-09,Bankruptcy,Plaintiff,50,49,1,74,39,3,2,2,28
2003-10,Bankruptcy,Plaintiff,91,87,0,62,28,1,,,33
2003-11,Bankruptcy,Plaintiff,96,97,0,35,18,,1,,16
2003-12,Bankruptcy,Plaintiff,63,62,0,56,28,2,,1,25
2004-01,Bankruptcy,Plaintiff,34,41,1,81,10,1,1,,69
2004-02,Bankruptcy,Plaintiff,73,76,0,50,25,,2,1,22
2004-03,Bankruptcy,Plaintiff,111,103,1,425,61,1,,,363
2004-04,Bankruptcy,Plaintiff,78,78,0,50,25,1,,,24
2004-05,Bankruptcy,Plaintiff,94,92,0,49,23,,,4,22
2004-06,Bankruptcy,Plaintiff,49,48,0,104,65,2,,1,36
2004-07,Bankruptcy,Plaintiff,51,55,0,76,53,,2,1,20
2004-08,Bankruptcy,Plaintiff,28,28,0,56,34,2,,1,19
2004-09,Bankruptcy,Plaintiff,41,45,2,62,46,,,,16
2004-10,Bankruptcy,Plaintiff,44,42,0,62,24,4,1,,33
2004-11,Bankruptcy,Plaintiff,46,31,0,46,27,,1,1,17
2004-12,Bankruptcy,Plaintiff,52,53,0,26,8,2,,1,15
2005-01,Bankruptcy,Plaintiff,122,115,1,42,24,2,1,,15
2005-02,Bankruptcy,Plaintiff,104,109,2,64,39,3,,,22
2005-03,Bankruptcy,Plaintiff,102,97,0,105,67,2,,1,35
2005-04,Bankruptcy,Plaintiff,111,118,3,105,90,1,,1,13
2005-05,Bankruptcy,Plaintiff,97,97,0,117,105,,1,,11
2005-06,Bankruptcy,Plaintiff,132,127,1,93,62,3,,1,27
2005-07,Bankruptcy,Plaintiff,127,122,0,117,102,1,,,14
2005-08,Bankruptcy,Plaintiff,133,131,0,85,56,,,2,27
2005-09,Bankruptcy,Plaintiff,123,122,0,90,54,8,,3,25
2005-10,Bankruptcy,Plaintiff,126,132,3,118,90,,,2,26
2005-11,Bankruptcy,Plaintiff,82,82,0,81,56,2,,,23
2005-12,Bankruptcy,Plaintiff,91,88,2,101,76,2,1,2,20
2006-01,Bankruptcy,Plaintiff,109,108,0,61,44,4,,,13
2006-02,Bankruptcy,Plaintiff,85,87,0,119,82,10,1,,26
2006-03,Bankruptcy,Plaintiff,85,80,2,185,162,5,1,,17
2006-04,Bankruptcy,Plaintiff,48,46,0,49,20,3,1,1,24
2006-05,Bankruptcy,Plaintiff,36,32,1,57,30,4,,,23
2006-06,Bankruptcy,Plaintiff,31,28,0,63,27,4,,1,31
2006-07,Bankruptcy,Plaintiff,35,37,0,55,18,5,1,,31
2006-08,Bankruptcy,Plaintiff,23,21,0,46,22,3,,,21
2006-09,Bankruptcy,Plaintiff,34,39,1,71,43,3,,,25
2006-10,Bankruptcy,Plaintiff,31,25,0,44,19,3,,5,17
2006-11,Bankruptcy,Plaintiff,20,19,9,44,24,3,,,17
2006-12,Bankruptcy,Plaintiff,33,30,0,26,14,,,,12
2007-01,Bankruptcy,Plaintiff,24,24,1,45,17,1,2,,25
2007-02,Bankruptcy,Plaintiff,11,10,2,32,18,,,,14
2007-03,Bankruptcy,Plaintiff,29,28,0,46,22,2,,1,21
2007-04,Bankruptcy,Plaintiff,37,38,0,41,8,2,1,,30
2007-05,Bankruptcy,Plaintiff,6,7,2,36,21,3,,,12
2007-06,Bankruptcy,Plaintiff,23,23,0,23,5,1,,,17
2007-07,Bankruptcy,Plaintiff,21,19,0,26,11,2,,1,12
2007-08,Bankruptcy,Plaintiff,16,15,1,43,13,2,1,1,26
2007-09,Bankruptcy,Plaintiff,40,40,0,50,24,2,3,,21
2007-10,Bankruptcy,Plaintiff,7,10,0,29,10,1,,1,17
2007-11,Bankruptcy,Plaintiff,9,8,0,12,1,2,,,9
2007-12,Bankruptcy,Plaintiff,7,10,0,13,1,1,,,11
2008-01,Bankruptcy,Plaintiff,8,9,0,26,6,,,,20
2008-02,Bankruptcy,Plaintiff,6,8,0,31,8,,,1,22
2008-03,Bankruptcy,Plaintiff,22,23,1,27,6,,,,21
2008-04,Bankruptcy,Plaintiff,13,11,0,32,5,3,,,24
2008-05,Bankruptcy,Plaintiff,10,12,0,16,2,,,,14
2008-06,Bankruptcy,Plaintiff,6,9,1,15,2,,,1,12
2008-07,Bankruptcy,Plaintiff,14,13,0,22,2,2,,2,16
2008-08,Bankruptcy,Plaintiff,12,9,0,9,2,,,,7
2008-09,Bankruptcy,Plaintiff,17,18,0,23,4,1,,,18
2008-10,Bankruptcy,Plaintiff,17,18,1,24,2,1,,1,20
2008-11,Bankruptcy,Plaintiff,2,8,0,10,3,,,,7
2008-12,Bankruptcy,Plaintiff,13,12,2,10,4,,,,6
2009-01,Bankruptcy,Plaintiff,12,11,0,18,4,3,1,,10
2009-02,Bankruptcy,Plaintiff,14,13,0,11,1,1,,,9
2009-03,Bankruptcy,Plaintiff,20,10,1,18,2,1,1,,14
2009-04,Bankruptcy,Plaintiff,15,16,1,23,1,1,,,21
2009-05,Bankruptcy,Plaintiff,10,8,0,11,4,,,,7
2009-06,Bankruptcy,Plaintiff,33,29,0,32,5,1,,2,24
2009-07,Bankruptcy,Plaintiff,18,11,1,8,2,1,,,5
2009-08,Bankruptcy,Plaintiff,15,13,0,19,6,2,1,,10
2009-09,Bankruptcy,Plaintiff,10,8,0,20,3,2,,,15
2009-10,Bankruptcy,Plaintiff,17,17,2,29,1,2,,,26
2009-11,Bankruptcy,Plaintiff,9,9,1,13,4,,,1,8
2009-12,Bankruptcy,Plaintiff,12,15,1,20,2,1,,2,15
2010-01,Bankruptcy,Plaintiff,15,10,1,9,2,,,,7
2010-02,Bankruptcy,Plaintiff,9,13,0,11,1,,,,10
2010-03,Bankruptcy,Plaintiff,20,11,1,14,5,3,,1,5
2010-04,Bankruptcy,Plaintiff,18,15,0,23,2,3,,,18
2010-05,Bankruptcy,Plaintiff,9,9,0,15,3,1,1,,10
2010-06,Bankruptcy,Plaintiff,15,16,0,10,2,,,,8
2010-07,Bankruptcy,Plaintiff,17,18,0,15,3,2,,,10
2010-08,Bankruptcy,Plaintiff,20,23,0,6,1,,,,5
2010-09,Bankruptcy,Plaintiff,21,21,1,13,4,1,,,8
2010-10,Bankruptcy,Plaintiff,27,25,0,10,1,,,,9
2010-11,Bankruptcy,Plaintiff,20,24,0,32,10,3,,3,16
2010-12,Bankruptcy,Plaintiff,14,13,0,14,8,,,,6
2011-01,Bankruptcy,Plaintiff,14,14,0,16,10,,,,6
2011-02,Bankruptcy,Plaintiff,13,15,0,19,11,,,1,7
2011-03,Bankruptcy,Plaintiff,24,19,1,40,10,1,1,2,26
2011-04,Bankruptcy,Plaintiff,16,14,0,18,8,,1,,9
2011-05,Bankruptcy,Plaintiff,9,10,0,23,6,,2,2,13
2011-06,Bankruptcy,Plaintiff,13,19,1,11,9,1,,,1
2011-07,Bankruptcy,Plaintiff,17,15,1,12,8,,2,1,1
2011-08,Bankruptcy,Plaintiff,9,5,0,26,16,,1,,9
2011-09,Bankruptcy,Plaintiff,8,10,0,15,7,1,1,,6
2011-10,Bankruptcy,Plaintiff,12,10,1,10,7,,,,3
2011-11,Bankruptcy,Plaintiff,9,9,0,11,5,,1,1,4
2011-12,Bankruptcy,Plaintiff,9,11,0,9,6,,,,3
2012-01,Bankruptcy,Plaintiff,13,12,0,14,8,,,,6
2012-02,Bankruptcy,Plaintiff,16,13,1,13,2,1,2,,8
2012-03,Bankruptcy,Plaintiff,11,12,2,18,7,,3,,8
2012-04,Bankruptcy,Plaintiff,11,11,0,20,7,,1,,12
2012-05,Bankruptcy,Plaintiff,13,18,1,12,6,1,3,,2
2012-06,Bankruptcy,Plaintiff,11,5,0,19,11,,3,1,4
2012-07,Bankruptcy,Plaintiff,12,11,0,13,5,,2,1,5
2012-08,Bankruptcy,Plaintiff,12,12,1,13,5,,3,,5
2012-09,Bankruptcy,Plaintiff,8,5,1,12,5,1,,1,5
2012-10,Bankruptcy,Plaintiff,4,9,0,10,2,,1,,7
2012-11,Bankruptcy,Plaintiff,15,11,0,7,2,,,,5
2012-12,Bankruptcy,Plaintiff,6,9,0,17,1,,3,2,11
2013-01,Bankruptcy,Plaintiff,2,3,1,6,3,,,,3
2013-02,Bankruptcy,Plaintiff,9,8,0,10,2,1,1,1,5
2013-03,Bankruptcy,Plaintiff,10,8,2,2,1,,,,1
2013-04,Bankruptcy,Plaintiff,7,9,0,11,2,1,1,,7
2013-05,Bankruptcy,Plaintiff,9,6,0,11,5,,,,6
2013-06,Bankruptcy,Plaintiff,12,10,0,5,2,,,2,1
2013-07,Bankruptcy,Plaintiff,14,9,0,5,2,,,,3
2013-08,Bankruptcy,Plaintiff,10,13,0,7,2,1,,1,3
2013-09,Bankruptcy,Plaintiff,6,5,3,8,5,2,,,1
2013-10,Bankruptcy,Plaintiff,5,7,0,7,2,1,1,,3
2013-11,Bankruptcy,Plaintiff,9,8,0,14,4,,,1,9
2013-12,Bankruptcy,Plaintiff,7,1,0,8,4,,,1,3
2014-01,Bankruptcy,Plaintiff,11,9,0,6,,,,,6
2014-02,Bankruptcy,Plaintiff,7,11,0,11,5,,,1,5
2014-03,Bankruptcy,Plaintiff,6,9,0,7,2,,,,5
2014-04,Bankruptcy,Plaintiff,12,9,0,12,4,3,,,5
2014-05,Bankruptcy,Plaintiff,18,18,0,13,1,1,,,11
2014-06,Bankruptcy,Plaintiff,13,17,0,18,5,2,,1,10
2014-07,Bankruptcy,Plaintiff,25,18,0,10,3,1,,1,5
2014-08,Bankruptcy,Plaintiff,17,21,4,10,1,1,1,,7
2014-09,Bankruptcy,Plaintiff,12,10,1,27,2,1,,2,22
2014-10,Bankruptcy,Plaintiff,26,17,0,13,4,1,,1,7
2014-11,Bankruptcy,Plaintiff,15,12,1,11,3,,,,8
2014-12,Bankruptcy,Plaintiff,14,9,0,16,2,1,,,13
2015-01,Bankruptcy,Plaintiff,8,11,4,12,1,1,,,10
2015-02,Bankruptcy,Plaintiff,15,14,0,14,1,,,,13
2015-03,Bankruptcy,Plaintiff,12,22,1,18,2,1,,,15
2015-04,Bankruptcy,Plaintiff,9,13,2,18,2,,,,16
2015-05,Bankruptcy,Plaintiff,16,8,3,7,2,,,,5
2015-06,Bankruptcy,Plaintiff,16,13,0,14,3,,,,11
2015-07,Bankruptcy,Plaintiff,20,23,0,21,2,,,,19
2015-08,Bankruptcy,Plaintiff,27,22,0,22,2,,,,20
2015-09,Bankruptcy,Plaintiff,11,15,1,19,1,,,,18
2015-10,Bankruptcy,Plaintiff,5,6,0,11,3,1,,,7
2015-11,Bankruptcy,Plaintiff,12,6,0,9,1,,,1,7
2015-12,Bankruptcy,Plaintiff,15,12,0,13,,1,,1,11
2016-01,Bankruptcy,Plaintiff,6,5,1,11,,,,,11
2016-02,Bankruptcy,Plaintiff,8,8,0,9,,,,,9
2016-03,Bankruptcy,Plaintiff,6,10,1,14,3,,,,11
2016-04,Bankruptcy,Plaintiff,9,8,0,7,1,,,1,5
2016-05,Bankruptcy,Plaintiff,5,8,0,7,2,,,,5
2016-06,Bankruptcy,Plaintiff,10,13,0,12,1,1,,1,9
2016-07,Bankruptcy,Plaintiff,12,8,0,7,3,1,,,3
2016-08,Bankruptcy,Plaintiff,9,5,1,5,2,,,,3
2016-09,Bankruptcy,Plaintiff,17,15,0,11,4,1,,1,5
2016-10,Bankruptcy,Plaintiff,7,5,0,6,1,,,1,4
2016-11,Bankruptcy,Plaintiff,7,6,1,9,3,,,,6
2016-12,Bankruptcy,Plaintiff,4,3,0,7,,2,,1,4
2017-01,Bankruptcy,Plaintiff,6,6,0,6,1,,1,,4
2017-02,Bankruptcy,Plaintiff,7,9,0,6,2,1,,1,2
2017-03,Bankruptcy,Plaintiff,15,13,0,12,2,,,,10
2017-04,Bankruptcy,Plaintiff,4,4,0,10,2,,,1,7
2017-05,Bankruptcy,Plaintiff,11,8,0,10,3,,,1,6
2017-06,Bankruptcy,Plaintiff,9,8,1,9,1,2,,1,5
2017-07,Bankruptcy,Plaintiff,10,12,0,6,3,,,1,2
2017-08,Bankruptcy,Plaintiff,11,10,0,4,1,,,,3
2017-09,Bankruptcy,Plaintiff,8,7,1,12,1,1,,,10
2017-10,Bankruptcy,Plaintiff,6,3,0,2,1,,,1,
2017-11,Bankruptcy,Plaintiff,9,9,1,9,1,,,1,7
2017-12,Bankruptcy,Plaintiff,6,4,0,4,1,,1,,2
2018-01,Bankruptcy,Plaintiff,2,4,1,12,2,2,,1,7
2018-02,Bankruptcy,Plaintiff,7,3,0,5,1,,,,4
2018-03,Bankruptcy,Plaintiff,3,8,0,16,4,1,,2,9
2018-04,Bankruptcy,Plaintiff,12,10,0,8,,2,,,6
2018-05,Bankruptcy,Plaintiff,4,5,0,7,3,,,,4
2018-06,Bankruptcy,Plaintiff,8,5,0,8,3,,,1,4
2018-07,Bankruptcy,Plaintiff,8,11,0,8,2,,,,6
2018-08,Bankruptcy,Plaintiff,4,2,1,7,2,2,,,3
2018-09,Bankruptcy,Plaintiff,6,5,0,9,,,,,9
2018-10,Bankruptcy,Plaintiff,4,6,0,12,2,,,,10
2018-11,Bankruptcy,Plaintiff,5,6,1,4,1,,,,3
2018-12,Bankruptcy,Plaintiff,7,7,1,1,,,,,1
2019-01,Bankruptcy,Plaintiff,3,4,0,2,,,,,2
2019-02,Bankruptcy,Plaintiff,10,9,4,3,2,,,,1
2019-03,Bankruptcy,Plaintiff,23,14,0,13,4,,,1,8
2019-04,Bankruptcy,Plaintiff,13,15,0,15,2,1,1,,11
2019-05,Bankruptcy,Plaintiff,8,9,1,6,,,1,,5
2019-06,Bankruptcy,Plaintiff,4,6,0,3,1,,,,2
2019-07,Bankruptcy,Plaintiff,13,8,1,5,1,,,,4
2019-08,Bankruptcy,Plaintiff,7,7,1,11,4,,,,7
2019-09,Bankruptcy,Plaintiff,5,7,0,7,2,,,1,4
2019-10,Bankruptcy,Plaintiff,10,4,0,7,1,,,,6
2019-11,Bankruptcy,Plaintiff,3,5,0,7,3,1,,,3
2019-12,Bankruptcy,Plaintiff,6,5,1,7,2,,,,5
2020-01,Bankruptcy,Plaintiff,6,4,1,4,2,,,,2
2020-02,Bankruptcy,Plaintiff,3,6,1,6,1,,,,5
2020-03,Bankruptcy,Plaintiff,3,2,0,6,1,,,,5
2020-04,Bankruptcy,Plaintiff,11,7,0,6,3,1,,,2
2020-05,Bankruptcy,Plaintiff,4,3,0,4,1,,,,3
2020-06,Bankruptcy,Plaintiff,3,3,0,4,,,,1,3
2020-07,Bankruptcy,Plaintiff,4,2,1,0,,,,,
2020-08,Bankruptcy,Plaintiff,2,1,0,5,,1,,,4
2020-09,Bankruptcy,Plaintiff,1,2,0,5,,,,,5
2020-10,Bankruptcy,Plaintiff,3,2,0,6,1,,,,5
2020-11,Bankruptcy,Plaintiff,2,2,1,3,1,,,1,1
2020-12,Bankruptcy,Plaintiff,3,4,0,4,1,,,,3
2021-01,Bankruptcy,Plaintiff,5,3,1,4,1,,,1,2
2021-02,Bankruptcy,Plaintiff,0,1,0,5,,,,,5
2021-03,Bankruptcy,Plaintiff,1,0,0,8,1,1,,,6
2021-04,Bankruptcy,Plaintiff,1,2,0,4,1,,,,3
2021-05,Bankruptcy,Plaintiff,0,1,0,1,,1,,,
2021-06,Bankruptcy,Plaintiff,1,0,0,4,,1,,,3
2021-07,Bankruptcy,Plaintiff,3,2,0,0,,,,,
2021-08,Bankruptcy,Plaintiff,3,3,0,2,,,,1,1
2021-09,Bankruptcy,Plaintiff,4,5,0,5,1,,,,4
2021-10,Bankruptcy,Plaintiff,1,2,0,4,,,1,,3
2021-11,Bankruptcy,Plaintiff,0,3,0,0,,,,,
2021-12,Bankruptcy,Plaintiff,1,4,0,4,1,,,,3
2022-01,Bankruptcy,Plaintiff,3,1,0,4,3,,,,1
2022-02,Bankruptcy,Plaintiff,1,0,0,1,,,,,1
2022-03,Bankruptcy,Plaintiff,1,1,0,5,,,,,5
2022-04,Bankruptcy,Plaintiff,3,2,0,1,,,,,1
2022-05,Bankruptcy,Plaintiff,9,5,0,5,,,,,5
2022-06,Bankruptcy,Plaintiff,1,1,0,2,,,,,2
2022-07,Bankruptcy,Plaintiff,4,3,0,3,,,,,3
2022-08,Bankruptcy,Plaintiff,1,1,0,4,1,,,,3
2022-09,Bankruptcy,Plaintiff,0,1,0,1,,,,,1
2022-10,Bankruptcy,Plaintiff,2,3,0,3,1,,,,2
2022-11,Bankruptcy,Plaintiff,3,3,0,2,1,,,1,
2022-12,Bankruptcy,Plaintiff,3,2,0,2,1,,,,1
2023-01,Bankruptcy,Plaintiff,8,6,1,3,,,,,3
2023-02,Bankruptcy,Plaintiff,2,3,0,2,,,,,2
2023-03,Bankruptcy,Plaintiff,3,4,0,3,1,,1,,1
2023-04,Bankruptcy,Plaintiff,2,1,0,2,,,,,2
2023-05,Bankruptcy,Plaintiff,0,1,0,1,,,,,1
2023-06,Bankruptcy,Plaintiff,2,5,0,3,1,,,,2
2023-07,Bankruptcy,Plaintiff,8,6,0,2,,1,,1,
2023-08,Bankruptcy,Plaintiff,6,6,0,4,1,,,1,2
2023-09,Bankruptcy,Plaintiff,5,6,0,0,,,,,
2023-10,Bankruptcy,Plaintiff,5,3,0,2,,,,,2
2023-11,Bankruptcy,Plaintiff,3,4,0,6,,1,,1,4
2023-12,Bankruptcy,Plaintiff,5,4,0,3,,1,,,2
2024-01,Bankruptcy,Plaintiff,2,3,0,3,,,,,3
2024-02,Bankruptcy,Plaintiff,3,4,0,3,,,,,3
2024-03,Bankruptcy,Plaintiff,4,2,0,4,1,,,,3
2024-04,Bankruptcy,Plaintiff,1,1,0,3,,1,1,,1
2024-05,Bankruptcy,Plaintiff,7,6,0,2,,,,1,1
2024-06,Bankruptcy,Plaintiff,3,4,0,8,2,,,1,5
2024-07,Bankruptcy,Plaintiff,4,5,1,2,,,,1,1
2024-08,Bankruptcy,Plaintiff,2,2,0,3,2,1,,,
2024-09,Bankruptcy,Plaintiff,6,3,0,4,2,,,,2
2024-10,Bankruptcy,Plaintiff,8,9,0,3,1,,,,2
2024-11,Bankruptcy,Plaintiff,4,4,0,6,,,,1,5
2024-12,Bankruptcy,Plaintiff,8,8,0,1,1,,,,
2025-01,Bankruptcy,Plaintiff,1,0,0,4,,,,,4
2025-02,Bankruptcy,Plaintiff,1,3,0,5,,,,,5
2025-03,Bankruptcy,Plaintiff,3,1,0,4,,1,,,3
2025-04,Bankruptcy,Plaintiff,3,3,0,3,1,,,,2
2025-05,Bankruptcy,Plaintiff,2,2,0,4,,,1,1,2
2025-06,Bankruptcy,Plaintiff,2,3,0,1,,,,,1
2025-07,Bankruptcy,Plaintiff,2,5,0,3,1,,,,2
2025-08,Bankruptcy,Plaintiff,1,1,0,4,1,,,2,1
2025-09,Bankruptcy,Plaintiff,3,2,0,1,,,,,1
2025-10,Bankruptcy,Plaintiff,4,1,0,1,1,,,,
2025-11,Bankruptcy,Plaintiff,1,0,0,1,,,,,1
2025-12,Bankruptcy,Plaintiff,3,3,0,1,,,,,1
2026-01,Bankruptcy,Plaintiff,4,5,0,5,,,,,5
2026-02,Bankruptcy,Plaintiff,0,0,0,1,,,,,1
2026-03,Bankruptcy,Plaintiff,3,2,0,7,1,,,,6
2026-04,Bankruptcy,Plaintiff,4,5,0,2,,,,,2
2026-05,Bankruptcy,Plaintiff,2,2,0,1,,1,,,
1994-10,Civil Rights,Plaintiff,17,10,2,11,1,,1,,9
1994-11,Civil Rights,Plaintiff,20,14,4,13,,,1,,12
1994-12,Civil Rights,Plaintiff,10,11,2,13,,,,,13
1995-01,Civil Rights,Plaintiff,13,15,2,16,1,,,,15
1995-02,Civil Rights,Plaintiff,21,9,0,17,1,,1,,15
1995-03,Civil Rights,Plaintiff,22,15,5,13,2,,1,,10
1995-04,Civil Rights,Plaintiff,28,22,2,8,,,,,8
1995-05,Civil Rights,Plaintiff,21,19,3,15,2,,,,13
1995-06,Civil Rights,Plaintiff,24,26,3,16,,,,,16
1995-07,Civil Rights,Plaintiff,20,7,2,13,1,1,,,11
1995-08,Civil Rights,Plaintiff,23,13,4,15,3,,2,,10
1995-09,Civil Rights,Plaintiff,16,10,2,17,,,,,17
1995-10,Civil Rights,Plaintiff,17,11,1,11,2,,,,9
1995-11,Civil Rights,Plaintiff,15,11,9,8,,,,,8
1995-12,Civil Rights,Plaintiff,19,10,1,17,,,,,17
1996-01,Civil Rights,Plaintiff,10,7,8,9,,,,,9
1996-02,Civil Rights,Plaintiff,17,10,4,15,3,,,,12
1996-03,Civil Rights,Plaintiff,16,11,5,19,1,,,,18
1996-04,Civil Rights,Plaintiff,18,10,7,8,,1,,,7
1996-05,Civil Rights,Plaintiff,28,4,5,15,1,,1,,13
1996-06,Civil Rights,Plaintiff,35,16,11,16,1,1,,,14
1996-07,Civil Rights,Plaintiff,25,7,6,10,1,,,,9
1996-08,Civil Rights,Plaintiff,20,9,7,11,1,1,,,9
1996-09,Civil Rights,Plaintiff,18,11,3,8,,,1,,7
1996-10,Civil Rights,Plaintiff,26,6,3,9,2,1,,,6
1996-11,Civil Rights,Plaintiff,26,13,2,14,1,,1,,12
1996-12,Civil Rights,Plaintiff,19,14,7,13,1,,,,12
1997-01,Civil Rights,Plaintiff,23,11,7,17,2,1,,,14
1997-02,Civil Rights,Plaintiff,18,9,6,14,2,,,,12
1997-03,Civil Rights,Plaintiff,34,6,5,8,,,,,8
1997-04,Civil Rights,Plaintiff,19,9,2,15,3,,,,12
1997-05,Civil Rights,Plaintiff,32,6,10,12,4,1,,,7
1997-06,Civil Rights,Plaintiff,19,11,2,7,,,,,7
1997-07,Civil Rights,Plaintiff,47,3,9,13,,,,,13
1997-08,Civil Rights,Plaintiff,41,7,12,22,1,,,1,20
1997-09,Civil Rights,Plaintiff,34,10,5,9,,,,,9
1997-10,Civil Rights,Plaintiff,35,8,3,5,1,,,,4
1997-11,Civil Rights,Plaintiff,44,14,6,17,1,,1,,15
1997-12,Civil Rights,Plaintiff,33,9,8,9,1,,,1,7
1998-01,Civil Rights,Plaintiff,45,10,4,17,2,,1,,14
1998-02,Civil Rights,Plaintiff,21,10,15,5,1,,,,4
1998-03,Civil Rights,Plaintiff,30,8,17,10,3,,,1,6
1998-04,Civil Rights,Plaintiff,44,9,9,8,1,1,,,6
1998-05,Civil Rights,Plaintiff,27,6,18,8,2,,,,6
1998-06,Civil Rights,Plaintiff,30,7,18,17,1,,,,16
1998-07,Civil Rights,Plaintiff,46,8,11,7,2,,,1,4
1998-08,Civil Rights,Plaintiff,23,10,10,8,1,,,,7
1998-09,Civil Rights,Plaintiff,48,25,34,16,,1,,,15
1998-10,Civil Rights,Plaintiff,26,14,28,12,3,,,,9
1998-11,Civil Rights,Plaintiff,25,9,8,6,,,1,,5
1998-12,Civil Rights,Plaintiff,31,7,13,8,2,1,,,5
1999-01,Civil Rights,Plaintiff,44,6,14,5,1,,,,4
1999-02,Civil Rights,Plaintiff,28,8,21,18,4,,,,14
1999-03,Civil Rights,Plaintiff,41,14,23,12,,1,1,,10
1999-04,Civil Rights,Plaintiff,27,7,17,15,2,2,,,11
1999-05,Civil Rights,Plaintiff,25,6,39,7,3,2,,,2
1999-06,Civil Rights,Plaintiff,39,10,19,12,2,,1,,9
1999-07,Civil Rights,Plaintiff,39,6,33,13,4,4,,,5
1999-08,Civil Rights,Plaintiff,28,8,13,7,1,,,1,5
1999-09,Civil Rights,Plaintiff,38,17,13,4,1,2,,,1
1999-10,Civil Rights,Plaintiff,30,7,13,11,3,6,,,2
1999-11,Civil Rights,Plaintiff,28,8,11,6,1,2,,,3
1999-12,Civil Rights,Plaintiff,29,12,16,9,3,1,2,,3
2000-01,Civil Rights,Plaintiff,26,7,7,9,6,3,,,
2000-02,Civil Rights,Plaintiff,22,5,6,11,6,2,,2,1
2000-03,Civil Rights,Plaintiff,35,14,22,19,9,5,,2,3
2000-04,Civil Rights,Plaintiff,16,7,10,6,,5,,,1
2000-05,Civil Rights,Plaintiff,30,7,14,12,2,6,,,4
2000-06,Civil Rights,Plaintiff,11,5,24,4,1,2,,,1
2000-07,Civil Rights,Plaintiff,22,7,9,9,3,4,1,,1
2000-08,Civil Rights,Plaintiff,27,6,23,14,4,9,,,1
2000-09,Civil Rights,Plaintiff,39,13,15,9,2,4,,1,2
2000-10,Civil Rights,Plaintiff,22,3,6,12,3,4,1,,4
2000-11,Civil Rights,Plaintiff,28,7,7,8,,6,,,2
2000-12,Civil Rights,Plaintiff,8,13,8,10,2,7,,,1
2001-01,Civil Rights,Plaintiff,34,19,17,12,6,6,,,
2001-02,Civil Rights,Plaintiff,28,5,22,9,4,5,,,
2001-03,Civil Rights,Plaintiff,17,5,55,6,1,4,,,1
2001-04,Civil Rights,Plaintiff,23,8,6,2,,1,,,1
2001-05,Civil Rights,Plaintiff,18,7,85,9,2,3,,,4
2001-06,Civil Rights,Plaintiff,42,9,13,4,,3,,,1
2001-07,Civil Rights,Plaintiff,31,6,7,3,1,1,,,1
2001-08,Civil Rights,Plaintiff,18,4,8,7,2,3,,,2
2001-09,Civil Rights,Plaintiff,17,3,25,11,4,1,,1,5
2001-10,Civil Rights,Plaintiff,23,4,9,9,3,4,,,2
2001-11,Civil Rights,Plaintiff,20,5,31,7,1,2,,1,3
2001-12,Civil Rights,Plaintiff,14,2,3,9,2,2,,,5
2002-01,Civil Rights,Plaintiff,17,9,32,7,2,3,2,,
2002-02,Civil Rights,Plaintiff,25,5,10,8,3,1,1,,3
2002-03,Civil Rights,Plaintiff,20,8,35,6,1,4,,1,
2002-04,Civil Rights,Plaintiff,26,9,13,8,3,3,,1,1
2002-05,Civil Rights,Plaintiff,14,7,15,17,7,5,1,2,2
2002-06,Civil Rights,Plaintiff,27,14,13,5,1,2,,1,1
2002-07,Civil Rights,Plaintiff,27,7,15,9,4,4,,,1
2002-08,Civil Rights,Plaintiff,49,8,11,8,2,4,,,2
2002-09,Civil Rights,Plaintiff,39,17,13,10,3,5,,1,1
2002-10,Civil Rights,Plaintiff,32,6,15,9,3,2,,,4
2002-11,Civil Rights,Plaintiff,12,4,9,6,3,2,,,1
2002-12,Civil Rights,Plaintiff,20,6,2,3,1,1,,,1
2003-01,Civil Rights,Plaintiff,9,0,7,8,2,3,,,3
2003-02,Civil Rights,Plaintiff,17,5,16,8,,5,,,3
2003-03,Civil Rights,Plaintiff,20,2,22,6,2,3,,,1
2003-04,Civil Rights,Plaintiff,31,6,13,6,1,3,1,,1
2003-05,Civil Rights,Plaintiff,17,4,6,3,1,1,,1,
2003-06,Civil Rights,Plaintiff,15,4,8,10,1,7,,1,1
2003-07,Civil Rights,Plaintiff,74,10,21,4,,3,,,1
2003-08,Civil Rights,Plaintiff,23,5,15,5,2,2,,,1
2003-09,Civil Rights,Plaintiff,28,10,24,4,2,2,,,
2003-10,Civil Rights,Plaintiff,26,6,7,7,2,4,,,1
2003-11,Civil Rights,Plaintiff,21,2,10,9,3,3,,1,2
2003-12,Civil Rights,Plaintiff,34,3,17,9,1,5,,,3
2004-01,Civil Rights,Plaintiff,9,8,12,5,1,3,1,,
2004-02,Civil Rights,Plaintiff,15,2,29,8,4,2,,,2
2004-03,Civil Rights,Plaintiff,16,3,16,8,1,4,,,3
2004-04,Civil Rights,Plaintiff,18,4,17,7,1,2,,1,3
2004-05,Civil Rights,Plaintiff,26,8,11,11,2,7,,1,1
2004-06,Civil Rights,Plaintiff,19,11,9,4,2,1,,,1
2004-07,Civil Rights,Plaintiff,16,8,16,5,1,1,1,1,1
2004-08,Civil Rights,Plaintiff,15,6,26,11,4,3,,1,3
2004-09,Civil Rights,Plaintiff,35,16,20,6,4,2,,,
2004-10,Civil Rights,Plaintiff,13,3,13,12,8,4,,,
2004-11,Civil Rights,Plaintiff,11,8,12,4,3,1,,,
2004-12,Civil Rights,Plaintiff,10,4,4,2,1,1,,,
2005-01,Civil Rights,Plaintiff,17,7,20,4,2,1,,,1
2005-02,Civil Rights,Plaintiff,18,6,13,5,1,3,,,1
2005-03,Civil Rights,Plaintiff,20,8,24,5,1,4,,,
2005-04,Civil Rights,Plaintiff,15,4,10,8,3,4,,1,
2005-05,Civil Rights,Plaintiff,15,4,13,3,,1,,,2
2005-06,Civil Rights,Plaintiff,27,8,9,5,1,1,,,3
2005-07,Civil Rights,Plaintiff,16,4,31,4,3,,,,1
2005-08,Civil Rights,Plaintiff,31,5,14,10,3,3,1,2,1
2005-09,Civil Rights,Plaintiff,32,19,20,9,5,1,2,1,
2005-10,Civil Rights,Plaintiff,17,5,4,5,1,3,,,1
2005-11,Civil Rights,Plaintiff,18,5,16,6,3,2,,,1
2005-12,Civil Rights,Plaintiff,13,5,8,8,2,2,1,1,2
2006-01,Civil Rights,Plaintiff,20,1,11,3,2,,,,1
2006-02,Civil Rights,Plaintiff,15,9,15,5,3,1,,,1
2006-03,Civil Rights,Plaintiff,35,11,23,4,1,2,,1,
2006-04,Civil Rights,Plaintiff,21,4,16,7,3,4,,,
2006-05,Civil Rights,Plaintiff,9,2,15,2,,1,1,,
2006-06,Civil Rights,Plaintiff,12,5,6,4,,1,,1,2
2006-07,Civil Rights,Plaintiff,12,4,15,5,1,1,,,3
2006-08,Civil Rights,Plaintiff,16,9,23,15,6,7,,1,1
2006-09,Civil Rights,Plaintiff,7,5,19,14,5,9,,,
2006-10,Civil Rights,Plaintiff,13,7,13,6,,2,,2,2
2006-11,Civil Rights,Plaintiff,28,6,9,7,2,3,,1,1
2006-12,Civil Rights,Plaintiff,9,4,8,3,2,1,,,
2007-01,Civil Rights,Plaintiff,13,2,6,7,2,3,,,2
2007-02,Civil Rights,Plaintiff,3,2,5,5,2,,,,3
2007-03,Civil Rights,Plaintiff,7,3,13,5,2,1,,1,1
2007-04,Civil Rights,Plaintiff,18,1,10,3,1,,,,2
2007-05,Civil Rights,Plaintiff,12,5,12,7,1,4,,2,
2007-06,Civil Rights,Plaintiff,23,3,11,5,,1,,,4
2007-07,Civil Rights,Plaintiff,21,10,13,5,2,2,,,1
2007-08,Civil Rights,Plaintiff,19,8,8,5,1,3,,1,
2007-09,Civil Rights,Plaintiff,13,15,12,7,,6,,,1
2007-10,Civil Rights,Plaintiff,29,1,44,5,,3,,1,1
2007-11,Civil Rights,Plaintiff,26,4,13,3,2,,,,1
2007-12,Civil Rights,Plaintiff,25,2,8,4,2,1,,1,
2008-01,Civil Rights,Plaintiff,7,3,13,4,,2,,,2
2008-02,Civil Rights,Plaintiff,16,4,9,4,1,2,,,1
2008-03,Civil Rights,Plaintiff,21,5,29,10,3,1,,,6
2008-04,Civil Rights,Plaintiff,20,3,20,6,1,3,,1,1
2008-05,Civil Rights,Plaintiff,22,6,15,6,1,5,,,
2008-06,Civil Rights,Plaintiff,20,6,16,4,1,,,1,2
2008-07,Civil Rights,Plaintiff,21,7,16,2,,1,,1,
2008-08,Civil Rights,Plaintiff,42,6,15,1,,,,,1
2008-09,Civil Rights,Plaintiff,27,15,25,6,2,3,,,1
2008-10,Civil Rights,Plaintiff,40,6,18,7,2,1,,1,3
2008-11,Civil Rights,Plaintiff,16,5,15,1,1,,,,
2008-12,Civil Rights,Plaintiff,20,3,19,2,1,1,,,
2009-01,Civil Rights,Plaintiff,18,11,7,5,3,1,,,1
2009-02,Civil Rights,Plaintiff,14,3,6,3,1,,,,2
2009-03,Civil Rights,Plaintiff,20,9,24,4,1,,,2,1
2009-04,Civil Rights,Plaintiff,18,5,13,8,3,5,,,
2009-05,Civil Rights,Plaintiff,21,6,9,2,1,1,,,
2009-06,Civil Rights,Plaintiff,20,6,3,7,1,3,,1,2
2009-07,Civil Rights,Plaintiff,20,5,12,9,1,4,,,4
2009-08,Civil Rights,Plaintiff,29,3,10,9,4,3,,,2
2009-09,Civil Rights,Plaintiff,30,23,51,3,2,1,,,
2009-10,Civil Rights,Plaintiff,20,2,18,7,2,3,,,2
2009-11,Civil Rights,Plaintiff,12,4,19,4,1,2,,,1
2009-12,Civil Rights,Plaintiff,11,0,6,2,,1,,,1
2010-01,Civil Rights,Plaintiff,12,4,11,4,1,1,,1,1
2010-02,Civil Rights,Plaintiff,11,0,5,2,1,1,,,
2010-03,Civil Rights,Plaintiff,21,4,27,14,2,4,2,,6
2010-04,Civil Rights,Plaintiff,10,1,8,3,,2,,,1
2010-05,Civil Rights,Plaintiff,20,2,5,6,3,3,,,
2010-06,Civil Rights,Plaintiff,24,4,5,10,3,6,,,1
2010-07,Civil Rights,Plaintiff,39,6,16,2,,,,,2
2010-08,Civil Rights,Plaintiff,24,4,16,3,2,,,,1
2010-09,Civil Rights,Plaintiff,31,19,25,8,3,4,,,1
2010-10,Civil Rights,Plaintiff,25,5,22,4,1,1,,,2
2010-11,Civil Rights,Plaintiff,28,4,17,9,2,4,1,,2
2010-12,Civil Rights,Plaintiff,27,8,7,5,,2,1,,2
2011-01,Civil Rights,Plaintiff,15,5,12,12,3,4,1,1,3
2011-02,Civil Rights,Plaintiff,28,2,4,5,,2,,,3
2011-03,Civil Rights,Plaintiff,48,9,38,12,5,2,,1,4
2011-04,Civil Rights,Plaintiff,36,7,19,4,2,,,,2
2011-05,Civil Rights,Plaintiff,28,5,26,5,1,2,,1,1
2011-06,Civil Rights,Plaintiff,42,8,12,7,2,2,1,,2
2011-07,Civil Rights,Plaintiff,15,3,7,7,1,3,,,3
2011-08,Civil Rights,Plaintiff,43,6,18,5,2,3,,,
2011-09,Civil Rights,Plaintiff,55,19,21,6,,4,,1,1
2011-10,Civil Rights,Plaintiff,25,6,11,4,1,3,,,
2011-11,Civil Rights,Plaintiff,35,7,7,7,4,3,,,
2011-12,Civil Rights,Plaintiff,15,4,13,2,1,1,,,
2012-01,Civil Rights,Plaintiff,28,4,10,7,2,4,,,1
2012-02,Civil Rights,Plaintiff,35,6,21,4,1,,1,1,1
2012-03,Civil Rights,Plaintiff,29,2,43,9,2,4,,1,2
2012-04,Civil Rights,Plaintiff,33,4,21,4,2,1,,,1
2012-05,Civil Rights,Plaintiff,29,7,13,5,2,1,,,2
2012-06,Civil Rights,Plaintiff,36,7,12,4,2,,,,2
2012-07,Civil Rights,Plaintiff,24,9,11,5,1,3,,,1
2012-08,Civil Rights,Plaintiff,31,4,23,3,1,1,,1,
2012-09,Civil Rights,Plaintiff,22,10,31,9,2,3,,,4
2012-10,Civil Rights,Plaintiff,35,8,13,8,3,3,,,2
2012-11,Civil Rights,Plaintiff,24,8,11,6,1,2,,,3
2012-12,Civil Rights,Plaintiff,25,4,12,5,1,3,,,1
2013-01,Civil Rights,Plaintiff,17,4,26,3,1,2,,,
2013-02,Civil Rights,Plaintiff,16,2,12,4,1,1,1,,1
2013-03,Civil Rights,Plaintiff,35,5,32,9,,3,,1,5
2013-04,Civil Rights,Plaintiff,22,5,25,9,2,3,,,4
2013-05,Civil Rights,Plaintiff,16,6,21,6,1,3,,,2
2013-06,Civil Rights,Plaintiff,13,8,12,4,1,2,,,1
2013-07,Civil Rights,Plaintiff,30,5,12,5,1,1,1,,2
2013-08,Civil Rights,Plaintiff,13,5,13,4,,1,1,,2
2013-09,Civil Rights,Plaintiff,30,13,34,8,3,2,,,3
2013-10,Civil Rights,Plaintiff,17,5,7,2,,,,1,1
2013-11,Civil Rights,Plaintiff,23,7,10,2,,1,,,1
2013-12,Civil Rights,Plaintiff,15,5,34,6,1,2,,,3
2014-01,Civil Rights,Plaintiff,9,2,16,7,3,3,,,1
2014-02,Civil Rights,Plaintiff,13,3,23,7,3,3,,,1
2014-03,Civil Rights,Plaintiff,12,2,27,5,2,2,,,1
2014-04,Civil Rights,Plaintiff,22,4,6,4,,2,,1,1
2014-05,Civil Rights,Plaintiff,13,3,15,4,1,,,,3
2014-06,Civil Rights,Plaintiff,33,2,15,3,1,,,1,1
2014-07,Civil Rights,Plaintiff,17,1,17,4,1,2,,,1
2014-08,Civil Rights,Plaintiff,18,3,7,5,2,1,,,2
2014-09,Civil Rights,Plaintiff,15,12,45,10,1,5,,,4
2014-10,Civil Rights,Plaintiff,26,4,43,5,1,3,,1,
2014-11,Civil Rights,Plaintiff,21,7,5,10,,4,,,6
2014-12,Civil Rights,Plaintiff,21,3,7,4,,2,,,2
2015-01,Civil Rights,Plaintiff,23,3,12,3,1,,,1,1
2015-02,Civil Rights,Plaintiff,21,2,10,9,2,4,1,,2
2015-03,Civil Rights,Plaintiff,25,2,49,6,1,5,,,
2015-04,Civil Rights,Plaintiff,20,3,26,6,1,1,1,,3
2015-05,Civil Rights,Plaintiff,28,8,12,3,1,2,,,
2015-06,Civil Rights,Plaintiff,30,4,14,6,1,2,,1,2
2015-07,Civil Rights,Plaintiff,43,4,23,6,2,3,,,1
2015-08,Civil Rights,Plaintiff,57,3,14,5,1,1,,,3
2015-09,Civil Rights,Plaintiff,20,6,14,3,,2,,,1
2015-10,Civil Rights,Plaintiff,52,2,21,5,1,,,,4
2015-11,Civil Rights,Plaintiff,24,3,12,4,,1,,,3
2015-12,Civil Rights,Plaintiff,9,1,7,2,,1,,1,
2016-01,Civil Rights,Plaintiff,36,7,14,4,2,1,,,1
2016-02,Civil Rights,Plaintiff,33,7,29,6,1,1,,,4
2016-03,Civil Rights,Plaintiff,29,1,34,5,1,2,,1,1
2016-04,Civil Rights,Plaintiff,46,11,17,5,4,,,,1
2016-05,Civil Rights,Plaintiff,36,3,12,7,1,1,1,1,3
2016-06,Civil Rights,Plaintiff,24,2,3,6,1,2,,,3
2016-07,Civil Rights,Plaintiff,21,2,21,5,1,,1,1,2
2016-08,Civil Rights,Plaintiff,23,5,8,7,5,2,,,
2016-09,Civil Rights,Plaintiff,20,11,18,3,1,1,,,1
2016-10,Civil Rights,Plaintiff,28,4,14,7,4,2,,,1
2016-11,Civil Rights,Plaintiff,11,4,11,4,2,,,1,1
2016-12,Civil Rights,Plaintiff,31,7,6,3,1,1,,,1
2017-01,Civil Rights,Plaintiff,36,12,17,9,1,3,,,5
2017-02,Civil Rights,Plaintiff,27,1,19,1,,,,,1
2017-03,Civil Rights,Plaintiff,71,6,24,12,2,3,,,7
2017-04,Civil Rights,Plaintiff,26,2,9,2,,1,,1,
2017-05,Civil Rights,Plaintiff,34,2,22,4,1,1,,,2
2017-06,Civil Rights,Plaintiff,52,3,13,4,,3,,,1
2017-07,Civil Rights,Plaintiff,28,2,24,4,,,,1,3
2017-08,Civil Rights,Plaintiff,22,2,29,9,,2,,2,5
2017-09,Civil Rights,Plaintiff,39,5,35,4,1,2,,,1
2017-10,Civil Rights,Plaintiff,25,1,23,3,,,,3,
2017-11,Civil Rights,Plaintiff,20,4,28,6,,1,,1,4
2017-12,Civil Rights,Plaintiff,23,1,11,3,,1,,,2
2018-01,Civil Rights,Plaintiff,29,1,13,0,,,,,
2018-02,Civil Rights,Plaintiff,20,2,32,3,,1,1,1,
2018-03,Civil Rights,Plaintiff,50,3,44,6,,1,,,5
2018-04,Civil Rights,Plaintiff,18,2,46,5,,1,,,4
2018-05,Civil Rights,Plaintiff,17,1,12,5,1,1,,,3
2018-06,Civil Rights,Plaintiff,23,2,15,3,1,1,,,1
2018-07,Civil Rights,Plaintiff,17,2,21,2,,,,1,1
2018-08,Civil Rights,Plaintiff,46,1,22,4,1,1,,1,1
2018-09,Civil Rights,Plaintiff,26,4,26,3,,2,,,1
2018-10,Civil Rights,Plaintiff,21,4,17,2,,1,1,,
2018-11,Civil Rights,Plaintiff,27,0,16,1,1,,,,
2018-12,Civil Rights,Plaintiff,16,1,15,1,,,1,,
2019-01,Civil Rights,Plaintiff,2,1,8,2,,,,1,1
2019-02,Civil Rights,Plaintiff,13,2,21,2,,,,,2
2019-03,Civil Rights,Plaintiff,30,3,45,6,,2,,,4
2019-04,Civil Rights,Plaintiff,28,1,52,4,,3,,,1
2019-05,Civil Rights,Plaintiff,39,4,13,2,,,,1,1
2019-06,Civil Rights,Plaintiff,25,2,20,2,,1,,,1
2019-07,Civil Rights,Plaintiff,27,2,10,3,,1,,1,1
2019-08,Civil Rights,Plaintiff,22,2,23,4,1,3,,,
2019-09,Civil Rights,Plaintiff,30,4,40,3,,2,,,1
2019-10,Civil Rights,Plaintiff,18,1,15,1,,1,,,
2019-11,Civil Rights,Plaintiff,16,0,16,3,1,1,,,1
2019-12,Civil Rights,Plaintiff,14,1,21,1,,,,,1
2020-01,Civil Rights,Plaintiff,28,3,26,2,1,,,,1
2020-02,Civil Rights,Plaintiff,26,3,68,2,,,,,2
2020-03,Civil Rights,Plaintiff,37,1,27,2,,,1,,1
2020-04,Civil Rights,Plaintiff,8,3,8,0,,,,,
2020-05,Civil Rights,Plaintiff,15,4,8,0,,,,,
2020-06,Civil Rights,Plaintiff,14,4,12,9,1,4,,,4
2020-07,Civil Rights,Plaintiff,7,2,14,0,,,,,
2020-08,Civil Rights,Plaintiff,16,2,10,5,1,3,,,1
2020-09,Civil Rights,Plaintiff,24,6,39,4,1,2,,,1
2020-10,Civil Rights,Plaintiff,23,4,25,4,,2,,,2
2020-11,Civil Rights,Plaintiff,9,1,9,0,,,,,
2020-12,Civil Rights,Plaintiff,12,3,5,2,,2,,,
2021-01,Civil Rights,Plaintiff,18,8,12,2,,2,,,
2021-02,Civil Rights,Plaintiff,22,0,15,1,,,,,1
2021-03,Civil Rights,Plaintiff,25,2,34,6,,2,,1,3
2021-04,Civil Rights,Plaintiff,35,4,16,2,,1,,1,
2021-05,Civil Rights,Plaintiff,25,1,14,1,,,,,1
2021-06,Civil Rights,Plaintiff,28,2,25,0,,,,,
2021-07,Civil Rights,Plaintiff,19,4,26,4,1,2,,,1
2021-08,Civil Rights,Plaintiff,29,5,15,6,1,1,1,1,2
2021-09,Civil Rights,Plaintiff,29,9,10,9,2,4,,,3
2021-10,Civil Rights,Plaintiff,19,1,16,6,1,3,,,2
2021-11,Civil Rights,Plaintiff,14,0,13,0,,,,,
2021-12,Civil Rights,Plaintiff,19,2,11,3,1,1,,,1
2022-01,Civil Rights,Plaintiff,30,2,20,1,,1,,,
2022-02,Civil Rights,Plaintiff,14,0,13,2,,1,,,1
2022-03,Civil Rights,Plaintiff,23,5,28,8,1,3,,1,3
2022-04,Civil Rights,Plaintiff,31,4,16,1,,,,,1
2022-05,Civil Rights,Plaintiff,18,2,25,6,1,1,,,4
2022-06,Civil Rights,Plaintiff,10,2,20,3,,,,,3
2022-07,Civil Rights,Plaintiff,13,2,21,5,,,,,5
2022-08,Civil Rights,Plaintiff,22,2,18,3,1,,,2,
2022-09,Civil Rights,Plaintiff,19,2,39,6,,4,,,2
2022-10,Civil Rights,Plaintiff,27,3,14,4,,1,,,3
2022-11,Civil Rights,Plaintiff,23,3,18,8,1,,,,7
2022-12,Civil Rights,Plaintiff,18,2,18,3,1,1,,,1
2023-01,Civil Rights,Plaintiff,23,6,21,5,2,2,,,1
2023-02,Civil Rights,Plaintiff,25,2,6,3,,,,,3
2023-03,Civil Rights,Plaintiff,38,4,23,1,,1,,,
2023-04,Civil Rights,Plaintiff,34,6,13,6,2,1,,,3
2023-05,Civil Rights,Plaintiff,29,7,6,2,,2,,,
2023-06,Civil Rights,Plaintiff,36,1,20,4,,,,,4
2023-07,Civil Rights,Plaintiff,28,3,12,1,,,,,1
2023-08,Civil Rights,Plaintiff,32,3,20,4,,2,,1,1
2023-09,Civil Rights,Plaintiff,28,3,28,5,1,3,,,1
2023-10,Civil Rights,Plaintiff,29,0,12,1,,,,,1
2023-11,Civil Rights,Plaintiff,24,4,16,0,,,,,
2023-12,Civil Rights,Plaintiff,33,4,16,3,2,,,,1
2024-01,Civil Rights,Plaintiff,25,5,34,5,3,,,1,1
2024-02,Civil Rights,Plaintiff,49,0,14,5,1,4,,,
2024-03,Civil Rights,Plaintiff,41,3,42,1,,1,,,
2024-04,Civil Rights,Plaintiff,29,5,22,1,,,,,1
2024-05,Civil Rights,Plaintiff,37,6,12,3,1,2,,,
2024-06,Civil Rights,Plaintiff,24,3,15,1,,1,,,
2024-07,Civil Rights,Plaintiff,17,3,23,1,,,,,1
2024-08,Civil Rights,Plaintiff,33,1,14,1,,,,,1
2024-09,Civil Rights,Plaintiff,29,3,28,4,,3,,,1
2024-10,Civil Rights,Plaintiff,34,7,22,0,,,,,
2024-11,Civil Rights,Plaintiff,17,4,11,3,,1,,,2
2024-12,Civil Rights,Plaintiff,17,6,19,1,,,,,1
2025-01,Civil Rights,Plaintiff,45,9,20,8,1,2,1,4,
2025-02,Civil Rights,Plaintiff,23,0,53,7,1,1,,1,4
2025-03,Civil Rights,Plaintiff,12,0,67,6,1,3,,1,1
2025-04,Civil Rights,Plaintiff,22,2,16,2,,,,1,1
2025-05,Civil Rights,Plaintiff,15,4,25,6,,2,,2,2
2025-06,Civil Rights,Plaintiff,10,2,19,4,1,,,1,2
2025-07,Civil Rights,Plaintiff,14,2,21,5,,,,2,3
2025-08,Civil Rights,Plaintiff,12,2,22,7,,4,,1,2
2025-09,Civil Rights,Plaintiff,17,6,18,3,,1,,,2
2025-10,Civil Rights,Plaintiff,2,0,4,1,,1,,,
2025-11,Civil Rights,Plaintiff,5,2,31,2,,,,,2
2025-12,Civil Rights,Plaintiff,4,5,9,1,,,,1,
2026-01,Civil Rights,Plaintiff,8,2,9,1,,1,,,
2026-02,Civil Rights,Plaintiff,13,5,13,4,,1,1,,2
2026-03,Civil Rights,Plaintiff,18,4,21,5,,1,,,4
2026-04,Civil Rights,Plaintiff,25,5,19,1,,,,,1
2026-05,Civil Rights,Plaintiff,4,0,17,2,,,,,2
1994-10,Commercial Litigation,Plaintiff,1169,699,317,604,171,,3,,430
1994-11,Commercial Litigation,Plaintiff,1154,678,336,774,157,,6,,611
1994-12,Commercial Litigation,Plaintiff,939,593,336,708,151,,6,,551
1995-01,Commercial Litigation,Plaintiff,1035,662,411,739,205,2,2,,530
1995-02,Commercial Litigation,Plaintiff,908,609,351,767,154,1,5,,607
1995-03,Commercial Litigation,Plaintiff,1125,933,367,789,164,1,4,,620
1995-04,Commercial Litigation,Plaintiff,1011,784,332,799,156,,2,2,639
1995-05,Commercial Litigation,Plaintiff,1131,766,394,733,167,,4,,562
1995-06,Commercial Litigation,Plaintiff,1023,740,354,815,231,,4,1,579
1995-07,Commercial Litigation,Plaintiff,773,655,345,639,144,,1,,494
1995-08,Commercial Litigation,Plaintiff,1018,677,319,754,190,1,2,1,560
1995-09,Commercial Litigation,Plaintiff,802,518,370,718,163,1,5,,549
1995-10,Commercial Litigation,Plaintiff,927,641,309,633,145,,4,,484
1995-11,Commercial Litigation,Plaintiff,780,553,268,652,166,1,3,,482
1995-12,Commercial Litigation,Plaintiff,634,551,237,556,124,,3,,429
1996-01,Commercial Litigation,Plaintiff,726,570,317,732,158,,3,1,570
1996-02,Commercial Litigation,Plaintiff,975,724,309,740,171,,2,,567
1996-03,Commercial Litigation,Plaintiff,1069,648,311,732,143,,2,2,585
1996-04,Commercial Litigation,Plaintiff,979,638,371,676,175,,2,,499
1996-05,Commercial Litigation,Plaintiff,954,614,414,708,153,1,,2,552
1996-06,Commercial Litigation,Plaintiff,772,567,459,750,158,,4,1,587
1996-07,Commercial Litigation,Plaintiff,965,589,331,685,189,,2,,494
1996-08,Commercial Litigation,Plaintiff,885,586,351,718,155,4,3,,556
1996-09,Commercial Litigation,Plaintiff,868,561,341,929,208,1,3,,717
1996-10,Commercial Litigation,Plaintiff,609,546,223,682,146,1,3,,532
1996-11,Commercial Litigation,Plaintiff,931,434,238,525,102,,1,,422
1996-12,Commercial Litigation,Plaintiff,664,513,293,551,107,,3,3,438
1997-01,Commercial Litigation,Plaintiff,773,552,345,676,139,,3,,534
1997-02,Commercial Litigation,Plaintiff,756,499,231,709,257,1,1,,450
1997-03,Commercial Litigation,Plaintiff,898,539,206,656,173,,1,,482
1997-04,Commercial Litigation,Plaintiff,816,497,282,699,173,2,,2,522
1997-05,Commercial Litigation,Plaintiff,637,490,265,623,127,,2,,494
1997-06,Commercial Litigation,Plaintiff,712,454,229,684,124,2,1,,557
1997-07,Commercial Litigation,Plaintiff,727,497,280,677,140,1,3,,533
1997-08,Commercial Litigation,Plaintiff,732,454,275,600,111,,4,,485
1997-09,Commercial Litigation,Plaintiff,811,521,289,621,116,,11,3,491
1997-10,Commercial Litigation,Plaintiff,671,494,222,748,115,1,8,,624
1997-11,Commercial Litigation,Plaintiff,575,348,136,502,91,1,4,1,405
1997-12,Commercial Litigation,Plaintiff,686,417,141,516,113,,6,1,396
1998-01,Commercial Litigation,Plaintiff,508,396,184,556,114,2,3,1,436
1998-02,Commercial Litigation,Plaintiff,563,412,327,530,117,1,6,3,403
1998-03,Commercial Litigation,Plaintiff,679,468,353,575,120,2,1,1,451
1998-04,Commercial Litigation,Plaintiff,681,460,276,551,118,2,1,,430
1998-05,Commercial Litigation,Plaintiff,570,399,189,475,82,1,,3,389
1998-06,Commercial Litigation,Plaintiff,614,397,235,519,113,3,,,403
1998-07,Commercial Litigation,Plaintiff,500,367,259,590,150,1,3,1,435
1998-08,Commercial Litigation,Plaintiff,522,322,278,694,178,22,3,,491
1998-09,Commercial Litigation,Plaintiff,463,340,448,746,129,38,5,1,573
1998-10,Commercial Litigation,Plaintiff,515,289,189,434,91,3,4,2,334
1998-11,Commercial Litigation,Plaintiff,500,262,187,355,96,2,2,2,253
1998-12,Commercial Litigation,Plaintiff,423,368,192,449,115,5,1,3,325
1999-01,Commercial Litigation,Plaintiff,385,253,191,389,94,,2,,293
1999-02,Commercial Litigation,Plaintiff,504,326,290,396,126,,1,3,266
1999-03,Commercial Litigation,Plaintiff,648,410,257,548,142,3,6,2,395
1999-04,Commercial Litigation,Plaintiff,453,289,226,419,99,4,1,3,312
1999-05,Commercial Litigation,Plaintiff,454,333,244,408,114,1,1,1,291
1999-06,Commercial Litigation,Plaintiff,492,330,297,433,121,5,12,2,293
1999-07,Commercial Litigation,Plaintiff,439,311,371,421,115,3,3,1,299
1999-08,Commercial Litigation,Plaintiff,537,306,252,411,125,5,,6,275
1999-09,Commercial Litigation,Plaintiff,451,336,296,328,132,13,3,10,170
1999-10,Commercial Litigation,Plaintiff,331,284,37,245,161,18,1,15,50
1999-11,Commercial Litigation,Plaintiff,370,280,82,257,148,22,4,22,61
1999-12,Commercial Litigation,Plaintiff,377,229,62,318,211,12,1,16,78
2000-01,Commercial Litigation,Plaintiff,398,298,72,317,168,21,1,39,88
2000-02,Commercial Litigation,Plaintiff,416,315,85,288,214,13,4,28,29
2000-03,Commercial Litigation,Plaintiff,443,337,123,380,281,20,3,29,47
2000-04,Commercial Litigation,Plaintiff,352,259,91,278,195,5,4,27,47
2000-05,Commercial Litigation,Plaintiff,483,305,58,312,207,23,3,43,36
2000-06,Commercial Litigation,Plaintiff,468,415,64,316,219,22,1,37,37
2000-07,Commercial Litigation,Plaintiff,388,316,201,301,217,19,1,38,26
2000-08,Commercial Litigation,Plaintiff,457,377,226,473,266,27,1,42,137
2000-09,Commercial Litigation,Plaintiff,441,301,86,425,231,14,3,41,136
2000-10,Commercial Litigation,Plaintiff,344,328,76,383,252,21,2,40,68
2000-11,Commercial Litigation,Plaintiff,294,259,81,286,207,18,,29,32
2000-12,Commercial Litigation,Plaintiff,338,158,60,218,143,13,3,29,30
2001-01,Commercial Litigation,Plaintiff,366,244,75,331,241,19,1,28,42
2001-02,Commercial Litigation,Plaintiff,337,245,68,293,199,17,3,22,52
2001-03,Commercial Litigation,Plaintiff,323,310,115,292,200,27,13,14,38
2001-04,Commercial Litigation,Plaintiff,335,250,109,195,129,19,2,18,27
2001-05,Commercial Litigation,Plaintiff,355,229,81,255,161,24,9,17,44
2001-06,Commercial Litigation,Plaintiff,342,249,82,217,147,18,4,15,33
2001-07,Commercial Litigation,Plaintiff,291,183,90,271,188,15,2,24,42
2001-08,Commercial Litigation,Plaintiff,314,307,104,296,165,22,2,26,81
2001-09,Commercial Litigation,Plaintiff,407,193,361,241,102,19,2,9,109
2001-10,Commercial Litigation,Plaintiff,390,254,92,200,135,11,3,10,41
2001-11,Commercial Litigation,Plaintiff,331,243,39,237,169,11,1,22,34
2001-12,Commercial Litigation,Plaintiff,314,196,55,181,130,12,,18,21
2002-01,Commercial Litigation,Plaintiff,303,210,63,233,178,10,4,14,27
2002-02,Commercial Litigation,Plaintiff,294,345,129,232,163,10,1,12,46
2002-03,Commercial Litigation,Plaintiff,283,293,75,231,167,9,,25,30
2002-04,Commercial Litigation,Plaintiff,398,327,83,235,165,14,,17,39
2002-05,Commercial Litigation,Plaintiff,293,251,96,295,214,14,3,18,46
2002-06,Commercial Litigation,Plaintiff,361,296,108,245,167,11,1,17,49
2002-07,Commercial Litigation,Plaintiff,326,232,79,243,164,15,2,10,52
2002-08,Commercial Litigation,Plaintiff,358,258,74,274,196,11,2,10,55
2002-09,Commercial Litigation,Plaintiff,279,215,94,262,180,16,3,24,39
2002-10,Commercial Litigation,Plaintiff,270,217,143,321,208,13,1,18,81
2002-11,Commercial Litigation,Plaintiff,312,238,145,208,139,13,3,12,41
2002-12,Commercial Litigation,Plaintiff,299,195,184,241,179,10,7,16,29
2003-01,Commercial Litigation,Plaintiff,239,242,70,329,243,14,1,25,46
2003-02,Commercial Litigation,Plaintiff,280,248,72,213,144,9,1,14,45
2003-03,Commercial Litigation,Plaintiff,285,273,96,274,167,17,,18,72
2003-04,Commercial Litigation,Plaintiff,379,260,93,273,212,8,1,6,46
2003-05,Commercial Litigation,Plaintiff,379,341,64,252,177,22,2,24,27
2003-06,Commercial Litigation,Plaintiff,306,230,82,253,160,15,1,32,45
2003-07,Commercial Litigation,Plaintiff,293,257,47,252,158,23,,21,50
2003-08,Commercial Litigation,Plaintiff,275,234,56,211,149,15,,19,28
2003-09,Commercial Litigation,Plaintiff,248,188,68,250,163,15,2,25,45
2003-10,Commercial Litigation,Plaintiff,291,250,51,236,157,9,1,25,44
2003-11,Commercial Litigation,Plaintiff,248,175,41,171,115,10,1,17,28
2003-12,Commercial Litigation,Plaintiff,215,128,52,224,153,9,,14,48
2004-01,Commercial Litigation,Plaintiff,318,170,46,225,153,9,,19,44
2004-02,Commercial Litigation,Plaintiff,265,242,42,212,147,17,,14,34
2004-03,Commercial Litigation,Plaintiff,322,267,82,314,209,20,11,26,48
2004-04,Commercial Litigation,Plaintiff,349,283,74,224,149,12,,23,40
2004-05,Commercial Litigation,Plaintiff,261,210,47,184,124,11,,16,33
2004-06,Commercial Litigation,Plaintiff,239,169,50,251,148,25,,22,56
2004-07,Commercial Litigation,Plaintiff,266,244,48,181,121,13,2,17,28
2004-08,Commercial Litigation,Plaintiff,375,214,72,242,172,8,1,23,38
2004-09,Commercial Litigation,Plaintiff,212,170,97,218,131,6,,27,54
2004-10,Commercial Litigation,Plaintiff,244,254,45,228,148,10,1,15,54
2004-11,Commercial Litigation,Plaintiff,237,185,28,215,138,10,2,24,41
2004-12,Commercial Litigation,Plaintiff,441,150,39,183,101,18,1,27,36
2005-01,Commercial Litigation,Plaintiff,194,169,44,236,168,9,3,28,28
2005-02,Commercial Litigation,Plaintiff,223,178,52,233,160,13,3,17,40
2005-03,Commercial Litigation,Plaintiff,274,180,74,257,188,15,1,15,38
2005-04,Commercial Litigation,Plaintiff,303,187,89,213,136,13,3,19,42
2005-05,Commercial Litigation,Plaintiff,283,206,46,181,118,17,1,23,22
2005-06,Commercial Litigation,Plaintiff,266,198,52,203,141,8,,17,37
2005-07,Commercial Litigation,Plaintiff,217,164,79,223,151,10,,21,41
2005-08,Commercial Litigation,Plaintiff,206,229,66,233,141,7,4,25,56
2005-09,Commercial Litigation,Plaintiff,235,193,76,200,138,4,1,20,37
2005-10,Commercial Litigation,Plaintiff,272,194,32,184,120,12,3,15,34
2005-11,Commercial Litigation,Plaintiff,310,160,44,215,149,14,1,19,32
2005-12,Commercial Litigation,Plaintiff,179,90,43,180,105,15,8,15,37
2006-01,Commercial Litigation,Plaintiff,180,143,98,224,144,18,3,20,39
2006-02,Commercial Litigation,Plaintiff,206,163,65,183,112,25,1,21,24
2006-03,Commercial Litigation,Plaintiff,469,241,66,230,160,13,1,13,43
2006-04,Commercial Litigation,Plaintiff,287,192,51,155,95,14,1,14,31
2006-05,Commercial Litigation,Plaintiff,249,194,54,163,98,9,,32,24
2006-06,Commercial Litigation,Plaintiff,198,162,56,191,131,11,1,23,25
2006-07,Commercial Litigation,Plaintiff,161,151,75,190,123,13,,28,26
2006-08,Commercial Litigation,Plaintiff,200,152,55,195,109,15,2,13,56
2006-09,Commercial Litigation,Plaintiff,156,135,84,203,143,7,1,11,41
2006-10,Commercial Litigation,Plaintiff,199,135,67,182,112,15,1,14,40
2006-11,Commercial Litigation,Plaintiff,153,121,58,129,79,10,,12,28
2006-12,Commercial Litigation,Plaintiff,184,110,21,121,80,6,3,6,26
2007-01,Commercial Litigation,Plaintiff,197,132,49,184,129,5,,18,32
2007-02,Commercial Litigation,Plaintiff,175,133,45,170,121,10,2,15,22
2007-03,Commercial Litigation,Plaintiff,224,137,74,135,83,6,,15,31
2007-04,Commercial Litigation,Plaintiff,188,152,78,170,87,10,1,9,63
2007-05,Commercial Litigation,Plaintiff,228,157,129,187,105,12,1,15,54
2007-06,Commercial Litigation,Plaintiff,189,146,66,165,103,12,1,20,29
2007-07,Commercial Litigation,Plaintiff,397,167,59,143,81,11,,15,36
2007-08,Commercial Litigation,Plaintiff,235,145,169,182,133,2,1,15,31
2007-09,Commercial Litigation,Plaintiff,145,117,175,178,130,9,4,11,24
2007-10,Commercial Litigation,Plaintiff,133,122,101,180,117,7,,14,42
2007-11,Commercial Litigation,Plaintiff,128,145,53,150,103,7,,9,31
2007-12,Commercial Litigation,Plaintiff,131,79,56,100,66,7,,7,20
2008-01,Commercial Litigation,Plaintiff,145,152,51,141,87,8,1,15,30
2008-02,Commercial Litigation,Plaintiff,146,89,51,138,101,9,,8,20
2008-03,Commercial Litigation,Plaintiff,138,91,86,163,93,9,1,26,34
2008-04,Commercial Litigation,Plaintiff,284,85,119,114,76,4,2,8,24
2008-05,Commercial Litigation,Plaintiff,152,83,124,125,81,8,1,16,19
2008-06,Commercial Litigation,Plaintiff,127,91,49,153,107,5,,19,22
2008-07,Commercial Litigation,Plaintiff,115,92,80,144,93,3,,12,36
2008-08,Commercial Litigation,Plaintiff,148,79,108,166,106,2,,15,43
2008-09,Commercial Litigation,Plaintiff,126,83,69,114,66,1,,19,28
2008-10,Commercial Litigation,Plaintiff,126,106,66,130,73,2,,18,37
2008-11,Commercial Litigation,Plaintiff,85,57,44,85,60,5,1,6,13
2008-12,Commercial Litigation,Plaintiff,157,83,32,120,80,1,1,13,25
2009-01,Commercial Litigation,Plaintiff,164,70,58,124,70,11,2,8,33
2009-02,Commercial Litigation,Plaintiff,120,93,42,102,68,4,,13,17
2009-03,Commercial Litigation,Plaintiff,178,84,140,126,51,5,1,27,42
2009-04,Commercial Litigation,Plaintiff,116,84,76,86,50,6,1,12,17
2009-05,Commercial Litigation,Plaintiff,107,72,818,118,61,6,,22,29
2009-06,Commercial Litigation,Plaintiff,125,60,45,99,48,7,2,14,28
2009-07,Commercial Litigation,Plaintiff,84,86,36,98,54,4,1,13,26
2009-08,Commercial Litigation,Plaintiff,117,83,45,108,59,6,,13,30
2009-09,Commercial Litigation,Plaintiff,111,80,64,98,56,4,1,12,25
2009-10,Commercial Litigation,Plaintiff,114,94,36,118,59,3,,15,41
2009-11,Commercial Litigation,Plaintiff,110,69,29,74,37,8,1,10,18
2009-12,Commercial Litigation,Plaintiff,110,77,24,79,49,7,2,13,8
2010-01,Commercial Litigation,Plaintiff,87,64,39,91,44,8,1,17,21
2010-02,Commercial Litigation,Plaintiff,114,70,43,77,43,7,1,5,21
2010-03,Commercial Litigation,Plaintiff,122,89,70,111,67,7,1,18,18
2010-04,Commercial Litigation,Plaintiff,131,82,65,78,41,9,,10,18
2010-05,Commercial Litigation,Plaintiff,89,54,31,63,37,6,,6,14
2010-06,Commercial Litigation,Plaintiff,131,88,25,80,48,7,,9,16
2010-07,Commercial Litigation,Plaintiff,118,74,44,81,49,3,,15,14
2010-08,Commercial Litigation,Plaintiff,125,64,36,95,54,1,,19,21
2010-09,Commercial Litigation,Plaintiff,119,90,65,95,67,1,1,10,16
2010-10,Commercial Litigation,Plaintiff,139,89,37,76,47,7,,7,15
2010-11,Commercial Litigation,Plaintiff,118,64,20,56,34,3,1,9,9
2010-12,Commercial Litigation,Plaintiff,89,55,22,77,46,6,1,9,15
2011-01,Commercial Litigation,Plaintiff,110,83,35,73,40,7,2,9,15
2011-02,Commercial Litigation,Plaintiff,130,71,18,87,59,6,1,6,15
2011-03,Commercial Litigation,Plaintiff,119,86,86,100,49,9,1,16,25
2011-04,Commercial Litigation,Plaintiff,122,80,38,77,39,8,1,16,13
2011-05,Commercial Litigation,Plaintiff,130,76,41,115,47,6,1,5,56
2011-06,Commercial Litigation,Plaintiff,128,70,39,69,41,5,,5,18
2011-07,Commercial Litigation,Plaintiff,128,89,25,80,51,4,,9,16
2011-08,Commercial Litigation,Plaintiff,127,75,37,75,36,5,2,7,25
2011-09,Commercial Litigation,Plaintiff,112,108,56,100,62,8,2,12,16
2011-10,Commercial Litigation,Plaintiff,139,82,21,73,41,10,1,6,15
2011-11,Commercial Litigation,Plaintiff,95,80,35,73,39,6,,8,20
2011-12,Commercial Litigation,Plaintiff,107,48,38,61,31,7,1,9,13
2012-01,Commercial Litigation,Plaintiff,116,94,23,68,35,3,1,11,18
2012-02,Commercial Litigation,Plaintiff,119,100,34,103,64,7,2,9,21
2012-03,Commercial Litigation,Plaintiff,89,58,136,86,48,2,1,14,21
2012-04,Commercial Litigation,Plaintiff,113,58,30,78,41,9,1,13,14
2012-05,Commercial Litigation,Plaintiff,105,56,29,70,35,4,,17,14
2012-06,Commercial Litigation,Plaintiff,114,74,24,89,47,6,,15,21
2012-07,Commercial Litigation,Plaintiff,135,81,21,63,42,4,1,3,13
2012-08,Commercial Litigation,Plaintiff,173,92,41,80,38,5,,6,31
2012-09,Commercial Litigation,Plaintiff,107,85,90,65,27,7,2,12,17
2012-10,Commercial Litigation,Plaintiff,107,66,74,83,48,2,1,11,21
2012-11,Commercial Litigation,Plaintiff,89,63,17,70,37,2,,12,19
2012-12,Commercial Litigation,Plaintiff,75,57,33,74,40,4,,9,21
2013-01,Commercial Litigation,Plaintiff,101,81,32,99,64,5,,10,20
2013-02,Commercial Litigation,Plaintiff,101,67,30,73,35,7,3,14,14
2013-03,Commercial Litigation,Plaintiff,104,93,39,89,51,4,1,11,22
2013-04,Commercial Litigation,Plaintiff,115,87,35,95,56,3,1,16,19
2013-05,Commercial Litigation,Plaintiff,127,80,39,74,48,10,,11,5
2013-06,Commercial Litigation,Plaintiff,85,67,28,70,49,2,,9,10
2013-07,Commercial Litigation,Plaintiff,141,71,27,69,46,3,,12,8
2013-08,Commercial Litigation,Plaintiff,100,66,38,81,53,2,,11,15
2013-09,Commercial Litigation,Plaintiff,91,78,53,97,46,6,1,20,24
2013-10,Commercial Litigation,Plaintiff,47,27,22,41,20,2,,5,14
2013-11,Commercial Litigation,Plaintiff,74,54,25,52,25,4,,10,13
2013-12,Commercial Litigation,Plaintiff,62,60,19,56,33,5,1,6,11
2014-01,Commercial Litigation,Plaintiff,70,44,20,60,43,3,,6,8
2014-02,Commercial Litigation,Plaintiff,66,41,22,43,35,4,,3,1
2014-03,Commercial Litigation,Plaintiff,78,47,47,76,44,3,,9,20
2014-04,Commercial Litigation,Plaintiff,88,63,29,81,60,2,2,2,15
2014-05,Commercial Litigation,Plaintiff,71,65,14,61,36,8,1,6,10
2014-06,Commercial Litigation,Plaintiff,85,49,25,64,41,6,1,3,13
2014-07,Commercial Litigation,Plaintiff,169,74,23,60,37,6,,2,15
2014-08,Commercial Litigation,Plaintiff,76,59,14,46,26,1,2,5,12
2014-09,Commercial Litigation,Plaintiff,89,57,67,96,45,7,1,9,34
2014-10,Commercial Litigation,Plaintiff,114,64,27,61,39,2,1,7,12
2014-11,Commercial Litigation,Plaintiff,48,55,8,39,21,1,2,3,12
2014-12,Commercial Litigation,Plaintiff,64,65,25,66,37,8,1,7,13
2015-01,Commercial Litigation,Plaintiff,69,45,16,59,44,1,,2,12
2015-02,Commercial Litigation,Plaintiff,64,49,21,52,32,2,,7,11
2015-03,Commercial Litigation,Plaintiff,151,60,33,75,42,4,2,6,21
2015-04,Commercial Litigation,Plaintiff,94,58,39,58,37,2,1,5,13
2015-05,Commercial Litigation,Plaintiff,98,65,29,65,47,2,1,7,8
2015-06,Commercial Litigation,Plaintiff,90,55,24,65,27,6,,12,20
2015-07,Commercial Litigation,Plaintiff,94,71,26,76,53,2,2,6,13
2015-08,Commercial Litigation,Plaintiff,82,52,21,72,41,1,,7,23
2015-09,Commercial Litigation,Plaintiff,84,51,49,96,48,,1,9,38
2015-10,Commercial Litigation,Plaintiff,77,56,39,72,38,1,,5,28
2015-11,Commercial Litigation,Plaintiff,63,58,21,45,22,1,,2,20
2015-12,Commercial Litigation,Plaintiff,80,45,37,59,30,3,2,8,16
2016-01,Commercial Litigation,Plaintiff,93,58,17,71,39,4,,7,21
2016-02,Commercial Litigation,Plaintiff,92,54,61,54,28,3,2,9,12
2016-03,Commercial Litigation,Plaintiff,137,95,49,80,46,3,,7,24
2016-04,Commercial Litigation,Plaintiff,77,58,19,43,19,2,1,6,15
2016-05,Commercial Litigation,Plaintiff,71,49,21,58,31,2,,6,19
2016-06,Commercial Litigation,Plaintiff,78,40,25,51,31,3,,7,10
2016-07,Commercial Litigation,Plaintiff,70,43,32,53,32,2,,4,15
2016-08,Commercial Litigation,Plaintiff,100,47,26,64,38,7,1,6,12
2016-09,Commercial Litigation,Plaintiff,55,49,53,75,24,3,2,4,42
2016-10,Commercial Litigation,Plaintiff,81,52,20,52,29,4,1,7,11
2016-11,Commercial Litigation,Plaintiff,61,59,20,51,33,3,1,5,9
2016-12,Commercial Litigation,Plaintiff,76,39,15,43,21,8,3,3,8
2017-01,Commercial Litigation,Plaintiff,102,55,26,58,29,4,1,7,17
2017-02,Commercial Litigation,Plaintiff,105,72,24,49,37,2,,1,9
2017-03,Commercial Litigation,Plaintiff,145,94,43,68,42,4,2,4,16
2017-04,Commercial Litigation,Plaintiff,117,95,25,35,18,4,,3,10
2017-05,Commercial Litigation,Plaintiff,116,114,25,48,26,5,2,5,10
2017-06,Commercial Litigation,Plaintiff,131,118,15,68,35,3,1,5,24
2017-07,Commercial Litigation,Plaintiff,113,112,17,37,20,1,2,4,10
2017-08,Commercial Litigation,Plaintiff,237,230,42,68,44,7,2,3,12
2017-09,Commercial Litigation,Plaintiff,261,237,28,62,26,4,1,9,22
2017-10,Commercial Litigation,Plaintiff,272,254,18,87,46,3,4,10,24
2017-11,Commercial Litigation,Plaintiff,284,209,30,73,27,6,1,18,21
2017-12,Commercial Litigation,Plaintiff,194,158,19,89,30,4,3,29,23
2018-01,Commercial Litigation,Plaintiff,204,181,196,86,31,4,2,24,25
2018-02,Commercial Litigation,Plaintiff,253,209,22,98,28,8,1,29,32
2018-03,Commercial Litigation,Plaintiff,238,205,38,81,23,2,1,21,34
2018-04,Commercial Litigation,Plaintiff,287,190,20,89,36,2,,34,17
2018-05,Commercial Litigation,Plaintiff,225,208,120,79,32,2,1,29,15
2018-06,Commercial Litigation,Plaintiff,211,247,24,98,38,7,,30,23
2018-07,Commercial Litigation,Plaintiff,206,169,16,122,35,5,,46,36
2018-08,Commercial Litigation,Plaintiff,295,239,28,139,25,1,1,54,58
2018-09,Commercial Litigation,Plaintiff,330,214,166,109,33,1,1,46,28
2018-10,Commercial Litigation,Plaintiff,266,260,24,131,26,8,,68,29
2018-11,Commercial Litigation,Plaintiff,273,189,15,126,28,5,,79,14
2018-12,Commercial Litigation,Plaintiff,177,202,18,96,29,1,,39,27
2019-01,Commercial Litigation,Plaintiff,38,181,4,27,10,,,5,12
2019-02,Commercial Litigation,Plaintiff,333,232,24,171,42,5,1,104,19
2019-03,Commercial Litigation,Plaintiff,266,234,38,152,39,1,1,95,16
2019-04,Commercial Litigation,Plaintiff,319,228,37,112,24,4,,67,17
2019-05,Commercial Litigation,Plaintiff,247,185,19,148,25,5,,94,24
2019-06,Commercial Litigation,Plaintiff,274,197,35,111,24,3,,71,13
2019-07,Commercial Litigation,Plaintiff,239,215,40,123,31,1,2,69,20
2019-08,Commercial Litigation,Plaintiff,231,207,38,101,25,1,2,46,27
2019-09,Commercial Litigation,Plaintiff,252,168,41,182,32,5,2,129,14
2019-10,Commercial Litigation,Plaintiff,310,301,24,198,31,5,2,134,26
2019-11,Commercial Litigation,Plaintiff,215,198,17,117,35,4,1,59,18
2019-12,Commercial Litigation,Plaintiff,187,197,14,203,29,4,1,156,13
2020-01,Commercial Litigation,Plaintiff,248,229,32,152,25,3,,111,13
2020-02,Commercial Litigation,Plaintiff,205,171,22,141,24,1,1,101,14
2020-03,Commercial Litigation,Plaintiff,77,39,29,106,23,2,2,66,13
2020-04,Commercial Litigation,Plaintiff,24,11,18,25,16,2,,1,6
2020-05,Commercial Litigation,Plaintiff,55,25,9,37,24,5,1,1,6
2020-06,Commercial Litigation,Plaintiff,31,16,17,46,29,3,,10,4
2020-07,Commercial Litigation,Plaintiff,52,41,14,44,17,1,1,10,15
2020-08,Commercial Litigation,Plaintiff,77,36,11,25,10,2,,3,10
2020-09,Commercial Litigation,Plaintiff,43,37,40,40,20,,1,5,14
2020-10,Commercial Litigation,Plaintiff,38,35,24,36,12,5,1,3,15
2020-11,Commercial Litigation,Plaintiff,88,29,11,27,12,2,,6,7
2020-12,Commercial Litigation,Plaintiff,37,41,16,34,9,6,,7,12
2021-01,Commercial Litigation,Plaintiff,31,36,12,201,11,1,1,3,185
2021-02,Commercial Litigation,Plaintiff,95,24,37,156,19,,1,118,18
2021-03,Commercial Litigation,Plaintiff,56,38,35,177,25,1,,124,27
2021-04,Commercial Litigation,Plaintiff,32,22,4,148,20,5,,97,26
2021-05,Commercial Litigation,Plaintiff,25,16,14,66,11,3,1,32,19
2021-06,Commercial Litigation,Plaintiff,41,12,15,47,10,4,1,23,9
2021-07,Commercial Litigation,Plaintiff,35,27,15,90,15,1,,48,26
2021-08,Commercial Litigation,Plaintiff,27,30,36,67,20,1,1,27,18
2021-09,Commercial Litigation,Plaintiff,27,25,22,92,27,3,,34,28
2021-10,Commercial Litigation,Plaintiff,18,22,12,85,13,1,2,35,34
2021-11,Commercial Litigation,Plaintiff,36,23,17,78,13,,,40,25
2021-12,Commercial Litigation,Plaintiff,24,17,17,84,14,2,,42,26
2022-01,Commercial Litigation,Plaintiff,34,40,16,60,13,,1,29,17
2022-02,Commercial Litigation,Plaintiff,38,72,14,52,10,1,1,16,24
2022-03,Commercial Litigation,Plaintiff,89,26,25,81,15,3,,23,40
2022-04,Commercial Litigation,Plaintiff,70,57,24,86,16,2,1,38,29
2022-05,Commercial Litigation,Plaintiff,36,22,28,123,14,3,,90,16
2022-06,Commercial Litigation,Plaintiff,60,41,24,65,8,2,,39,16
2022-07,Commercial Litigation,Plaintiff,49,40,35,45,11,1,1,22,10
2022-08,Commercial Litigation,Plaintiff,32,61,16,29,11,2,,9,7
2022-09,Commercial Litigation,Plaintiff,38,27,33,159,17,4,,121,17
2022-10,Commercial Litigation,Plaintiff,92,33,13,191,9,3,,153,26
2022-11,Commercial Litigation,Plaintiff,28,28,13,277,18,1,,244,14
2022-12,Commercial Litigation,Plaintiff,29,44,27,41,14,4,,12,11
2023-01,Commercial Litigation,Plaintiff,49,43,18,46,9,2,,26,9
2023-02,Commercial Litigation,Plaintiff,63,29,18,27,10,3,,9,5
2023-03,Commercial Litigation,Plaintiff,55,27,36,32,10,2,,7,13
2023-04,Commercial Litigation,Plaintiff,44,24,13,30,13,4,,5,8
2023-05,Commercial Litigation,Plaintiff,20,18,15,49,14,3,1,26,5
2023-06,Commercial Litigation,Plaintiff,28,17,17,51,20,,,12,19
2023-07,Commercial Litigation,Plaintiff,29,20,10,36,8,,,23,5
2023-08,Commercial Litigation,Plaintiff,46,18,23,65,14,5,1,38,7
2023-09,Commercial Litigation,Plaintiff,29,15,29,47,16,7,1,4,19
2023-10,Commercial Litigation,Plaintiff,30,6,8,114,23,1,,79,11
2023-11,Commercial Litigation,Plaintiff,22,17,13,79,11,3,,58,7
2023-12,Commercial Litigation,Plaintiff,32,14,7,26,10,,,2,14
2024-01,Commercial Litigation,Plaintiff,27,11,9,34,15,2,,11,6
2024-02,Commercial Litigation,Plaintiff,42,9,11,16,7,1,,4,4
2024-03,Commercial Litigation,Plaintiff,40,18,29,104,13,3,,70,18
2024-04,Commercial Litigation,Plaintiff,40,23,11,47,7,2,,22,16
2024-05,Commercial Litigation,Plaintiff,48,43,13,37,8,1,,12,16
2024-06,Commercial Litigation,Plaintiff,44,19,14,18,4,1,,7,6
2024-07,Commercial Litigation,Plaintiff,49,11,22,23,14,1,,3,5
2024-08,Commercial Litigation,Plaintiff,44,29,22,30,7,1,,9,13
2024-09,Commercial Litigation,Plaintiff,43,19,19,27,15,3,,3,6
2024-10,Commercial Litigation,Plaintiff,33,19,17,15,3,,1,3,8
2024-11,Commercial Litigation,Plaintiff,20,6,28,14,4,2,1,2,5
2024-12,Commercial Litigation,Plaintiff,31,24,10,14,5,2,,3,4
2025-01,Commercial Litigation,Plaintiff,26,19,4,20,9,2,,3,6
2025-02,Commercial Litigation,Plaintiff,27,15,19,23,5,2,,7,9
2025-03,Commercial Litigation,Plaintiff,29,16,26,36,8,4,2,6,16
2025-04,Commercial Litigation,Plaintiff,32,17,13,23,9,1,,3,10
2025-05,Commercial Litigation,Plaintiff,29,13,12,21,6,4,,5,6
2025-06,Commercial Litigation,Plaintiff,20,18,21,24,6,3,,5,10
2025-07,Commercial Litigation,Plaintiff,25,15,17,16,9,1,,,6
2025-08,Commercial Litigation,Plaintiff,28,10,11,14,6,,,1,7
2025-09,Commercial Litigation,Plaintiff,30,23,20,24,3,1,,4,16
2025-10,Commercial Litigation,Plaintiff,27,13,4,14,3,2,1,1,7
2025-11,Commercial Litigation,Plaintiff,18,11,5,8,3,1,1,1,2
2025-12,Commercial Litigation,Plaintiff,16,9,11,9,1,1,,5,2
2026-01,Commercial Litigation,Plaintiff,20,13,10,7,,,,3,4
2026-02,Commercial Litigation,Plaintiff,21,6,17,10,6,,,,4
2026-03,Commercial Litigation,Plaintiff,20,11,15,15,6,1,,3,5
2026-04,Commercial Litigation,Plaintiff,22,17,9,8,,,,3,5
2026-05,Commercial Litigation,Plaintiff,11,4,24,10,3,1,1,2,3
1994-10,Employment Discrimination,Plaintiff,3,1,0,2,,,,,2
1994-11,Employment Discrimination,Plaintiff,2,0,1,2,1,,,,1
1994-12,Employment Discrimination,Plaintiff,7,7,2,2,,,,,2
1995-01,Employment Discrimination,Plaintiff,9,6,1,4,2,,,,2
1995-02,Employment Discrimination,Plaintiff,4,4,0,3,,,,,3
1995-03,Employment Discrimination,Plaintiff,4,4,0,4,,,,,4
1995-04,Employment Discrimination,Plaintiff,3,4,0,2,,,,,2
1995-05,Employment Discrimination,Plaintiff,5,3,0,1,,,,,1
1995-06,Employment Discrimination,Plaintiff,2,2,1,6,,,1,,5
1995-07,Employment Discrimination,Plaintiff,2,1,1,4,,,,,4
1995-08,Employment Discrimination,Plaintiff,0,1,0,3,,,,,3
1995-09,Employment Discrimination,Plaintiff,0,0,0,7,,,,,7
1995-10,Employment Discrimination,Plaintiff,2,3,0,2,,,,,2
1995-11,Employment Discrimination,Plaintiff,2,2,0,3,,,,,3
1995-12,Employment Discrimination,Plaintiff,0,0,1,1,,,,,1
1996-01,Employment Discrimination,Plaintiff,2,1,1,1,,,,,1
1996-02,Employment Discrimination,Plaintiff,3,2,0,1,,,,,1
1996-03,Employment Discrimination,Plaintiff,1,3,1,3,1,,,,2
1996-04,Employment Discrimination,Plaintiff,0,1,0,6,1,,,,5
1996-05,Employment Discrimination,Plaintiff,6,4,0,0,,,,,
1996-06,Employment Discrimination,Plaintiff,1,1,1,3,1,,,,2
1996-07,Employment Discrimination,Plaintiff,0,0,0,1,,,,,1
1996-08,Employment Discrimination,Plaintiff,1,2,0,1,,,,,1
1996-09,Employment Discrimination,Plaintiff,0,0,1,2,,,,,2
1996-10,Employment Discrimination,Plaintiff,3,0,2,3,1,,,,2
1996-11,Employment Discrimination,Plaintiff,1,1,0,1,,,,,1
1996-12,Employment Discrimination,Plaintiff,3,4,0,2,,,,,2
1997-01,Employment Discrimination,Plaintiff,3,2,0,1,,,,,1
1997-02,Employment Discrimination,Plaintiff,1,1,0,3,,,,,3
1997-03,Employment Discrimination,Plaintiff,1,1,0,1,1,,,,
1997-04,Employment Discrimination,Plaintiff,0,1,0,1,,,,,1
1997-05,Employment Discrimination,Plaintiff,4,4,0,4,,,,,4
1997-06,Employment Discrimination,Plaintiff,2,3,0,4,,,1,,3
1997-07,Employment Discrimination,Plaintiff,3,6,0,0,,,,,
1997-08,Employment Discrimination,Plaintiff,2,0,0,2,1,,,,1
1997-09,Employment Discrimination,Plaintiff,2,1,0,5,1,,,,4
1997-10,Employment Discrimination,Plaintiff,2,1,0,3,,,,,3
1997-11,Employment Discrimination,Plaintiff,0,1,0,3,,,,,3
1997-12,Employment Discrimination,Plaintiff,1,0,0,2,,,,,2
1998-01,Employment Discrimination,Plaintiff,0,1,0,4,,,,,4
1998-02,Employment Discrimination,Plaintiff,1,0,1,3,1,,,,2
1998-03,Employment Discrimination,Plaintiff,1,0,0,1,,,1,,
1998-04,Employment Discrimination,Plaintiff,0,0,1,1,,,,,1
1998-05,Employment Discrimination,Plaintiff,0,0,0,1,,,,,1
1998-06,Employment Discrimination,Plaintiff,0,1,0,0,,,,,
1998-07,Employment Discrimination,Plaintiff,1,1,1,1,,,,,1
1998-08,Employment Discrimination,Plaintiff,1,0,0,2,,,,,2
1998-09,Employment Discrimination,Plaintiff,2,1,0,2,,,,,2
1998-10,Employment Discrimination,Plaintiff,1,0,0,1,,,,,1
1998-11,Employment Discrimination,Plaintiff,0,0,0,1,1,,,,
1998-12,Employment Discrimination,Plaintiff,1,1,0,2,1,,,,1
1999-01,Employment Discrimination,Plaintiff,1,0,0,1,1,,,,
1999-03,Employment Discrimination,Plaintiff,2,2,0,1,,,,,1
1999-04,Employment Discrimination,Plaintiff,0,1,1,1,,,,,1
1999-05,Employment Discrimination,Plaintiff,2,0,0,2,,,,,2
1999-06,Employment Discrimination,Plaintiff,3,3,0,1,,,,,1
1999-07,Employment Discrimination,Plaintiff,1,0,0,1,,,,,1
1999-08,Employment Discrimination,Plaintiff,1,1,1,2,,,,,2
1999-09,Employment Discrimination,Plaintiff,1,0,0,0,,,,,
1999-10,Employment Discrimination,Plaintiff,0,0,0,2,,,,,2
2000-02,Employment Discrimination,Plaintiff,0,0,1,0,,,,,
2000-04,Employment Discrimination,Plaintiff,0,0,0,3,1,2,,,
2000-05,Employment Discrimination,Plaintiff,0,2,0,0,,,,,
2000-06,Employment Discrimination,Plaintiff,2,2,0,1,1,,,,
2000-07,Employment Discrimination,Plaintiff,0,1,0,1,,1,,,
2000-08,Employment Discrimination,Plaintiff,2,2,0,1,,,,1,
2000-09,Employment Discrimination,Plaintiff,2,0,0,0,,,,,
2000-10,Employment Discrimination,Plaintiff,0,0,0,3,,2,,,1
2000-12,Employment Discrimination,Plaintiff,1,0,0,0,,,,,
2001-01,Employment Discrimination,Plaintiff,1,1,0,0,,,,,
2001-02,Employment Discrimination,Plaintiff,2,0,0,0,,,,,
2001-03,Employment Discrimination,Plaintiff,0,0,1,1,1,,,,
2001-04,Employment Discrimination,Plaintiff,0,1,0,0,,,,,
2001-05,Employment Discrimination,Plaintiff,1,0,0,1,,,,,1
2001-06,Employment Discrimination,Plaintiff,0,1,0,0,,,,,
2001-07,Employment Discrimination,Plaintiff,1,0,0,1,1,,,,
2001-10,Employment Discrimination,Plaintiff,1,0,0,0,,,,,
2001-11,Employment Discrimination,Plaintiff,1,0,0,0,,,,,
2001-12,Employment Discrimination,Plaintiff,1,1,0,0,,,,,
2002-02,Employment Discrimination,Plaintiff,0,0,0,1,1,,,,
2002-04,Employment Discrimination,Plaintiff,1,1,0,1,1,,,,
2002-07,Employment Discrimination,Plaintiff,1,1,1,2,1,,1,,
2002-08,Employment Discrimination,Plaintiff,0,0,0,1,,,,,1
2002-10,Employment Discrimination,Plaintiff,0,0,0,1,,1,,,
2002-12,Employment Discrimination,Plaintiff,1,0,0,0,,,,,
2003-01,Employment Discrimination,Plaintiff,0,0,0,1,,1,,,
2003-02,Employment Discrimination,Plaintiff,0,1,0,0,,,,,
2003-03,Employment Discrimination,Plaintiff,0,1,0,0,,,,,
2003-04,Employment Discrimination,Plaintiff,1,0,0,1,,,,,1
2003-05,Employment Discrimination,Plaintiff,0,0,1,0,,,,,
2003-06,Employment Discrimination,Plaintiff,1,0,0,0,,,,,
2003-07,Employment Discrimination,Plaintiff,0,1,0,0,,,,,
2003-10,Employment Discrimination,Plaintiff,4,4,0,0,,,,,
2003-11,Employment Discrimination,Plaintiff,0,1,0,0,,,,,
2003-12,Employment Discrimination,Plaintiff,0,1,0,1,,,,,1
2004-01,Employment Discrimination,Plaintiff,4,1,0,1,,,,,1
2004-03,Employment Discrimination,Plaintiff,1,3,1,0,,,,,
2004-04,Employment Discrimination,Plaintiff,1,1,0,1,,1,,,
2004-05,Employment Discrimination,Plaintiff,2,0,0,2,1,1,,,
2004-06,Employment Discrimination,Plaintiff,1,0,0,0,,,,,
2004-07,Employment Discrimination,Plaintiff,1,1,0,1,1,,,,
2004-08,Employment Discrimination,Plaintiff,2,1,0,1,,,,,1
2004-12,Employment Discrimination,Plaintiff,1,2,0,1,,1,,,
2005-02,Employment Discrimination,Plaintiff,1,2,0,0,,,,,
2005-03,Employment Discrimination,Plaintiff,2,1,0,2,1,,,,1
2005-04,Employment Discrimination,Plaintiff,0,0,1,1,,1,,,
2005-05,Employment Discrimination,Plaintiff,0,0,0,2,1,,,1,
2005-06,Employment Discrimination,Plaintiff,0,0,0,1,,,,,1
2005-09,Employment Discrimination,Plaintiff,0,0,1,0,,,,,
2005-11,Employment Discrimination,Plaintiff,1,0,0,0,,,,,
2005-12,Employment Discrimination,Plaintiff,1,1,0,2,,,,1,1
2006-03,Employment Discrimination,Plaintiff,1,0,1,0,,,,,
2006-04,Employment Discrimination,Plaintiff,1,1,0,1,1,,,,
2006-05,Employment Discrimination,Plaintiff,0,1,0,0,,,,,
2006-06,Employment Discrimination,Plaintiff,1,0,0,1,,,,,1
2006-08,Employment Discrimination,Plaintiff,0,1,0,0,,,,,
2006-09,Employment Discrimination,Plaintiff,0,0,1,2,1,1,,,
2006-10,Employment Discrimination,Plaintiff,0,0,1,0,,,,,
2006-11,Employment Discrimination,Plaintiff,0,1,0,1,,1,,,
2006-12,Employment Discrimination,Plaintiff,2,2,0,0,,,,,
2007-01,Employment Discrimination,Plaintiff,0,1,0,0,,,,,
2007-02,Employment Discrimination,Plaintiff,1,0,0,0,,,,,
2007-05,Employment Discrimination,Plaintiff,3,1,0,0,,,,,
2007-06,Employment Discrimination,Plaintiff,1,1,1,1,1,,,,
2007-07,Employment Discrimination,Plaintiff,0,0,0,1,,1,,,
2007-09,Employment Discrimination,Plaintiff,0,0,0,1,,,,,1
2007-10,Employment Discrimination,Plaintiff,0,0,0,1,,,,,1
2007-12,Employment Discrimination,Plaintiff,0,1,0,0,,,,,
2008-03,Employment Discrimination,Plaintiff,1,2,0,0,,,,,
2008-04,Employment Discrimination,Plaintiff,1,0,0,1,,,,,1
2008-05,Employment Discrimination,Plaintiff,1,1,0,0,,,,,
2008-07,Employment Discrimination,Plaintiff,1,1,0,1,1,,,,
2008-08,Employment Discrimination,Plaintiff,1,0,0,0,,,,,
2008-09,Employment Discrimination,Plaintiff,1,2,0,1,1,,,,
2008-10,Employment Discrimination,Plaintiff,1,0,1,1,1,,,,
2008-12,Employment Discrimination,Plaintiff,0,0,0,1,1,,,,
2009-01,Employment Discrimination,Plaintiff,1,1,0,1,,1,,,
2009-02,Employment Discrimination,Plaintiff,0,0,0,1,,,,,1
2009-04,Employment Discrimination,Plaintiff,2,2,0,2,,,,,2
2009-06,Employment Discrimination,Plaintiff,0,0,0,2,1,1,,,
2009-07,Employment Discrimination,Plaintiff,1,1,0,0,,,,,
2009-08,Employment Discrimination,Plaintiff,1,2,0,2,2,,,,
2009-09,Employment Discrimination,Plaintiff,0,1,1,0,,,,,
2009-10,Employment Discrimination,Plaintiff,1,0,0,0,,,,,
2009-11,Employment Discrimination,Plaintiff,0,1,0,0,,,,,
2009-12,Employment Discrimination,Plaintiff,0,0,0,2,2,,,,
2010-01,Employment Discrimination,Plaintiff,2,1,0,1,,,,,1
2010-03,Employment Discrimination,Plaintiff,1,0,0,0,,,,,
2010-04,Employment Discrimination,Plaintiff,0,0,0,2,1,,,,1
2010-06,Employment Discrimination,Plaintiff,0,0,0,1,1,,,,
2010-07,Employment Discrimination,Plaintiff,0,0,0,1,,1,,,
2010-09,Employment Discrimination,Plaintiff,0,1,0,0,,,,,
2010-10,Employment Discrimination,Plaintiff,0,0,0,1,,,,,1
2011-01,Employment Discrimination,Plaintiff,1,0,0,0,,,,,
2011-02,Employment Discrimination,Plaintiff,2,1,0,0,,,,,
2011-04,Employment Discrimination,Plaintiff,0,1,0,0,,,,,
2011-05,Employment Discrimination,Plaintiff,1,0,0,1,1,,,,
2011-07,Employment Discrimination,Plaintiff,1,1,0,0,,,,,
2011-08,Employment Discrimination,Plaintiff,1,1,0,0,,,,,
2011-09,Employment Discrimination,Plaintiff,2,1,0,0,,,,,
2011-10,Employment Discrimination,Plaintiff,0,0,0,1,1,,,,
2011-11,Employment Discrimination,Plaintiff,0,2,0,0,,,,,
2011-12,Employment Discrimination,Plaintiff,1,0,0,1,,,,,1
2012-01,Employment Discrimination,Plaintiff,0,0,0,1,,,,1,
2012-02,Employment Discrimination,Plaintiff,1,0,2,0,,,,,
2012-03,Employment Discrimination,Plaintiff,2,0,0,1,1,,,,
2012-05,Employment Discrimination,Plaintiff,0,0,0,2,1,,,1,
2012-07,Employment Discrimination,Plaintiff,1,1,0,0,,,,,
2012-08,Employment Discrimination,Plaintiff,1,1,0,0,,,,,
2012-10,Employment Discrimination,Plaintiff,0,0,0,1,1,,,,
2012-11,Employment Discrimination,Plaintiff,0,0,0,3,,1,,,2
2013-03,Employment Discrimination,Plaintiff,0,1,0,2,1,,,1,
2013-04,Employment Discrimination,Plaintiff,1,1,0,0,,,,,
2013-05,Employment Discrimination,Plaintiff,1,0,0,0,,,,,
2013-07,Employment Discrimination,Plaintiff,1,1,0,0,,,,,
2013-08,Employment Discrimination,Plaintiff,0,0,0,1,1,,,,
2013-09,Employment Discrimination,Plaintiff,0,2,0,0,,,,,
2013-10,Employment Discrimination,Plaintiff,1,1,0,0,,,,,
2013-11,Employment Discrimination,Plaintiff,2,0,0,0,,,,,
2013-12,Employment Discrimination,Plaintiff,0,0,0,1,,,,,1
2014-02,Employment Discrimination,Plaintiff,0,1,0,0,,,,,
2014-03,Employment Discrimination,Plaintiff,2,2,0,0,,,,,
2014-04,Employment Discrimination,Plaintiff,0,0,0,1,1,,,,
2014-05,Employment Discrimination,Plaintiff,1,0,0,1,,,,,1
2014-07,Employment Discrimination,Plaintiff,1,0,0,0,,,,,
2014-08,Employment Discrimination,Plaintiff,0,0,0,1,,,,1,
2014-12,Employment Discrimination,Plaintiff,0,1,0,2,2,,,,
2015-01,Employment Discrimination,Plaintiff,1,0,0,0,,,,,
2015-02,Employment Discrimination,Plaintiff,0,0,0,1,,,,1,
2015-03,Employment Discrimination,Plaintiff,0,0,0,1,1,,,,
2015-04,Employment Discrimination,Plaintiff,1,0,0,0,,,,,
2015-05,Employment Discrimination,Plaintiff,0,0,1,1,1,,,,
2015-06,Employment Discrimination,Plaintiff,0,0,1,0,,,,,
2015-07,Employment Discrimination,Plaintiff,0,1,1,0,,,,,
2015-08,Employment Discrimination,Plaintiff,1,0,0,0,,,,,
2015-10,Employment Discrimination,Plaintiff,0,0,0,2,,,1,,1
2015-11,Employment Discrimination,Plaintiff,1,1,0,0,,,,,
2015-12,Employment Discrimination,Plaintiff,1,1,0,0,,,,,
2016-02,Employment Discrimination,Plaintiff,1,1,0,0,,,,,
2016-04,Employment Discrimination,Plaintiff,0,0,0,2,1,,,,1
2016-06,Employment Discrimination,Plaintiff,0,0,0,1,,1,,,
2017-06,Employment Discrimination,Plaintiff,1,1,0,0,,,,,
2017-09,Employment Discrimination,Plaintiff,0,1,0,1,,1,,,
2017-11,Employment Discrimination,Plaintiff,0,1,0,0,,,,,
2018-01,Employment Discrimination,Plaintiff,0,1,0,1,,1,,,
2018-02,Employment Discrimination,Plaintiff,0,0,0,1,,,,,1
2018-03,Employment Discrimination,Plaintiff,1,0,0,0,,,,,
2018-04,Employment Discrimination,Plaintiff,1,0,0,0,,,,,
2018-06,Employment Discrimination,Plaintiff,0,1,0,0,,,,,
2018-07,Employment Discrimination,Plaintiff,1,0,0,2,1,,,1,
2018-09,Employment Discrimination,Plaintiff,2,0,0,0,,,,,
2018-11,Employment Discrimination,Plaintiff,2,0,0,0,,,,,
2018-12,Employment Discrimination,Plaintiff,0,0,0,1,,1,,,
2019-02,Employment Discrimination,Plaintiff,0,0,2,0,,,,,
2019-09,Employment Discrimination,Plaintiff,0,0,1,0,,,,,
2020-12,Employment Discrimination,Plaintiff,0,1,0,0,,,,,
2021-02,Employment Discrimination,Plaintiff,1,0,0,0,,,,,
2021-05,Employment Discrimination,Plaintiff,1,0,0,0,,,,,
2021-07,Employment Discrimination,Plaintiff,0,1,0,0,,,,,
2021-08,Employment Discrimination,Plaintiff,0,0,0,1,,,,1,
2021-10,Employment Discrimination,Plaintiff,0,0,0,1,,1,,,
2021-11,Employment Discrimination,Plaintiff,0,0,0,1,,1,,,
2022-07,Employment Discrimination,Plaintiff,0,1,0,0,,,,,
2022-10,Employment Discrimination,Plaintiff,1,0,0,0,,,,,
2023-01,Employment Discrimination,Plaintiff,1,1,0,0,,,,,
2024-03,Employment Discrimination,Plaintiff,0,0,0,1,,1,,,
2024-05,Employment Discrimination,Plaintiff,2,2,0,1,,,,,1
2024-06,Employment Discrimination,Plaintiff,1,1,0,1,1,,,,
2024-07,Employment Discrimination,Plaintiff,0,0,0,1,1,,,,
2024-09,Employment Discrimination,Plaintiff,1,1,0,0,,,,,
2025-03,Employment Discrimination,Plaintiff,1,1,0,0,,,,,
2025-08,Employment Discrimination,Plaintiff,1,0,1,0,,,,,
2025-10,Employment Discrimination,Plaintiff,0,0,0,1,,1,,,
1994-10,Environmental/Lands,Plaintiff,85,65,14,77,3,,3,,71
1994-11,Environmental/Lands,Plaintiff,97,50,18,63,7,,1,,55
1994-12,Environmental/Lands,Plaintiff,58,36,12,64,5,,9,,50
1995-01,Environmental/Lands,Plaintiff,39,33,18,76,7,1,,,68
1995-02,Environmental/Lands,Plaintiff,80,41,13,89,41,,,,48
1995-03,Environmental/Lands,Plaintiff,90,46,12,74,5,,1,,68
1995-04,Environmental/Lands,Plaintiff,77,27,13,65,4,1,1,,59
1995-05,Environmental/Lands,Plaintiff,50,32,15,58,8,,1,,49
1995-06,Environmental/Lands,Plaintiff,64,31,7,55,5,,2,,48
1995-07,Environmental/Lands,Plaintiff,50,34,12,55,3,1,1,,50
1995-08,Environmental/Lands,Plaintiff,45,27,11,52,7,,,,45
1995-09,Environmental/Lands,Plaintiff,80,38,20,51,4,,,,47
1995-10,Environmental/Lands,Plaintiff,56,39,7,45,5,,1,1,38
1995-11,Environmental/Lands,Plaintiff,36,22,13,36,2,,,,34
1995-12,Environmental/Lands,Plaintiff,39,23,9,27,2,,,,25
1996-01,Environmental/Lands,Plaintiff,43,38,14,62,4,1,2,,55
1996-02,Environmental/Lands,Plaintiff,70,33,11,28,8,,1,,19
1996-03,Environmental/Lands,Plaintiff,81,107,10,47,10,,,,37
1996-04,Environmental/Lands,Plaintiff,59,43,16,49,5,,6,,38
1996-05,Environmental/Lands,Plaintiff,84,42,12,48,5,1,2,,40
1996-06,Environmental/Lands,Plaintiff,40,48,32,57,2,,1,,54
1996-07,Environmental/Lands,Plaintiff,45,46,13,46,5,1,1,,39
1996-08,Environmental/Lands,Plaintiff,60,34,17,37,4,1,1,,31
1996-09,Environmental/Lands,Plaintiff,41,30,9,49,6,,1,,42
1996-10,Environmental/Lands,Plaintiff,76,36,14,52,5,3,,1,43
1996-11,Environmental/Lands,Plaintiff,44,32,8,34,6,1,,,27
1996-12,Environmental/Lands,Plaintiff,28,20,17,40,3,1,,,36
1997-01,Environmental/Lands,Plaintiff,67,39,17,54,2,1,3,,48
1997-02,Environmental/Lands,Plaintiff,53,39,12,44,3,4,2,,35
1997-03,Environmental/Lands,Plaintiff,60,34,9,37,5,1,,,31
1997-04,Environmental/Lands,Plaintiff,31,35,11,46,5,3,,,38
1997-05,Environmental/Lands,Plaintiff,52,25,10,45,4,1,,,40
1997-06,Environmental/Lands,Plaintiff,56,35,9,33,3,1,,,29
1997-07,Environmental/Lands,Plaintiff,45,39,12,36,3,1,,,32
1997-08,Environmental/Lands,Plaintiff,53,35,8,42,2,,,,40
1997-09,Environmental/Lands,Plaintiff,71,41,18,42,4,,,,38
1997-10,Environmental/Lands,Plaintiff,80,30,5,46,7,1,,,38
1997-11,Environmental/Lands,Plaintiff,57,26,3,19,3,1,,,15
1997-12,Environmental/Lands,Plaintiff,55,38,7,29,2,2,,,25
1998-01,Environmental/Lands,Plaintiff,59,33,10,34,4,,,,30
1998-02,Environmental/Lands,Plaintiff,51,33,15,35,6,1,,1,27
1998-03,Environmental/Lands,Plaintiff,36,37,11,57,3,2,1,,51
1998-04,Environmental/Lands,Plaintiff,67,38,11,36,3,1,1,,31
1998-05,Environmental/Lands,Plaintiff,38,25,5,24,6,2,,,16
1998-06,Environmental/Lands,Plaintiff,71,46,7,26,2,1,,,23
1998-07,Environmental/Lands,Plaintiff,54,36,9,42,5,2,,,35
1998-08,Environmental/Lands,Plaintiff,52,23,16,52,11,1,,,40
1998-09,Environmental/Lands,Plaintiff,65,47,25,57,7,,2,,48
1998-10,Environmental/Lands,Plaintiff,89,35,14,34,6,1,,,27
1998-11,Environmental/Lands,Plaintiff,46,31,7,32,9,1,,,22
1998-12,Environmental/Lands,Plaintiff,75,66,10,33,4,4,,,25
1999-01,Environmental/Lands,Plaintiff,44,24,18,31,9,1,,,21
1999-02,Environmental/Lands,Plaintiff,33,27,12,30,4,2,,,24
1999-03,Environmental/Lands,Plaintiff,47,60,13,48,13,4,2,,29
1999-04,Environmental/Lands,Plaintiff,36,20,20,47,12,1,6,,28
1999-05,Environmental/Lands,Plaintiff,42,31,15,39,4,4,,,31
1999-06,Environmental/Lands,Plaintiff,43,31,15,41,6,5,1,,29
1999-07,Environmental/Lands,Plaintiff,48,39,25,44,10,7,1,,26
1999-08,Environmental/Lands,Plaintiff,75,59,10,44,17,1,3,1,22
1999-09,Environmental/Lands,Plaintiff,86,33,23,36,11,5,2,1,17
1999-10,Environmental/Lands,Plaintiff,98,68,12,30,12,5,,2,11
1999-11,Environmental/Lands,Plaintiff,125,96,8,21,7,5,1,2,6
1999-12,Environmental/Lands,Plaintiff,139,66,9,26,8,7,,1,10
2000-01,Environmental/Lands,Plaintiff,89,173,11,24,5,10,2,,7
2000-02,Environmental/Lands,Plaintiff,128,86,18,40,22,10,1,,7
2000-03,Environmental/Lands,Plaintiff,214,180,31,50,24,8,1,5,12
2000-04,Environmental/Lands,Plaintiff,160,119,18,20,7,7,,,6
2000-05,Environmental/Lands,Plaintiff,99,120,7,32,19,9,1,,3
2000-06,Environmental/Lands,Plaintiff,103,82,14,32,13,12,2,1,4
2000-07,Environmental/Lands,Plaintiff,143,93,28,59,21,9,21,2,6
2000-08,Environmental/Lands,Plaintiff,132,130,15,53,18,18,3,4,10
2000-09,Environmental/Lands,Plaintiff,198,138,17,74,21,27,5,1,20
2000-10,Environmental/Lands,Plaintiff,119,149,24,56,17,25,2,3,9
2000-11,Environmental/Lands,Plaintiff,221,136,12,47,22,16,1,,8
2000-12,Environmental/Lands,Plaintiff,113,133,11,46,19,20,,3,4
2001-01,Environmental/Lands,Plaintiff,126,108,22,67,11,51,1,2,2
2001-02,Environmental/Lands,Plaintiff,131,58,20,71,22,20,19,1,9
2001-03,Environmental/Lands,Plaintiff,157,108,32,76,21,45,2,4,4
2001-04,Environmental/Lands,Plaintiff,121,143,20,54,12,35,1,1,5
2001-05,Environmental/Lands,Plaintiff,156,132,10,66,23,36,4,1,2
2001-06,Environmental/Lands,Plaintiff,229,238,9,48,10,29,,1,8
2001-07,Environmental/Lands,Plaintiff,131,175,14,79,14,53,2,1,9
2001-08,Environmental/Lands,Plaintiff,159,118,16,81,13,50,,3,15
2001-09,Environmental/Lands,Plaintiff,93,98,6,65,18,35,1,2,9
2001-10,Environmental/Lands,Plaintiff,114,153,45,37,13,13,,3,8
2001-11,Environmental/Lands,Plaintiff,89,96,14,29,14,8,1,,6
2001-12,Environmental/Lands,Plaintiff,79,90,15,23,5,8,2,1,7
2002-01,Environmental/Lands,Plaintiff,75,42,7,46,14,23,,,9
2002-02,Environmental/Lands,Plaintiff,60,45,12,60,4,45,4,,7
2002-03,Environmental/Lands,Plaintiff,75,80,27,46,25,15,,,6
2002-04,Environmental/Lands,Plaintiff,49,73,15,68,25,41,,,2
2002-05,Environmental/Lands,Plaintiff,68,23,38,100,19,64,4,,13
2002-06,Environmental/Lands,Plaintiff,89,55,27,58,12,38,,,8
2002-07,Environmental/Lands,Plaintiff,56,89,9,46,13,25,,,8
2002-08,Environmental/Lands,Plaintiff,50,38,13,42,15,17,1,2,7
2002-09,Environmental/Lands,Plaintiff,51,38,11,49,35,11,,,3
2002-10,Environmental/Lands,Plaintiff,47,38,22,38,13,17,1,2,5
2002-11,Environmental/Lands,Plaintiff,43,19,15,33,8,19,1,1,4
2002-12,Environmental/Lands,Plaintiff,28,25,15,111,37,71,,,3
2003-01,Environmental/Lands,Plaintiff,23,36,10,85,10,70,1,3,1
2003-02,Environmental/Lands,Plaintiff,35,17,10,71,4,63,,,4
2003-03,Environmental/Lands,Plaintiff,42,23,12,59,42,9,,3,5
2003-04,Environmental/Lands,Plaintiff,56,34,25,62,14,35,1,3,9
2003-05,Environmental/Lands,Plaintiff,42,23,10,36,30,2,2,2,
2003-06,Environmental/Lands,Plaintiff,62,45,10,59,18,38,,1,2
2003-07,Environmental/Lands,Plaintiff,65,40,14,118,20,93,,1,4
2003-08,Environmental/Lands,Plaintiff,34,42,16,82,24,53,1,1,3
2003-09,Environmental/Lands,Plaintiff,44,38,16,54,12,36,,1,5
2003-10,Environmental/Lands,Plaintiff,37,25,13,51,13,31,,1,6
2003-11,Environmental/Lands,Plaintiff,25,15,9,15,6,4,,1,4
2003-12,Environmental/Lands,Plaintiff,37,12,4,46,15,28,,,3
2004-01,Environmental/Lands,Plaintiff,53,37,18,43,21,13,,2,7
2004-02,Environmental/Lands,Plaintiff,20,22,19,55,35,10,1,2,7
2004-03,Environmental/Lands,Plaintiff,44,25,19,42,14,22,,1,5
2004-04,Environmental/Lands,Plaintiff,58,25,27,37,11,20,1,1,4
2004-05,Environmental/Lands,Plaintiff,28,17,2,32,10,13,1,3,5
2004-06,Environmental/Lands,Plaintiff,40,20,9,269,180,75,,5,9
2004-07,Environmental/Lands,Plaintiff,27,28,8,128,88,37,,2,1
2004-08,Environmental/Lands,Plaintiff,48,19,7,29,14,6,1,1,7
2004-09,Environmental/Lands,Plaintiff,35,28,18,50,17,26,,3,4
2004-10,Environmental/Lands,Plaintiff,33,13,1,71,54,11,,1,5
2004-11,Environmental/Lands,Plaintiff,24,24,5,82,45,32,,1,4
2004-12,Environmental/Lands,Plaintiff,31,20,18,31,10,16,2,1,2
2005-01,Environmental/Lands,Plaintiff,32,21,2,48,26,15,1,1,5
2005-02,Environmental/Lands,Plaintiff,26,16,9,106,91,13,,2,
2005-03,Environmental/Lands,Plaintiff,40,20,33,49,26,13,2,,8
2005-04,Environmental/Lands,Plaintiff,25,22,11,67,52,11,,,4
2005-05,Environmental/Lands,Plaintiff,36,18,6,21,8,7,,,6
2005-06,Environmental/Lands,Plaintiff,55,42,14,105,82,7,8,1,7
2005-07,Environmental/Lands,Plaintiff,45,40,16,62,44,14,,,4
2005-08,Environmental/Lands,Plaintiff,45,35,8,110,99,7,,,4
2005-09,Environmental/Lands,Plaintiff,39,27,21,128,106,12,1,1,8
2005-10,Environmental/Lands,Plaintiff,39,22,16,12,4,5,,,3
2005-11,Environmental/Lands,Plaintiff,32,17,9,24,11,11,1,1,
2005-12,Environmental/Lands,Plaintiff,25,21,13,61,42,11,1,1,6
2006-01,Environmental/Lands,Plaintiff,21,15,5,52,33,12,1,3,3
2006-02,Environmental/Lands,Plaintiff,25,17,5,23,8,9,,3,3
2006-03,Environmental/Lands,Plaintiff,28,18,31,104,79,18,1,1,5
2006-04,Environmental/Lands,Plaintiff,25,28,10,122,97,18,1,1,5
2006-05,Environmental/Lands,Plaintiff,22,14,9,28,13,12,,2,1
2006-06,Environmental/Lands,Plaintiff,30,22,7,35,13,18,1,,3
2006-07,Environmental/Lands,Plaintiff,20,8,10,30,9,14,,1,6
2006-08,Environmental/Lands,Plaintiff,31,23,10,43,9,28,,1,5
2006-09,Environmental/Lands,Plaintiff,29,27,12,25,8,13,,,4
2006-10,Environmental/Lands,Plaintiff,40,23,11,26,7,6,,,13
2006-11,Environmental/Lands,Plaintiff,20,6,8,31,5,18,,1,7
2006-12,Environmental/Lands,Plaintiff,26,14,27,11,4,4,,,3
2007-01,Environmental/Lands,Plaintiff,14,19,2,20,7,9,,,4
2007-02,Environmental/Lands,Plaintiff,38,10,13,40,16,16,1,1,6
2007-03,Environmental/Lands,Plaintiff,23,33,10,82,54,23,,,5
2007-04,Environmental/Lands,Plaintiff,41,30,13,31,9,11,1,,10
2007-05,Environmental/Lands,Plaintiff,27,35,11,55,28,20,3,,4
2007-06,Environmental/Lands,Plaintiff,27,26,15,34,20,10,,,4
2007-07,Environmental/Lands,Plaintiff,38,19,19,26,17,5,1,,3
2007-08,Environmental/Lands,Plaintiff,29,24,6,17,12,5,,,
2007-09,Environmental/Lands,Plaintiff,29,18,13,37,16,14,,1,6
2007-10,Environmental/Lands,Plaintiff,24,15,15,23,7,11,1,,4
2007-11,Environmental/Lands,Plaintiff,24,13,8,26,15,9,,,2
2007-12,Environmental/Lands,Plaintiff,8,26,1,25,6,14,1,,4
2008-01,Environmental/Lands,Plaintiff,75,72,17,21,3,10,,,8
2008-02,Environmental/Lands,Plaintiff,68,70,9,32,6,16,,4,6
2008-03,Environmental/Lands,Plaintiff,25,29,19,37,18,7,,2,10
2008-04,Environmental/Lands,Plaintiff,31,19,9,52,41,6,,3,2
2008-05,Environmental/Lands,Plaintiff,67,80,12,63,46,5,,,12
2008-06,Environmental/Lands,Plaintiff,164,172,7,17,5,7,1,,4
2008-07,Environmental/Lands,Plaintiff,85,98,5,61,51,7,,,3
2008-08,Environmental/Lands,Plaintiff,61,26,20,35,16,12,2,,5
2008-09,Environmental/Lands,Plaintiff,69,43,11,65,30,25,,2,8
2008-10,Environmental/Lands,Plaintiff,43,20,18,39,18,12,,,9
2008-11,Environmental/Lands,Plaintiff,32,46,1,28,10,15,,,3
2008-12,Environmental/Lands,Plaintiff,22,16,8,76,38,32,1,2,3
2009-01,Environmental/Lands,Plaintiff,32,19,8,32,6,22,1,,3
2009-02,Environmental/Lands,Plaintiff,17,25,9,90,46,33,,2,9
2009-03,Environmental/Lands,Plaintiff,20,23,21,67,41,16,1,,9
2009-04,Environmental/Lands,Plaintiff,19,13,23,20,8,6,,2,4
2009-05,Environmental/Lands,Plaintiff,34,17,9,32,7,18,,1,6
2009-06,Environmental/Lands,Plaintiff,30,36,23,18,3,11,,1,3
2009-07,Environmental/Lands,Plaintiff,52,28,8,27,5,12,1,,9
2009-08,Environmental/Lands,Plaintiff,28,19,19,49,27,5,4,1,12
2009-09,Environmental/Lands,Plaintiff,20,28,13,39,18,9,,3,9
2009-10,Environmental/Lands,Plaintiff,27,11,24,42,22,7,1,5,7
2009-11,Environmental/Lands,Plaintiff,27,13,5,44,27,5,1,1,10
2009-12,Environmental/Lands,Plaintiff,15,13,7,40,29,7,1,1,2
2010-01,Environmental/Lands,Plaintiff,20,18,10,53,37,12,,,4
2010-02,Environmental/Lands,Plaintiff,15,10,10,17,2,13,,,2
2010-03,Environmental/Lands,Plaintiff,21,16,20,31,12,5,2,1,11
2010-04,Environmental/Lands,Plaintiff,16,16,13,18,7,4,,,7
2010-05,Environmental/Lands,Plaintiff,23,20,8,19,5,4,1,1,8
2010-06,Environmental/Lands,Plaintiff,32,16,6,22,5,4,,3,10
2010-07,Environmental/Lands,Plaintiff,17,23,6,23,8,7,1,,7
2010-08,Environmental/Lands,Plaintiff,19,13,17,30,11,6,3,,10
2010-09,Environmental/Lands,Plaintiff,30,12,16,41,16,13,2,,10
2010-10,Environmental/Lands,Plaintiff,24,10,10,23,5,7,,1,10
2010-11,Environmental/Lands,Plaintiff,22,10,6,17,6,4,2,1,4
2010-12,Environmental/Lands,Plaintiff,27,14,11,17,6,5,,,6
2011-01,Environmental/Lands,Plaintiff,24,19,13,19,10,,1,,8
2011-02,Environmental/Lands,Plaintiff,19,7,12,16,7,2,,,7
2011-03,Environmental/Lands,Plaintiff,16,8,35,35,6,8,,1,20
2011-04,Environmental/Lands,Plaintiff,18,17,10,18,5,5,,,8
2011-05,Environmental/Lands,Plaintiff,12,12,4,15,5,4,1,1,4
2011-06,Environmental/Lands,Plaintiff,12,9,8,16,8,5,,1,2
2011-07,Environmental/Lands,Plaintiff,17,8,2,14,4,3,1,1,5
2011-08,Environmental/Lands,Plaintiff,18,15,5,16,6,5,1,,4
2011-09,Environmental/Lands,Plaintiff,20,17,13,34,19,6,,1,8
2011-10,Environmental/Lands,Plaintiff,26,11,7,13,4,1,,,8
2011-11,Environmental/Lands,Plaintiff,15,11,4,25,21,3,,,1
2011-12,Environmental/Lands,Plaintiff,12,11,11,15,4,5,,1,5
2012-01,Environmental/Lands,Plaintiff,21,9,8,20,8,3,,,9
2012-02,Environmental/Lands,Plaintiff,16,10,6,22,7,5,,1,9
2012-03,Environmental/Lands,Plaintiff,17,5,17,20,8,,,2,10
2012-04,Environmental/Lands,Plaintiff,25,18,3,12,3,2,,2,5
2012-05,Environmental/Lands,Plaintiff,10,12,8,13,6,2,,2,3
2012-06,Environmental/Lands,Plaintiff,23,15,3,8,3,1,1,,3
2012-07,Environmental/Lands,Plaintiff,14,8,2,16,5,4,,1,6
2012-08,Environmental/Lands,Plaintiff,29,7,5,19,5,4,,2,8
2012-09,Environmental/Lands,Plaintiff,10,13,17,16,2,7,,1,6
2012-10,Environmental/Lands,Plaintiff,26,9,7,14,3,2,,1,8
2012-11,Environmental/Lands,Plaintiff,12,13,4,14,5,3,1,,5
2012-12,Environmental/Lands,Plaintiff,13,20,4,18,7,3,,1,7
2013-01,Environmental/Lands,Plaintiff,24,10,10,15,6,3,1,,5
2013-02,Environmental/Lands,Plaintiff,20,9,5,8,2,3,1,,2
2013-03,Environmental/Lands,Plaintiff,19,13,13,21,4,5,,,12
2013-04,Environmental/Lands,Plaintiff,23,6,11,15,5,3,,1,6
2013-05,Environmental/Lands,Plaintiff,11,4,7,9,5,3,,,1
2013-06,Environmental/Lands,Plaintiff,19,24,10,13,4,,1,1,7
2013-07,Environmental/Lands,Plaintiff,17,14,5,16,5,3,,2,6
2013-08,Environmental/Lands,Plaintiff,13,10,4,17,4,3,2,,8
2013-09,Environmental/Lands,Plaintiff,16,7,21,16,7,1,,1,7
2013-10,Environmental/Lands,Plaintiff,13,6,2,11,6,3,,,2
2013-11,Environmental/Lands,Plaintiff,6,8,5,10,3,3,,1,3
2013-12,Environmental/Lands,Plaintiff,11,5,4,19,3,5,,,11
2014-01,Environmental/Lands,Plaintiff,11,3,4,15,4,5,,,6
2014-02,Environmental/Lands,Plaintiff,9,7,5,13,3,7,,1,2
2014-03,Environmental/Lands,Plaintiff,9,12,9,25,6,4,1,3,11
2014-04,Environmental/Lands,Plaintiff,9,3,7,13,5,4,,,4
2014-05,Environmental/Lands,Plaintiff,7,6,3,17,3,7,2,,5
2014-06,Environmental/Lands,Plaintiff,7,12,1,8,,2,,1,5
2014-07,Environmental/Lands,Plaintiff,15,9,9,9,3,3,,,3
2014-08,Environmental/Lands,Plaintiff,8,9,7,13,2,5,,1,5
2014-09,Environmental/Lands,Plaintiff,17,9,10,8,2,2,,,4
2014-10,Environmental/Lands,Plaintiff,28,17,4,12,3,3,,1,5
2014-11,Environmental/Lands,Plaintiff,6,7,3,14,3,6,,,5
2014-12,Environmental/Lands,Plaintiff,11,11,4,10,4,2,,1,3
2015-01,Environmental/Lands,Plaintiff,10,6,3,11,5,1,,,5
2015-02,Environmental/Lands,Plaintiff,11,7,3,18,2,5,,,11
2015-03,Environmental/Lands,Plaintiff,26,6,12,13,2,3,,1,7
2015-04,Environmental/Lands,Plaintiff,16,4,5,12,4,,1,1,6
2015-05,Environmental/Lands,Plaintiff,17,12,1,20,5,2,,,13
2015-06,Environmental/Lands,Plaintiff,9,4,7,10,3,2,,2,3
2015-07,Environmental/Lands,Plaintiff,16,12,7,21,5,6,,,10
2015-08,Environmental/Lands,Plaintiff,13,7,6,6,2,,,,4
2015-09,Environmental/Lands,Plaintiff,11,11,6,11,5,,2,1,3
2015-10,Environmental/Lands,Plaintiff,12,5,11,12,,5,,2,5
2015-11,Environmental/Lands,Plaintiff,10,6,8,11,4,3,,1,3
2015-12,Environmental/Lands,Plaintiff,15,11,4,6,2,3,,,1
2016-01,Environmental/Lands,Plaintiff,6,5,0,11,2,3,,,6
2016-02,Environmental/Lands,Plaintiff,16,8,2,13,8,,2,1,2
2016-03,Environmental/Lands,Plaintiff,10,4,16,11,3,2,1,1,4
2016-04,Environmental/Lands,Plaintiff,16,10,4,9,1,,,,8
2016-05,Environmental/Lands,Plaintiff,15,8,3,12,4,1,,,7
2016-06,Environmental/Lands,Plaintiff,9,7,1,7,,2,,,5
2016-07,Environmental/Lands,Plaintiff,5,14,1,8,5,2,,,1
2016-08,Environmental/Lands,Plaintiff,15,7,5,3,1,1,1,,
2016-09,Environmental/Lands,Plaintiff,18,13,14,14,7,4,1,,2
2016-10,Environmental/Lands,Plaintiff,14,5,7,3,,1,,,2
2016-11,Environmental/Lands,Plaintiff,26,16,2,2,,1,,,1
2016-12,Environmental/Lands,Plaintiff,12,9,4,7,3,3,,,1
2017-01,Environmental/Lands,Plaintiff,26,9,6,12,1,1,,,10
2017-02,Environmental/Lands,Plaintiff,4,3,2,10,5,3,,,2
2017-03,Environmental/Lands,Plaintiff,20,9,10,19,2,8,,,9
2017-04,Environmental/Lands,Plaintiff,5,2,20,14,2,3,,1,8
2017-05,Environmental/Lands,Plaintiff,16,7,14,25,6,1,1,,17
2017-06,Environmental/Lands,Plaintiff,10,5,7,8,1,1,1,1,4
2017-07,Environmental/Lands,Plaintiff,6,9,2,12,3,,,,9
2017-08,Environmental/Lands,Plaintiff,10,8,3,10,,2,,,8
2017-09,Environmental/Lands,Plaintiff,11,12,11,9,3,,1,2,3
2017-10,Environmental/Lands,Plaintiff,18,10,1,18,2,3,,1,12
2017-11,Environmental/Lands,Plaintiff,22,7,1,14,11,1,,,2
2017-12,Environmental/Lands,Plaintiff,7,7,6,4,,2,,,2
2018-01,Environmental/Lands,Plaintiff,9,4,5,5,,2,1,,2
2018-02,Environmental/Lands,Plaintiff,9,8,4,10,3,2,,,5
2018-03,Environmental/Lands,Plaintiff,6,6,2,13,6,3,2,1,1
2018-04,Environmental/Lands,Plaintiff,10,3,2,7,,2,,1,4
2018-05,Environmental/Lands,Plaintiff,15,5,12,12,2,3,,1,6
2018-06,Environmental/Lands,Plaintiff,29,8,6,6,,2,,1,3
2018-07,Environmental/Lands,Plaintiff,32,10,6,10,5,3,1,1,
2018-08,Environmental/Lands,Plaintiff,28,10,1,10,3,,1,1,5
2018-09,Environmental/Lands,Plaintiff,18,10,7,11,2,4,,,5
2018-10,Environmental/Lands,Plaintiff,9,9,5,13,3,4,,,6
2018-11,Environmental/Lands,Plaintiff,21,6,3,16,4,,,2,10
2018-12,Environmental/Lands,Plaintiff,4,3,1,6,2,,,,4
2019-01,Environmental/Lands,Plaintiff,11,6,0,8,,,,,8
2019-02,Environmental/Lands,Plaintiff,46,8,9,11,2,3,,,6
2019-03,Environmental/Lands,Plaintiff,41,13,79,13,1,3,,,9
2019-04,Environmental/Lands,Plaintiff,17,7,20,18,4,6,,,8
2019-05,Environmental/Lands,Plaintiff,12,10,7,8,3,3,,,2
2019-06,Environmental/Lands,Plaintiff,20,11,10,6,1,2,,,3
2019-07,Environmental/Lands,Plaintiff,17,12,6,16,1,2,,2,11
2019-08,Environmental/Lands,Plaintiff,19,12,11,10,1,2,,,7
2019-09,Environmental/Lands,Plaintiff,22,10,9,13,1,1,,,11
2019-10,Environmental/Lands,Plaintiff,18,9,4,12,1,,,1,10
2019-11,Environmental/Lands,Plaintiff,10,3,4,8,1,2,,,5
2019-12,Environmental/Lands,Plaintiff,33,6,15,7,3,2,,,2
2020-01,Environmental/Lands,Plaintiff,31,12,13,6,1,2,,,3
2020-02,Environmental/Lands,Plaintiff,41,12,21,6,3,,,,3
2020-03,Environmental/Lands,Plaintiff,46,17,26,9,2,2,,,5
2020-04,Environmental/Lands,Plaintiff,38,10,18,9,3,1,,,5
2020-05,Environmental/Lands,Plaintiff,48,10,14,8,3,,,1,4
2020-06,Environmental/Lands,Plaintiff,44,16,20,7,2,,,1,4
2020-07,Environmental/Lands,Plaintiff,74,24,24,12,2,1,,,9
2020-08,Environmental/Lands,Plaintiff,61,18,19,12,2,1,,,9
2020-09,Environmental/Lands,Plaintiff,66,34,30,15,2,5,,,8
2020-10,Environmental/Lands,Plaintiff,81,20,23,3,1,,,1,1
2020-11,Environmental/Lands,Plaintiff,43,22,28,9,1,1,,,7
2020-12,Environmental/Lands,Plaintiff,78,34,40,12,6,1,,,5
2021-01,Environmental/Lands,Plaintiff,40,23,36,14,6,2,,1,5
2021-02,Environmental/Lands,Plaintiff,22,5,3,13,,,,,13
2021-03,Environmental/Lands,Plaintiff,6,7,7,11,3,3,,3,2
2021-04,Environmental/Lands,Plaintiff,6,5,4,11,3,2,1,,5
2021-05,Environmental/Lands,Plaintiff,7,2,0,14,3,,,,11
2021-06,Environmental/Lands,Plaintiff,10,3,1,10,1,2,,,7
2021-07,Environmental/Lands,Plaintiff,5,3,6,24,2,5,,1,16
2021-08,Environmental/Lands,Plaintiff,11,2,3,13,2,4,,,7
2021-09,Environmental/Lands,Plaintiff,21,18,32,32,3,1,,,28
2021-10,Environmental/Lands,Plaintiff,6,4,5,21,4,3,,,14
2021-11,Environmental/Lands,Plaintiff,8,5,8,23,3,1,,1,18
2021-12,Environmental/Lands,Plaintiff,6,3,5,21,3,2,1,,15
2022-01,Environmental/Lands,Plaintiff,16,3,8,11,1,2,,1,7
2022-02,Environmental/Lands,Plaintiff,8,7,5,17,5,2,,,10
2022-03,Environmental/Lands,Plaintiff,13,4,9,16,3,3,,,10
2022-04,Environmental/Lands,Plaintiff,7,5,4,12,2,3,,2,5
2022-05,Environmental/Lands,Plaintiff,9,7,2,6,2,,1,,3
2022-06,Environmental/Lands,Plaintiff,8,7,3,8,1,,,,7
2022-07,Environmental/Lands,Plaintiff,6,4,36,11,2,1,1,,7
2022-08,Environmental/Lands,Plaintiff,8,3,47,7,1,1,1,,4
2022-09,Environmental/Lands,Plaintiff,18,9,38,16,5,,1,,10
2022-10,Environmental/Lands,Plaintiff,15,8,2,11,3,3,,,5
2022-11,Environmental/Lands,Plaintiff,9,6,1,10,4,2,,,4
2022-12,Environmental/Lands,Plaintiff,7,3,4,2,,,,,2
2023-01,Environmental/Lands,Plaintiff,7,1,3,6,3,1,,,2
2023-02,Environmental/Lands,Plaintiff,8,3,5,8,3,,,1,4
2023-03,Environmental/Lands,Plaintiff,10,4,15,8,3,1,,,4
2023-04,Environmental/Lands,Plaintiff,6,3,3,4,2,1,,,1
2023-05,Environmental/Lands,Plaintiff,9,10,2,3,2,1,,,
2023-06,Environmental/Lands,Plaintiff,6,4,1,9,1,2,,,6
2023-07,Environmental/Lands,Plaintiff,10,9,1,1,,,,,1
2023-08,Environmental/Lands,Plaintiff,12,4,6,4,2,2,,,
2023-09,Environmental/Lands,Plaintiff,10,7,5,10,3,2,,,5
2023-10,Environmental/Lands,Plaintiff,11,4,9,3,3,,,,
2023-11,Environmental/Lands,Plaintiff,23,5,5,8,3,1,,1,3
2023-12,Environmental/Lands,Plaintiff,5,2,6,5,1,2,,,2
2024-01,Environmental/Lands,Plaintiff,8,5,6,2,,2,,,
2024-02,Environmental/Lands,Plaintiff,4,7,7,6,1,,,,5
2024-03,Environmental/Lands,Plaintiff,10,2,6,2,,1,,,1
2024-04,Environmental/Lands,Plaintiff,6,1,1,6,4,,,,2
2024-05,Environmental/Lands,Plaintiff,15,5,8,4,2,1,,1,
2024-06,Environmental/Lands,Plaintiff,7,5,4,2,1,,,,1
2024-07,Environmental/Lands,Plaintiff,11,6,4,4,,1,1,,2
2024-08,Environmental/Lands,Plaintiff,11,4,2,2,1,1,,,
2024-09,Environmental/Lands,Plaintiff,13,6,5,12,3,2,,,7
2024-10,Environmental/Lands,Plaintiff,10,5,3,3,1,1,,,1
2024-11,Environmental/Lands,Plaintiff,15,3,1,3,1,,,1,1
2024-12,Environmental/Lands,Plaintiff,4,3,5,10,,1,1,1,7
2025-01,Environmental/Lands,Plaintiff,10,11,2,9,1,5,,2,1
2025-02,Environmental/Lands,Plaintiff,20,6,5,6,1,3,,,2
2025-03,Environmental/Lands,Plaintiff,11,8,9,2,,,,,2
2025-04,Environmental/Lands,Plaintiff,23,10,10,2,1,1,,,
2025-05,Environmental/Lands,Plaintiff,11,7,9,2,1,1,,,
2025-06,Environmental/Lands,Plaintiff,15,7,4,6,1,1,,,4
2025-07,Environmental/Lands,Plaintiff,5,3,2,5,1,2,,,2
2025-08,Environmental/Lands,Plaintiff,11,6,3,5,3,,,,2
2025-09,Environmental/Lands,Plaintiff,10,8,12,7,2,,,,5
2025-10,Environmental/Lands,Plaintiff,3,3,3,1,1,,,,
2025-11,Environmental/Lands,Plaintiff,3,3,2,2,1,,,1,
2025-12,Environmental/Lands,Plaintiff,1,1,2,2,,,,,2
2026-01,Environmental/Lands,Plaintiff,8,1,1,1,,1,,,
2026-02,Environmental/Lands,Plaintiff,5,11,2,2,1,,,,1
2026-03,Environmental/Lands,Plaintiff,10,3,5,7,1,1,,,5
2026-04,Environmental/Lands,Plaintiff,6,3,7,3,1,,,,2
2026-05,Environmental/Lands,Plaintiff,3,0,3,3,1,,,,2
1994-10,Fraud,Plaintiff,133,32,50,26,2,,,,24
1994-11,Fraud,Plaintiff,108,31,47,34,3,,,,31
1994-12,Fraud,Plaintiff,239,33,55,23,4,,,,19
1995-01,Fraud,Plaintiff,281,38,192,31,6,,,,25
1995-02,Fraud,Plaintiff,263,35,42,22,4,,1,,17
1995-03,Fraud,Plaintiff,175,43,74,29,4,,,1,24
1995-04,Fraud,Plaintiff,134,37,60,27,2,,,,25
1995-05,Fraud,Plaintiff,138,45,51,26,4,,1,,21
1995-06,Fraud,Plaintiff,179,50,57,26,4,,,,22
1995-07,Fraud,Plaintiff,127,42,61,29,4,,,1,24
1995-08,Fraud,Plaintiff,460,52,87,35,4,1,,,30
1995-09,Fraud,Plaintiff,169,41,82,34,4,,,,30
1995-10,Fraud,Plaintiff,617,46,80,54,7,,,,47
1995-11,Fraud,Plaintiff,162,47,63,25,3,,,,22
1995-12,Fraud,Plaintiff,149,44,51,39,4,1,,,34
1996-01,Fraud,Plaintiff,166,54,93,32,2,,,,30
1996-02,Fraud,Plaintiff,331,58,139,25,4,,,1,20
1996-03,Fraud,Plaintiff,236,69,96,29,2,,,,27
1996-04,Fraud,Plaintiff,250,59,79,38,7,,,,31
1996-05,Fraud,Plaintiff,489,56,79,38,5,1,,,32
1996-06,Fraud,Plaintiff,181,54,136,52,6,1,1,,44
1996-07,Fraud,Plaintiff,238,85,70,44,3,1,,,40
1996-08,Fraud,Plaintiff,334,60,46,48,5,,2,,41
1996-09,Fraud,Plaintiff,198,73,124,42,7,,,2,33
1996-10,Fraud,Plaintiff,385,77,86,37,5,,1,,31
1996-11,Fraud,Plaintiff,242,46,61,44,3,,1,,40
1996-12,Fraud,Plaintiff,244,43,93,48,6,1,,,41
1997-01,Fraud,Plaintiff,626,63,166,51,4,1,,1,45
1997-02,Fraud,Plaintiff,402,48,74,52,3,,,1,48
1997-03,Fraud,Plaintiff,462,55,242,40,4,,,,36
1997-04,Fraud,Plaintiff,307,67,138,63,11,,,,52
1997-05,Fraud,Plaintiff,458,48,321,50,3,,,1,46
1997-06,Fraud,Plaintiff,490,75,128,52,4,2,,,46
1997-07,Fraud,Plaintiff,1096,88,207,54,2,,,1,51
1997-08,Fraud,Plaintiff,395,113,103,53,5,,,,48
1997-09,Fraud,Plaintiff,593,87,165,55,5,,1,,49
1997-10,Fraud,Plaintiff,404,109,151,67,4,2,,,61
1997-11,Fraud,Plaintiff,301,62,87,33,3,1,1,,28
1997-12,Fraud,Plaintiff,318,54,169,59,7,5,,1,46
1998-01,Fraud,Plaintiff,436,72,376,53,7,2,,,44
1998-02,Fraud,Plaintiff,507,52,528,41,5,1,,,35
1998-03,Fraud,Plaintiff,355,66,448,59,9,,,1,49
1998-04,Fraud,Plaintiff,374,66,351,49,3,,1,,45
1998-05,Fraud,Plaintiff,222,75,449,37,4,1,,,32
1998-06,Fraud,Plaintiff,215,53,387,57,5,1,,,51
1998-07,Fraud,Plaintiff,242,67,584,55,9,,,,46
1998-08,Fraud,Plaintiff,187,66,255,46,6,,,,40
1998-09,Fraud,Plaintiff,189,51,353,57,10,1,2,,44
1998-10,Fraud,Plaintiff,282,48,180,38,8,1,3,,26
1998-11,Fraud,Plaintiff,162,51,225,36,9,2,1,,24
1998-12,Fraud,Plaintiff,227,60,650,52,9,3,1,,39
1999-01,Fraud,Plaintiff,206,49,453,38,5,,2,1,30
1999-02,Fraud,Plaintiff,175,49,150,55,7,2,,,46
1999-03,Fraud,Plaintiff,239,81,205,52,12,2,1,1,36
1999-04,Fraud,Plaintiff,136,65,281,47,4,4,,1,38
1999-05,Fraud,Plaintiff,195,59,278,55,8,5,,1,41
1999-06,Fraud,Plaintiff,215,63,209,44,6,4,1,5,28
1999-07,Fraud,Plaintiff,190,52,277,44,5,2,,5,32
1999-08,Fraud,Plaintiff,198,74,181,50,8,5,,8,29
1999-09,Fraud,Plaintiff,229,63,264,53,13,9,1,4,26
1999-10,Fraud,Plaintiff,182,43,294,49,13,12,2,5,17
1999-11,Fraud,Plaintiff,160,56,137,52,18,14,2,9,9
1999-12,Fraud,Plaintiff,162,57,215,61,24,12,1,11,13
2000-01,Fraud,Plaintiff,149,62,147,70,26,29,,7,8
2000-02,Fraud,Plaintiff,152,79,180,66,35,9,1,7,14
2000-03,Fraud,Plaintiff,246,59,299,91,30,22,4,18,17
2000-04,Fraud,Plaintiff,173,66,192,54,15,18,,11,10
2000-05,Fraud,Plaintiff,189,50,172,63,21,19,1,10,12
2000-06,Fraud,Plaintiff,188,50,121,80,34,17,1,16,12
2000-07,Fraud,Plaintiff,171,43,127,57,21,17,6,6,7
2000-08,Fraud,Plaintiff,198,58,155,60,23,20,1,10,6
2000-09,Fraud,Plaintiff,181,48,119,59,12,18,1,13,15
2000-10,Fraud,Plaintiff,176,70,140,47,11,9,,13,14
2000-11,Fraud,Plaintiff,132,43,186,52,16,15,1,13,7
2000-12,Fraud,Plaintiff,127,45,80,44,15,12,,8,9
2001-01,Fraud,Plaintiff,164,52,158,46,11,18,,8,9
2001-02,Fraud,Plaintiff,173,67,132,67,31,12,,11,13
2001-03,Fraud,Plaintiff,199,58,214,75,23,20,,14,18
2001-04,Fraud,Plaintiff,187,51,202,71,25,19,2,15,10
2001-05,Fraud,Plaintiff,213,42,114,68,19,17,2,18,12
2001-06,Fraud,Plaintiff,187,39,220,55,24,11,2,12,6
2001-07,Fraud,Plaintiff,204,41,179,40,12,11,,8,9
2001-08,Fraud,Plaintiff,220,48,206,66,27,13,5,7,14
2001-09,Fraud,Plaintiff,142,32,181,55,12,16,1,7,19
2001-10,Fraud,Plaintiff,158,61,123,47,15,12,4,5,11
2001-11,Fraud,Plaintiff,153,32,133,51,20,10,,11,10
2001-12,Fraud,Plaintiff,124,36,95,57,15,15,1,7,19
2002-01,Fraud,Plaintiff,156,53,153,69,33,18,1,7,10
2002-02,Fraud,Plaintiff,140,28,148,52,22,9,1,12,8
2002-03,Fraud,Plaintiff,132,60,84,62,30,15,1,4,12
2002-04,Fraud,Plaintiff,161,45,136,56,25,13,,10,8
2002-05,Fraud,Plaintiff,150,53,213,49,13,15,,14,7
2002-06,Fraud,Plaintiff,117,38,165,55,19,14,3,7,12
2002-07,Fraud,Plaintiff,143,51,116,57,9,19,,8,21
2002-08,Fraud,Plaintiff,160,61,92,52,19,12,1,9,11
2002-09,Fraud,Plaintiff,140,37,187,64,16,11,2,18,17
2002-10,Fraud,Plaintiff,130,52,208,66,25,11,2,16,12
2002-11,Fraud,Plaintiff,143,51,381,61,21,11,3,11,15
2002-12,Fraud,Plaintiff,114,47,83,44,23,5,1,4,11
2003-01,Fraud,Plaintiff,118,45,124,59,20,13,2,6,18
2003-02,Fraud,Plaintiff,102,36,76,42,9,13,1,11,8
2003-03,Fraud,Plaintiff,122,33,144,36,13,5,1,6,11
2003-04,Fraud,Plaintiff,111,26,168,67,12,18,1,16,20
2003-05,Fraud,Plaintiff,117,37,96,40,6,10,,10,14
2003-06,Fraud,Plaintiff,126,40,107,45,13,6,2,17,7
2003-07,Fraud,Plaintiff,107,36,78,46,10,7,,14,15
2003-08,Fraud,Plaintiff,119,35,70,31,7,6,2,8,8
2003-09,Fraud,Plaintiff,144,61,144,42,14,8,2,9,9
2003-10,Fraud,Plaintiff,136,44,72,31,10,4,1,8,8
2003-11,Fraud,Plaintiff,94,33,53,30,7,8,1,5,9
2003-12,Fraud,Plaintiff,119,48,77,45,9,16,1,8,11
2004-01,Fraud,Plaintiff,121,37,92,26,12,1,1,5,7
2004-02,Fraud,Plaintiff,127,41,103,39,9,12,1,11,6
2004-03,Fraud,Plaintiff,153,58,106,53,17,8,2,14,12
2004-04,Fraud,Plaintiff,131,38,74,35,13,7,2,8,5
2004-05,Fraud,Plaintiff,155,47,67,32,9,10,1,6,6
2004-06,Fraud,Plaintiff,141,39,62,42,12,6,,11,13
2004-07,Fraud,Plaintiff,142,44,80,39,7,6,3,11,12
2004-08,Fraud,Plaintiff,140,46,73,51,9,11,2,14,15
2004-09,Fraud,Plaintiff,108,36,124,46,11,6,,11,18
2004-10,Fraud,Plaintiff,110,46,56,38,12,9,3,6,8
2004-11,Fraud,Plaintiff,76,35,58,30,8,4,1,8,9
2004-12,Fraud,Plaintiff,159,69,78,45,8,11,1,15,10
2005-01,Fraud,Plaintiff,115,35,67,32,7,6,,5,14
2005-02,Fraud,Plaintiff,122,39,74,37,15,6,2,8,6
2005-03,Fraud,Plaintiff,134,49,142,46,8,14,1,12,11
2005-04,Fraud,Plaintiff,122,43,94,58,11,12,3,13,19
2005-05,Fraud,Plaintiff,124,53,91,35,15,5,,7,8
2005-06,Fraud,Plaintiff,95,35,78,38,13,8,1,7,9
2005-07,Fraud,Plaintiff,86,33,71,32,8,5,,8,11
2005-08,Fraud,Plaintiff,90,36,89,46,6,10,1,15,14
2005-09,Fraud,Plaintiff,110,33,98,50,9,13,3,12,13
2005-10,Fraud,Plaintiff,104,45,66,43,10,9,,8,16
2005-11,Fraud,Plaintiff,104,27,54,32,8,6,,9,9
2005-12,Fraud,Plaintiff,82,30,91,32,8,4,2,13,5
2006-01,Fraud,Plaintiff,116,41,106,42,11,11,1,10,9
2006-02,Fraud,Plaintiff,111,42,79,28,9,3,,7,9
2006-03,Fraud,Plaintiff,172,61,110,87,10,18,6,28,25
2006-04,Fraud,Plaintiff,102,39,66,36,7,10,,7,12
2006-05,Fraud,Plaintiff,124,49,51,45,7,9,1,13,15
2006-06,Fraud,Plaintiff,95,39,54,53,11,13,1,10,18
2006-07,Fraud,Plaintiff,123,47,55,42,8,13,2,9,10
2006-08,Fraud,Plaintiff,117,27,81,31,6,8,,9,8
2006-09,Fraud,Plaintiff,118,35,139,48,14,8,1,14,11
2006-10,Fraud,Plaintiff,120,40,89,49,6,8,,8,27
2006-11,Fraud,Plaintiff,114,44,57,31,4,8,2,5,12
2006-12,Fraud,Plaintiff,74,37,32,21,5,4,3,4,5
2007-01,Fraud,Plaintiff,108,33,69,51,8,7,8,16,12
2007-02,Fraud,Plaintiff,142,67,61,35,9,5,3,7,11
2007-03,Fraud,Plaintiff,107,26,86,45,15,6,3,9,12
2007-04,Fraud,Plaintiff,155,29,89,41,14,2,,10,15
2007-05,Fraud,Plaintiff,144,37,110,41,14,7,3,7,10
2007-06,Fraud,Plaintiff,128,34,106,36,10,5,1,8,12
2007-07,Fraud,Plaintiff,128,43,87,39,11,7,1,9,11
2007-08,Fraud,Plaintiff,111,34,95,47,19,6,3,9,10
2007-09,Fraud,Plaintiff,114,35,83,41,8,8,1,6,18
2007-10,Fraud,Plaintiff,118,37,75,44,8,4,2,12,18
2007-11,Fraud,Plaintiff,108,40,52,34,16,8,1,3,6
2007-12,Fraud,Plaintiff,86,24,59,28,7,4,1,3,13
2008-01,Fraud,Plaintiff,92,21,87,43,6,8,2,15,12
2008-02,Fraud,Plaintiff,135,38,76,37,11,7,1,4,14
2008-03,Fraud,Plaintiff,129,37,121,57,9,7,2,8,31
2008-04,Fraud,Plaintiff,136,43,117,34,4,4,,10,16
2008-05,Fraud,Plaintiff,135,47,57,34,10,5,1,7,11
2008-06,Fraud,Plaintiff,121,29,60,56,12,11,,9,24
2008-07,Fraud,Plaintiff,164,43,79,34,7,9,1,6,11
2008-08,Fraud,Plaintiff,112,37,132,36,11,7,1,6,11
2008-09,Fraud,Plaintiff,136,38,136,41,14,7,1,8,11
2008-10,Fraud,Plaintiff,141,54,75,34,8,3,,13,10
2008-11,Fraud,Plaintiff,111,51,69,21,10,1,,5,5
2008-12,Fraud,Plaintiff,131,39,65,32,13,3,,10,6
2009-01,Fraud,Plaintiff,103,31,57,38,12,4,3,10,9
2009-02,Fraud,Plaintiff,116,50,90,40,9,7,,17,7
2009-03,Fraud,Plaintiff,160,40,147,62,18,4,3,14,23
2009-04,Fraud,Plaintiff,137,36,60,43,15,7,1,10,10
2009-05,Fraud,Plaintiff,133,44,58,41,10,7,,10,14
2009-06,Fraud,Plaintiff,150,60,88,53,21,6,1,11,14
2009-07,Fraud,Plaintiff,119,50,58,30,5,6,1,7,11
2009-08,Fraud,Plaintiff,137,57,122,42,14,11,,8,9
2009-09,Fraud,Plaintiff,135,47,144,49,9,12,,14,14
2009-10,Fraud,Plaintiff,125,55,62,35,12,5,2,6,10
2009-11,Fraud,Plaintiff,174,42,45,36,11,6,1,7,11
2009-12,Fraud,Plaintiff,102,42,62,45,17,10,2,6,10
2010-01,Fraud,Plaintiff,167,56,36,48,17,8,,12,11
2010-02,Fraud,Plaintiff,116,48,76,31,13,3,,10,5
2010-03,Fraud,Plaintiff,150,57,165,52,14,3,3,14,18
2010-04,Fraud,Plaintiff,129,63,85,42,9,8,2,13,10
2010-05,Fraud,Plaintiff,130,48,61,40,7,10,2,9,12
2010-06,Fraud,Plaintiff,143,49,83,49,8,7,1,16,17
2010-07,Fraud,Plaintiff,124,57,100,51,10,6,,11,24
2010-08,Fraud,Plaintiff,120,44,73,38,6,4,1,10,17
2010-09,Fraud,Plaintiff,168,63,158,37,14,8,1,4,10
2010-10,Fraud,Plaintiff,128,78,59,38,14,3,,13,8
2010-11,Fraud,Plaintiff,183,62,53,41,7,8,1,15,10
2010-12,Fraud,Plaintiff,124,54,67,56,8,9,1,10,28
2011-01,Fraud,Plaintiff,145,50,75,32,7,6,1,12,6
2011-02,Fraud,Plaintiff,115,44,65,32,2,7,1,13,9
2011-03,Fraud,Plaintiff,164,64,153,66,11,5,1,17,32
2011-04,Fraud,Plaintiff,170,58,87,38,3,10,,14,11
2011-05,Fraud,Plaintiff,163,74,70,44,9,4,1,13,17
2011-06,Fraud,Plaintiff,171,68,81,42,5,5,2,13,17
2011-07,Fraud,Plaintiff,131,56,68,33,10,4,1,9,9
2011-08,Fraud,Plaintiff,172,61,109,49,8,10,1,13,17
2011-09,Fraud,Plaintiff,169,61,181,63,14,10,3,18,18
2011-10,Fraud,Plaintiff,94,43,53,52,12,5,,17,18
2011-11,Fraud,Plaintiff,99,39,64,29,4,3,1,14,7
2011-12,Fraud,Plaintiff,100,44,77,46,11,7,2,18,8
2012-01,Fraud,Plaintiff,132,47,85,49,12,8,1,17,11
2012-02,Fraud,Plaintiff,136,43,69,40,8,7,,19,6
2012-03,Fraud,Plaintiff,146,62,151,42,7,14,1,12,8
2012-04,Fraud,Plaintiff,125,57,43,54,8,22,1,13,10
2012-05,Fraud,Plaintiff,124,63,67,42,8,8,,14,12
2012-06,Fraud,Plaintiff,124,45,52,45,11,9,,13,12
2012-07,Fraud,Plaintiff,147,68,65,50,10,7,1,17,15
2012-08,Fraud,Plaintiff,132,55,92,46,5,10,1,15,15
2012-09,Fraud,Plaintiff,108,57,171,63,10,8,3,14,28
2012-10,Fraud,Plaintiff,148,62,51,43,7,6,,17,13
2012-11,Fraud,Plaintiff,122,82,47,33,8,4,1,10,10
2012-12,Fraud,Plaintiff,86,46,81,52,16,12,2,10,12
2013-01,Fraud,Plaintiff,150,59,65,59,10,6,1,19,23
2013-02,Fraud,Plaintiff,108,62,72,41,9,10,,9,13
2013-03,Fraud,Plaintiff,134,50,89,56,10,16,,9,21
2013-04,Fraud,Plaintiff,187,56,102,59,13,7,3,11,25
2013-05,Fraud,Plaintiff,117,64,67,49,11,9,1,14,14
2013-06,Fraud,Plaintiff,115,55,65,38,3,8,,7,20
2013-07,Fraud,Plaintiff,116,62,56,67,15,7,3,25,17
2013-08,Fraud,Plaintiff,149,76,92,57,5,9,2,19,22
2013-09,Fraud,Plaintiff,116,63,147,66,9,18,1,11,27
2013-10,Fraud,Plaintiff,116,62,25,49,7,8,2,13,19
2013-11,Fraud,Plaintiff,98,49,46,54,11,12,1,13,17
2013-12,Fraud,Plaintiff,93,46,41,55,4,11,,24,16
2014-01,Fraud,Plaintiff,102,58,76,57,9,10,2,15,21
2014-02,Fraud,Plaintiff,97,49,71,61,11,10,1,13,26
2014-03,Fraud,Plaintiff,120,64,98,79,9,11,1,24,34
2014-04,Fraud,Plaintiff,125,73,64,53,3,5,,14,31
2014-05,Fraud,Plaintiff,94,57,49,42,6,7,2,13,14
2014-06,Fraud,Plaintiff,131,70,54,38,4,3,,11,20
2014-07,Fraud,Plaintiff,118,75,78,60,7,7,3,20,23
2014-08,Fraud,Plaintiff,88,51,58,54,6,12,1,19,16
2014-09,Fraud,Plaintiff,105,61,114,79,11,25,,23,20
2014-10,Fraud,Plaintiff,130,69,49,46,6,7,2,20,11
2014-11,Fraud,Plaintiff,97,51,35,40,7,4,1,14,14
2014-12,Fraud,Plaintiff,94,42,38,49,11,10,,17,11
2015-01,Fraud,Plaintiff,107,44,66,81,6,18,,48,9
2015-02,Fraud,Plaintiff,74,42,52,31,6,12,,10,3
2015-03,Fraud,Plaintiff,129,63,86,57,11,11,2,16,17
2015-04,Fraud,Plaintiff,105,58,99,62,8,11,5,20,18
2015-05,Fraud,Plaintiff,115,53,51,59,9,16,3,17,14
2015-06,Fraud,Plaintiff,104,62,57,54,7,10,2,21,14
2015-07,Fraud,Plaintiff,115,37,36,41,4,8,2,15,12
2015-08,Fraud,Plaintiff,111,62,34,40,3,10,,10,17
2015-09,Fraud,Plaintiff,114,62,75,56,10,9,1,23,13
2015-10,Fraud,Plaintiff,104,52,78,61,8,18,,16,19
2015-11,Fraud,Plaintiff,108,52,38,47,3,5,,11,28
2015-12,Fraud,Plaintiff,102,49,39,49,8,16,1,12,12
2016-01,Fraud,Plaintiff,78,42,40,58,10,14,,15,19
2016-02,Fraud,Plaintiff,110,62,63,43,10,6,1,14,12
2016-03,Fraud,Plaintiff,122,56,121,71,6,13,4,27,21
2016-04,Fraud,Plaintiff,119,70,37,42,4,9,,18,11
2016-05,Fraud,Plaintiff,110,59,40,60,4,8,4,22,22
2016-06,Fraud,Plaintiff,125,50,37,42,6,6,1,13,16
2016-07,Fraud,Plaintiff,104,55,41,44,3,14,2,15,10
2016-08,Fraud,Plaintiff,106,60,44,44,4,10,,18,12
2016-09,Fraud,Plaintiff,104,63,86,55,5,13,1,15,21
2016-10,Fraud,Plaintiff,107,59,67,42,5,6,,16,15
2016-11,Fraud,Plaintiff,108,61,30,43,5,10,2,13,13
2016-12,Fraud,Plaintiff,107,61,40,41,8,8,,14,11
2017-01,Fraud,Plaintiff,109,62,60,55,7,11,,14,23
2017-02,Fraud,Plaintiff,118,48,46,50,5,10,2,17,16
2017-03,Fraud,Plaintiff,143,81,85,78,8,12,5,28,25
2017-04,Fraud,Plaintiff,109,57,43,52,11,11,1,12,17
2017-05,Fraud,Plaintiff,120,59,50,51,8,10,1,18,14
2017-06,Fraud,Plaintiff,101,57,50,59,1,20,1,18,19
2017-07,Fraud,Plaintiff,89,50,55,57,2,18,1,19,17
2017-08,Fraud,Plaintiff,111,60,69,60,8,12,4,25,11
2017-09,Fraud,Plaintiff,97,60,67,52,5,10,2,16,19
2017-10,Fraud,Plaintiff,95,46,32,48,4,7,3,22,12
2017-11,Fraud,Plaintiff,101,62,31,54,4,11,3,18,18
2017-12,Fraud,Plaintiff,77,40,37,47,7,7,1,20,12
2018-01,Fraud,Plaintiff,95,61,50,50,4,14,1,15,16
2018-02,Fraud,Plaintiff,120,58,66,53,4,13,2,17,17
2018-03,Fraud,Plaintiff,127,63,80,57,12,9,1,20,15
2018-04,Fraud,Plaintiff,137,61,43,47,8,6,2,22,9
2018-05,Fraud,Plaintiff,98,48,49,43,6,8,2,21,6
2018-06,Fraud,Plaintiff,91,44,56,53,8,9,2,26,8
2018-07,Fraud,Plaintiff,96,46,41,48,5,10,2,22,9
2018-08,Fraud,Plaintiff,111,60,53,64,14,20,,13,17
2018-09,Fraud,Plaintiff,109,53,75,67,10,17,1,24,15
2018-10,Fraud,Plaintiff,139,67,50,54,8,9,,20,17
2018-11,Fraud,Plaintiff,112,52,30,50,7,9,3,15,16
2018-12,Fraud,Plaintiff,81,43,39,37,5,7,,18,7
2019-01,Fraud,Plaintiff,82,43,21,35,9,6,2,9,9
2019-02,Fraud,Plaintiff,116,55,49,41,8,9,2,13,9
2019-03,Fraud,Plaintiff,123,63,73,65,11,15,6,15,18
2019-04,Fraud,Plaintiff,122,57,52,63,10,8,2,25,18
2019-05,Fraud,Plaintiff,153,79,49,65,12,14,1,25,13
2019-06,Fraud,Plaintiff,113,56,55,43,6,6,1,12,18
2019-07,Fraud,Plaintiff,105,52,53,48,8,11,2,18,9
2019-08,Fraud,Plaintiff,125,55,63,51,7,13,2,13,16
2019-09,Fraud,Plaintiff,99,57,91,55,2,15,2,19,17
2019-10,Fraud,Plaintiff,110,65,48,60,7,12,1,27,13
2019-11,Fraud,Plaintiff,138,63,34,43,7,17,2,11,6
2019-12,Fraud,Plaintiff,84,57,60,42,6,11,1,13,11
2020-01,Fraud,Plaintiff,113,50,44,53,6,6,,20,21
2020-02,Fraud,Plaintiff,120,62,43,52,10,12,3,16,11
2020-03,Fraud,Plaintiff,107,55,69,47,4,9,1,12,21
2020-04,Fraud,Plaintiff,90,45,28,39,5,12,2,10,10
2020-05,Fraud,Plaintiff,111,57,23,37,6,3,,21,7
2020-06,Fraud,Plaintiff,129,46,56,57,6,12,,20,19
2020-07,Fraud,Plaintiff,93,42,27,52,6,15,2,16,13
2020-08,Fraud,Plaintiff,107,62,68,59,10,25,3,13,8
2020-09,Fraud,Plaintiff,160,67,74,55,5,18,1,16,15
2020-10,Fraud,Plaintiff,112,70,53,35,3,5,,10,17
2020-11,Fraud,Plaintiff,94,56,32,30,6,8,1,9,6
2020-12,Fraud,Plaintiff,74,48,29,56,15,8,2,19,12
2021-01,Fraud,Plaintiff,79,39,33,54,11,8,,22,13
2021-02,Fraud,Plaintiff,85,33,46,41,3,11,,13,14
2021-03,Fraud,Plaintiff,115,54,75,50,8,6,3,13,20
2021-04,Fraud,Plaintiff,95,59,53,59,5,11,2,17,24
2021-05,Fraud,Plaintiff,90,42,53,43,6,8,2,18,9
2021-06,Fraud,Plaintiff,85,48,34,52,5,11,1,19,16
2021-07,Fraud,Plaintiff,66,40,51,52,2,17,,24,9
2021-08,Fraud,Plaintiff,97,41,46,50,8,8,3,16,15
2021-09,Fraud,Plaintiff,88,49,84,50,1,10,3,21,15
2021-10,Fraud,Plaintiff,88,48,45,42,2,11,2,19,8
2021-11,Fraud,Plaintiff,70,43,31,34,7,7,1,12,7
2021-12,Fraud,Plaintiff,76,41,31,41,6,3,,14,18
2022-01,Fraud,Plaintiff,85,38,48,50,2,8,2,15,23
2022-02,Fraud,Plaintiff,92,41,78,46,5,11,1,16,13
2022-03,Fraud,Plaintiff,99,60,96,53,5,18,1,18,11
2022-04,Fraud,Plaintiff,88,47,37,47,3,11,1,17,15
2022-05,Fraud,Plaintiff,79,38,54,44,4,11,,16,13
2022-06,Fraud,Plaintiff,113,67,74,71,10,22,3,15,21
2022-07,Fraud,Plaintiff,101,37,30,33,10,10,,9,4
2022-08,Fraud,Plaintiff,102,66,61,51,12,13,1,14,11
2022-09,Fraud,Plaintiff,107,49,66,47,17,6,,12,12
2022-10,Fraud,Plaintiff,114,41,58,41,12,7,,12,10
2022-11,Fraud,Plaintiff,117,60,36,38,12,6,1,7,12
2022-12,Fraud,Plaintiff,86,59,38,51,15,8,,12,16
2023-01,Fraud,Plaintiff,128,68,49,50,12,8,,11,19
2023-02,Fraud,Plaintiff,124,62,31,62,22,9,,20,11
2023-03,Fraud,Plaintiff,225,114,72,75,20,15,3,19,18
2023-04,Fraud,Plaintiff,158,75,36,57,22,5,1,18,11
2023-05,Fraud,Plaintiff,154,104,38,79,35,19,1,18,6
2023-06,Fraud,Plaintiff,186,69,40,82,25,31,,8,18
2023-07,Fraud,Plaintiff,141,87,25,70,12,26,,15,17
2023-08,Fraud,Plaintiff,209,125,51,96,30,31,1,19,15
2023-09,Fraud,Plaintiff,168,86,66,204,15,66,4,57,62
2023-10,Fraud,Plaintiff,130,67,32,69,32,17,1,12,7
2023-11,Fraud,Plaintiff,149,79,38,72,19,23,,21,9
2023-12,Fraud,Plaintiff,96,62,25,33,4,9,,11,9
2024-01,Fraud,Plaintiff,128,67,47,67,26,12,3,16,10
2024-02,Fraud,Plaintiff,152,67,48,70,20,13,5,19,13
2024-03,Fraud,Plaintiff,127,71,89,84,20,17,1,28,18
2024-04,Fraud,Plaintiff,161,100,41,59,7,11,,23,18
2024-05,Fraud,Plaintiff,184,102,37,66,10,22,,22,12
2024-06,Fraud,Plaintiff,211,104,45,65,22,19,,16,8
2024-07,Fraud,Plaintiff,180,149,40,81,17,23,1,19,21
2024-08,Fraud,Plaintiff,146,103,64,93,23,20,2,25,23
2024-09,Fraud,Plaintiff,156,129,80,95,21,29,,22,23
2024-10,Fraud,Plaintiff,146,111,64,79,22,20,1,22,14
2024-11,Fraud,Plaintiff,121,99,118,52,10,14,,15,13
2024-12,Fraud,Plaintiff,108,77,59,48,13,14,1,10,10
2025-01,Fraud,Plaintiff,120,105,49,64,13,18,,23,10
2025-02,Fraud,Plaintiff,126,79,67,79,20,24,1,23,11
2025-03,Fraud,Plaintiff,183,133,86,96,15,14,3,43,21
2025-04,Fraud,Plaintiff,207,136,44,82,22,19,2,23,16
2025-05,Fraud,Plaintiff,133,124,30,56,11,11,,16,18
2025-06,Fraud,Plaintiff,153,110,49,77,11,11,,31,24
2025-07,Fraud,Plaintiff,144,118,37,80,10,15,3,31,21
2025-08,Fraud,Plaintiff,148,93,35,75,9,13,2,25,26
2025-09,Fraud,Plaintiff,116,105,58,53,11,8,,16,18
2025-10,Fraud,Plaintiff,117,101,22,41,5,10,,13,13
2025-11,Fraud,Plaintiff,104,88,17,42,1,16,,15,10
2025-12,Fraud,Plaintiff,117,91,32,52,6,12,1,21,12
2026-01,Fraud,Plaintiff,119,88,49,49,7,14,,22,6
2026-02,Fraud,Plaintiff,88,67,28,54,6,9,,22,17
2026-03,Fraud,Plaintiff,157,118,61,73,3,13,,20,37
2026-04,Fraud,Plaintiff,181,136,23,39,4,7,,19,9
2026-05,Fraud,Plaintiff,96,80,31,34,2,4,,16,12
1994-10,Immigration,Plaintiff,8,4,0,5,1,,,,4
1994-11,Immigration,Plaintiff,2,1,5,4,1,,,,3
1994-12,Immigration,Plaintiff,4,4,0,1,1,,,,
1995-01,Immigration,Plaintiff,1,0,0,1,,,,,1
1995-02,Immigration,Plaintiff,0,0,16,2,,,,,2
1995-03,Immigration,Plaintiff,2,2,6,1,,,,,1
1995-04,Immigration,Plaintiff,2,9,1,0,,,,,
1995-05,Immigration,Plaintiff,5,1,1,2,,,,,2
1995-06,Immigration,Plaintiff,0,1,0,3,,,,,3
1995-07,Immigration,Plaintiff,5,5,0,3,1,,,,2
1995-08,Immigration,Plaintiff,9,3,1,0,,,,,
1995-09,Immigration,Plaintiff,14,8,2,2,1,,,,1
1995-10,Immigration,Plaintiff,3,5,0,5,1,,,,4
1995-11,Immigration,Plaintiff,2,1,2,6,,,,,6
1995-12,Immigration,Plaintiff,7,7,2,0,,,,,
1996-01,Immigration,Plaintiff,1,2,0,3,,,,,3
1996-02,Immigration,Plaintiff,2,2,1,5,1,,,,4
1996-03,Immigration,Plaintiff,12,6,0,5,,,,,5
1996-04,Immigration,Plaintiff,4,1,2,12,,,,,12
1996-05,Immigration,Plaintiff,2,2,5,2,,,,,2
1996-06,Immigration,Plaintiff,12,2,3,4,1,,,,3
1996-07,Immigration,Plaintiff,8,1,0,12,,,,,12
1996-08,Immigration,Plaintiff,3,3,1,0,,,,,
1996-09,Immigration,Plaintiff,1,1,0,7,2,,,,5
1996-10,Immigration,Plaintiff,2,1,1,1,1,,,,
1996-11,Immigration,Plaintiff,6,3,6,18,4,,,,14
1996-12,Immigration,Plaintiff,4,3,4,5,2,,1,,2
1997-01,Immigration,Plaintiff,2,0,0,3,2,,,,1
1997-02,Immigration,Plaintiff,2,0,1,2,,,1,,1
1997-03,Immigration,Plaintiff,1,1,2,4,,,,,4
1997-04,Immigration,Plaintiff,5,1,3,1,,,,,1
1997-05,Immigration,Plaintiff,6,0,3,3,1,,,,2
1997-06,Immigration,Plaintiff,1,1,1,6,1,,,,5
1997-07,Immigration,Plaintiff,5,1,3,2,,,,,2
1997-08,Immigration,Plaintiff,1,2,0,0,,,,,
1997-09,Immigration,Plaintiff,4,2,2,1,,,,,1
1997-10,Immigration,Plaintiff,2,1,0,2,1,,,,1
1997-11,Immigration,Plaintiff,5,1,3,2,,,,,2
1997-12,Immigration,Plaintiff,3,1,1,0,,,,,
1998-01,Immigration,Plaintiff,3,1,2,2,,,,,2
1998-02,Immigration,Plaintiff,3,3,3,1,,,,,1
1998-03,Immigration,Plaintiff,7,4,2,1,,,,,1
1998-04,Immigration,Plaintiff,2,1,1,1,,,,,1
1998-05,Immigration,Plaintiff,2,1,1,0,,,,,
1998-06,Immigration,Plaintiff,7,5,2,1,,,,,1
1998-07,Immigration,Plaintiff,1,2,3,1,,,,,1
1998-08,Immigration,Plaintiff,3,1,0,1,,,,,1
1998-09,Immigration,Plaintiff,3,1,5,4,1,1,,,2
1998-10,Immigration,Plaintiff,0,0,0,1,,,,,1
1998-11,Immigration,Plaintiff,2,1,2,1,1,,,,
1998-12,Immigration,Plaintiff,4,0,1,0,,,,,
1999-01,Immigration,Plaintiff,3,1,2,0,,,,,
1999-02,Immigration,Plaintiff,3,1,0,0,,,,,
1999-03,Immigration,Plaintiff,3,3,4,1,,,,,1
1999-04,Immigration,Plaintiff,5,4,1,0,,,,,
1999-05,Immigration,Plaintiff,3,3,2,1,,,,,1
1999-06,Immigration,Plaintiff,2,2,0,0,,,,,
1999-07,Immigration,Plaintiff,4,3,1,2,,,,,2
1999-08,Immigration,Plaintiff,6,3,0,2,,,,,2
1999-09,Immigration,Plaintiff,11,2,1,2,1,,,,1
1999-10,Immigration,Plaintiff,6,1,1,3,1,,,1,1
1999-11,Immigration,Plaintiff,5,6,1,1,,,,,1
1999-12,Immigration,Plaintiff,9,1,1,0,,,,,
2000-01,Immigration,Plaintiff,15,4,1,1,,,1,,
2000-02,Immigration,Plaintiff,4,0,1,5,1,,,1,3
2000-03,Immigration,Plaintiff,9,4,3,3,3,,,,
2000-04,Immigration,Plaintiff,5,2,0,1,,,,1,
2000-05,Immigration,Plaintiff,2,0,1,5,1,,1,3,
2000-06,Immigration,Plaintiff,3,2,0,2,1,,,,1
2000-07,Immigration,Plaintiff,8,4,1,5,3,1,,,1
2000-08,Immigration,Plaintiff,12,4,2,2,1,,,,1
2000-09,Immigration,Plaintiff,10,3,4,0,,,,,
2000-10,Immigration,Plaintiff,18,6,3,5,4,,,,1
2000-11,Immigration,Plaintiff,16,6,1,5,4,,,,1
2000-12,Immigration,Plaintiff,16,5,3,8,3,,,,5
2001-01,Immigration,Plaintiff,4,4,1,2,2,,,,
2001-02,Immigration,Plaintiff,3,4,0,1,,,,,1
2001-03,Immigration,Plaintiff,7,9,2,5,2,,,1,2
2001-04,Immigration,Plaintiff,5,5,0,2,2,,,,
2001-05,Immigration,Plaintiff,7,10,0,1,,1,,,
2001-06,Immigration,Plaintiff,3,6,3,6,2,3,,,1
2001-07,Immigration,Plaintiff,3,4,1,5,4,,,1,
2001-08,Immigration,Plaintiff,4,7,2,6,4,1,,,1
2001-09,Immigration,Plaintiff,1,4,3,6,4,,,,2
2001-10,Immigration,Plaintiff,7,6,1,4,2,,,1,1
2001-11,Immigration,Plaintiff,7,2,0,4,2,,,,2
2001-12,Immigration,Plaintiff,6,2,1,3,2,,,,1
2002-01,Immigration,Plaintiff,2,5,2,7,6,1,,,
2002-02,Immigration,Plaintiff,2,1,2,4,4,,,,
2002-03,Immigration,Plaintiff,1,1,0,6,3,,1,,2
2002-04,Immigration,Plaintiff,3,2,1,5,2,,,,3
2002-05,Immigration,Plaintiff,7,9,1,1,1,,,,
2002-06,Immigration,Plaintiff,6,5,2,2,,,,,2
2002-07,Immigration,Plaintiff,4,5,1,8,3,,,,5
2002-08,Immigration,Plaintiff,5,7,0,4,3,1,,,
2002-09,Immigration,Plaintiff,6,3,5,4,2,1,,1,
2002-10,Immigration,Plaintiff,5,1,2,2,1,1,,,
2002-11,Immigration,Plaintiff,3,1,2,3,2,,,,1
2002-12,Immigration,Plaintiff,6,6,0,4,2,,,1,1
2003-01,Immigration,Plaintiff,4,2,1,7,2,2,,1,2
2003-02,Immigration,Plaintiff,5,3,1,2,2,,,,
2003-03,Immigration,Plaintiff,2,1,3,0,,,,,
2003-04,Immigration,Plaintiff,1,2,2,1,1,,,,
2003-05,Immigration,Plaintiff,5,5,2,4,3,,,1,
2003-06,Immigration,Plaintiff,3,1,0,4,2,,,,2
2003-07,Immigration,Plaintiff,3,3,2,4,4,,,,
2003-08,Immigration,Plaintiff,2,1,17,5,4,,,1,
2003-09,Immigration,Plaintiff,4,3,0,5,4,1,,,
2003-10,Immigration,Plaintiff,2,2,1,3,1,,,1,1
2003-11,Immigration,Plaintiff,4,6,1,1,1,,,,
2003-12,Immigration,Plaintiff,6,4,1,3,,1,,1,1
2004-01,Immigration,Plaintiff,6,2,0,4,3,,,,1
2004-02,Immigration,Plaintiff,4,6,1,5,4,,,1,
2004-03,Immigration,Plaintiff,5,4,5,0,,,,,
2004-04,Immigration,Plaintiff,6,5,2,1,,,,,1
2004-05,Immigration,Plaintiff,6,6,0,5,4,,,,1
2004-06,Immigration,Plaintiff,4,5,0,1,1,,,,
2004-07,Immigration,Plaintiff,1,4,1,4,2,1,,,1
2004-08,Immigration,Plaintiff,5,2,1,4,3,1,,,
2004-09,Immigration,Plaintiff,5,0,1,2,,,,,2
2004-10,Immigration,Plaintiff,3,5,1,3,2,,,,1
2004-11,Immigration,Plaintiff,3,1,0,1,1,,,,
2004-12,Immigration,Plaintiff,5,3,2,3,2,,,,1
2005-01,Immigration,Plaintiff,4,4,1,12,6,2,,1,3
2005-02,Immigration,Plaintiff,1,2,0,3,2,,,,1
2005-03,Immigration,Plaintiff,3,3,2,5,2,,,1,2
2005-04,Immigration,Plaintiff,3,2,1,5,1,,,2,2
2005-05,Immigration,Plaintiff,4,3,0,4,4,,,,
2005-06,Immigration,Plaintiff,2,1,1,4,2,,,,2
2005-07,Immigration,Plaintiff,4,4,1,2,1,,,,1
2005-08,Immigration,Plaintiff,3,2,0,1,1,,,,
2005-09,Immigration,Plaintiff,2,0,1,2,1,,,,1
2005-10,Immigration,Plaintiff,0,1,1,4,2,,,,2
2005-11,Immigration,Plaintiff,6,4,1,3,2,,,,1
2005-12,Immigration,Plaintiff,2,3,0,4,,1,,,3
2006-01,Immigration,Plaintiff,3,1,0,1,,,,,1
2006-02,Immigration,Plaintiff,2,3,0,4,2,,,,2
2006-03,Immigration,Plaintiff,2,2,0,3,2,,,,1
2006-04,Immigration,Plaintiff,3,2,0,4,,,,1,3
2006-05,Immigration,Plaintiff,4,2,0,1,,,,,1
2006-06,Immigration,Plaintiff,3,3,1,1,,,,1,
2006-07,Immigration,Plaintiff,3,2,1,5,1,1,,1,2
2006-08,Immigration,Plaintiff,5,6,0,5,1,,,,4
2006-09,Immigration,Plaintiff,3,4,1,7,1,,,3,3
2006-10,Immigration,Plaintiff,0,0,4,2,,,,,2
2006-11,Immigration,Plaintiff,0,1,11,4,1,,,1,2
2006-12,Immigration,Plaintiff,0,0,5,0,,,,,
2007-01,Immigration,Plaintiff,1,0,3,2,,,,1,1
2007-02,Immigration,Plaintiff,1,2,1,4,2,,,,2
2007-03,Immigration,Plaintiff,7,6,1,3,2,,,,1
2007-04,Immigration,Plaintiff,5,3,2,1,,,,,1
2007-05,Immigration,Plaintiff,4,3,0,8,2,1,,4,1
2007-06,Immigration,Plaintiff,3,0,2,1,,,,,1
2007-07,Immigration,Plaintiff,1,2,1,7,4,1,,1,1
2007-08,Immigration,Plaintiff,1,1,1,1,,,,,1
2007-09,Immigration,Plaintiff,4,0,0,0,,,,,
2007-10,Immigration,Plaintiff,1,1,1,2,2,,,,
2007-11,Immigration,Plaintiff,2,1,1,1,1,,,,
2007-12,Immigration,Plaintiff,2,1,0,0,,,,,
2008-01,Immigration,Plaintiff,3,2,0,0,,,,,
2008-02,Immigration,Plaintiff,2,0,1,2,,,,1,1
2008-03,Immigration,Plaintiff,3,1,3,1,,,,,1
2008-04,Immigration,Plaintiff,3,1,0,3,1,,1,,1
2008-05,Immigration,Plaintiff,3,2,0,1,,,,,1
2008-06,Immigration,Plaintiff,3,2,0,1,1,,,,
2008-07,Immigration,Plaintiff,2,1,0,3,2,,,1,
2008-08,Immigration,Plaintiff,2,1,0,1,1,,,,
2008-09,Immigration,Plaintiff,2,1,1,3,1,,,1,1
2008-10,Immigration,Plaintiff,1,1,1,0,,,,,
2008-11,Immigration,Plaintiff,1,4,0,1,,,,,1
2008-12,Immigration,Plaintiff,2,3,0,1,1,,,,
2009-01,Immigration,Plaintiff,5,2,2,3,,,,1,2
2009-02,Immigration,Plaintiff,1,1,2,0,,,,,
2009-03,Immigration,Plaintiff,4,3,5,0,,,,,
2009-04,Immigration,Plaintiff,7,2,1,5,2,,,1,2
2009-05,Immigration,Plaintiff,4,2,1,1,,,,1,
2009-06,Immigration,Plaintiff,7,1,2,5,2,,,1,2
2009-07,Immigration,Plaintiff,2,2,1,1,1,,,,
2009-08,Immigration,Plaintiff,4,4,1,2,,1,,1,
2009-09,Immigration,Plaintiff,0,0,5,2,2,,,,
2009-10,Immigration,Plaintiff,4,3,0,1,1,,,,
2009-11,Immigration,Plaintiff,4,4,3,2,1,,,,1
2009-12,Immigration,Plaintiff,1,0,2,2,1,,,,1
2010-01,Immigration,Plaintiff,3,2,1,0,,,,,
2010-02,Immigration,Plaintiff,3,2,0,1,,,,,1
2010-03,Immigration,Plaintiff,4,3,3,2,1,,,,1
2010-04,Immigration,Plaintiff,1,3,3,3,2,,,1,
2010-05,Immigration,Plaintiff,2,2,0,2,1,,,1,
2010-06,Immigration,Plaintiff,1,1,3,3,1,,,1,1
2010-07,Immigration,Plaintiff,1,0,1,0,,,,,
2010-08,Immigration,Plaintiff,1,1,1,4,2,1,,,1
2010-09,Immigration,Plaintiff,3,1,5,5,1,,,1,3
2010-10,Immigration,Plaintiff,0,0,1,4,1,,,1,2
2010-11,Immigration,Plaintiff,1,2,0,1,,,,,1
2010-12,Immigration,Plaintiff,1,0,0,0,,,,,
2011-01,Immigration,Plaintiff,3,3,1,1,1,,,,
2011-02,Immigration,Plaintiff,2,1,0,1,,,,1,
2011-03,Immigration,Plaintiff,8,3,0,3,1,,,1,1
2011-04,Immigration,Plaintiff,0,0,1,2,,,,1,1
2011-05,Immigration,Plaintiff,5,0,2,1,1,,,,
2011-06,Immigration,Plaintiff,2,1,3,1,1,,,,
2011-07,Immigration,Plaintiff,3,2,0,2,1,,,,1
2011-08,Immigration,Plaintiff,1,0,1,0,,,,,
2011-09,Immigration,Plaintiff,2,1,0,1,1,,,,
2011-10,Immigration,Plaintiff,2,4,0,0,,,,,
2011-11,Immigration,Plaintiff,6,1,1,4,1,,1,,2
2011-12,Immigration,Plaintiff,1,0,2,0,,,,,
2012-01,Immigration,Plaintiff,2,1,0,1,1,,,,
2012-02,Immigration,Plaintiff,8,0,0,1,1,,,,
2012-03,Immigration,Plaintiff,4,2,1,2,,,,,2
2012-04,Immigration,Plaintiff,3,2,1,2,1,,,1,
2012-05,Immigration,Plaintiff,2,2,2,1,,,,,1
2012-06,Immigration,Plaintiff,1,0,2,1,,,,,1
2012-07,Immigration,Plaintiff,1,0,1,2,2,,,,
2012-08,Immigration,Plaintiff,2,3,0,1,,,,,1
2012-09,Immigration,Plaintiff,2,2,4,1,1,,,,
2012-10,Immigration,Plaintiff,4,4,1,1,,,,,1
2012-11,Immigration,Plaintiff,2,1,0,0,,,,,
2012-12,Immigration,Plaintiff,1,2,0,2,2,,,,
2013-01,Immigration,Plaintiff,2,1,0,1,1,,,,
2013-02,Immigration,Plaintiff,0,0,0,1,1,,,,
2013-03,Immigration,Plaintiff,3,2,0,2,1,,,,1
2013-04,Immigration,Plaintiff,2,0,3,2,2,,,,
2013-05,Immigration,Plaintiff,3,0,0,2,,1,,1,
2013-06,Immigration,Plaintiff,2,2,0,1,1,,,,
2013-07,Immigration,Plaintiff,5,2,0,1,1,,,,
2013-08,Immigration,Plaintiff,1,0,0,1,1,,,,
2013-09,Immigration,Plaintiff,1,1,2,1,,,,,1
2013-10,Immigration,Plaintiff,0,0,0,1,,,,,1
2013-11,Immigration,Plaintiff,3,2,2,3,3,,,,
2013-12,Immigration,Plaintiff,2,1,1,0,,,,,
2014-01,Immigration,Plaintiff,1,2,0,2,1,,,1,
2014-02,Immigration,Plaintiff,1,2,0,0,,,,,
2014-03,Immigration,Plaintiff,1,1,2,0,,,,,
2014-04,Immigration,Plaintiff,3,5,0,1,,,,,1
2014-05,Immigration,Plaintiff,1,1,0,1,1,,,,
2014-06,Immigration,Plaintiff,1,1,0,1,,,,1,
2014-07,Immigration,Plaintiff,1,0,1,1,,,,,1
2014-08,Immigration,Plaintiff,1,0,1,3,2,,,1,
2014-09,Immigration,Plaintiff,1,0,1,0,,,,,
2014-10,Immigration,Plaintiff,0,0,2,1,,,,,1
2014-11,Immigration,Plaintiff,2,0,0,0,,,,,
2014-12,Immigration,Plaintiff,3,1,1,0,,,,,
2015-01,Immigration,Plaintiff,2,0,0,0,,,,,
2015-02,Immigration,Plaintiff,1,1,0,0,,,,,
2015-03,Immigration,Plaintiff,3,0,1,1,,,,,1
2015-04,Immigration,Plaintiff,0,1,1,2,,,,,2
2015-05,Immigration,Plaintiff,0,2,1,4,3,,,1,
2015-06,Immigration,Plaintiff,3,1,1,1,,,,,1
2015-07,Immigration,Plaintiff,0,1,1,2,2,,,,
2015-08,Immigration,Plaintiff,3,3,1,2,2,,,,
2015-09,Immigration,Plaintiff,4,1,3,1,1,,,,
2015-10,Immigration,Plaintiff,2,0,3,3,2,,,1,
2015-11,Immigration,Plaintiff,3,2,4,0,,,,,
2015-12,Immigration,Plaintiff,5,4,0,4,,,,,4
2016-01,Immigration,Plaintiff,2,1,0,1,,,,,1
2016-02,Immigration,Plaintiff,1,1,0,2,2,,,,
2016-03,Immigration,Plaintiff,2,1,0,0,,,,,
2016-04,Immigration,Plaintiff,5,1,1,1,,,,1,
2016-05,Immigration,Plaintiff,0,1,0,4,,,,2,2
2016-06,Immigration,Plaintiff,3,3,0,1,,,,,1
2016-07,Immigration,Plaintiff,1,2,0,0,,,,,
2016-08,Immigration,Plaintiff,1,1,0,1,1,,,,
2016-09,Immigration,Plaintiff,3,1,3,0,,,,,
2016-10,Immigration,Plaintiff,5,2,2,1,1,,,,
2016-11,Immigration,Plaintiff,4,3,0,2,1,,,,1
2016-12,Immigration,Plaintiff,1,1,0,1,1,,,,
2017-01,Immigration,Plaintiff,2,2,3,0,,,,,
2017-02,Immigration,Plaintiff,2,1,2,4,1,,,2,1
2017-03,Immigration,Plaintiff,4,3,0,2,2,,,,
2017-04,Immigration,Plaintiff,6,6,0,3,1,,,1,1
2017-05,Immigration,Plaintiff,3,3,1,6,4,,,2,
2017-06,Immigration,Plaintiff,2,0,3,3,1,,,1,1
2017-07,Immigration,Plaintiff,3,3,0,0,,,,,
2017-08,Immigration,Plaintiff,8,5,0,3,1,,,2,
2017-09,Immigration,Plaintiff,5,8,2,3,2,,,1,
2017-10,Immigration,Plaintiff,9,4,0,5,2,,,,3
2017-11,Immigration,Plaintiff,8,5,2,5,,,,3,2
2017-12,Immigration,Plaintiff,9,8,0,3,,,,3,
2018-01,Immigration,Plaintiff,2,1,2,3,1,,,,2
2018-02,Immigration,Plaintiff,4,6,0,4,,,1,3,
2018-03,Immigration,Plaintiff,7,2,0,3,1,,,1,1
2018-04,Immigration,Plaintiff,4,1,1,5,4,,,1,
2018-05,Immigration,Plaintiff,6,5,1,4,,,,2,2
2018-06,Immigration,Plaintiff,4,4,0,4,4,,,,
2018-07,Immigration,Plaintiff,7,2,1,1,1,,,,
2018-08,Immigration,Plaintiff,12,2,0,1,,,,,1
2018-09,Immigration,Plaintiff,6,2,2,2,2,,,,
2018-10,Immigration,Plaintiff,2,3,4,2,,,,1,1
2018-11,Immigration,Plaintiff,7,4,1,3,1,,,,2
2018-12,Immigration,Plaintiff,4,4,1,1,,,,1,
2019-01,Immigration,Plaintiff,6,2,2,3,3,,,,
2019-02,Immigration,Plaintiff,6,2,1,4,1,,,3,
2019-03,Immigration,Plaintiff,5,7,2,4,,,,2,2
2019-04,Immigration,Plaintiff,6,3,1,3,,,1,2,
2019-05,Immigration,Plaintiff,3,0,1,7,2,,1,3,1
2019-06,Immigration,Plaintiff,3,1,2,2,1,,,1,
2019-07,Immigration,Plaintiff,0,2,1,5,3,,,2,
2019-08,Immigration,Plaintiff,3,4,4,3,1,,,1,1
2019-09,Immigration,Plaintiff,6,4,0,1,,,,1,
2019-10,Immigration,Plaintiff,5,4,1,3,1,,,2,
2019-11,Immigration,Plaintiff,3,4,0,2,1,,1,,
2019-12,Immigration,Plaintiff,11,17,1,4,,,,1,3
2020-01,Immigration,Plaintiff,15,2,1,3,2,,,1,
2020-02,Immigration,Plaintiff,14,6,2,14,4,,,1,9
2020-03,Immigration,Plaintiff,4,3,1,3,1,,,1,1
2020-04,Immigration,Plaintiff,0,1,1,2,1,,,1,
2020-05,Immigration,Plaintiff,14,1,0,4,1,,,1,2
2020-06,Immigration,Plaintiff,12,5,3,2,1,,,1,
2020-07,Immigration,Plaintiff,5,3,0,3,,,,3,
2020-08,Immigration,Plaintiff,16,3,0,5,2,,,2,1
2020-09,Immigration,Plaintiff,5,6,2,4,3,,,1,
2020-10,Immigration,Plaintiff,1,1,1,5,1,,,2,2
2020-11,Immigration,Plaintiff,2,1,1,0,,,,,
2020-12,Immigration,Plaintiff,16,3,3,3,3,,,,
2021-01,Immigration,Plaintiff,5,1,2,3,,,,2,1
2021-02,Immigration,Plaintiff,2,3,0,2,,,,2,
2021-03,Immigration,Plaintiff,3,2,4,4,2,,1,,1
2021-04,Immigration,Plaintiff,4,0,0,2,1,,,1,
2021-05,Immigration,Plaintiff,1,2,0,1,1,,,,
2021-06,Immigration,Plaintiff,4,3,0,1,1,,,,
2021-07,Immigration,Plaintiff,0,2,0,4,2,,1,1,
2021-08,Immigration,Plaintiff,3,2,1,3,1,,,2,
2021-09,Immigration,Plaintiff,6,5,0,4,2,,,2,
2021-10,Immigration,Plaintiff,2,2,1,3,1,,,2,
2021-11,Immigration,Plaintiff,3,1,1,3,,,,3,
2021-12,Immigration,Plaintiff,1,0,3,4,,,,4,
2022-01,Immigration,Plaintiff,1,2,1,3,,,,2,1
2022-02,Immigration,Plaintiff,4,2,3,1,,,,1,
2022-03,Immigration,Plaintiff,6,8,2,0,,,,,
2022-04,Immigration,Plaintiff,4,2,1,4,1,,,1,2
2022-05,Immigration,Plaintiff,4,2,1,2,,,,2,
2022-06,Immigration,Plaintiff,1,1,0,3,,,,2,1
2022-07,Immigration,Plaintiff,3,2,2,1,,,,1,
2022-08,Immigration,Plaintiff,3,3,1,2,,,,2,
2022-09,Immigration,Plaintiff,5,4,3,7,2,,,4,1
2022-10,Immigration,Plaintiff,2,3,1,0,,,,,
2022-11,Immigration,Plaintiff,5,5,0,1,,,,,1
2022-12,Immigration,Plaintiff,8,5,0,1,1,,,,
2023-01,Immigration,Plaintiff,2,0,0,3,,,,3,
2023-02,Immigration,Plaintiff,1,0,1,2,,,,2,
2023-03,Immigration,Plaintiff,0,1,2,2,1,1,,,
2023-04,Immigration,Plaintiff,2,2,0,2,1,,,1,
2023-05,Immigration,Plaintiff,1,1,0,1,,,,1,
2023-06,Immigration,Plaintiff,5,4,2,2,2,,,,
2023-07,Immigration,Plaintiff,2,1,1,0,,,,,
2023-08,Immigration,Plaintiff,6,6,0,3,,1,,2,
2023-09,Immigration,Plaintiff,2,2,2,2,,2,,,
2023-10,Immigration,Plaintiff,3,3,0,3,,,,1,2
2023-11,Immigration,Plaintiff,2,2,0,3,,,,3,
2023-12,Immigration,Plaintiff,1,1,1,4,1,,,2,1
2024-01,Immigration,Plaintiff,0,0,0,2,1,,,1,
2024-02,Immigration,Plaintiff,0,1,0,1,1,,,,
2024-03,Immigration,Plaintiff,2,2,0,3,,,,3,
2024-04,Immigration,Plaintiff,2,4,0,2,,,,2,
2024-05,Immigration,Plaintiff,2,1,0,2,,,,,2
2024-06,Immigration,Plaintiff,3,2,57,5,,,1,4,
2024-07,Immigration,Plaintiff,2,2,0,1,,,,,1
2024-08,Immigration,Plaintiff,3,2,1,1,1,,,,
2024-09,Immigration,Plaintiff,3,3,1,1,,,,1,
2024-10,Immigration,Plaintiff,5,4,0,2,1,,,1,
2024-11,Immigration,Plaintiff,8,6,0,2,1,,,1,
2024-12,Immigration,Plaintiff,3,4,1,6,1,,,3,2
2025-01,Immigration,Plaintiff,2,1,1,3,2,,,1,
2025-02,Immigration,Plaintiff,3,3,0,1,,,,1,
2025-03,Immigration,Plaintiff,2,2,0,1,,,,1,
2025-04,Immigration,Plaintiff,15,10,3,2,1,,,,1
2025-05,Immigration,Plaintiff,7,5,1,1,,,,,1
2025-06,Immigration,Plaintiff,11,8,2,5,1,,,2,2
2025-07,Immigration,Plaintiff,9,7,1,2,2,,,,
2025-08,Immigration,Plaintiff,5,2,2,4,1,,,2,1
2025-09,Immigration,Plaintiff,30,22,2,5,2,,1,1,1
2025-10,Immigration,Plaintiff,28,26,1,8,2,,,6,
2025-11,Immigration,Plaintiff,40,28,1,8,3,,1,4,
2025-12,Immigration,Plaintiff,44,43,1,16,5,,2,3,6
2026-01,Immigration,Plaintiff,76,72,4,20,2,,11,,7
2026-02,Immigration,Plaintiff,11,9,1,20,11,,4,5,
2026-03,Immigration,Plaintiff,25,15,10,9,7,,,2,
2026-04,Immigration,Plaintiff,37,14,4,9,5,,2,2,
2026-05,Immigration,Plaintiff,45,14,4,3,,,1,2,
1994-10,Prisoner Litigation,Plaintiff,73,77,2,70,5,,,,65
1994-11,Prisoner Litigation,Plaintiff,101,93,1,68,6,,,,62
1994-12,Prisoner Litigation,Plaintiff,78,90,1,82,4,,,,78
1995-01,Prisoner Litigation,Plaintiff,106,101,1,85,7,,1,,77
1995-02,Prisoner Litigation,Plaintiff,87,86,2,72,10,,,,62
1995-03,Prisoner Litigation,Plaintiff,102,109,3,93,12,,,,81
1995-04,Prisoner Litigation,Plaintiff,78,75,3,80,11,,,,69
1995-05,Prisoner Litigation,Plaintiff,81,78,2,91,10,,1,1,79
1995-06,Prisoner Litigation,Plaintiff,92,90,1,79,7,,1,,71
1995-07,Prisoner Litigation,Plaintiff,96,94,0,81,5,,,,76
1995-08,Prisoner Litigation,Plaintiff,88,75,1,84,5,,,,79
1995-09,Prisoner Litigation,Plaintiff,80,78,1,61,8,,1,,52
1995-10,Prisoner Litigation,Plaintiff,80,76,0,80,9,,,,71
1995-11,Prisoner Litigation,Plaintiff,65,57,1,85,4,,1,,80
1995-12,Prisoner Litigation,Plaintiff,86,90,2,68,5,,,,63
1996-01,Prisoner Litigation,Plaintiff,142,133,0,76,10,,1,,65
1996-02,Prisoner Litigation,Plaintiff,116,109,3,70,6,,3,,61
1996-03,Prisoner Litigation,Plaintiff,93,91,2,100,12,,3,,85
1996-04,Prisoner Litigation,Plaintiff,105,102,3,107,13,,,,94
1996-05,Prisoner Litigation,Plaintiff,93,86,1,85,7,,2,,76
1996-06,Prisoner Litigation,Plaintiff,66,71,4,117,8,,3,,106
1996-07,Prisoner Litigation,Plaintiff,60,53,3,110,7,,5,,98
1996-08,Prisoner Litigation,Plaintiff,58,65,0,78,3,,,,75
1996-09,Prisoner Litigation,Plaintiff,69,67,2,65,5,,1,,59
1996-10,Prisoner Litigation,Plaintiff,56,56,2,73,5,,3,,65
1996-11,Prisoner Litigation,Plaintiff,65,59,0,69,9,,,,60
1996-12,Prisoner Litigation,Plaintiff,60,54,1,72,4,,2,,66
1997-01,Prisoner Litigation,Plaintiff,58,46,3,62,6,,,,56
1997-02,Prisoner Litigation,Plaintiff,55,51,2,71,5,,,,66
1997-03,Prisoner Litigation,Plaintiff,68,65,0,55,4,,,,51
1997-04,Prisoner Litigation,Plaintiff,217,221,1,60,9,,1,,50
1997-05,Prisoner Litigation,Plaintiff,128,103,1,71,8,,2,,61
1997-06,Prisoner Litigation,Plaintiff,56,56,0,83,11,,,,72
1997-07,Prisoner Litigation,Plaintiff,66,62,1,66,9,,3,1,53
1997-08,Prisoner Litigation,Plaintiff,62,64,1,60,6,,1,,53
1997-09,Prisoner Litigation,Plaintiff,43,45,2,59,6,,,,53
1997-10,Prisoner Litigation,Plaintiff,42,43,0,61,9,,,,52
1997-11,Prisoner Litigation,Plaintiff,40,40,1,75,8,,1,,66
1997-12,Prisoner Litigation,Plaintiff,41,35,1,49,7,,,,42
1998-01,Prisoner Litigation,Plaintiff,31,34,2,50,8,,1,,41
1998-02,Prisoner Litigation,Plaintiff,39,31,3,56,9,,,,47
1998-03,Prisoner Litigation,Plaintiff,51,57,1,53,2,,,,51
1998-04,Prisoner Litigation,Plaintiff,42,44,1,50,5,,1,,44
1998-05,Prisoner Litigation,Plaintiff,48,40,4,42,9,,,,33
1998-06,Prisoner Litigation,Plaintiff,40,46,2,44,9,,,,35
1998-07,Prisoner Litigation,Plaintiff,49,44,3,48,4,,1,,43
1998-08,Prisoner Litigation,Plaintiff,57,46,1,72,9,,3,,60
1998-09,Prisoner Litigation,Plaintiff,37,34,3,48,8,,1,,39
1998-10,Prisoner Litigation,Plaintiff,31,32,0,44,4,,2,,38
1998-11,Prisoner Litigation,Plaintiff,28,30,1,58,10,,1,,47
1998-12,Prisoner Litigation,Plaintiff,33,33,2,39,7,,2,,30
1999-01,Prisoner Litigation,Plaintiff,34,28,0,30,5,,,,25
1999-02,Prisoner Litigation,Plaintiff,25,28,1,37,1,,,,36
1999-03,Prisoner Litigation,Plaintiff,37,28,1,44,8,,,,36
1999-04,Prisoner Litigation,Plaintiff,48,42,0,42,5,,1,,36
1999-05,Prisoner Litigation,Plaintiff,42,42,1,33,12,,,,21
1999-06,Prisoner Litigation,Plaintiff,39,39,3,60,13,,1,,46
1999-07,Prisoner Litigation,Plaintiff,33,33,2,36,14,,,,22
1999-08,Prisoner Litigation,Plaintiff,34,30,0,40,10,,2,1,27
1999-09,Prisoner Litigation,Plaintiff,35,25,4,47,21,,,1,25
1999-10,Prisoner Litigation,Plaintiff,43,52,0,37,15,,2,,20
1999-11,Prisoner Litigation,Plaintiff,44,39,2,39,15,,1,2,21
1999-12,Prisoner Litigation,Plaintiff,38,31,1,48,26,,2,1,19
2000-01,Prisoner Litigation,Plaintiff,39,39,1,46,21,,3,1,21
2000-02,Prisoner Litigation,Plaintiff,41,37,1,41,20,,,1,20
2000-03,Prisoner Litigation,Plaintiff,40,38,4,39,18,,,1,20
2000-04,Prisoner Litigation,Plaintiff,41,39,0,38,23,,1,1,13
2000-05,Prisoner Litigation,Plaintiff,45,39,0,50,25,,2,,23
2000-06,Prisoner Litigation,Plaintiff,31,40,1,38,21,,1,,16
2000-07,Prisoner Litigation,Plaintiff,40,38,1,42,20,,2,2,18
2000-08,Prisoner Litigation,Plaintiff,38,36,3,34,13,,1,1,19
2000-09,Prisoner Litigation,Plaintiff,36,37,0,55,25,,1,,29
2000-10,Prisoner Litigation,Plaintiff,44,45,1,37,19,,2,,16
2000-11,Prisoner Litigation,Plaintiff,38,39,2,30,14,,1,,15
2000-12,Prisoner Litigation,Plaintiff,44,43,1,36,17,,2,,17
2001-01,Prisoner Litigation,Plaintiff,38,43,0,37,19,,1,3,14
2001-02,Prisoner Litigation,Plaintiff,51,44,0,24,12,,,1,11
2001-03,Prisoner Litigation,Plaintiff,55,52,2,30,16,,,2,12
2001-04,Prisoner Litigation,Plaintiff,42,39,1,27,16,,,1,10
2001-05,Prisoner Litigation,Plaintiff,50,50,0,34,20,,1,6,7
2001-06,Prisoner Litigation,Plaintiff,65,70,12,47,22,,,,25
2001-07,Prisoner Litigation,Plaintiff,55,51,6,56,32,,1,2,21
2001-08,Prisoner Litigation,Plaintiff,40,41,3,57,22,,,3,32
2001-09,Prisoner Litigation,Plaintiff,38,42,6,49,17,,1,1,30
2001-10,Prisoner Litigation,Plaintiff,45,38,1,52,18,,,2,32
2001-11,Prisoner Litigation,Plaintiff,39,45,0,48,22,,,,26
2001-12,Prisoner Litigation,Plaintiff,50,48,0,29,13,,,5,11
2002-01,Prisoner Litigation,Plaintiff,45,45,1,39,20,,,,19
2002-02,Prisoner Litigation,Plaintiff,31,35,3,38,23,,,1,14
2002-03,Prisoner Litigation,Plaintiff,34,37,0,42,12,,,2,28
2002-04,Prisoner Litigation,Plaintiff,42,35,6,47,30,,,1,16
2002-05,Prisoner Litigation,Plaintiff,41,39,0,51,28,,1,1,21
2002-06,Prisoner Litigation,Plaintiff,40,43,0,48,24,,,2,22
2002-07,Prisoner Litigation,Plaintiff,47,44,2,26,15,,,,11
2002-08,Prisoner Litigation,Plaintiff,37,33,1,48,20,,3,4,21
2002-09,Prisoner Litigation,Plaintiff,46,45,0,39,15,1,1,4,18
2002-10,Prisoner Litigation,Plaintiff,39,40,1,60,28,,1,4,27
2002-11,Prisoner Litigation,Plaintiff,42,39,2,41,20,,,2,19
2002-12,Prisoner Litigation,Plaintiff,38,43,1,38,18,,1,1,18
2003-01,Prisoner Litigation,Plaintiff,42,37,3,45,19,,2,1,23
2003-02,Prisoner Litigation,Plaintiff,34,33,1,53,21,,4,2,26
2003-03,Prisoner Litigation,Plaintiff,37,37,1,35,21,,1,2,11
2003-04,Prisoner Litigation,Plaintiff,31,30,0,61,35,,1,1,24
2003-05,Prisoner Litigation,Plaintiff,42,42,2,32,17,,,2,13
2003-06,Prisoner Litigation,Plaintiff,35,39,1,34,13,,3,2,16
2003-07,Prisoner Litigation,Plaintiff,28,21,0,32,14,,,,18
2003-08,Prisoner Litigation,Plaintiff,33,37,1,33,19,,,1,13
2003-09,Prisoner Litigation,Plaintiff,31,26,1,27,13,,1,1,12
2003-10,Prisoner Litigation,Plaintiff,37,41,0,35,18,,1,3,13
2003-11,Prisoner Litigation,Plaintiff,36,33,2,26,13,,,,13
2003-12,Prisoner Litigation,Plaintiff,31,32,2,31,16,,,1,14
2004-01,Prisoner Litigation,Plaintiff,52,47,2,30,19,,1,1,9
2004-02,Prisoner Litigation,Plaintiff,33,33,1,20,7,,,1,12
2004-03,Prisoner Litigation,Plaintiff,47,50,1,46,26,,,1,19
2004-04,Prisoner Litigation,Plaintiff,44,41,1,35,20,,,,15
2004-05,Prisoner Litigation,Plaintiff,48,49,1,29,16,,,,13
2004-06,Prisoner Litigation,Plaintiff,36,35,5,31,15,,,1,15
2004-07,Prisoner Litigation,Plaintiff,67,65,1,45,33,,,2,10
2004-08,Prisoner Litigation,Plaintiff,89,85,5,53,30,,3,1,19
2004-09,Prisoner Litigation,Plaintiff,67,74,2,59,32,,3,6,18
2004-10,Prisoner Litigation,Plaintiff,65,68,0,44,25,,,2,17
2004-11,Prisoner Litigation,Plaintiff,64,54,0,39,25,,,2,12
2004-12,Prisoner Litigation,Plaintiff,55,45,0,52,36,,,1,15
2005-01,Prisoner Litigation,Plaintiff,57,56,3,38,29,,,1,8
2005-02,Prisoner Litigation,Plaintiff,91,92,2,45,32,,1,,12
2005-03,Prisoner Litigation,Plaintiff,84,85,0,78,49,,1,1,27
2005-04,Prisoner Litigation,Plaintiff,75,71,0,47,29,,1,,17
2005-05,Prisoner Litigation,Plaintiff,70,63,2,53,29,,1,3,20
2005-06,Prisoner Litigation,Plaintiff,61,67,2,56,27,,4,4,21
2005-07,Prisoner Litigation,Plaintiff,38,42,1,69,35,,3,3,28
2005-08,Prisoner Litigation,Plaintiff,47,47,2,40,27,,,1,12
2005-09,Prisoner Litigation,Plaintiff,46,44,0,55,35,,1,3,16
2005-10,Prisoner Litigation,Plaintiff,31,41,1,36,21,,2,,13
2005-11,Prisoner Litigation,Plaintiff,55,49,1,46,30,,,1,15
2005-12,Prisoner Litigation,Plaintiff,29,30,0,46,25,,,1,20
2006-01,Prisoner Litigation,Plaintiff,57,57,0,46,25,,,3,18
2006-02,Prisoner Litigation,Plaintiff,33,35,0,40,27,,,1,12
2006-03,Prisoner Litigation,Plaintiff,52,42,0,61,34,,1,1,25
2006-04,Prisoner Litigation,Plaintiff,34,35,2,43,21,,2,,20
2006-05,Prisoner Litigation,Plaintiff,44,46,2,56,28,,2,,26
2006-06,Prisoner Litigation,Plaintiff,40,33,0,51,28,,1,2,20
2006-07,Prisoner Litigation,Plaintiff,31,36,2,51,32,,1,1,17
2006-08,Prisoner Litigation,Plaintiff,47,48,1,44,22,,1,,21
2006-09,Prisoner Litigation,Plaintiff,45,33,0,55,30,,3,3,19
2006-10,Prisoner Litigation,Plaintiff,44,41,0,44,22,,3,,19
2006-11,Prisoner Litigation,Plaintiff,50,47,0,40,29,,1,3,7
2006-12,Prisoner Litigation,Plaintiff,37,34,0,42,22,,2,,18
2007-01,Prisoner Litigation,Plaintiff,53,52,0,38,28,,,1,9
2007-02,Prisoner Litigation,Plaintiff,42,45,0,29,18,,,1,10
2007-03,Prisoner Litigation,Plaintiff,48,47,1,43,25,,1,1,16
2007-04,Prisoner Litigation,Plaintiff,48,44,0,44,26,,,3,15
2007-05,Prisoner Litigation,Plaintiff,37,37,1,36,20,,,,16
2007-06,Prisoner Litigation,Plaintiff,53,43,3,37,18,,1,1,17
2007-07,Prisoner Litigation,Plaintiff,50,57,1,45,17,,,,28
2007-08,Prisoner Litigation,Plaintiff,49,48,1,141,24,,,4,113
2007-09,Prisoner Litigation,Plaintiff,47,54,3,54,33,,2,3,16
2007-10,Prisoner Litigation,Plaintiff,68,65,2,50,30,,2,1,17
2007-11,Prisoner Litigation,Plaintiff,49,47,0,47,31,,,,16
2007-12,Prisoner Litigation,Plaintiff,60,64,0,37,19,,,,18
2008-01,Prisoner Litigation,Plaintiff,110,115,1,50,30,,3,,17
2008-02,Prisoner Litigation,Plaintiff,268,267,2,56,28,,5,,23
2008-03,Prisoner Litigation,Plaintiff,640,645,1,226,56,,138,,32
2008-04,Prisoner Litigation,Plaintiff,261,236,1,205,64,,113,2,26
2008-05,Prisoner Litigation,Plaintiff,159,145,3,188,78,,84,,26
2008-06,Prisoner Litigation,Plaintiff,112,113,3,156,77,,55,,24
2008-07,Prisoner Litigation,Plaintiff,137,128,2,160,64,,55,5,36
2008-08,Prisoner Litigation,Plaintiff,85,90,0,115,59,1,33,,22
2008-09,Prisoner Litigation,Plaintiff,91,86,2,127,53,,36,1,37
2008-10,Prisoner Litigation,Plaintiff,84,79,4,105,51,,28,1,25
2008-11,Prisoner Litigation,Plaintiff,76,72,2,78,36,,22,4,16
2008-12,Prisoner Litigation,Plaintiff,55,60,1,72,33,,23,1,15
2009-01,Prisoner Litigation,Plaintiff,65,64,5,74,35,,12,1,26
2009-02,Prisoner Litigation,Plaintiff,43,45,2,58,23,,10,1,24
2009-03,Prisoner Litigation,Plaintiff,81,73,4,65,30,1,11,3,20
2009-04,Prisoner Litigation,Plaintiff,75,69,1,75,31,,22,2,20
2009-05,Prisoner Litigation,Plaintiff,48,45,2,64,25,,5,2,32
2009-06,Prisoner Litigation,Plaintiff,59,52,1,77,45,,13,5,14
2009-07,Prisoner Litigation,Plaintiff,42,48,1,56,21,,7,6,22
2009-08,Prisoner Litigation,Plaintiff,48,52,2,73,32,,7,4,30
2009-09,Prisoner Litigation,Plaintiff,52,47,8,74,36,,13,4,21
2009-10,Prisoner Litigation,Plaintiff,42,44,0,73,31,,10,9,23
2009-11,Prisoner Litigation,Plaintiff,47,46,2,38,15,,6,3,14
2009-12,Prisoner Litigation,Plaintiff,63,60,1,47,30,,,5,12
2010-01,Prisoner Litigation,Plaintiff,50,47,2,46,16,,3,3,24
2010-02,Prisoner Litigation,Plaintiff,58,58,0,50,20,,2,3,25
2010-03,Prisoner Litigation,Plaintiff,43,39,1,92,40,,2,3,47
2010-04,Prisoner Litigation,Plaintiff,55,55,1,45,23,,2,2,18
2010-05,Prisoner Litigation,Plaintiff,46,47,0,53,28,,2,3,20
2010-06,Prisoner Litigation,Plaintiff,52,56,1,48,26,,2,3,17
2010-07,Prisoner Litigation,Plaintiff,62,61,0,64,27,1,2,1,33
2010-08,Prisoner Litigation,Plaintiff,43,43,0,59,24,,4,5,26
2010-09,Prisoner Litigation,Plaintiff,44,41,2,48,23,,,4,21
2010-10,Prisoner Litigation,Plaintiff,54,61,0,51,25,,4,,22
2010-11,Prisoner Litigation,Plaintiff,60,56,0,51,31,,2,,18
2010-12,Prisoner Litigation,Plaintiff,44,42,2,52,26,,3,3,20
2011-01,Prisoner Litigation,Plaintiff,59,53,1,51,26,,2,3,20
2011-02,Prisoner Litigation,Plaintiff,56,47,7,40,17,,2,6,15
2011-03,Prisoner Litigation,Plaintiff,45,40,0,52,24,2,1,2,23
2011-04,Prisoner Litigation,Plaintiff,40,48,1,82,24,3,,3,52
2011-05,Prisoner Litigation,Plaintiff,50,43,3,53,23,3,2,7,18
2011-06,Prisoner Litigation,Plaintiff,34,38,2,40,13,,,5,22
2011-07,Prisoner Litigation,Plaintiff,55,51,1,49,20,,1,7,21
2011-08,Prisoner Litigation,Plaintiff,81,84,1,77,36,,1,8,32
2011-09,Prisoner Litigation,Plaintiff,70,66,5,91,33,,4,4,50
2011-10,Prisoner Litigation,Plaintiff,163,161,1,67,25,,21,7,14
2011-11,Prisoner Litigation,Plaintiff,165,142,3,118,34,,63,3,18
2011-12,Prisoner Litigation,Plaintiff,110,96,6,89,36,,30,3,20
2012-01,Prisoner Litigation,Plaintiff,109,83,11,88,36,,24,1,27
2012-02,Prisoner Litigation,Plaintiff,73,69,11,59,33,,11,3,12
2012-03,Prisoner Litigation,Plaintiff,83,73,11,88,37,,21,6,24
2012-04,Prisoner Litigation,Plaintiff,71,67,9,66,36,,8,3,19
2012-05,Prisoner Litigation,Plaintiff,65,70,2,79,30,,3,9,37
2012-06,Prisoner Litigation,Plaintiff,81,88,2,82,29,,21,11,21
2012-07,Prisoner Litigation,Plaintiff,74,73,12,70,24,,18,5,23
2012-08,Prisoner Litigation,Plaintiff,89,89,5,63,23,,10,3,27
2012-09,Prisoner Litigation,Plaintiff,65,56,4,69,31,,5,4,29
2012-10,Prisoner Litigation,Plaintiff,70,68,2,72,36,,6,5,25
2012-11,Prisoner Litigation,Plaintiff,67,70,6,51,28,,8,1,14
2012-12,Prisoner Litigation,Plaintiff,51,50,2,55,28,,3,7,17
2013-01,Prisoner Litigation,Plaintiff,58,55,1,71,30,,6,3,32
2013-02,Prisoner Litigation,Plaintiff,55,54,3,48,18,,5,4,21
2013-03,Prisoner Litigation,Plaintiff,58,51,3,58,27,,5,,26
2013-04,Prisoner Litigation,Plaintiff,56,54,2,73,34,,6,4,29
2013-05,Prisoner Litigation,Plaintiff,67,73,0,63,28,,3,2,30
2013-06,Prisoner Litigation,Plaintiff,99,101,0,65,32,,3,3,27
2013-07,Prisoner Litigation,Plaintiff,70,68,1,68,29,,2,1,36
2013-08,Prisoner Litigation,Plaintiff,79,76,0,56,30,,3,5,18
2013-09,Prisoner Litigation,Plaintiff,62,67,2,61,25,,1,1,34
2013-10,Prisoner Litigation,Plaintiff,68,60,2,52,25,,3,2,22
2013-11,Prisoner Litigation,Plaintiff,53,49,2,63,30,,1,2,30
2013-12,Prisoner Litigation,Plaintiff,51,50,3,60,26,,5,1,28
2014-01,Prisoner Litigation,Plaintiff,51,42,1,46,17,,,5,24
2014-02,Prisoner Litigation,Plaintiff,39,42,2,61,27,,3,4,27
2014-03,Prisoner Litigation,Plaintiff,53,56,0,62,32,,4,4,22
2014-04,Prisoner Litigation,Plaintiff,53,52,1,96,63,,2,4,27
2014-05,Prisoner Litigation,Plaintiff,46,48,1,60,29,,3,,28
2014-06,Prisoner Litigation,Plaintiff,92,97,0,62,37,,2,5,18
2014-07,Prisoner Litigation,Plaintiff,71,64,1,75,36,,2,1,36
2014-08,Prisoner Litigation,Plaintiff,55,53,0,47,22,,1,1,23
2014-09,Prisoner Litigation,Plaintiff,74,73,1,66,31,,3,4,28
2014-10,Prisoner Litigation,Plaintiff,120,124,0,75,39,,3,1,32
2014-11,Prisoner Litigation,Plaintiff,445,491,0,89,57,,11,5,16
2014-12,Prisoner Litigation,Plaintiff,573,573,2,120,53,,29,2,36
2015-01,Prisoner Litigation,Plaintiff,683,670,6,309,87,,172,5,45
2015-02,Prisoner Litigation,Plaintiff,523,503,3,286,74,,149,4,59
2015-03,Prisoner Litigation,Plaintiff,400,392,5,353,87,,185,4,77
2015-04,Prisoner Litigation,Plaintiff,604,603,16,408,99,,224,2,83
2015-05,Prisoner Litigation,Plaintiff,370,355,12,250,110,,98,4,38
2015-06,Prisoner Litigation,Plaintiff,299,280,32,337,142,,131,6,58
2015-07,Prisoner Litigation,Plaintiff,293,253,17,319,125,,137,6,51
2015-08,Prisoner Litigation,Plaintiff,233,211,4,340,84,,181,7,68
2015-09,Prisoner Litigation,Plaintiff,579,571,5,652,447,,150,,55
2015-10,Prisoner Litigation,Plaintiff,199,176,12,393,145,,205,5,38
2015-11,Prisoner Litigation,Plaintiff,187,144,0,218,88,,92,2,36
2015-12,Prisoner Litigation,Plaintiff,164,143,1,163,67,,60,3,33
2016-01,Prisoner Litigation,Plaintiff,142,122,0,221,113,,71,4,33
2016-02,Prisoner Litigation,Plaintiff,149,140,7,154,56,,57,5,36
2016-03,Prisoner Litigation,Plaintiff,115,111,0,125,48,,28,,49
2016-04,Prisoner Litigation,Plaintiff,84,85,0,106,62,,27,2,15
2016-05,Prisoner Litigation,Plaintiff,171,203,0,122,57,,30,2,33
2016-06,Prisoner Litigation,Plaintiff,646,800,1,155,71,1,37,9,37
2016-07,Prisoner Litigation,Plaintiff,273,122,2,189,89,,61,1,38
2016-08,Prisoner Litigation,Plaintiff,126,107,1,114,55,,20,4,35
2016-09,Prisoner Litigation,Plaintiff,94,82,17,124,41,,21,5,57
2016-10,Prisoner Litigation,Plaintiff,99,76,1,207,154,,23,4,26
2016-11,Prisoner Litigation,Plaintiff,70,68,3,124,43,,18,7,56
2016-12,Prisoner Litigation,Plaintiff,70,56,1,99,37,,23,6,33
2017-01,Prisoner Litigation,Plaintiff,59,45,3,97,49,,17,3,28
2017-02,Prisoner Litigation,Plaintiff,42,51,0,78,40,,11,3,24
2017-03,Prisoner Litigation,Plaintiff,54,50,6,174,76,,8,31,59
2017-04,Prisoner Litigation,Plaintiff,51,49,4,119,53,,4,29,33
2017-05,Prisoner Litigation,Plaintiff,44,46,2,118,51,,17,17,33
2017-06,Prisoner Litigation,Plaintiff,74,69,5,99,44,,8,10,37
2017-07,Prisoner Litigation,Plaintiff,46,46,1,92,36,,10,13,33
2017-08,Prisoner Litigation,Plaintiff,47,43,3,104,46,,8,13,37
2017-09,Prisoner Litigation,Plaintiff,40,38,0,59,31,,3,7,18
2017-10,Prisoner Litigation,Plaintiff,52,47,9,67,34,,1,1,31
2017-11,Prisoner Litigation,Plaintiff,43,44,7,76,35,,1,2,38
2017-12,Prisoner Litigation,Plaintiff,34,39,8,43,21,,1,2,19
2018-01,Prisoner Litigation,Plaintiff,45,53,1,62,35,,3,1,23
2018-02,Prisoner Litigation,Plaintiff,48,38,2,94,40,,24,1,29
2018-03,Prisoner Litigation,Plaintiff,43,45,6,113,40,,8,,65
2018-04,Prisoner Litigation,Plaintiff,49,42,24,78,42,,4,,32
2018-05,Prisoner Litigation,Plaintiff,43,38,29,143,46,,61,3,33
2018-06,Prisoner Litigation,Plaintiff,44,44,1,172,40,,91,1,40
2018-07,Prisoner Litigation,Plaintiff,38,39,0,45,20,,,1,24
2018-08,Prisoner Litigation,Plaintiff,52,48,0,64,34,,3,1,26
2018-09,Prisoner Litigation,Plaintiff,35,30,3,68,26,,11,3,28
2018-10,Prisoner Litigation,Plaintiff,49,52,0,54,27,,7,,20
2018-11,Prisoner Litigation,Plaintiff,37,28,1,50,27,,4,3,16
2018-12,Prisoner Litigation,Plaintiff,21,23,0,48,21,,1,,26
2019-01,Prisoner Litigation,Plaintiff,86,87,0,54,21,,6,,27
2019-02,Prisoner Litigation,Plaintiff,69,68,2,59,21,,5,1,32
2019-03,Prisoner Litigation,Plaintiff,82,81,3,75,27,,10,1,37
2019-04,Prisoner Litigation,Plaintiff,66,61,7,84,35,,10,,39
2019-05,Prisoner Litigation,Plaintiff,73,73,2,67,39,,7,,21
2019-06,Prisoner Litigation,Plaintiff,69,58,0,44,20,,5,,19
2019-07,Prisoner Litigation,Plaintiff,81,78,1,62,27,,6,,29
2019-08,Prisoner Litigation,Plaintiff,66,67,1,63,32,,7,,24
2019-09,Prisoner Litigation,Plaintiff,58,64,3,73,40,,12,1,20
2019-10,Prisoner Litigation,Plaintiff,57,58,0,71,23,,17,1,30
2019-11,Prisoner Litigation,Plaintiff,48,49,1,58,30,,4,3,21
2019-12,Prisoner Litigation,Plaintiff,65,63,2,55,15,,10,1,29
2020-01,Prisoner Litigation,Plaintiff,66,72,2,142,36,,62,2,42
2020-02,Prisoner Litigation,Plaintiff,70,69,0,173,50,,99,,24
2020-03,Prisoner Litigation,Plaintiff,57,47,0,77,35,,8,1,33
2020-04,Prisoner Litigation,Plaintiff,172,161,1,112,64,,20,,28
2020-05,Prisoner Litigation,Plaintiff,222,249,1,146,88,,33,,25
2020-06,Prisoner Litigation,Plaintiff,293,309,1,171,118,,25,,28
2020-07,Prisoner Litigation,Plaintiff,227,223,1,205,131,,32,2,40
2020-08,Prisoner Litigation,Plaintiff,170,172,0,163,99,,35,2,27
2020-09,Prisoner Litigation,Plaintiff,138,137,5,156,100,,25,,31
2020-10,Prisoner Litigation,Plaintiff,166,155,1,171,85,,42,1,43
2020-11,Prisoner Litigation,Plaintiff,131,135,0,144,69,,47,,28
2020-12,Prisoner Litigation,Plaintiff,179,183,0,138,72,,24,,42
2021-01,Prisoner Litigation,Plaintiff,131,128,2,136,76,,37,,23
2021-02,Prisoner Litigation,Plaintiff,142,137,0,112,63,,23,1,25
2021-03,Prisoner Litigation,Plaintiff,126,126,4,148,73,,23,1,51
2021-04,Prisoner Litigation,Plaintiff,70,76,2,107,53,,17,3,34
2021-05,Prisoner Litigation,Plaintiff,96,95,0,98,50,,17,2,29
2021-06,Prisoner Litigation,Plaintiff,78,84,0,120,64,,17,2,37
2021-07,Prisoner Litigation,Plaintiff,86,78,0,101,54,,19,1,27
2021-08,Prisoner Litigation,Plaintiff,80,85,0,110,61,,20,,29
2021-09,Prisoner Litigation,Plaintiff,105,89,0,84,37,,13,1,33
2021-10,Prisoner Litigation,Plaintiff,70,72,0,97,60,,9,2,26
2021-11,Prisoner Litigation,Plaintiff,77,76,0,87,50,,8,,29
2021-12,Prisoner Litigation,Plaintiff,49,50,1,84,43,,9,4,28
2022-01,Prisoner Litigation,Plaintiff,65,68,0,70,37,,8,2,23
2022-02,Prisoner Litigation,Plaintiff,62,56,2,63,34,,2,,27
2022-03,Prisoner Litigation,Plaintiff,95,81,2,108,46,,10,2,50
2022-04,Prisoner Litigation,Plaintiff,53,54,0,76,51,,8,,17
2022-05,Prisoner Litigation,Plaintiff,62,59,1,67,34,,3,,30
2022-06,Prisoner Litigation,Plaintiff,61,65,0,79,49,,9,1,20
2022-07,Prisoner Litigation,Plaintiff,54,63,0,85,49,,6,1,29
2022-08,Prisoner Litigation,Plaintiff,69,75,0,85,41,,14,2,28
2022-09,Prisoner Litigation,Plaintiff,60,55,4,82,36,,6,1,39
2022-10,Prisoner Litigation,Plaintiff,91,79,0,62,38,,6,3,15
2022-11,Prisoner Litigation,Plaintiff,56,56,1,82,38,,17,2,25
2022-12,Prisoner Litigation,Plaintiff,59,62,0,94,70,,4,,20
2023-01,Prisoner Litigation,Plaintiff,72,65,0,77,46,,7,2,22
2023-02,Prisoner Litigation,Plaintiff,61,60,1,69,40,,6,,23
2023-03,Prisoner Litigation,Plaintiff,58,51,0,102,53,,8,1,40
2023-04,Prisoner Litigation,Plaintiff,50,50,1,102,80,,9,1,12
2023-05,Prisoner Litigation,Plaintiff,50,52,0,67,33,,12,1,21
2023-06,Prisoner Litigation,Plaintiff,58,60,0,62,28,,10,,24
2023-07,Prisoner Litigation,Plaintiff,58,58,0,59,35,,2,,22
2023-08,Prisoner Litigation,Plaintiff,74,74,0,64,41,,8,,15
2023-09,Prisoner Litigation,Plaintiff,66,61,1,44,22,,8,,14
2023-10,Prisoner Litigation,Plaintiff,86,92,0,67,37,,4,3,23
2023-11,Prisoner Litigation,Plaintiff,253,259,0,68,49,,5,1,13
2023-12,Prisoner Litigation,Plaintiff,237,274,1,93,66,,13,,14
2024-01,Prisoner Litigation,Plaintiff,304,291,1,208,118,,65,3,22
2024-02,Prisoner Litigation,Plaintiff,260,276,2,237,138,,46,1,52
2024-03,Prisoner Litigation,Plaintiff,195,185,2,168,111,,24,7,26
2024-04,Prisoner Litigation,Plaintiff,168,168,1,202,145,,23,,34
2024-05,Prisoner Litigation,Plaintiff,141,145,0,144,92,,25,4,23
2024-06,Prisoner Litigation,Plaintiff,146,144,0,129,79,,24,,26
2024-07,Prisoner Litigation,Plaintiff,202,172,0,159,121,,16,,22
2024-08,Prisoner Litigation,Plaintiff,313,274,3,145,100,,22,1,22
2024-09,Prisoner Litigation,Plaintiff,103,108,0,180,112,,20,4,44
2024-10,Prisoner Litigation,Plaintiff,147,140,1,160,114,,24,4,18
2024-11,Prisoner Litigation,Plaintiff,83,78,0,89,72,1,6,,10
2024-12,Prisoner Litigation,Plaintiff,94,87,2,124,90,,14,2,18
2025-01,Prisoner Litigation,Plaintiff,109,114,1,105,69,,15,1,20
2025-02,Prisoner Litigation,Plaintiff,96,91,0,114,79,,12,2,21
2025-03,Prisoner Litigation,Plaintiff,103,103,4,128,95,,12,2,19
2025-04,Prisoner Litigation,Plaintiff,86,86,1,112,75,,10,,27
2025-05,Prisoner Litigation,Plaintiff,89,90,1,100,62,,12,1,25
2025-06,Prisoner Litigation,Plaintiff,91,88,2,94,78,,1,,15
2025-07,Prisoner Litigation,Plaintiff,112,109,2,106,85,,12,2,7
2025-08,Prisoner Litigation,Plaintiff,90,93,3,110,82,,5,2,21
2025-09,Prisoner Litigation,Plaintiff,92,81,2,94,54,,9,3,28
2025-10,Prisoner Litigation,Plaintiff,90,84,4,92,60,,8,1,23
2025-11,Prisoner Litigation,Plaintiff,50,56,2,69,51,,5,1,12
2025-12,Prisoner Litigation,Plaintiff,82,82,1,79,61,,6,1,11
2026-01,Prisoner Litigation,Plaintiff,74,64,0,62,51,,3,,8
2026-02,Prisoner Litigation,Plaintiff,77,67,1,83,55,,4,,24
2026-03,Prisoner Litigation,Plaintiff,73,72,3,90,65,,7,,18
2026-04,Prisoner Litigation,Plaintiff,85,82,0,72,64,,1,,7
2026-05,Prisoner Litigation,Plaintiff,54,51,0,52,39,,4,,9
1994-10,Program Litigation,Plaintiff,180,192,51,87,7,,1,,79
1994-11,Program Litigation,Plaintiff,199,161,64,103,4,,3,,96
1994-12,Program Litigation,Plaintiff,166,127,58,170,35,,,,135
1995-01,Program Litigation,Plaintiff,215,147,81,135,4,,,,131
1995-02,Program Litigation,Plaintiff,240,192,52,103,5,,,,98
1995-03,Program Litigation,Plaintiff,328,191,68,139,11,,,,128
1995-04,Program Litigation,Plaintiff,219,158,65,144,8,,2,,134
1995-05,Program Litigation,Plaintiff,193,172,69,202,8,,1,,193
1995-06,Program Litigation,Plaintiff,232,167,48,195,12,,1,,182
1995-07,Program Litigation,Plaintiff,275,161,49,108,2,,,,106
1995-08,Program Litigation,Plaintiff,261,185,57,121,9,,,1,111
1995-09,Program Litigation,Plaintiff,212,171,58,222,5,,2,,215
1995-10,Program Litigation,Plaintiff,195,147,44,122,13,,2,,107
1995-11,Program Litigation,Plaintiff,193,124,56,104,4,,1,,99
1995-12,Program Litigation,Plaintiff,176,128,54,217,20,,,,197
1996-01,Program Litigation,Plaintiff,200,146,55,194,8,1,,,185
1996-02,Program Litigation,Plaintiff,183,166,54,202,5,,2,,195
1996-03,Program Litigation,Plaintiff,220,145,74,158,5,,,,153
1996-04,Program Litigation,Plaintiff,232,130,53,141,9,1,1,,130
1996-05,Program Litigation,Plaintiff,189,122,54,140,7,,,,133
1996-06,Program Litigation,Plaintiff,185,147,72,173,7,,1,,165
1996-07,Program Litigation,Plaintiff,219,130,80,175,12,,,,163
1996-08,Program Litigation,Plaintiff,197,130,56,273,6,,,,267
1996-09,Program Litigation,Plaintiff,222,142,58,171,8,,,1,162
1996-10,Program Litigation,Plaintiff,226,178,54,163,7,,3,,153
1996-11,Program Litigation,Plaintiff,206,172,69,151,4,,,,147
1996-12,Program Litigation,Plaintiff,181,150,51,142,2,,1,,139
1997-01,Program Litigation,Plaintiff,231,157,55,167,8,,,,159
1997-02,Program Litigation,Plaintiff,247,192,36,174,10,,,,164
1997-03,Program Litigation,Plaintiff,218,171,61,204,4,,,,200
1997-04,Program Litigation,Plaintiff,319,211,46,267,5,,,,262
1997-05,Program Litigation,Plaintiff,291,160,96,272,9,,,,263
1997-06,Program Litigation,Plaintiff,193,164,50,282,14,1,,,267
1997-07,Program Litigation,Plaintiff,233,160,50,328,10,,,,318
1997-08,Program Litigation,Plaintiff,247,155,61,134,14,,,,120
1997-09,Program Litigation,Plaintiff,251,167,102,162,5,,,1,156
1997-10,Program Litigation,Plaintiff,280,137,26,209,3,,1,1,204
1997-11,Program Litigation,Plaintiff,235,72,68,198,6,,,,192
1997-12,Program Litigation,Plaintiff,139,71,72,99,9,,,,90
1998-01,Program Litigation,Plaintiff,169,97,112,128,5,,1,,122
1998-02,Program Litigation,Plaintiff,128,55,99,58,4,,1,,53
1998-03,Program Litigation,Plaintiff,187,88,85,133,7,,,,126
1998-04,Program Litigation,Plaintiff,152,69,79,80,5,,,,75
1998-05,Program Litigation,Plaintiff,174,108,58,78,5,,1,,72
1998-06,Program Litigation,Plaintiff,159,102,64,101,7,1,1,1,91
1998-07,Program Litigation,Plaintiff,196,101,65,143,9,,1,1,132
1998-08,Program Litigation,Plaintiff,171,70,69,77,4,,1,,72
1998-09,Program Litigation,Plaintiff,138,76,91,83,5,2,1,4,71
1998-10,Program Litigation,Plaintiff,141,63,64,63,2,1,,1,59
1998-11,Program Litigation,Plaintiff,156,94,50,72,15,1,1,1,54
1998-12,Program Litigation,Plaintiff,133,64,90,82,14,,,1,67
1999-01,Program Litigation,Plaintiff,121,78,65,84,6,,,1,77
1999-02,Program Litigation,Plaintiff,129,52,72,68,5,,3,,60
1999-03,Program Litigation,Plaintiff,133,63,85,73,8,3,,,62
1999-04,Program Litigation,Plaintiff,112,67,63,68,11,,,1,56
1999-05,Program Litigation,Plaintiff,88,38,62,66,8,,,5,53
1999-06,Program Litigation,Plaintiff,127,60,66,74,12,,,4,58
1999-07,Program Litigation,Plaintiff,150,80,66,101,47,,,1,53
1999-08,Program Litigation,Plaintiff,110,61,47,57,17,,2,1,37
1999-09,Program Litigation,Plaintiff,108,55,78,78,17,1,1,7,52
1999-10,Program Litigation,Plaintiff,72,35,41,39,9,3,,3,24
1999-11,Program Litigation,Plaintiff,87,35,31,41,21,,1,6,13
1999-12,Program Litigation,Plaintiff,85,39,48,40,13,,,4,23
2000-01,Program Litigation,Plaintiff,72,33,57,46,17,1,3,5,20
2000-02,Program Litigation,Plaintiff,71,36,68,45,13,3,2,4,23
2000-03,Program Litigation,Plaintiff,75,55,115,66,31,2,,4,29
2000-04,Program Litigation,Plaintiff,68,35,40,33,12,2,,5,14
2000-05,Program Litigation,Plaintiff,83,44,60,54,15,6,,5,28
2000-06,Program Litigation,Plaintiff,64,27,45,38,16,2,,4,16
2000-07,Program Litigation,Plaintiff,104,33,42,51,10,1,,4,36
2000-08,Program Litigation,Plaintiff,78,44,47,47,18,5,3,5,16
2000-09,Program Litigation,Plaintiff,62,45,30,47,14,,1,6,26
2000-10,Program Litigation,Plaintiff,72,36,48,40,14,1,,7,18
2000-11,Program Litigation,Plaintiff,84,51,44,31,9,1,,,21
2000-12,Program Litigation,Plaintiff,94,41,37,52,9,1,,9,33
2001-01,Program Litigation,Plaintiff,88,41,37,46,10,12,2,4,18
2001-02,Program Litigation,Plaintiff,90,45,31,33,10,1,,3,19
2001-03,Program Litigation,Plaintiff,105,38,62,51,19,2,,2,28
2001-04,Program Litigation,Plaintiff,104,63,35,55,13,2,,8,32
2001-05,Program Litigation,Plaintiff,117,56,47,51,17,3,1,5,25
2001-06,Program Litigation,Plaintiff,114,62,44,44,17,3,,3,21
2001-07,Program Litigation,Plaintiff,70,40,30,55,10,5,1,7,32
2001-08,Program Litigation,Plaintiff,105,47,39,37,8,4,,5,20
2001-09,Program Litigation,Plaintiff,81,45,54,50,13,1,1,3,32
2001-10,Program Litigation,Plaintiff,116,42,46,29,10,4,,1,14
2001-11,Program Litigation,Plaintiff,85,41,27,50,13,2,,7,28
2001-12,Program Litigation,Plaintiff,92,38,22,29,4,1,,9,15
2002-01,Program Litigation,Plaintiff,77,46,79,35,12,2,,2,19
2002-02,Program Litigation,Plaintiff,98,43,29,35,11,,,4,20
2002-03,Program Litigation,Plaintiff,87,56,45,58,22,2,1,8,25
2002-04,Program Litigation,Plaintiff,102,35,44,56,15,1,,7,33
2002-05,Program Litigation,Plaintiff,103,48,71,47,15,4,2,3,23
2002-06,Program Litigation,Plaintiff,104,48,47,40,8,2,,5,25
2002-07,Program Litigation,Plaintiff,111,61,62,56,12,3,,8,33
2002-08,Program Litigation,Plaintiff,94,45,40,36,9,1,1,6,19
2002-09,Program Litigation,Plaintiff,87,54,45,45,15,3,1,5,21
2002-10,Program Litigation,Plaintiff,88,46,54,76,30,7,,8,31
2002-11,Program Litigation,Plaintiff,88,43,36,29,9,1,,6,13
2002-12,Program Litigation,Plaintiff,75,37,38,41,7,3,,5,26
2003-01,Program Litigation,Plaintiff,99,54,35,66,22,5,,10,29
2003-02,Program Litigation,Plaintiff,78,67,57,45,10,2,,9,24
2003-03,Program Litigation,Plaintiff,94,46,65,57,24,1,,5,27
2003-04,Program Litigation,Plaintiff,82,44,62,60,18,2,,6,34
2003-05,Program Litigation,Plaintiff,82,70,53,59,12,2,2,11,32
2003-06,Program Litigation,Plaintiff,86,40,38,61,14,1,1,4,41
2003-07,Program Litigation,Plaintiff,113,43,40,61,17,4,1,6,33
2003-08,Program Litigation,Plaintiff,95,53,61,52,14,1,,3,34
2003-09,Program Litigation,Plaintiff,123,60,74,52,10,5,,5,32
2003-10,Program Litigation,Plaintiff,107,67,35,71,15,1,1,17,37
2003-11,Program Litigation,Plaintiff,82,31,31,45,8,1,2,11,23
2003-12,Program Litigation,Plaintiff,100,52,54,36,10,,,5,21
2004-01,Program Litigation,Plaintiff,86,40,76,40,12,,,4,24
2004-02,Program Litigation,Plaintiff,84,41,69,44,13,,1,7,23
2004-03,Program Litigation,Plaintiff,134,72,78,71,19,1,2,16,33
2004-04,Program Litigation,Plaintiff,96,52,63,48,8,,1,16,23
2004-05,Program Litigation,Plaintiff,109,58,29,52,9,2,,10,31
2004-06,Program Litigation,Plaintiff,92,44,21,44,16,,1,8,19
2004-07,Program Litigation,Plaintiff,123,50,49,61,9,5,,7,40
2004-08,Program Litigation,Plaintiff,112,61,61,59,24,2,,7,26
2004-09,Program Litigation,Plaintiff,96,42,74,47,13,1,,3,30
2004-10,Program Litigation,Plaintiff,100,36,37,43,15,2,,6,20
2004-11,Program Litigation,Plaintiff,100,74,47,40,8,,,4,28
2004-12,Program Litigation,Plaintiff,88,36,27,46,12,4,,3,27
2005-01,Program Litigation,Plaintiff,88,41,47,55,16,4,,7,28
2005-02,Program Litigation,Plaintiff,96,53,43,49,18,1,,11,19
2005-03,Program Litigation,Plaintiff,141,74,85,67,24,,1,10,32
2005-04,Program Litigation,Plaintiff,109,54,58,68,25,1,,6,36
2005-05,Program Litigation,Plaintiff,114,50,55,52,13,2,,9,28
2005-06,Program Litigation,Plaintiff,154,57,83,59,28,3,,5,23
2005-07,Program Litigation,Plaintiff,121,60,27,45,21,1,,3,20
2005-08,Program Litigation,Plaintiff,146,82,63,94,57,3,1,11,22
2005-09,Program Litigation,Plaintiff,103,72,71,43,12,2,1,4,24
2005-10,Program Litigation,Plaintiff,112,49,45,61,16,3,,10,32
2005-11,Program Litigation,Plaintiff,99,43,37,59,12,2,,10,35
2005-12,Program Litigation,Plaintiff,129,74,34,51,8,4,,8,31
2006-01,Program Litigation,Plaintiff,117,50,55,63,12,2,2,13,34
2006-02,Program Litigation,Plaintiff,144,84,47,80,18,2,,15,45
2006-03,Program Litigation,Plaintiff,144,70,87,82,16,3,,16,47
2006-04,Program Litigation,Plaintiff,130,63,53,42,6,,1,5,30
2006-05,Program Litigation,Plaintiff,144,61,49,51,21,,,7,23
2006-06,Program Litigation,Plaintiff,145,79,80,75,11,2,,8,54
2006-07,Program Litigation,Plaintiff,122,49,41,66,25,3,,6,32
2006-08,Program Litigation,Plaintiff,142,69,53,50,14,1,,7,28
2006-09,Program Litigation,Plaintiff,130,54,94,56,17,,,8,31
2006-10,Program Litigation,Plaintiff,118,47,71,66,15,,,8,43
2006-11,Program Litigation,Plaintiff,98,55,37,59,15,2,1,12,29
2006-12,Program Litigation,Plaintiff,119,60,48,40,4,2,,7,27
2007-01,Program Litigation,Plaintiff,86,47,76,75,16,5,,12,42
2007-02,Program Litigation,Plaintiff,132,68,60,72,17,1,,11,43
2007-03,Program Litigation,Plaintiff,134,62,70,75,18,3,,11,43
2007-04,Program Litigation,Plaintiff,119,56,65,57,9,3,,10,35
2007-05,Program Litigation,Plaintiff,149,59,72,86,13,4,1,7,61
2007-06,Program Litigation,Plaintiff,132,61,57,54,7,1,1,16,29
2007-07,Program Litigation,Plaintiff,118,82,67,58,10,1,1,9,37
2007-08,Program Litigation,Plaintiff,155,58,73,66,16,1,,11,38
2007-09,Program Litigation,Plaintiff,105,57,87,60,15,3,,15,27
2007-10,Program Litigation,Plaintiff,107,53,38,67,10,3,,15,39
2007-11,Program Litigation,Plaintiff,95,33,61,47,9,,2,9,27
2007-12,Program Litigation,Plaintiff,114,44,29,41,10,,,6,25
2008-01,Program Litigation,Plaintiff,126,60,72,43,4,1,,13,25
2008-02,Program Litigation,Plaintiff,121,71,71,54,13,3,,8,30
2008-03,Program Litigation,Plaintiff,163,63,84,67,13,5,1,14,34
2008-04,Program Litigation,Plaintiff,157,80,87,85,15,2,,14,54
2008-05,Program Litigation,Plaintiff,161,58,40,62,11,,1,14,36
2008-06,Program Litigation,Plaintiff,132,50,50,50,13,1,,14,22
2008-07,Program Litigation,Plaintiff,185,65,60,75,22,3,1,8,41
2008-08,Program Litigation,Plaintiff,151,88,84,51,7,1,,11,32
2008-09,Program Litigation,Plaintiff,124,55,91,68,21,4,1,17,25
2008-10,Program Litigation,Plaintiff,141,62,71,63,14,,1,16,32
2008-11,Program Litigation,Plaintiff,105,56,79,62,18,,,14,30
2008-12,Program Litigation,Plaintiff,90,47,28,58,19,4,,8,27
2009-01,Program Litigation,Plaintiff,104,46,57,52,11,1,,9,31
2009-02,Program Litigation,Plaintiff,125,44,48,50,11,1,,17,21
2009-03,Program Litigation,Plaintiff,202,88,88,63,15,3,2,11,32
2009-04,Program Litigation,Plaintiff,118,48,69,54,10,1,,23,20
2009-05,Program Litigation,Plaintiff,126,57,90,48,10,2,,12,24
2009-06,Program Litigation,Plaintiff,116,72,68,54,17,,1,12,24
2009-07,Program Litigation,Plaintiff,170,47,71,62,15,2,,15,30
2009-08,Program Litigation,Plaintiff,106,80,84,53,15,1,,13,24
2009-09,Program Litigation,Plaintiff,108,47,129,62,12,1,,16,33
2009-10,Program Litigation,Plaintiff,98,44,52,46,4,3,,20,19
2009-11,Program Litigation,Plaintiff,136,68,47,66,10,,1,5,50
2009-12,Program Litigation,Plaintiff,92,38,48,64,12,2,,11,39
2010-01,Program Litigation,Plaintiff,99,48,67,46,9,,,10,27
2010-02,Program Litigation,Plaintiff,114,61,77,54,10,2,,16,26
2010-03,Program Litigation,Plaintiff,137,40,120,101,20,1,,13,67
2010-04,Program Litigation,Plaintiff,89,41,52,38,12,1,,7,18
2010-05,Program Litigation,Plaintiff,90,35,56,35,10,1,,5,19
2010-06,Program Litigation,Plaintiff,144,59,61,55,15,2,,15,23
2010-07,Program Litigation,Plaintiff,133,52,54,49,5,1,,7,36
2010-08,Program Litigation,Plaintiff,107,50,77,39,4,1,2,4,28
2010-09,Program Litigation,Plaintiff,136,58,80,58,12,1,1,8,36
2010-10,Program Litigation,Plaintiff,101,62,60,57,8,2,,22,25
2010-11,Program Litigation,Plaintiff,112,45,99,33,8,2,,11,12
2010-12,Program Litigation,Plaintiff,110,34,36,46,8,,,12,26
2011-01,Program Litigation,Plaintiff,94,59,36,44,6,2,,14,22
2011-02,Program Litigation,Plaintiff,170,124,56,97,6,1,,22,68
2011-03,Program Litigation,Plaintiff,109,50,103,101,17,,1,21,62
2011-04,Program Litigation,Plaintiff,111,42,37,54,8,,,15,31
2011-05,Program Litigation,Plaintiff,119,58,45,59,8,1,,16,34
2011-06,Program Litigation,Plaintiff,153,79,67,50,7,,,11,32
2011-07,Program Litigation,Plaintiff,123,67,50,67,8,,,12,47
2011-08,Program Litigation,Plaintiff,191,107,52,94,14,2,,16,62
2011-09,Program Litigation,Plaintiff,133,47,100,62,8,2,,11,41
2011-10,Program Litigation,Plaintiff,135,71,73,57,10,1,,13,33
2011-11,Program Litigation,Plaintiff,105,58,79,46,4,,,20,22
2011-12,Program Litigation,Plaintiff,120,53,40,39,6,1,,8,24
2012-01,Program Litigation,Plaintiff,149,58,46,68,9,1,1,16,41
2012-02,Program Litigation,Plaintiff,132,56,100,62,15,,1,16,30
2012-03,Program Litigation,Plaintiff,127,64,112,64,11,2,,11,40
2012-04,Program Litigation,Plaintiff,137,56,71,49,9,1,1,8,30
2012-05,Program Litigation,Plaintiff,156,83,88,89,15,,,21,53
2012-06,Program Litigation,Plaintiff,150,57,69,56,18,,1,14,23
2012-07,Program Litigation,Plaintiff,117,48,64,53,8,,,14,31
2012-08,Program Litigation,Plaintiff,132,49,66,69,17,1,1,22,28
2012-09,Program Litigation,Plaintiff,105,47,78,68,14,1,,14,39
2012-10,Program Litigation,Plaintiff,129,35,34,54,14,,,13,27
2012-11,Program Litigation,Plaintiff,90,40,47,37,8,2,1,11,15
2012-12,Program Litigation,Plaintiff,65,34,74,31,9,1,,9,12
2013-01,Program Litigation,Plaintiff,130,64,55,50,13,1,,7,29
2013-02,Program Litigation,Plaintiff,72,31,65,49,10,3,1,2,33
2013-03,Program Litigation,Plaintiff,94,44,71,54,8,3,,15,28
2013-04,Program Litigation,Plaintiff,120,69,61,43,5,,,8,30
2013-05,Program Litigation,Plaintiff,101,39,48,52,16,,1,7,28
2013-06,Program Litigation,Plaintiff,99,38,49,42,9,1,2,10,20
2013-07,Program Litigation,Plaintiff,100,72,37,50,6,,,9,35
2013-08,Program Litigation,Plaintiff,97,43,68,45,5,3,,6,31
2013-09,Program Litigation,Plaintiff,81,32,85,56,7,3,,10,36
2013-10,Program Litigation,Plaintiff,69,30,14,18,3,,,4,11
2013-11,Program Litigation,Plaintiff,79,25,32,30,3,,1,11,15
2013-12,Program Litigation,Plaintiff,60,40,40,37,12,,,9,16
2014-01,Program Litigation,Plaintiff,82,48,25,48,7,3,,11,27
2014-02,Program Litigation,Plaintiff,94,47,50,34,5,,,7,22
2014-03,Program Litigation,Plaintiff,86,46,80,42,9,,,9,24
2014-04,Program Litigation,Plaintiff,79,35,65,38,7,,,6,25
2014-05,Program Litigation,Plaintiff,62,39,54,28,1,2,,6,19
2014-06,Program Litigation,Plaintiff,92,38,34,39,8,1,,9,21
2014-07,Program Litigation,Plaintiff,75,49,70,48,15,2,1,9,21
2014-08,Program Litigation,Plaintiff,93,41,107,42,10,3,,6,23
2014-09,Program Litigation,Plaintiff,74,31,86,49,12,2,,13,22
2014-10,Program Litigation,Plaintiff,86,45,63,25,3,3,,2,17
2014-11,Program Litigation,Plaintiff,71,31,20,40,11,2,1,14,12
2014-12,Program Litigation,Plaintiff,67,48,30,33,3,2,,3,25
2015-01,Program Litigation,Plaintiff,61,38,32,41,7,1,1,8,24
2015-02,Program Litigation,Plaintiff,80,36,15,54,12,,,9,33
2015-03,Program Litigation,Plaintiff,67,50,60,58,14,,1,23,20
2015-04,Program Litigation,Plaintiff,71,51,65,49,8,1,1,10,29
2015-05,Program Litigation,Plaintiff,66,27,40,25,5,,,6,14
2015-06,Program Litigation,Plaintiff,112,38,31,28,9,,,4,15
2015-07,Program Litigation,Plaintiff,66,43,55,29,12,1,,4,12
2015-08,Program Litigation,Plaintiff,71,61,39,53,13,1,1,6,32
2015-09,Program Litigation,Plaintiff,68,21,42,49,13,,1,15,20
2015-10,Program Litigation,Plaintiff,73,42,46,59,8,,,14,37
2015-11,Program Litigation,Plaintiff,83,40,17,28,8,,,2,18
2015-12,Program Litigation,Plaintiff,61,39,33,51,15,2,1,14,19
2016-01,Program Litigation,Plaintiff,49,32,55,33,6,,,7,20
2016-02,Program Litigation,Plaintiff,67,46,40,25,4,,,8,13
2016-03,Program Litigation,Plaintiff,85,31,80,49,10,3,1,4,31
2016-04,Program Litigation,Plaintiff,86,57,19,33,8,1,1,10,13
2016-05,Program Litigation,Plaintiff,82,47,21,59,10,1,1,9,38
2016-06,Program Litigation,Plaintiff,95,57,31,55,15,,,6,34
2016-07,Program Litigation,Plaintiff,64,50,30,25,7,1,2,5,10
2016-08,Program Litigation,Plaintiff,82,46,35,69,4,,1,10,54
2016-09,Program Litigation,Plaintiff,68,51,55,44,3,1,,15,25
2016-10,Program Litigation,Plaintiff,49,36,31,22,1,1,,11,9
2016-11,Program Litigation,Plaintiff,56,37,63,53,3,1,1,14,34
2016-12,Program Litigation,Plaintiff,45,28,17,16,3,2,,7,4
2017-01,Program Litigation,Plaintiff,75,46,20,31,7,1,,7,16
2017-02,Program Litigation,Plaintiff,58,36,20,36,3,,,4,29
2017-03,Program Litigation,Plaintiff,59,20,61,66,11,,,20,35
2017-04,Program Litigation,Plaintiff,43,13,33,36,8,2,1,12,13
2017-05,Program Litigation,Plaintiff,46,32,55,58,10,1,1,10,36
2017-06,Program Litigation,Plaintiff,76,24,38,33,7,1,2,5,18
2017-07,Program Litigation,Plaintiff,41,37,33,24,5,1,,3,15
2017-08,Program Litigation,Plaintiff,55,25,22,28,4,,,9,15
2017-09,Program Litigation,Plaintiff,65,22,33,47,7,1,5,5,29
2017-10,Program Litigation,Plaintiff,71,48,33,24,6,1,,6,11
2017-11,Program Litigation,Plaintiff,37,19,18,56,6,1,,15,34
2017-12,Program Litigation,Plaintiff,44,20,27,23,1,4,,4,14
2018-01,Program Litigation,Plaintiff,46,16,30,29,3,,,15,11
2018-02,Program Litigation,Plaintiff,59,20,23,24,4,,,6,14
2018-03,Program Litigation,Plaintiff,55,24,31,36,5,,3,4,24
2018-04,Program Litigation,Plaintiff,55,25,28,41,6,,,4,31
2018-05,Program Litigation,Plaintiff,59,35,44,28,4,1,,5,18
2018-06,Program Litigation,Plaintiff,50,23,42,36,7,3,,7,19
2018-07,Program Litigation,Plaintiff,38,36,29,38,4,,1,9,24
2018-08,Program Litigation,Plaintiff,73,29,29,50,1,1,1,5,42
2018-09,Program Litigation,Plaintiff,53,32,27,34,3,,,6,25
2018-10,Program Litigation,Plaintiff,61,30,22,21,1,,,6,14
2018-11,Program Litigation,Plaintiff,42,28,8,16,4,1,,4,7
2018-12,Program Litigation,Plaintiff,28,12,19,24,6,1,,2,15
2019-01,Program Litigation,Plaintiff,28,20,1,7,2,1,,1,3
2019-02,Program Litigation,Plaintiff,33,20,13,37,2,1,,11,23
2019-03,Program Litigation,Plaintiff,43,16,37,36,4,,,12,20
2019-04,Program Litigation,Plaintiff,30,21,13,26,4,1,,5,16
2019-05,Program Litigation,Plaintiff,31,71,11,31,7,,,3,21
2019-06,Program Litigation,Plaintiff,44,14,19,16,1,,,7,8
2019-07,Program Litigation,Plaintiff,51,28,17,24,2,2,,6,14
2019-08,Program Litigation,Plaintiff,54,25,20,24,2,1,2,,19
2019-09,Program Litigation,Plaintiff,37,17,20,39,4,1,,10,24
2019-10,Program Litigation,Plaintiff,42,23,24,50,4,,,1,45
2019-11,Program Litigation,Plaintiff,29,18,8,17,2,,1,3,11
2019-12,Program Litigation,Plaintiff,22,17,12,34,5,,1,3,25
2020-01,Program Litigation,Plaintiff,39,15,18,19,3,1,,2,13
2020-02,Program Litigation,Plaintiff,33,18,28,13,4,,,,9
2020-03,Program Litigation,Plaintiff,14,5,15,21,6,,,5,10
2020-04,Program Litigation,Plaintiff,7,6,10,8,,1,,1,6
2020-05,Program Litigation,Plaintiff,5,5,4,7,3,,,2,2
2020-06,Program Litigation,Plaintiff,14,10,14,4,,,,1,3
2020-07,Program Litigation,Plaintiff,14,9,3,10,4,,,1,5
2020-08,Program Litigation,Plaintiff,27,18,6,13,1,,,,12
2020-09,Program Litigation,Plaintiff,29,20,11,25,5,1,,5,14
2020-10,Program Litigation,Plaintiff,26,25,14,17,6,,,2,9
2020-11,Program Litigation,Plaintiff,18,8,4,12,,1,,,11
2020-12,Program Litigation,Plaintiff,14,11,8,19,4,,,2,13
2021-01,Program Litigation,Plaintiff,12,5,3,12,3,,,1,8
2021-02,Program Litigation,Plaintiff,12,7,3,7,1,,,1,5
2021-03,Program Litigation,Plaintiff,17,14,13,14,3,1,,,10
2021-04,Program Litigation,Plaintiff,15,9,4,8,4,1,,1,2
2021-05,Program Litigation,Plaintiff,17,12,6,14,,,,3,11
2021-06,Program Litigation,Plaintiff,10,6,5,10,1,,,2,7
2021-07,Program Litigation,Plaintiff,13,8,11,13,4,1,1,1,6
2021-08,Program Litigation,Plaintiff,24,20,12,17,4,1,,1,11
2021-09,Program Litigation,Plaintiff,23,15,25,17,4,,,,13
2021-10,Program Litigation,Plaintiff,19,11,7,13,4,,1,2,6
2021-11,Program Litigation,Plaintiff,20,12,2,11,3,,,,8
2021-12,Program Litigation,Plaintiff,23,4,4,11,,1,,,10
2022-01,Program Litigation,Plaintiff,14,6,12,5,2,,,,3
2022-02,Program Litigation,Plaintiff,14,7,6,11,,,,2,9
2022-03,Program Litigation,Plaintiff,30,15,23,8,1,,,,7
2022-04,Program Litigation,Plaintiff,24,18,8,19,4,1,,,14
2022-05,Program Litigation,Plaintiff,19,10,5,11,3,1,1,1,5
2022-06,Program Litigation,Plaintiff,22,9,7,12,2,1,,,9
2022-07,Program Litigation,Plaintiff,17,14,1,2,,,,,2
2022-08,Program Litigation,Plaintiff,27,11,23,12,2,,,,10
2022-09,Program Litigation,Plaintiff,31,14,23,13,1,1,,,11
2022-10,Program Litigation,Plaintiff,27,13,7,13,2,,,,11
2022-11,Program Litigation,Plaintiff,25,13,9,14,2,,,1,11
2022-12,Program Litigation,Plaintiff,28,13,7,8,1,1,,1,5
2023-01,Program Litigation,Plaintiff,31,15,10,28,2,1,,2,23
2023-02,Program Litigation,Plaintiff,22,11,10,16,1,,,2,13
2023-03,Program Litigation,Plaintiff,29,18,16,8,1,1,2,2,2
2023-04,Program Litigation,Plaintiff,28,7,8,10,1,1,,2,6
2023-05,Program Litigation,Plaintiff,27,10,7,3,2,,,,1
2023-06,Program Litigation,Plaintiff,26,12,9,11,3,1,1,1,5
2023-07,Program Litigation,Plaintiff,19,7,4,15,5,1,,3,6
2023-08,Program Litigation,Plaintiff,26,17,8,8,1,1,,2,4
2023-09,Program Litigation,Plaintiff,18,11,15,16,3,,,1,12
2023-10,Program Litigation,Plaintiff,29,12,8,21,2,1,,,18
2023-11,Program Litigation,Plaintiff,23,12,8,4,2,,,,2
2023-12,Program Litigation,Plaintiff,13,6,3,22,,,,,22
2024-01,Program Litigation,Plaintiff,14,6,1,8,1,2,,1,4
2024-02,Program Litigation,Plaintiff,23,13,12,9,3,1,,1,4
2024-03,Program Litigation,Plaintiff,13,9,10,13,,,,,13
2024-04,Program Litigation,Plaintiff,9,4,12,11,,1,,,10
2024-05,Program Litigation,Plaintiff,33,9,9,7,4,,,2,1
2024-06,Program Litigation,Plaintiff,18,8,9,9,1,,,4,4
2024-07,Program Litigation,Plaintiff,11,8,6,9,1,,,3,5
2024-08,Program Litigation,Plaintiff,18,7,11,6,2,,,3,1
2024-09,Program Litigation,Plaintiff,6,6,23,6,,,,1,5
2024-10,Program Litigation,Plaintiff,33,15,6,15,1,1,,2,11
2024-11,Program Litigation,Plaintiff,25,11,4,6,1,1,,1,3
2024-12,Program Litigation,Plaintiff,19,6,2,3,,,,1,2
2025-01,Program Litigation,Plaintiff,15,14,7,6,,1,,1,4
2025-02,Program Litigation,Plaintiff,16,10,4,8,3,,1,1,3
2025-03,Program Litigation,Plaintiff,28,19,24,19,1,,,2,16
2025-04,Program Litigation,Plaintiff,35,26,9,18,1,1,,2,14
2025-05,Program Litigation,Plaintiff,27,11,4,8,1,,,3,4
2025-06,Program Litigation,Plaintiff,28,12,7,16,1,,,,15
2025-07,Program Litigation,Plaintiff,19,12,2,8,3,,,1,4
2025-08,Program Litigation,Plaintiff,23,9,11,7,,,,,7
2025-09,Program Litigation,Plaintiff,25,12,23,12,1,,,2,9
2025-10,Program Litigation,Plaintiff,9,5,3,4,,1,,1,2
2025-11,Program Litigation,Plaintiff,13,7,4,2,,,,,2
2025-12,Program Litigation,Plaintiff,20,11,7,3,,,,1,2
2026-01,Program Litigation,Plaintiff,35,7,2,7,1,,,,6
2026-02,Program Litigation,Plaintiff,42,14,10,3,2,,,,1
2026-03,Program Litigation,Plaintiff,34,18,10,12,,1,,1,10
2026-04,Program Litigation,Plaintiff,20,14,8,7,,,,,7
2026-05,Program Litigation,Plaintiff,20,6,7,3,,,,1,2
1994-10,Social Security,Plaintiff,4,4,0,10,3,,1,,6
1994-11,Social Security,Plaintiff,6,7,1,6,1,,,,5
1994-12,Social Security,Plaintiff,5,8,4,3,1,,,,2
1995-01,Social Security,Plaintiff,8,6,1,8,,,,,8
1995-02,Social Security,Plaintiff,3,3,2,9,3,,,,6
1995-03,Social Security,Plaintiff,0,4,2,5,1,,1,,3
1995-04,Social Security,Plaintiff,3,3,1,9,2,,1,,6
1995-05,Social Security,Plaintiff,6,5,1,14,2,,,,12
1995-06,Social Security,Plaintiff,5,6,0,7,1,,1,,5
1995-07,Social Security,Plaintiff,1,5,1,9,1,,1,,7
1995-08,Social Security,Plaintiff,5,3,3,9,2,,,,7
1995-09,Social Security,Plaintiff,5,8,3,9,2,,,,7
1995-10,Social Security,Plaintiff,6,7,2,6,2,,,,4
1995-11,Social Security,Plaintiff,8,5,0,5,1,,1,,3
1995-12,Social Security,Plaintiff,4,7,2,2,,,1,,1
1996-01,Social Security,Plaintiff,17,16,3,4,1,,,,3
1996-02,Social Security,Plaintiff,4,0,1,4,,,1,,3
1996-03,Social Security,Plaintiff,4,4,4,2,,,,,2
1996-04,Social Security,Plaintiff,4,2,0,8,2,,,,6
1996-05,Social Security,Plaintiff,2,2,1,7,1,,1,,5
1996-06,Social Security,Plaintiff,2,2,2,15,2,,1,,12
1996-07,Social Security,Plaintiff,4,2,0,6,1,,1,,4
1996-08,Social Security,Plaintiff,6,4,0,8,1,,1,,6
1996-09,Social Security,Plaintiff,0,1,1,7,1,,,,6
1996-10,Social Security,Plaintiff,5,5,0,5,3,,,,2
1996-11,Social Security,Plaintiff,1,1,0,6,,,1,,5
1996-12,Social Security,Plaintiff,5,4,0,3,3,,,,
1997-01,Social Security,Plaintiff,2,1,0,3,1,,,,2
1997-02,Social Security,Plaintiff,0,0,0,2,1,,,,1
1997-03,Social Security,Plaintiff,0,1,0,5,,,,,5
1997-04,Social Security,Plaintiff,4,7,0,7,,,,,7
1997-05,Social Security,Plaintiff,4,5,0,7,,,,,7
1997-06,Social Security,Plaintiff,4,3,0,3,,,,,3
1997-07,Social Security,Plaintiff,5,3,0,6,2,,,,4
1997-08,Social Security,Plaintiff,1,3,0,9,2,,,,7
1997-09,Social Security,Plaintiff,3,2,0,5,2,,,,3
1997-10,Social Security,Plaintiff,3,1,0,7,,,,,7
1997-11,Social Security,Plaintiff,4,5,0,2,1,,,,1
1997-12,Social Security,Plaintiff,2,3,0,3,1,,,,2
1998-01,Social Security,Plaintiff,8,11,0,0,,,,,
1998-02,Social Security,Plaintiff,10,8,0,3,,,,,3
1998-03,Social Security,Plaintiff,11,4,0,4,,,,,4
1998-04,Social Security,Plaintiff,3,3,0,1,,,,,1
1998-05,Social Security,Plaintiff,0,2,0,3,,,,,3
1998-06,Social Security,Plaintiff,5,4,0,1,,,,,1
1998-07,Social Security,Plaintiff,6,4,1,3,,,,,3
1998-08,Social Security,Plaintiff,2,1,0,3,,,1,,2
1998-09,Social Security,Plaintiff,2,1,2,1,1,,,,
1998-10,Social Security,Plaintiff,3,1,1,6,3,,,,3
1998-11,Social Security,Plaintiff,0,2,0,4,,,1,,3
1998-12,Social Security,Plaintiff,5,2,0,4,1,,1,,2
1999-01,Social Security,Plaintiff,2,1,0,3,,,,,3
1999-02,Social Security,Plaintiff,1,0,0,4,,,1,,3
1999-03,Social Security,Plaintiff,3,2,1,4,3,,,,1
1999-04,Social Security,Plaintiff,0,1,3,2,,,,,2
1999-05,Social Security,Plaintiff,4,4,0,6,,,,,6
1999-06,Social Security,Plaintiff,2,2,1,4,,,1,,3
1999-07,Social Security,Plaintiff,4,5,1,3,,,,,3
1999-08,Social Security,Plaintiff,4,2,0,1,,,,,1
1999-09,Social Security,Plaintiff,0,1,0,5,2,,1,,2
1999-10,Social Security,Plaintiff,3,2,1,4,2,1,1,,
1999-11,Social Security,Plaintiff,2,1,0,2,1,1,,,
1999-12,Social Security,Plaintiff,2,0,1,0,,,,,
2000-01,Social Security,Plaintiff,8,8,0,3,1,,1,,1
2000-02,Social Security,Plaintiff,2,6,0,3,1,,,1,1
2000-03,Social Security,Plaintiff,3,1,0,3,2,,,1,
2000-04,Social Security,Plaintiff,7,6,0,3,1,,,1,1
2000-05,Social Security,Plaintiff,3,2,1,2,1,,1,,
2000-06,Social Security,Plaintiff,6,6,0,5,2,,1,,2
2000-07,Social Security,Plaintiff,3,1,0,4,2,,1,,1
2000-08,Social Security,Plaintiff,4,0,0,2,,1,1,,
2000-09,Social Security,Plaintiff,3,3,1,3,1,,,,2
2000-10,Social Security,Plaintiff,5,2,2,5,2,,1,,2
2000-11,Social Security,Plaintiff,2,0,1,5,3,,1,,1
2000-12,Social Security,Plaintiff,0,1,0,1,1,,,,
2001-01,Social Security,Plaintiff,1,3,1,4,2,,,,2
2001-02,Social Security,Plaintiff,2,0,0,0,,,,,
2001-03,Social Security,Plaintiff,2,3,0,2,1,,,,1
2001-04,Social Security,Plaintiff,2,1,1,6,2,1,2,1,
2001-05,Social Security,Plaintiff,1,1,2,4,,,1,,3
2001-06,Social Security,Plaintiff,4,4,0,2,1,,,,1
2001-07,Social Security,Plaintiff,3,2,0,4,2,,1,,1
2001-08,Social Security,Plaintiff,0,2,0,1,,,,,1
2001-09,Social Security,Plaintiff,2,1,2,3,1,,,1,1
2001-10,Social Security,Plaintiff,0,0,0,2,1,,,1,
2001-11,Social Security,Plaintiff,2,0,1,1,,,,,1
2001-12,Social Security,Plaintiff,3,3,0,3,1,,,1,1
2002-01,Social Security,Plaintiff,1,0,1,0,,,,,
2002-02,Social Security,Plaintiff,1,2,0,0,,,,,
2002-03,Social Security,Plaintiff,2,2,1,2,1,,1,,
2002-04,Social Security,Plaintiff,4,3,0,0,,,,,
2002-05,Social Security,Plaintiff,3,2,0,1,1,,,,
2002-06,Social Security,Plaintiff,2,2,1,2,1,,1,,
2002-07,Social Security,Plaintiff,2,2,0,2,1,,,1,
2002-08,Social Security,Plaintiff,3,2,2,2,1,,,,1
2002-09,Social Security,Plaintiff,3,1,2,2,2,,,,
2002-10,Social Security,Plaintiff,4,2,0,0,,,,,
2002-11,Social Security,Plaintiff,2,4,0,3,1,,,,2
2002-12,Social Security,Plaintiff,0,1,0,1,,,,,1
2003-01,Social Security,Plaintiff,5,1,2,2,,,,,2
2003-02,Social Security,Plaintiff,2,1,1,1,1,,,,
2003-03,Social Security,Plaintiff,1,1,1,0,,,,,
2003-04,Social Security,Plaintiff,2,1,1,4,2,,1,,1
2003-05,Social Security,Plaintiff,0,2,0,1,,,1,,
2003-06,Social Security,Plaintiff,9,5,0,1,,,,,1
2003-07,Social Security,Plaintiff,4,5,2,0,,,,,
2003-08,Social Security,Plaintiff,4,3,2,2,1,,,,1
2003-09,Social Security,Plaintiff,3,4,0,2,,,,,2
2003-10,Social Security,Plaintiff,7,2,0,1,,,,1,
2003-11,Social Security,Plaintiff,3,3,1,2,,1,,,1
2003-12,Social Security,Plaintiff,4,2,0,2,1,,1,,
2004-01,Social Security,Plaintiff,3,2,0,4,3,,1,,
2004-02,Social Security,Plaintiff,0,1,1,1,,1,,,
2004-03,Social Security,Plaintiff,4,2,0,4,3,,,,1
2004-04,Social Security,Plaintiff,6,2,2,1,1,,,,
2004-05,Social Security,Plaintiff,2,1,0,2,1,,,1,
2004-06,Social Security,Plaintiff,6,0,1,3,2,,1,,
2004-07,Social Security,Plaintiff,4,2,0,1,1,,,,
2004-08,Social Security,Plaintiff,9,6,1,1,,,,,1
2004-09,Social Security,Plaintiff,10,3,3,8,3,,3,,2
2004-10,Social Security,Plaintiff,8,0,5,4,1,,2,,1
2004-11,Social Security,Plaintiff,3,0,1,4,1,,1,1,1
2004-12,Social Security,Plaintiff,4,3,4,2,,,1,,1
2005-01,Social Security,Plaintiff,3,0,4,2,1,,1,,
2005-02,Social Security,Plaintiff,1,2,0,1,1,,,,
2005-03,Social Security,Plaintiff,4,2,13,6,3,,,,3
2005-04,Social Security,Plaintiff,5,2,7,1,1,,,,
2005-05,Social Security,Plaintiff,0,0,0,5,2,,3,,
2005-06,Social Security,Plaintiff,2,0,0,1,,,,,1
2005-07,Social Security,Plaintiff,9,2,0,2,,,1,,1
2005-08,Social Security,Plaintiff,9,2,0,2,1,,,,1
2005-09,Social Security,Plaintiff,2,1,5,4,,,1,1,2
2005-10,Social Security,Plaintiff,4,2,4,3,1,,2,,
2005-11,Social Security,Plaintiff,3,2,1,0,,,,,
2005-12,Social Security,Plaintiff,7,1,0,2,,,,,2
2006-01,Social Security,Plaintiff,1,0,6,2,,,1,1,
2006-02,Social Security,Plaintiff,2,1,0,1,1,,,,
2006-03,Social Security,Plaintiff,7,1,11,0,,,,,
2006-04,Social Security,Plaintiff,2,1,2,1,,,,,1
2006-05,Social Security,Plaintiff,4,0,2,0,,,,,
2006-06,Social Security,Plaintiff,5,2,2,0,,,,,
2006-07,Social Security,Plaintiff,6,1,1,0,,,,,
2006-08,Social Security,Plaintiff,3,1,8,0,,,,,
2006-09,Social Security,Plaintiff,1,1,0,3,1,,2,,
2006-10,Social Security,Plaintiff,2,0,1,1,,,,1,
2006-11,Social Security,Plaintiff,2,0,0,2,1,,,,1
2006-12,Social Security,Plaintiff,2,2,8,0,,,,,
2007-01,Social Security,Plaintiff,1,0,3,1,,,1,,
2007-02,Social Security,Plaintiff,3,2,0,3,2,,1,,
2007-03,Social Security,Plaintiff,2,2,0,0,,,,,
2007-05,Social Security,Plaintiff,3,1,3,0,,,,,
2007-06,Social Security,Plaintiff,6,5,1,4,1,,1,,2
2007-07,Social Security,Plaintiff,2,2,2,0,,,,,
2007-08,Social Security,Plaintiff,5,4,1,0,,,,,
2007-09,Social Security,Plaintiff,1,1,0,2,1,,1,,
2007-10,Social Security,Plaintiff,3,2,0,1,1,,,,
2007-11,Social Security,Plaintiff,2,1,0,1,1,,,,
2007-12,Social Security,Plaintiff,1,2,1,2,,1,1,,
2008-01,Social Security,Plaintiff,4,0,0,0,,,,,
2008-02,Social Security,Plaintiff,3,2,0,1,,,,,1
2008-03,Social Security,Plaintiff,7,0,2,3,,,2,,1
2008-04,Social Security,Plaintiff,1,0,0,1,,,,1,
2008-05,Social Security,Plaintiff,2,2,1,5,2,,1,,2
2008-06,Social Security,Plaintiff,4,1,3,0,,,,,
2008-07,Social Security,Plaintiff,3,2,0,1,,,,,1
2008-08,Social Security,Plaintiff,4,0,3,1,1,,,,
2008-09,Social Security,Plaintiff,5,1,1,4,3,,,,1
2008-10,Social Security,Plaintiff,3,4,7,2,1,,,1,
2008-11,Social Security,Plaintiff,5,3,2,1,1,,,,
2008-12,Social Security,Plaintiff,3,0,1,1,1,,,,
2009-01,Social Security,Plaintiff,6,2,2,1,,,,,1
2009-02,Social Security,Plaintiff,21,3,3,2,1,,1,,
2009-03,Social Security,Plaintiff,5,3,4,3,2,,1,,
2009-04,Social Security,Plaintiff,3,3,0,0,,,,,
2009-05,Social Security,Plaintiff,7,2,2,2,1,,1,,
2009-06,Social Security,Plaintiff,5,2,3,0,,,,,
2009-07,Social Security,Plaintiff,10,1,3,0,,,,,
2009-08,Social Security,Plaintiff,1,1,2,0,,,,,
2009-09,Social Security,Plaintiff,3,2,1,2,1,1,,,
2009-10,Social Security,Plaintiff,5,4,1,3,3,,,,
2009-11,Social Security,Plaintiff,7,2,5,1,1,,,,
2009-12,Social Security,Plaintiff,5,2,2,3,1,,,,2
2010-01,Social Security,Plaintiff,2,1,4,0,,,,,
2010-02,Social Security,Plaintiff,3,1,1,2,1,,1,,
2010-03,Social Security,Plaintiff,0,1,0,4,2,,,1,1
2010-04,Social Security,Plaintiff,3,1,3,2,1,,1,,
2010-05,Social Security,Plaintiff,6,0,4,0,,,,,
2010-06,Social Security,Plaintiff,2,0,3,0,,,,,
2010-07,Social Security,Plaintiff,3,2,2,2,,,1,,1
2010-08,Social Security,Plaintiff,2,1,0,4,3,,1,,
2010-09,Social Security,Plaintiff,3,2,1,5,1,,4,,
2010-10,Social Security,Plaintiff,5,0,4,2,,,2,,
2010-11,Social Security,Plaintiff,5,2,1,0,,,,,
2010-12,Social Security,Plaintiff,4,0,1,1,,,,,1
2011-01,Social Security,Plaintiff,2,2,2,2,2,,,,
2011-02,Social Security,Plaintiff,5,2,7,1,1,,,,
2011-03,Social Security,Plaintiff,7,2,0,4,2,,1,,1
2011-04,Social Security,Plaintiff,2,0,3,0,,,,,
2011-05,Social Security,Plaintiff,7,1,1,0,,,,,
2011-06,Social Security,Plaintiff,3,0,6,1,1,,,,
2011-07,Social Security,Plaintiff,5,0,2,0,,,,,
2011-08,Social Security,Plaintiff,2,0,6,1,1,,,,
2011-09,Social Security,Plaintiff,2,1,10,3,2,,,,1
2011-10,Social Security,Plaintiff,3,5,4,0,,,,,
2011-11,Social Security,Plaintiff,8,4,0,1,,,,1,
2011-12,Social Security,Plaintiff,6,1,2,3,1,,2,,
2012-01,Social Security,Plaintiff,5,5,9,1,,,,,1
2012-02,Social Security,Plaintiff,9,5,3,3,,,1,,2
2012-03,Social Security,Plaintiff,14,3,2,2,1,,,,1
2012-04,Social Security,Plaintiff,7,1,4,2,,,,,2
2012-05,Social Security,Plaintiff,4,2,1,0,,,,,
2012-06,Social Security,Plaintiff,7,1,3,1,,,,,1
2012-07,Social Security,Plaintiff,6,4,1,1,,,1,,
2012-08,Social Security,Plaintiff,7,1,5,3,,,,1,2
2012-09,Social Security,Plaintiff,4,1,8,0,,,,,
2012-10,Social Security,Plaintiff,1,2,0,2,,,2,,
2012-11,Social Security,Plaintiff,3,3,6,2,,,1,,1
2012-12,Social Security,Plaintiff,3,1,11,2,1,,1,,
2013-01,Social Security,Plaintiff,3,2,0,3,1,,2,,
2013-02,Social Security,Plaintiff,0,1,3,2,1,,,,1
2013-03,Social Security,Plaintiff,2,2,6,7,4,,3,,
2013-04,Social Security,Plaintiff,1,1,2,2,2,,,,
2013-05,Social Security,Plaintiff,4,4,0,2,1,,1,,
2013-06,Social Security,Plaintiff,7,5,0,0,,,,,
2013-07,Social Security,Plaintiff,5,5,0,2,1,,,,1
2013-08,Social Security,Plaintiff,7,5,0,1,1,,,,
2013-09,Social Security,Plaintiff,3,3,1,2,1,,1,,
2013-10,Social Security,Plaintiff,4,3,1,3,1,,1,,1
2013-11,Social Security,Plaintiff,2,3,1,2,1,,1,,
2013-12,Social Security,Plaintiff,1,3,0,2,,,,,2
2014-01,Social Security,Plaintiff,4,2,0,2,1,,1,,
2014-02,Social Security,Plaintiff,3,1,1,3,2,,1,,
2014-03,Social Security,Plaintiff,4,2,1,3,1,,2,,
2014-04,Social Security,Plaintiff,3,1,0,2,1,,1,,
2014-05,Social Security,Plaintiff,2,2,0,1,1,,,,
2014-06,Social Security,Plaintiff,1,3,0,4,,,2,,2
2014-07,Social Security,Plaintiff,2,1,0,3,1,,1,,1
2014-08,Social Security,Plaintiff,3,1,0,5,2,1,1,,1
2014-09,Social Security,Plaintiff,4,3,0,2,1,,,,1
2014-10,Social Security,Plaintiff,0,4,0,4,2,,2,,
2014-11,Social Security,Plaintiff,3,1,0,0,,,,,
2014-12,Social Security,Plaintiff,2,1,1,0,,,,,
2015-01,Social Security,Plaintiff,4,2,2,1,1,,,,
2015-02,Social Security,Plaintiff,1,2,0,6,2,,3,,1
2015-03,Social Security,Plaintiff,1,1,2,9,4,,4,,1
2015-04,Social Security,Plaintiff,1,1,2,3,1,1,1,,
2015-05,Social Security,Plaintiff,1,2,0,1,,,1,,
2015-06,Social Security,Plaintiff,5,4,0,0,,,,,
2015-07,Social Security,Plaintiff,6,4,2,1,1,,,,
2015-08,Social Security,Plaintiff,2,8,0,2,,,1,,1
2015-09,Social Security,Plaintiff,7,10,1,2,1,,,,1
2015-10,Social Security,Plaintiff,15,6,5,3,1,,1,,1
2015-11,Social Security,Plaintiff,3,2,0,1,1,,,,
2015-12,Social Security,Plaintiff,2,1,0,1,,,1,,
2016-01,Social Security,Plaintiff,4,6,0,5,,,4,1,
2016-02,Social Security,Plaintiff,5,6,0,2,1,,1,,
2016-03,Social Security,Plaintiff,3,6,1,0,,,,,
2016-04,Social Security,Plaintiff,4,3,0,3,2,,1,,
2016-05,Social Security,Plaintiff,1,6,1,0,,,,,
2016-06,Social Security,Plaintiff,22,14,0,2,1,,1,,
2016-07,Social Security,Plaintiff,10,6,0,5,4,,1,,
2016-08,Social Security,Plaintiff,6,6,0,4,1,,3,,
2016-09,Social Security,Plaintiff,4,4,1,2,2,,,,
2016-10,Social Security,Plaintiff,3,0,2,4,1,,,,3
2016-11,Social Security,Plaintiff,1,2,0,3,,,2,,1
2016-12,Social Security,Plaintiff,1,5,0,4,2,1,1,,
2017-01,Social Security,Plaintiff,5,3,0,4,3,,1,,
2017-02,Social Security,Plaintiff,7,7,0,10,5,,1,,4
2017-03,Social Security,Plaintiff,6,9,0,8,4,,4,,
2017-04,Social Security,Plaintiff,8,12,0,7,2,,5,,
2017-05,Social Security,Plaintiff,6,7,0,6,3,1,2,,
2017-06,Social Security,Plaintiff,6,7,0,2,1,,1,,
2017-07,Social Security,Plaintiff,5,7,0,4,,,2,,2
2017-08,Social Security,Plaintiff,14,6,1,1,1,,,,
2017-09,Social Security,Plaintiff,9,9,1,7,2,,4,,1
2017-10,Social Security,Plaintiff,11,7,0,4,2,,2,,
2017-11,Social Security,Plaintiff,10,5,0,8,1,1,1,2,3
2017-12,Social Security,Plaintiff,1,6,0,6,3,,1,1,1
2018-01,Social Security,Plaintiff,10,6,1,7,2,,4,1,
2018-02,Social Security,Plaintiff,4,6,1,4,3,,1,,
2018-03,Social Security,Plaintiff,8,5,0,7,2,,2,1,2
2018-04,Social Security,Plaintiff,7,8,0,7,5,,2,,
2018-05,Social Security,Plaintiff,9,8,0,4,1,,1,,2
2018-06,Social Security,Plaintiff,5,5,1,7,2,,2,,3
2018-07,Social Security,Plaintiff,9,10,0,4,,,3,,1
2018-08,Social Security,Plaintiff,7,1,0,6,5,,1,,
2018-09,Social Security,Plaintiff,2,2,0,9,5,,2,,2
2018-10,Social Security,Plaintiff,3,0,0,7,2,,4,1,
2018-11,Social Security,Plaintiff,6,5,0,7,5,,1,1,
2018-12,Social Security,Plaintiff,3,2,0,4,1,,1,,2
2019-01,Social Security,Plaintiff,2,1,0,5,3,,2,,
2019-02,Social Security,Plaintiff,1,1,0,5,3,,2,,
2019-03,Social Security,Plaintiff,8,10,0,10,6,,3,1,
2019-04,Social Security,Plaintiff,3,1,0,6,4,,2,,
2019-05,Social Security,Plaintiff,7,8,1,3,1,,1,,1
2019-06,Social Security,Plaintiff,4,3,0,11,4,,6,,1
2019-07,Social Security,Plaintiff,4,3,0,8,5,,1,,2
2019-08,Social Security,Plaintiff,3,3,0,7,5,,1,,1
2019-09,Social Security,Plaintiff,0,0,0,8,5,,2,,1
2019-10,Social Security,Plaintiff,5,6,0,2,1,,1,,
2019-11,Social Security,Plaintiff,1,1,0,1,1,,,,
2019-12,Social Security,Plaintiff,3,4,0,3,2,,1,,
2020-01,Social Security,Plaintiff,4,2,6,3,2,,1,,
2020-02,Social Security,Plaintiff,2,3,1,7,3,,2,,2
2020-03,Social Security,Plaintiff,1,1,1,5,1,,4,,
2020-04,Social Security,Plaintiff,1,1,0,2,1,,1,,
2020-05,Social Security,Plaintiff,2,3,0,4,,,4,,
2020-06,Social Security,Plaintiff,0,2,0,8,3,,1,,4
2020-07,Social Security,Plaintiff,3,0,0,0,,,,,
2020-08,Social Security,Plaintiff,2,2,0,5,1,1,1,,2
2020-09,Social Security,Plaintiff,4,4,0,2,1,,,,1
2020-10,Social Security,Plaintiff,1,0,0,2,1,,1,,
2020-11,Social Security,Plaintiff,1,0,0,3,,,3,,
2020-12,Social Security,Plaintiff,1,2,0,1,,,1,,
2021-01,Social Security,Plaintiff,5,7,0,2,,,1,,1
2021-02,Social Security,Plaintiff,2,3,1,1,,,,,1
2021-03,Social Security,Plaintiff,5,1,0,5,3,,2,,
2021-04,Social Security,Plaintiff,3,3,0,0,,,,,
2021-05,Social Security,Plaintiff,0,2,0,1,,,,,1
2021-06,Social Security,Plaintiff,3,3,0,2,1,,1,,
2021-07,Social Security,Plaintiff,2,2,0,4,2,,,,2
2021-08,Social Security,Plaintiff,10,9,0,5,2,,1,,2
2021-09,Social Security,Plaintiff,1,2,0,1,,,1,,
2021-10,Social Security,Plaintiff,2,0,1,2,1,,,1,
2021-11,Social Security,Plaintiff,1,1,0,3,1,,1,,1
2021-12,Social Security,Plaintiff,0,0,1,2,,,,,2
2022-01,Social Security,Plaintiff,0,0,0,1,,,1,,
2022-02,Social Security,Plaintiff,2,3,1,4,3,,,,1
2022-03,Social Security,Plaintiff,3,3,0,5,1,,2,,2
2022-04,Social Security,Plaintiff,2,0,0,0,,,,,
2022-05,Social Security,Plaintiff,7,7,0,1,1,,,,
2022-06,Social Security,Plaintiff,4,6,0,1,1,,,,
2022-07,Social Security,Plaintiff,3,0,0,6,1,,3,,2
2022-08,Social Security,Plaintiff,1,1,0,4,3,,,,1
2022-09,Social Security,Plaintiff,0,0,0,8,2,,3,,3
2022-10,Social Security,Plaintiff,1,2,0,4,1,,,,3
2022-11,Social Security,Plaintiff,1,1,0,1,,,,1,
2023-01,Social Security,Plaintiff,4,4,0,1,1,,,,
2023-02,Social Security,Plaintiff,2,2,0,3,2,,1,,
2023-03,Social Security,Plaintiff,1,1,0,3,1,,1,,1
2023-04,Social Security,Plaintiff,6,6,0,0,,,,,
2023-05,Social Security,Plaintiff,2,2,0,2,2,,,,
2023-08,Social Security,Plaintiff,3,3,0,8,5,,3,,
2023-09,Social Security,Plaintiff,0,1,0,3,,,1,,2
2023-10,Social Security,Plaintiff,3,2,0,2,1,,,,1
2023-11,Social Security,Plaintiff,1,1,0,0,,,,,
2023-12,Social Security,Plaintiff,0,0,0,2,1,,1,,
2024-01,Social Security,Plaintiff,0,0,0,3,1,,,,2
2024-02,Social Security,Plaintiff,0,0,0,4,1,,2,,1
2024-03,Social Security,Plaintiff,0,0,0,1,,,,,1
2024-04,Social Security,Plaintiff,0,1,0,0,,,,,
2024-05,Social Security,Plaintiff,1,1,0,0,,,,,
2024-06,Social Security,Plaintiff,2,2,1,1,,,1,,
2024-07,Social Security,Plaintiff,2,0,0,0,,,,,
2024-08,Social Security,Plaintiff,2,2,1,3,2,,1,,
2024-09,Social Security,Plaintiff,1,1,0,4,2,,2,,
2024-10,Social Security,Plaintiff,0,0,0,3,1,,1,,1
2024-11,Social Security,Plaintiff,1,1,0,0,,,,,
2024-12,Social Security,Plaintiff,3,3,0,1,,,,,1
2025-01,Social Security,Plaintiff,0,0,0,1,,,,,1
2025-02,Social Security,Plaintiff,3,3,0,1,,,,,1
2025-03,Social Security,Plaintiff,3,3,0,0,,,,,
2025-04,Social Security,Plaintiff,1,1,0,1,1,,,,
2025-05,Social Security,Plaintiff,1,1,0,1,,,1,,
2025-07,Social Security,Plaintiff,1,1,0,0,,,,,
2025-09,Social Security,Plaintiff,2,2,0,2,1,,1,,
2025-10,Social Security,Plaintiff,2,2,0,0,,,,,
2025-11,Social Security,Plaintiff,4,4,0,0,,,,,
2025-12,Social Security,Plaintiff,1,1,0,0,,,,,
2026-01,Social Security,Plaintiff,2,2,0,0,,,,,
2026-02,Social Security,Plaintiff,2,2,0,4,1,,3,,
2026-04,Social Security,Plaintiff,3,3,0,0,,,,,
2026-05,Social Security,Plaintiff,0,0,1,0,,,,,
2002-05,Terrorism,Plaintiff,1,0,0,0,,,,,
2002-07,Terrorism,Plaintiff,0,0,1,0,,,,,
2002-09,Terrorism,Plaintiff,1,1,0,0,,,,,
2002-10,Terrorism,Plaintiff,2,1,0,0,,,,,
2003-01,Terrorism,Plaintiff,1,0,0,0,,,,,
2003-02,Terrorism,Plaintiff,1,0,0,0,,,,,
2003-03,Terrorism,Plaintiff,1,1,1,0,,,,,
2003-06,Terrorism,Plaintiff,0,0,1,0,,,,,
2004-02,Terrorism,Plaintiff,0,0,0,1,,,,,1
2009-06,Terrorism,Plaintiff,0,0,0,2,,,,,2
2009-10,Terrorism,Plaintiff,1,1,0,0,,,,,
2011-06,Terrorism,Plaintiff,0,0,1,0,,,,,
2011-07,Terrorism,Plaintiff,1,0,0,0,,,,,
2011-11,Terrorism,Plaintiff,1,0,0,0,,,,,
2012-02,Terrorism,Plaintiff,0,1,1,1,,,,,1
2012-04,Terrorism,Plaintiff,1,0,0,0,,,,,
2012-06,Terrorism,Plaintiff,1,1,0,0,,,,,
2013-03,Terrorism,Plaintiff,0,1,0,0,,,,,
2013-06,Terrorism,Plaintiff,1,0,0,0,,,,,
2014-12,Terrorism,Plaintiff,0,0,0,1,1,,,,
2015-02,Terrorism,Plaintiff,1,0,0,0,,,,,
2015-08,Terrorism,Plaintiff,1,0,0,0,,,,,
2015-12,Terrorism,Plaintiff,0,0,1,0,,,,,
2016-05,Terrorism,Plaintiff,0,0,0,1,1,,,,
2016-07,Terrorism,Plaintiff,1,0,0,0,,,,,
2016-08,Terrorism,Plaintiff,2,1,1,0,,,,,
2016-09,Terrorism,Plaintiff,0,0,1,0,,,,,
2016-11,Terrorism,Plaintiff,0,0,1,0,,,,,
2017-03,Terrorism,Plaintiff,0,0,0,1,,,,,1
2020-03,Terrorism,Plaintiff,0,0,1,0,,,,,
2022-04,Terrorism,Plaintiff,1,0,0,0,,,,,
2023-08,Terrorism,Plaintiff,1,1,1,1,,,,,1
2023-09,Terrorism,Plaintiff,0,0,0,1,,,,,1
1994-10,Torts,Plaintiff,11,8,1,1,,,,,1
1994-11,Torts,Plaintiff,12,9,1,4,1,,,,3
1994-12,Torts,Plaintiff,9,5,5,6,,,1,,5
1995-01,Torts,Plaintiff,15,6,4,6,1,,,,5
1995-02,Torts,Plaintiff,10,5,6,5,,,,,5
1995-03,Torts,Plaintiff,18,7,3,9,,,,,9
1995-04,Torts,Plaintiff,5,3,7,8,,,,,8
1995-05,Torts,Plaintiff,17,12,6,10,1,,,,9
1995-06,Torts,Plaintiff,8,6,6,14,2,,1,,11
1995-07,Torts,Plaintiff,7,3,5,4,,,,,4
1995-08,Torts,Plaintiff,13,12,6,6,,,1,,5
1995-09,Torts,Plaintiff,13,9,10,10,2,,,,8
1995-10,Torts,Plaintiff,18,13,4,2,,,,,2
1995-11,Torts,Plaintiff,15,12,3,6,,,,,6
1995-12,Torts,Plaintiff,8,7,5,6,2,,,,4
1996-01,Torts,Plaintiff,12,8,2,6,1,,,,5
1996-02,Torts,Plaintiff,23,13,2,15,1,,,,14
1996-03,Torts,Plaintiff,6,5,5,10,1,,,,9
1996-04,Torts,Plaintiff,17,12,6,10,,,,,10
1996-05,Torts,Plaintiff,25,9,2,11,,,,,11
1996-06,Torts,Plaintiff,19,13,10,8,1,,,,7
1996-07,Torts,Plaintiff,20,6,7,12,,,,,12
1996-08,Torts,Plaintiff,19,10,0,3,,,,,3
1996-09,Torts,Plaintiff,20,9,4,13,1,,,,12
1996-10,Torts,Plaintiff,14,8,7,5,,,,,5
1996-11,Torts,Plaintiff,11,7,0,10,,,,,10
1996-12,Torts,Plaintiff,12,6,5,11,,,,,11
1997-01,Torts,Plaintiff,14,14,5,8,1,,,,7
1997-02,Torts,Plaintiff,9,10,3,7,1,,,,6
1997-03,Torts,Plaintiff,16,5,4,7,,,,,7
1997-04,Torts,Plaintiff,20,11,2,19,3,,,,16
1997-05,Torts,Plaintiff,17,7,4,13,,1,,,12
1997-06,Torts,Plaintiff,9,8,8,13,1,,,,12
1997-07,Torts,Plaintiff,14,17,3,13,1,,,,12
1997-08,Torts,Plaintiff,11,6,4,4,1,,,,3
1997-09,Torts,Plaintiff,18,5,7,11,,,1,,10
1997-10,Torts,Plaintiff,24,14,3,4,,,,,4
1997-11,Torts,Plaintiff,10,5,4,16,,,,,16
1997-12,Torts,Plaintiff,18,9,1,9,,,,,9
1998-01,Torts,Plaintiff,14,6,7,10,3,,,,7
1998-02,Torts,Plaintiff,23,9,17,6,1,,,,5
1998-03,Torts,Plaintiff,23,10,19,14,,,2,,12
1998-04,Torts,Plaintiff,18,6,16,8,,,,,8
1998-05,Torts,Plaintiff,16,8,5,12,3,,,,9
1998-06,Torts,Plaintiff,20,6,4,10,1,,1,,8
1998-07,Torts,Plaintiff,12,6,19,13,1,,,,12
1998-08,Torts,Plaintiff,7,2,17,3,,,,,3
1998-09,Torts,Plaintiff,13,8,12,9,,,1,,8
1998-10,Torts,Plaintiff,15,7,7,4,,,,,4
1998-11,Torts,Plaintiff,12,11,4,5,,,,,5
1998-12,Torts,Plaintiff,15,14,8,8,,,,1,7
1999-01,Torts,Plaintiff,13,7,5,5,1,,,,4
1999-02,Torts,Plaintiff,11,7,3,12,,2,,,10
1999-03,Torts,Plaintiff,10,6,6,7,1,2,,,4
1999-04,Torts,Plaintiff,14,7,6,12,,,,,12
1999-05,Torts,Plaintiff,9,8,2,5,,,,,5
1999-06,Torts,Plaintiff,11,10,8,10,1,1,1,,7
1999-07,Torts,Plaintiff,15,10,2,8,1,,,,7
1999-08,Torts,Plaintiff,25,10,8,6,,,,,6
1999-09,Torts,Plaintiff,20,6,4,5,1,1,,,3
1999-10,Torts,Plaintiff,14,9,3,9,1,4,,2,2
1999-11,Torts,Plaintiff,7,10,3,6,2,2,1,1,
1999-12,Torts,Plaintiff,9,3,5,10,2,8,,,
2000-01,Torts,Plaintiff,16,11,1,10,5,2,1,,2
2000-02,Torts,Plaintiff,12,7,12,7,,5,2,,
2000-03,Torts,Plaintiff,18,9,10,9,2,4,,,3
2000-04,Torts,Plaintiff,17,10,5,6,1,3,,,2
2000-05,Torts,Plaintiff,19,8,0,8,,7,,,1
2000-06,Torts,Plaintiff,20,12,8,12,2,4,2,,4
2000-07,Torts,Plaintiff,19,8,3,6,,3,,,3
2000-08,Torts,Plaintiff,13,6,5,7,2,1,1,1,2
2000-09,Torts,Plaintiff,19,8,4,4,1,2,1,,
2000-10,Torts,Plaintiff,23,7,8,11,2,5,1,,3
2000-11,Torts,Plaintiff,20,9,3,4,,2,,1,1
2000-12,Torts,Plaintiff,14,5,9,9,4,1,1,,3
2001-01,Torts,Plaintiff,23,9,16,12,1,6,,,5
2001-02,Torts,Plaintiff,22,8,9,4,1,2,,,1
2001-03,Torts,Plaintiff,30,10,23,12,2,6,,1,3
2001-04,Torts,Plaintiff,23,7,14,8,2,2,1,,3
2001-05,Torts,Plaintiff,24,19,26,8,2,2,1,,3
2001-06,Torts,Plaintiff,20,7,5,8,1,4,,,3
2001-07,Torts,Plaintiff,20,8,6,12,2,7,,1,2
2001-08,Torts,Plaintiff,13,12,21,6,,3,1,,2
2001-09,Torts,Plaintiff,20,6,10,7,2,4,,,1
2001-10,Torts,Plaintiff,24,6,12,8,1,5,,1,1
2001-11,Torts,Plaintiff,27,11,14,10,,8,1,,1
2001-12,Torts,Plaintiff,11,10,5,7,1,5,,,1
2002-01,Torts,Plaintiff,25,6,6,8,2,4,1,,1
2002-02,Torts,Plaintiff,11,8,16,5,1,2,,,2
2002-03,Torts,Plaintiff,21,8,17,7,2,4,,,1
2002-04,Torts,Plaintiff,18,13,6,9,2,2,1,1,3
2002-05,Torts,Plaintiff,24,8,11,7,,4,,,3
2002-06,Torts,Plaintiff,23,9,6,5,,4,,,1
2002-07,Torts,Plaintiff,22,7,5,15,,9,,,6
2002-08,Torts,Plaintiff,26,10,3,8,1,5,,,2
2002-09,Torts,Plaintiff,29,8,17,8,1,6,,1,
2002-10,Torts,Plaintiff,38,15,15,11,,9,1,,1
2002-11,Torts,Plaintiff,16,10,18,9,,6,,1,2
2002-12,Torts,Plaintiff,18,8,12,8,,5,1,1,1
2003-01,Torts,Plaintiff,15,10,17,8,1,4,2,,1
2003-02,Torts,Plaintiff,18,4,16,11,,8,,1,2
2003-03,Torts,Plaintiff,8,6,12,7,,5,1,,1
2003-04,Torts,Plaintiff,28,6,11,6,,2,,1,3
2003-05,Torts,Plaintiff,16,7,22,8,,8,,,
2003-06,Torts,Plaintiff,10,6,24,9,,6,1,1,1
2003-07,Torts,Plaintiff,12,10,6,13,,11,,,2
2003-08,Torts,Plaintiff,10,5,9,5,,5,,,
2003-09,Torts,Plaintiff,11,9,5,5,2,2,,,1
2003-10,Torts,Plaintiff,18,11,8,12,4,6,1,,1
2003-11,Torts,Plaintiff,13,4,3,7,,5,,,2
2003-12,Torts,Plaintiff,9,9,2,3,,2,,,1
2004-01,Torts,Plaintiff,10,11,5,6,,5,,1,
2004-02,Torts,Plaintiff,14,5,0,7,1,4,,2,
2004-03,Torts,Plaintiff,7,5,18,10,2,7,,,1
2004-04,Torts,Plaintiff,15,10,1,9,,8,,,1
2004-05,Torts,Plaintiff,13,4,4,9,,7,,,2
2004-06,Torts,Plaintiff,11,7,3,7,1,4,1,1,
2004-07,Torts,Plaintiff,10,9,0,8,,6,,,2
2004-08,Torts,Plaintiff,16,11,2,6,2,3,,,1
2004-09,Torts,Plaintiff,16,7,4,9,1,5,,,3
2004-10,Torts,Plaintiff,15,7,1,10,,8,,,2
2004-11,Torts,Plaintiff,9,6,5,9,,6,,1,2
2004-12,Torts,Plaintiff,13,5,3,1,,1,,,
2005-01,Torts,Plaintiff,18,17,4,11,2,8,1,,
2005-02,Torts,Plaintiff,13,9,1,3,,1,,1,1
2005-03,Torts,Plaintiff,5,5,7,10,1,7,,,2
2005-04,Torts,Plaintiff,6,8,3,6,,5,,,1
2005-05,Torts,Plaintiff,9,8,4,8,3,2,,1,2
2005-06,Torts,Plaintiff,6,11,3,10,2,8,,,
2005-07,Torts,Plaintiff,11,10,4,6,,6,,,
2005-08,Torts,Plaintiff,14,13,3,10,,7,,2,1
2005-09,Torts,Plaintiff,10,14,3,11,2,7,,,2
2005-10,Torts,Plaintiff,12,8,4,7,,5,,1,1
2005-11,Torts,Plaintiff,10,3,4,7,,4,,1,2
2005-12,Torts,Plaintiff,2,3,1,13,,8,1,1,3
2006-01,Torts,Plaintiff,7,3,1,10,1,7,,,2
2006-02,Torts,Plaintiff,17,13,1,9,1,8,,,
2006-03,Torts,Plaintiff,11,5,5,10,4,3,,,3
2006-04,Torts,Plaintiff,8,10,2,3,1,,,,2
2006-05,Torts,Plaintiff,14,6,1,5,1,3,,,1
2006-06,Torts,Plaintiff,14,7,3,12,,10,,,2
2006-07,Torts,Plaintiff,19,15,4,3,,,,,3
2006-08,Torts,Plaintiff,12,17,2,9,4,,,,5
2006-09,Torts,Plaintiff,15,11,8,6,1,1,,,4
2006-10,Torts,Plaintiff,21,9,4,7,3,,,1,3
2006-11,Torts,Plaintiff,8,7,1,10,9,,,,1
2006-12,Torts,Plaintiff,7,10,0,7,4,3,,,
2007-01,Torts,Plaintiff,14,10,3,10,8,1,,,1
2007-02,Torts,Plaintiff,19,15,4,7,5,2,,,
2007-03,Torts,Plaintiff,17,8,5,9,4,1,,,4
2007-04,Torts,Plaintiff,14,12,3,6,3,1,,1,1
2007-05,Torts,Plaintiff,16,7,4,13,6,2,1,,4
2007-06,Torts,Plaintiff,20,16,2,9,7,,1,,1
2007-07,Torts,Plaintiff,20,15,4,6,6,,,,
2007-08,Torts,Plaintiff,21,19,6,7,5,1,,,1
2007-09,Torts,Plaintiff,16,15,2,6,2,2,,,2
2007-10,Torts,Plaintiff,11,6,5,12,9,3,,,
2007-11,Torts,Plaintiff,15,5,5,12,7,,2,1,2
2007-12,Torts,Plaintiff,11,9,3,5,2,1,,,2
2008-01,Torts,Plaintiff,8,5,4,6,,2,1,1,2
2008-02,Torts,Plaintiff,11,7,1,10,8,,,1,1
2008-03,Torts,Plaintiff,9,11,3,14,10,,,,4
2008-04,Torts,Plaintiff,20,6,6,10,7,2,,1,
2008-05,Torts,Plaintiff,8,15,0,9,5,1,2,,1
2008-06,Torts,Plaintiff,15,7,2,11,5,2,,,4
2008-07,Torts,Plaintiff,19,13,8,17,15,1,1,,
2008-08,Torts,Plaintiff,12,7,1,9,7,1,,,1
2008-09,Torts,Plaintiff,11,17,10,8,1,1,,,6
2008-10,Torts,Plaintiff,17,10,1,13,10,1,,,2
2008-11,Torts,Plaintiff,14,14,1,15,13,,1,,1
2008-12,Torts,Plaintiff,21,18,1,1,,1,,,
2009-01,Torts,Plaintiff,20,17,1,2,,,,,2
2009-02,Torts,Plaintiff,8,9,4,12,8,1,,,3
2009-03,Torts,Plaintiff,10,15,4,15,13,,,1,1
2009-04,Torts,Plaintiff,19,8,6,14,9,2,,1,2
2009-05,Torts,Plaintiff,12,10,1,1,,,,,1
2009-06,Torts,Plaintiff,22,15,2,10,5,1,,1,3
2009-07,Torts,Plaintiff,14,11,4,9,1,2,,,6
2009-08,Torts,Plaintiff,21,16,3,18,2,,,,16
2009-09,Torts,Plaintiff,16,12,8,16,1,2,,1,12
2009-10,Torts,Plaintiff,17,16,4,3,2,,,,1
2009-11,Torts,Plaintiff,20,14,2,4,2,,,1,1
2009-12,Torts,Plaintiff,12,18,5,8,1,1,,,6
2010-01,Torts,Plaintiff,22,32,4,3,,1,,,2
2010-02,Torts,Plaintiff,26,17,3,3,1,1,,1,
2010-03,Torts,Plaintiff,29,15,2,15,,2,,2,11
2010-04,Torts,Plaintiff,24,18,2,8,,1,,,7
2010-05,Torts,Plaintiff,17,18,3,20,1,,,1,18
2010-06,Torts,Plaintiff,27,24,1,6,1,4,,1,
2010-07,Torts,Plaintiff,21,17,2,24,2,,,,22
2010-08,Torts,Plaintiff,23,27,2,9,,1,,2,6
2010-09,Torts,Plaintiff,27,21,5,26,1,,,1,24
2010-10,Torts,Plaintiff,27,23,2,6,,2,,,4
2010-11,Torts,Plaintiff,22,17,0,27,,1,,1,25
2010-12,Torts,Plaintiff,25,18,2,27,,1,,1,25
2011-01,Torts,Plaintiff,33,38,1,20,1,,,,19
2011-02,Torts,Plaintiff,30,23,4,5,1,,,,4
2011-03,Torts,Plaintiff,38,27,4,4,1,,,,3
2011-04,Torts,Plaintiff,21,14,5,6,,,,2,4
2011-05,Torts,Plaintiff,28,18,3,11,,,,,11
2011-06,Torts,Plaintiff,30,27,3,14,,,,3,11
2011-07,Torts,Plaintiff,26,30,3,3,1,,,1,1
2011-08,Torts,Plaintiff,35,24,2,10,1,,,2,7
2011-09,Torts,Plaintiff,19,16,2,6,,1,,,5
2011-10,Torts,Plaintiff,26,24,1,20,1,,,,19
2011-11,Torts,Plaintiff,22,16,1,42,1,3,,5,33
2011-12,Torts,Plaintiff,23,18,1,57,,2,,2,53
2012-01,Torts,Plaintiff,15,12,5,20,,2,,,18
2012-02,Torts,Plaintiff,18,26,5,15,,,,1,14
2012-03,Torts,Plaintiff,23,12,7,33,2,2,,1,28
2012-04,Torts,Plaintiff,30,27,3,19,,1,,2,16
2012-05,Torts,Plaintiff,20,22,0,13,,3,,8,2
2012-06,Torts,Plaintiff,27,24,1,11,1,1,,5,4
2012-07,Torts,Plaintiff,32,16,1,14,,1,,4,9
2012-08,Torts,Plaintiff,26,22,6,9,,,,2,7
2012-09,Torts,Plaintiff,20,25,14,8,1,1,,3,3
2012-10,Torts,Plaintiff,37,26,1,6,,,,2,4
2012-11,Torts,Plaintiff,29,19,3,6,,1,,3,2
2012-12,Torts,Plaintiff,20,19,2,2,,,,,2
2013-01,Torts,Plaintiff,33,26,1,60,,1,,4,55
2013-02,Torts,Plaintiff,25,20,5,15,1,1,,,13
2013-03,Torts,Plaintiff,41,29,2,69,,2,1,9,57
2013-04,Torts,Plaintiff,40,24,3,21,,,,4,17
2013-05,Torts,Plaintiff,21,15,2,22,1,2,,2,17
2013-06,Torts,Plaintiff,22,14,0,23,,1,,4,18
2013-07,Torts,Plaintiff,26,33,1,14,,,,2,12
2013-08,Torts,Plaintiff,47,28,2,26,,,,3,23
2013-09,Torts,Plaintiff,25,19,7,12,1,3,,1,7
2013-10,Torts,Plaintiff,21,21,1,1,,,,,1
2013-11,Torts,Plaintiff,26,21,0,29,2,,,,27
2013-12,Torts,Plaintiff,24,19,0,11,,1,,,10
2014-01,Torts,Plaintiff,28,21,1,9,,,,,9
2014-02,Torts,Plaintiff,26,25,3,17,1,,,,16
2014-03,Torts,Plaintiff,26,18,10,10,1,,,1,8
2014-04,Torts,Plaintiff,28,28,2,2,,1,,,1
2014-05,Torts,Plaintiff,22,17,5,1,,,,,1
2014-06,Torts,Plaintiff,18,20,2,5,1,,,1,3
2014-07,Torts,Plaintiff,27,18,1,7,,1,,5,1
2014-08,Torts,Plaintiff,19,16,2,31,1,,,1,29
2014-09,Torts,Plaintiff,27,21,5,4,1,1,,,2
2014-10,Torts,Plaintiff,39,24,2,0,,,,,
2014-11,Torts,Plaintiff,24,18,0,3,,2,,,1
2014-12,Torts,Plaintiff,28,22,0,16,,,,1,15
2015-01,Torts,Plaintiff,30,23,2,17,1,1,,,15
2015-02,Torts,Plaintiff,44,14,0,21,2,,,1,18
2015-03,Torts,Plaintiff,27,18,5,73,,,,1,72
2015-04,Torts,Plaintiff,22,18,2,126,,,,1,125
2015-05,Torts,Plaintiff,28,29,3,84,,1,,1,82
2015-06,Torts,Plaintiff,42,24,1,22,,,1,,21
2015-07,Torts,Plaintiff,44,35,8,14,1,,,3,10
2015-08,Torts,Plaintiff,45,25,1,41,,1,,11,29
2015-09,Torts,Plaintiff,36,28,3,10,,1,,1,8
2015-10,Torts,Plaintiff,49,22,6,19,,2,,4,13
2015-11,Torts,Plaintiff,35,22,1,20,2,4,,3,11
2015-12,Torts,Plaintiff,39,28,3,11,,,,4,7
2016-01,Torts,Plaintiff,49,23,2,3,,,,2,1
2016-02,Torts,Plaintiff,57,37,4,47,1,1,,5,40
2016-03,Torts,Plaintiff,65,23,18,20,1,,,2,17
2016-04,Torts,Plaintiff,51,26,13,6,2,1,,2,1
2016-05,Torts,Plaintiff,49,23,13,10,,,,2,8
2016-06,Torts,Plaintiff,44,25,35,2,1,,,,1
2016-07,Torts,Plaintiff,51,26,27,2,,,,,2
2016-08,Torts,Plaintiff,52,26,34,25,1,2,,4,18
2016-09,Torts,Plaintiff,56,28,32,51,,1,,2,48
2016-10,Torts,Plaintiff,56,23,7,6,,1,,3,2
2016-11,Torts,Plaintiff,47,21,32,67,,,1,3,63
2016-12,Torts,Plaintiff,56,19,40,9,,,,5,4
2017-01,Torts,Plaintiff,58,24,4,13,3,1,,5,4
2017-02,Torts,Plaintiff,59,34,17,23,,,,11,12
2017-03,Torts,Plaintiff,76,30,12,22,,,,5,17
2017-04,Torts,Plaintiff,68,25,2,16,,,,5,11
2017-05,Torts,Plaintiff,51,18,9,27,1,,,13,13
2017-06,Torts,Plaintiff,78,25,8,34,,,,7,27
2017-07,Torts,Plaintiff,40,19,9,16,1,,,5,10
2017-08,Torts,Plaintiff,56,30,5,47,,1,,1,45
2017-09,Torts,Plaintiff,67,25,3,15,,1,,2,12
2017-10,Torts,Plaintiff,62,28,7,13,,1,,3,9
2017-11,Torts,Plaintiff,69,33,3,13,,1,,3,9
2017-12,Torts,Plaintiff,55,15,2,21,,,,1,20
2018-01,Torts,Plaintiff,53,29,6,18,1,,,4,13
2018-02,Torts,Plaintiff,60,22,3,9,,,,3,6
2018-03,Torts,Plaintiff,63,32,6,23,,1,,7,15
2018-04,Torts,Plaintiff,66,18,3,19,,,,7,12
2018-05,Torts,Plaintiff,63,33,3,16,,,,3,13
2018-06,Torts,Plaintiff,45,28,4,44,,1,1,5,37
2018-07,Torts,Plaintiff,80,24,5,69,,,,4,65
2018-08,Torts,Plaintiff,108,33,3,66,,2,,3,61
2018-09,Torts,Plaintiff,72,33,5,6,,2,,3,1
2018-10,Torts,Plaintiff,111,34,4,24,,,,4,20
2018-11,Torts,Plaintiff,98,17,65,26,,,,1,25
2018-12,Torts,Plaintiff,70,18,57,19,,,,4,15
2019-01,Torts,Plaintiff,73,29,46,12,1,1,,9,1
2019-02,Torts,Plaintiff,93,26,47,52,,2,,5,45
2019-03,Torts,Plaintiff,128,15,62,37,,,,3,34
2019-04,Torts,Plaintiff,106,25,74,27,,,,7,20
2019-05,Torts,Plaintiff,122,26,67,38,,1,,12,25
2019-06,Torts,Plaintiff,111,12,54,19,,1,,15,3
2019-07,Torts,Plaintiff,112,23,59,29,2,,,14,13
2019-08,Torts,Plaintiff,131,27,59,18,1,,,16,1
2019-09,Torts,Plaintiff,63,19,45,24,1,1,,16,6
2019-10,Torts,Plaintiff,98,22,67,31,,,,24,7
2019-11,Torts,Plaintiff,108,20,56,19,,1,,16,2
2019-12,Torts,Plaintiff,123,19,72,18,,,1,14,3
2020-01,Torts,Plaintiff,111,21,65,18,,1,,11,6
2020-02,Torts,Plaintiff,147,17,64,10,1,2,,7,
2020-03,Torts,Plaintiff,62,24,74,7,1,1,,3,2
2020-04,Torts,Plaintiff,103,29,55,33,1,,,4,28
2020-05,Torts,Plaintiff,85,20,60,23,,,,4,19
2020-06,Torts,Plaintiff,42,17,74,2,,,,,2
2020-07,Torts,Plaintiff,82,24,62,25,1,,,,24
2020-08,Torts,Plaintiff,95,21,64,20,,,,,20
2020-09,Torts,Plaintiff,90,31,57,4,,,,,4
2020-10,Torts,Plaintiff,105,24,76,12,,,,,12
2020-11,Torts,Plaintiff,48,16,40,3,,,,,3
2020-12,Torts,Plaintiff,75,26,41,10,,1,,,9
2021-01,Torts,Plaintiff,90,24,66,10,,1,1,1,7
2021-02,Torts,Plaintiff,45,15,67,17,,2,,1,14
2021-03,Torts,Plaintiff,141,29,79,27,,,,,27
2021-04,Torts,Plaintiff,108,18,62,18,,,,2,16
2021-05,Torts,Plaintiff,93,20,60,40,,,1,,39
2021-06,Torts,Plaintiff,122,14,66,52,,,,,52
2021-07,Torts,Plaintiff,114,22,75,39,,1,,,38
2021-08,Torts,Plaintiff,114,21,70,24,,,,,24
2021-09,Torts,Plaintiff,99,21,73,1,1,,,,
2021-10,Torts,Plaintiff,128,14,83,15,1,,,,14
2021-11,Torts,Plaintiff,137,22,55,20,,,,,20
2021-12,Torts,Plaintiff,42,26,45,5,,2,,,3
2022-01,Torts,Plaintiff,105,18,92,41,,,,,41
2022-02,Torts,Plaintiff,88,23,60,13,,,,,13
2022-03,Torts,Plaintiff,105,19,62,28,,,,,28
2022-04,Torts,Plaintiff,136,18,106,76,1,,,1,74
2022-05,Torts,Plaintiff,81,28,82,37,,1,,1,35
2022-06,Torts,Plaintiff,117,19,86,33,1,1,,,31
2022-07,Torts,Plaintiff,71,17,82,18,,,,,18
2022-08,Torts,Plaintiff,119,21,70,14,,1,,,13
2022-09,Torts,Plaintiff,85,20,67,13,1,3,,,9
2022-10,Torts,Plaintiff,80,20,79,1,,1,,,
2022-11,Torts,Plaintiff,64,13,68,4,,3,,,1
2022-12,Torts,Plaintiff,86,19,50,9,,9,,,
2023-01,Torts,Plaintiff,85,17,63,33,,31,,,2
2023-02,Torts,Plaintiff,88,13,55,23,1,22,,,
2023-03,Torts,Plaintiff,96,9,55,16,,11,,1,4
2023-04,Torts,Plaintiff,75,0,75,0,,,,,
2023-05,Torts,Plaintiff,38,4,59,21,,19,1,1,
2023-06,Torts,Plaintiff,38,1,61,22,1,19,,1,1
2023-07,Torts,Plaintiff,44,3,51,24,1,23,,,
2023-08,Torts,Plaintiff,65,2,56,25,,21,2,,2
2023-09,Torts,Plaintiff,7,2,29,27,,16,,3,8
2023-10,Torts,Plaintiff,28,3,30,0,,,,,
2023-11,Torts,Plaintiff,61,1,30,4,1,2,,,1
2023-12,Torts,Plaintiff,60,1,18,8,,5,,1,2
2024-01,Torts,Plaintiff,11,2,28,0,,,,,
2024-02,Torts,Plaintiff,9,2,46,1,,1,,,
2024-03,Torts,Plaintiff,16,2,31,20,,10,,1,9
2024-04,Torts,Plaintiff,11,2,36,32,,19,,,13
2024-05,Torts,Plaintiff,17,1,47,22,1,20,1,,
2024-06,Torts,Plaintiff,13,3,30,92,,75,,,17
2024-07,Torts,Plaintiff,14,2,18,13,,10,,3,
2024-08,Torts,Plaintiff,6,1,32,3,,2,,,1
2024-09,Torts,Plaintiff,15,2,31,29,,17,5,,7
2024-10,Torts,Plaintiff,16,2,33,2,,1,,,1
2024-11,Torts,Plaintiff,11,4,29,1,1,,,,
2024-12,Torts,Plaintiff,6,1,21,6,,3,,2,1
2025-01,Torts,Plaintiff,17,1,34,0,,,,,
2025-02,Torts,Plaintiff,10,0,33,1,,,,1,
2025-03,Torts,Plaintiff,19,2,64,6,1,2,,1,2
2025-04,Torts,Plaintiff,9,1,46,17,,8,2,3,4
2025-05,Torts,Plaintiff,9,1,222,15,,14,,,1
2025-06,Torts,Plaintiff,4,0,365,0,,,,,
2025-07,Torts,Plaintiff,18,0,309,16,1,9,3,2,1
2025-08,Torts,Plaintiff,8,2,171,16,,15,,1,
2025-09,Torts,Plaintiff,7,1,167,28,2,22,2,2,
2025-10,Torts,Plaintiff,16,2,3,1,,1,,,
2025-11,Torts,Plaintiff,12,1,5,2,1,,,1,
2025-12,Torts,Plaintiff,8,1,5,0,,,,,
2026-01,Torts,Plaintiff,7,0,12,1,,1,,,
2026-02,Torts,Plaintiff,9,1,9,1,,1,,,
2026-03,Torts,Plaintiff,7,0,20,1,,1,,,
2026-04,Torts,Plaintiff,7,1,3,0,,,,,
2026-05,Torts,Plaintiff,4,0,4,2,,,,,2
