ym,grp,occ,cases_filed,defendants_filed,cases_terminated,defendants_terminated,guilty,not_guilty,dismissed,rule_20_21,other
1994-10,ALL,all,2735,4538,2595,3958,3507,45,337,58,11
1994-11,ALL,all,2855,5016,2571,4051,3634,53,281,69,14
1994-12,ALL,all,2897,4827,2384,3825,3414,38,303,52,18
1995-01,ALL,all,2806,4695,2888,4483,4011,57,337,57,21
1995-02,ALL,all,2946,4855,2641,4099,3590,48,388,59,14
1995-03,ALL,all,3525,5792,3008,4527,3856,48,508,68,47
1995-04,ALL,all,3134,4819,2824,4433,3943,57,332,59,42
1995-05,ALL,all,3126,5233,2998,4766,4229,58,400,52,27
1995-06,ALL,all,3417,5907,3106,4758,4272,60,309,78,39
1995-07,ALL,all,2814,4513,2628,4173,3728,34,324,60,27
1995-08,ALL,all,3284,5362,2878,4509,4030,44,338,66,31
1995-09,ALL,all,3284,5705,2854,4392,3919,36,330,75,32
1995-10,ALL,all,3078,4805,2908,4352,3831,43,378,64,36
1995-11,ALL,all,3295,5363,3164,4769,4271,61,335,78,24
1995-12,ALL,all,2849,4882,2673,4172,3753,48,308,42,21
1996-01,ALL,all,3114,4723,3111,4488,4059,41,315,50,23
1996-02,ALL,all,3569,5633,3066,4742,4270,55,305,77,35
1996-03,ALL,all,3563,5597,3137,4746,4325,54,287,44,36
1996-04,ALL,all,3556,5447,3155,4778,4375,40,268,66,29
1996-05,ALL,all,3486,5819,3259,4977,4514,50,314,75,24
1996-06,ALL,all,3245,5333,3122,4899,4295,58,418,67,61
1996-07,ALL,all,3240,5071,3208,4727,4303,50,304,57,13
1996-08,ALL,all,3396,5422,3092,4463,4031,37,308,57,30
1996-09,ALL,all,3662,5750,3190,4764,4328,40,300,56,40
1996-10,ALL,all,3419,5258,3205,4736,4355,28,274,50,29
1996-11,ALL,all,3088,4914,2872,4472,3958,30,286,60,138
1996-12,ALL,all,2974,4620,2780,4056,3629,56,286,61,24
1997-01,ALL,all,3351,5015,3330,4972,4452,29,403,49,39
1997-02,ALL,all,3558,5671,3012,4538,4105,43,307,58,25
1997-03,ALL,all,3615,5698,2959,4646,4187,51,319,48,41
1997-04,ALL,all,3857,6446,3136,4860,4439,34,297,68,22
1997-05,ALL,all,3595,5826,2996,4676,4270,28,295,58,25
1997-06,ALL,all,3634,5647,2970,4495,3975,44,353,101,22
1997-07,ALL,all,3664,5702,2936,4309,3891,45,309,47,17
1997-08,ALL,all,3349,5541,2545,3880,3524,36,218,54,48
1997-09,ALL,all,3880,6194,2966,4736,4021,28,279,45,363
1997-10,ALL,all,3714,5898,3351,5246,4716,49,375,67,39
1997-11,ALL,all,3153,5047,2918,4422,4120,25,236,28,13
1997-12,ALL,all,3583,5564,3352,5042,4572,51,240,47,132
1998-01,ALL,all,3511,5351,3441,5389,5006,41,258,56,28
1998-02,ALL,all,3841,5835,3558,5516,5074,40,344,42,16
1998-03,ALL,all,4414,6760,3618,5670,5248,38,309,61,14
1998-04,ALL,all,4698,7260,3643,5493,5096,40,281,53,23
1998-05,ALL,all,3799,6049,3581,5470,5036,43,305,42,44
1998-06,ALL,all,4146,6461,3941,6079,5641,30,336,47,25
1998-07,ALL,all,4242,6622,4070,6238,5846,33,304,32,23
1998-08,ALL,all,3932,5852,3492,5194,4834,34,238,52,36
1998-09,ALL,all,4213,6646,3875,5984,5459,59,330,60,76
1998-10,ALL,all,4027,5996,4130,6018,5560,45,325,61,27
1998-11,ALL,all,3653,5488,3714,5511,5082,47,310,53,19
1998-12,ALL,all,3884,6107,3643,5527,5145,35,265,53,29
1999-01,ALL,all,3437,5114,3858,5692,5250,31,349,46,16
1999-02,ALL,all,3969,6003,3686,5547,5176,49,262,38,22
1999-03,ALL,all,4796,7463,4396,6535,6054,45,350,48,38
1999-04,ALL,all,4595,6933,4082,6026,5553,42,372,43,16
1999-05,ALL,all,3968,6191,3745,5858,5471,29,287,46,25
1999-06,ALL,all,4338,6222,4149,6316,5847,40,342,66,21
1999-07,ALL,all,4132,6332,3971,5965,5522,45,291,64,43
1999-08,ALL,all,4285,6589,4161,6052,5609,39,343,36,25
1999-09,ALL,all,4590,6966,4350,6388,5949,41,339,39,20
1999-10,ALL,all,3976,5797,4053,6071,5692,26,307,37,9
1999-11,ALL,all,3705,5564,3975,5882,5542,28,260,32,20
1999-12,ALL,all,3954,6053,3897,5716,5320,44,295,36,21
2000-01,ALL,all,3621,5224,4269,6256,5843,40,298,40,35
2000-02,ALL,all,4544,6782,4137,6203,5737,40,363,54,9
2000-03,ALL,all,5505,8118,4374,6657,6203,34,341,43,36
2000-04,ALL,all,4666,7045,3942,5716,5304,28,325,40,19
2000-05,ALL,all,4795,7293,4242,6262,5850,37,297,58,20
2000-06,ALL,all,5086,7849,4548,6688,6273,52,277,52,34
2000-07,ALL,all,4360,6228,4108,5874,5507,30,244,65,28
2000-08,ALL,all,4764,7329,4420,6552,6106,34,321,58,33
2000-09,ALL,all,4675,6853,4588,6940,6417,62,320,67,74
2000-10,ALL,all,4188,6308,4407,6585,6113,36,321,53,62
2000-11,ALL,all,4390,6332,4038,5999,5615,51,257,43,33
2000-12,ALL,all,3662,5559,3989,5802,5423,41,297,32,9
2001-01,ALL,all,4006,5913,4747,6849,6410,28,323,50,38
2001-02,ALL,all,4538,6493,4185,6083,5736,41,247,39,20
2001-03,ALL,all,4994,7542,4480,6648,6155,37,363,64,29
2001-04,ALL,all,4695,6778,4115,5951,5550,23,328,38,12
2001-05,ALL,all,4801,7249,4387,6459,6033,40,320,43,23
2001-06,ALL,all,4682,7114,4494,6545,6104,47,352,35,7
2001-07,ALL,all,4207,6392,4108,6220,5786,26,336,50,22
2001-08,ALL,all,4957,7464,4735,6806,6222,33,391,45,115
2001-09,ALL,all,4005,5987,4053,5984,5592,28,300,40,24
2001-10,ALL,all,4433,6404,4692,6872,6400,44,350,55,23
2001-11,ALL,all,4279,6242,4444,6428,6067,36,288,26,11
2001-12,ALL,all,3979,5799,3884,5625,5322,33,221,30,19
2002-01,ALL,all,4236,6089,4862,6893,6480,33,323,45,12
2002-02,ALL,all,4468,6540,3967,5775,5458,30,254,17,16
2002-03,ALL,all,4735,7081,4213,6212,5783,27,325,53,24
2002-04,ALL,all,5280,7421,4746,6951,6538,37,318,42,16
2002-05,ALL,all,5426,7823,4503,6908,6450,41,331,55,31
2002-06,ALL,all,4670,6807,4346,6315,5920,31,308,36,20
2002-07,ALL,all,4836,7073,4720,7141,6631,23,422,53,12
2002-08,ALL,all,4918,7139,4524,6691,6228,38,351,45,29
2002-09,ALL,all,4806,7004,4671,6865,6345,28,430,43,19
2002-10,ALL,all,5019,7293,5293,7813,7352,38,354,53,16
2002-11,ALL,all,4387,6444,4538,6506,6112,57,286,39,12
2002-12,ALL,all,4456,6434,4349,6225,5896,29,238,52,10
2003-01,ALL,all,4788,6691,5103,7207,6750,37,330,52,38
2003-02,ALL,all,5136,7645,4553,6618,6203,45,304,38,28
2003-03,ALL,all,5220,7476,4809,7067,6494,44,462,52,15
2003-04,ALL,all,5502,8214,4774,7064,6587,56,361,50,10
2003-05,ALL,all,5238,7462,4726,6919,6535,42,284,37,21
2003-06,ALL,all,4869,6976,4698,6837,6408,60,302,56,11
2003-07,ALL,all,5126,7503,4925,7068,6592,45,345,61,25
2003-08,ALL,all,4905,7075,4692,6588,6145,37,339,45,22
2003-09,ALL,all,4957,7175,5051,7128,6735,47,288,41,17
2003-10,ALL,all,5202,7581,5167,7252,6821,42,341,34,14
2003-11,ALL,all,4374,6185,4290,6214,5837,33,280,42,22
2003-12,ALL,all,4754,7089,4639,6735,6358,52,251,47,27
2004-01,ALL,all,4305,6110,5040,7199,6758,33,340,35,33
2004-02,ALL,all,5151,7388,4631,6698,6243,39,358,40,18
2004-03,ALL,all,5974,8675,5068,7196,6654,45,417,56,24
2004-04,ALL,all,5874,8500,4925,6971,6507,42,323,62,37
2004-05,ALL,all,4988,7296,4694,6666,6189,32,395,37,13
2004-06,ALL,all,5339,7752,4700,6668,6218,23,362,46,19
2004-07,ALL,all,4642,6637,4350,5987,5595,38,290,33,31
2004-08,ALL,all,5086,7415,4942,6837,6444,35,318,32,8
2004-09,ALL,all,5510,7871,4781,6550,6103,52,315,52,28
2004-10,ALL,all,4616,6544,4767,6528,6054,48,384,33,9
2004-11,ALL,all,4585,6567,4486,6301,5973,29,260,29,10
2004-12,ALL,all,4594,6498,4610,6286,5921,35,291,29,10
2005-01,ALL,all,4083,6019,4782,6805,6370,30,359,30,16
2005-02,ALL,all,4799,6782,4944,7108,6656,32,355,33,32
2005-03,ALL,all,6106,8836,5302,7807,7302,47,387,47,24
2005-04,ALL,all,5259,7480,5164,7477,7030,32,353,49,13
2005-05,ALL,all,5153,7581,4976,6877,6444,54,312,50,17
2005-06,ALL,all,5085,7649,5195,7343,6961,35,290,42,15
2005-07,ALL,all,4644,6703,4556,6410,5995,23,334,43,15
2005-08,ALL,all,5109,7183,5584,7710,7336,27,289,43,15
2005-09,ALL,all,5096,7562,5122,7376,7000,32,299,30,15
2005-10,ALL,all,4377,6325,4846,6797,6424,30,297,24,22
2005-11,ALL,all,4687,6679,4836,7050,6743,30,245,25,7
2005-12,ALL,all,4376,6442,4540,6489,6189,36,229,32,3
2006-01,ALL,all,4254,6145,5357,7500,7099,36,320,25,20
2006-02,ALL,all,4683,6453,4649,6692,6314,33,302,28,15
2006-03,ALL,all,5576,8123,5175,7495,6960,39,431,47,18
2006-04,ALL,all,4738,6658,4582,6725,6393,32,265,28,7
2006-05,ALL,all,4982,7046,5038,7393,6954,44,337,50,8
2006-06,ALL,all,5061,7444,5354,7893,7499,45,318,26,5
2006-07,ALL,all,4179,5987,4474,6363,5978,41,282,38,24
2006-08,ALL,all,4953,7028,5700,8036,7655,26,303,31,21
2006-09,ALL,all,4790,7122,4974,7284,6924,30,277,34,19
2006-10,ALL,all,4441,6335,4962,7219,6826,39,309,24,21
2006-11,ALL,all,4556,6465,4816,6988,6640,31,265,28,24
2006-12,ALL,all,4024,5923,4317,6311,5990,28,247,28,18
2007-01,ALL,all,4243,5853,5087,7420,7041,26,306,21,26
2007-02,ALL,all,4552,6518,4621,6640,6294,28,281,27,10
2007-03,ALL,all,5274,7509,4921,7368,6956,28,332,38,14
2007-04,ALL,all,4987,7015,4803,6795,6488,25,239,28,15
2007-05,ALL,all,5578,7857,4772,7088,6649,31,372,17,19
2007-06,ALL,all,5089,7350,4932,7192,6810,21,314,19,28
2007-07,ALL,all,4571,6535,4539,6404,6002,31,293,34,44
2007-08,ALL,all,5334,7678,5151,7031,6626,33,315,32,25
2007-09,ALL,all,4978,7288,5003,6877,6485,29,293,35,35
2007-10,ALL,all,4938,6962,5245,7461,6924,40,425,36,36
2007-11,ALL,all,4826,6797,5526,7854,7434,28,354,25,13
2007-12,ALL,all,4301,6351,4411,6276,5964,32,244,24,12
2008-01,ALL,all,4582,6323,5442,7744,7302,31,344,48,19
2008-02,ALL,all,4857,6811,5024,7035,6624,22,325,43,21
2008-03,ALL,all,5164,7091,4619,6492,6117,26,295,33,21
2008-04,ALL,all,5934,8146,5531,7590,7124,49,356,40,21
2008-05,ALL,all,5878,8443,5219,7497,7097,30,314,26,30
2008-06,ALL,all,5242,7448,5383,7598,7223,24,308,27,16
2008-07,ALL,all,5400,7444,5287,7711,7298,23,336,31,23
2008-08,ALL,all,5156,7195,5263,7691,7341,22,287,26,15
2008-09,ALL,all,5312,7723,5841,8099,7686,26,345,23,19
2008-10,ALL,all,5466,7662,5789,8375,7907,36,376,35,21
2008-11,ALL,all,4868,6677,4900,6701,6379,36,255,20,11
2008-12,ALL,all,5244,7451,5365,7851,7448,36,306,29,32
2009-01,ALL,all,4504,6130,5671,7902,7499,26,335,29,13
2009-02,ALL,all,5564,7499,5446,7670,7207,35,360,23,45
2009-03,ALL,all,5913,8052,5672,8106,7651,42,331,28,54
2009-04,ALL,all,6328,8850,5647,7981,7563,27,314,27,50
2009-05,ALL,all,5402,7854,5034,7008,6593,24,318,29,44
2009-06,ALL,all,5733,8053,6014,8296,7877,29,362,17,11
2009-07,ALL,all,5892,8037,5591,7515,7105,21,346,32,11
2009-08,ALL,all,5354,7183,5296,7436,7060,17,306,31,22
2009-09,ALL,all,6111,8456,6115,8634,8122,37,389,44,42
2009-10,ALL,all,5357,7696,6023,8334,7861,25,373,41,34
2009-11,ALL,all,4747,6541,5350,7157,6825,25,254,32,21
2009-12,ALL,all,5214,7245,5340,7487,7180,23,249,16,19
2010-01,ALL,all,4644,6216,5585,7736,7280,32,349,44,31
2010-02,ALL,all,5038,6634,5133,7125,6811,19,252,29,14
2010-03,ALL,all,6669,8933,6286,8778,8315,33,367,36,27
2010-04,ALL,all,6301,8807,5625,7734,7334,36,309,31,24
2010-05,ALL,all,5843,8229,5321,7237,6862,25,303,18,29
2010-06,ALL,all,6273,9416,6092,8278,7916,22,305,22,13
2010-07,ALL,all,5438,7685,5696,7606,7261,20,281,35,9
2010-08,ALL,all,5446,7475,5394,7614,7185,25,355,29,20
2010-09,ALL,all,5911,8460,5663,7872,7474,11,339,20,28
2010-10,ALL,all,5189,7420,5346,7202,6824,32,306,16,24
2010-11,ALL,all,5170,7487,5714,7720,7362,21,268,32,37
2010-12,ALL,all,5394,7621,5608,7609,7231,16,323,19,20
2011-01,ALL,all,4651,7308,5730,8052,7682,24,308,13,25
2011-02,ALL,all,5254,7374,5408,7492,7113,27,300,17,35
2011-03,ALL,all,6823,9577,6164,8608,8181,25,342,40,20
2011-04,ALL,all,6023,8350,5882,8083,7672,20,348,22,21
2011-05,ALL,all,5504,7953,5798,7956,7466,26,410,20,34
2011-06,ALL,all,5915,8844,5801,8130,7772,24,273,19,42
2011-07,ALL,all,5208,7320,5239,7427,7065,26,285,21,30
2011-08,ALL,all,5777,8303,6152,8864,8532,19,278,25,10
2011-09,ALL,all,5773,8333,6205,8387,7944,22,368,23,30
2011-10,ALL,all,5089,7218,5855,8240,7817,22,330,23,48
2011-11,ALL,all,5325,7353,5745,7863,7495,17,320,13,18
2011-12,ALL,all,4837,7092,4994,6937,6595,16,292,15,19
2012-01,ALL,all,4486,6683,5893,8105,7723,20,312,18,32
2012-02,ALL,all,5345,7607,5670,7814,7338,27,393,22,34
2012-03,ALL,all,5768,8134,5653,8195,7685,38,384,29,59
2012-04,ALL,all,5226,7542,5343,7562,7147,18,338,25,34
2012-05,ALL,all,6001,8747,5692,8036,7665,21,302,15,33
2012-06,ALL,all,5166,7483,5657,8248,7910,22,283,13,20
2012-07,ALL,all,4855,6884,5101,7104,6765,11,294,16,18
2012-08,ALL,all,5332,7458,5631,7872,7513,14,287,28,30
2012-09,ALL,all,4865,7047,5107,7204,6768,10,355,25,46
2012-10,ALL,all,5179,7212,5667,7980,7514,30,355,29,52
2012-11,ALL,all,4792,6685,5289,7306,6981,23,260,23,19
2012-12,ALL,all,4428,6277,4366,6361,6062,13,252,17,17
2013-01,ALL,all,4706,6657,5697,8021,7616,19,331,18,37
2013-02,ALL,all,4740,6769,4790,6869,6513,22,276,20,38
2013-03,ALL,all,5107,7443,5288,7358,6954,32,310,35,27
2013-04,ALL,all,5595,7888,5431,7747,7334,15,335,27,36
2013-05,ALL,all,5916,8364,5335,7365,6994,12,295,23,41
2013-06,ALL,all,5034,7229,4958,6904,6604,18,241,3,38
2013-07,ALL,all,4929,7077,5005,7210,6828,28,311,4,39
2013-08,ALL,all,5018,7222,5444,7538,7195,22,273,19,29
2013-09,ALL,all,4636,6852,5433,7484,7154,16,273,17,24
2013-10,ALL,all,5135,7022,5209,7581,7231,16,295,14,25
2013-11,ALL,all,4319,5987,4706,6989,6673,24,267,10,15
2013-12,ALL,all,4196,5831,4719,6863,6548,11,280,13,11
2014-01,ALL,all,3972,5436,5259,7335,6997,18,288,12,20
2014-02,ALL,all,4291,5962,4783,6752,6409,12,282,18,31
2014-03,ALL,all,4575,6468,4947,7244,6860,21,315,15,33
2014-04,ALL,all,5404,7586,5333,7597,7200,10,306,27,54
2014-05,ALL,all,4756,6873,4610,6630,6288,14,286,14,28
2014-06,ALL,all,4558,6338,5222,7447,7079,27,298,14,29
2014-07,ALL,all,4551,6325,4870,6842,6485,22,262,13,60
2014-08,ALL,all,4421,6202,4688,6897,6529,25,289,13,41
2014-09,ALL,all,4555,6538,5042,7274,6916,18,293,8,39
2014-10,ALL,all,4669,6806,5200,7612,7264,29,279,14,26
2014-11,ALL,all,3906,5523,4249,6083,5802,25,210,17,29
2014-12,ALL,all,4128,5916,4662,7014,6698,7,253,18,38
2015-01,ALL,all,3647,4934,4994,7572,7304,9,210,14,35
2015-02,ALL,all,4029,5738,4401,6456,6175,36,201,21,23
2015-03,ALL,all,4852,6881,4991,7431,7041,14,330,17,29
2015-04,ALL,all,5188,7225,4938,7135,6773,14,311,17,20
2015-05,ALL,all,4468,6355,4370,6553,6250,19,258,13,13
2015-06,ALL,all,4598,6709,4938,7178,6823,22,260,26,47
2015-07,ALL,all,4756,6774,4698,6718,6370,8,260,20,60
2015-08,ALL,all,4440,6454,4549,6736,6430,7,248,8,43
2015-09,ALL,all,4914,7343,4673,6729,6418,11,241,16,43
2015-10,ALL,all,4411,6310,4664,6747,6375,16,288,17,51
2015-11,ALL,all,3886,5595,4449,6483,6213,11,219,19,21
2015-12,ALL,all,4426,6338,4615,6361,6102,15,198,17,29
2016-01,ALL,all,3613,5102,4779,6570,6273,14,234,9,40
2016-02,ALL,all,3972,5779,4712,6570,6255,28,226,26,35
2016-03,ALL,all,5359,7463,4933,7681,7261,17,325,21,57
2016-04,ALL,all,4787,6516,4335,6171,5916,16,208,11,20
2016-05,ALL,all,4956,7077,4619,6707,6384,31,240,34,18
2016-06,ALL,all,5076,7384,5114,7398,7080,47,222,21,28
2016-07,ALL,all,3751,5415,4151,5782,5540,11,196,12,23
2016-08,ALL,all,4410,6114,4850,7122,6768,13,257,30,54
2016-09,ALL,all,4267,6225,4502,6914,6362,16,241,5,290
2016-10,ALL,all,3986,5571,4294,6273,5978,14,226,15,40
2016-11,ALL,all,4387,6050,4738,6665,6354,17,218,10,66
2016-12,ALL,all,4028,5754,4374,6221,5955,20,179,9,58
2017-01,ALL,all,3888,5254,4974,7070,6770,14,255,10,21
2017-02,ALL,all,4430,6319,4439,6478,6167,12,256,15,28
2017-03,ALL,all,4860,6604,5299,7644,7274,15,290,24,41
2017-04,ALL,all,4413,6184,4727,6776,6497,13,230,19,17
2017-05,ALL,all,4678,6747,4967,7023,6738,19,224,15,27
2017-06,ALL,all,5016,7279,5287,7321,6995,22,264,16,24
2017-07,ALL,all,4276,6262,4220,6132,5879,4,203,14,32
2017-08,ALL,all,5207,7259,5029,7212,6785,14,293,18,102
2017-09,ALL,all,4782,6562,4575,6349,6019,20,255,7,48
2017-10,ALL,all,4712,6367,5061,7350,7008,12,267,16,47
2017-11,ALL,all,5021,6906,4726,6625,6300,17,232,17,59
2017-12,ALL,all,4516,6406,4326,6150,5897,16,202,12,23
2018-01,ALL,all,4693,6218,5092,7130,6796,28,251,14,41
2018-02,ALL,all,5085,6737,4823,6926,6599,9,225,7,86
2018-03,ALL,all,5786,7943,5119,7375,6967,11,305,13,79
2018-04,ALL,all,5675,7565,5253,6979,6637,18,252,19,53
2018-05,ALL,all,6192,7961,5353,7380,7080,20,213,15,52
2018-06,ALL,all,5871,8197,5156,7007,6695,16,246,9,41
2018-07,ALL,all,4928,6683,4778,6584,6246,17,250,25,46
2018-08,ALL,all,6126,8096,5614,7348,7028,31,245,15,29
2018-09,ALL,all,5446,7507,4777,6455,6155,13,198,21,68
2018-10,ALL,all,5950,7771,5588,7681,7259,21,300,24,77
2018-11,ALL,all,5629,7487,5179,7000,6664,23,260,17,36
2018-12,ALL,all,4972,6561,4425,5721,5423,21,229,12,36
2019-01,ALL,all,5163,6887,5745,7642,7267,16,297,17,45
2019-02,ALL,all,5781,7606,4782,6350,6023,15,256,10,46
2019-03,ALL,all,5820,8078,5213,7576,7147,18,303,17,91
2019-04,ALL,all,5690,7811,5756,7915,7581,26,247,14,47
2019-05,ALL,all,5990,8101,5707,7736,7402,24,249,11,50
2019-06,ALL,all,6057,8232,5297,7183,6877,17,222,17,50
2019-07,ALL,all,6400,8239,5742,7776,7347,13,310,18,88
2019-08,ALL,all,6397,8351,6296,7815,7419,13,315,17,51
2019-09,ALL,all,6123,8328,6147,8126,7674,19,350,13,70
2019-10,ALL,all,6740,8733,6653,8875,8402,11,348,40,74
2019-11,ALL,all,5800,7560,5384,7277,6962,28,255,9,23
2019-12,ALL,all,5956,7842,5475,7299,6978,20,266,9,26
2020-01,ALL,all,5933,7426,6763,8916,8477,22,321,23,73
2020-02,ALL,all,6037,7927,5770,7608,7214,27,305,11,51
2020-03,ALL,all,4268,5473,4801,6256,5890,6,272,28,60
2020-04,ALL,all,1243,1394,2940,3644,3400,0,175,8,61
2020-05,ALL,all,2347,3103,2654,3465,3261,3,164,7,30
2020-06,ALL,all,4114,5615,3920,5172,4904,5,233,9,21
2020-07,ALL,all,4535,6339,3278,4465,4236,12,188,9,20
2020-08,ALL,all,4129,5968,3131,4320,4033,14,210,20,43
2020-09,ALL,all,5499,7441,4097,5654,5315,14,242,23,60
2020-10,ALL,all,5320,7475,4135,5824,5540,9,231,10,34
2020-11,ALL,all,4553,6276,3407,4625,4358,7,224,10,26
2020-12,ALL,all,3698,5225,3527,4518,4288,6,203,5,16
2021-01,ALL,all,3231,4304,3677,4909,4606,2,242,18,41
2021-02,ALL,all,4552,5945,3606,4894,4615,3,219,12,45
2021-03,ALL,all,5191,7201,4586,6195,5795,19,307,32,42
2021-04,ALL,all,5196,7238,4611,6168,5829,19,259,19,42
2021-05,ALL,all,4903,6714,4290,5726,5426,18,241,6,35
2021-06,ALL,all,5141,7044,4946,6389,6045,20,271,23,30
2021-07,ALL,all,4260,5784,4503,6014,5677,12,276,12,37
2021-08,ALL,all,4517,6419,4627,6227,5891,15,276,15,30
2021-09,ALL,all,4771,6500,4625,6617,6104,19,397,16,81
2021-10,ALL,all,3998,5505,4500,6108,5790,17,264,15,22
2021-11,ALL,all,3942,5369,4291,5708,5378,19,272,10,29
2021-12,ALL,all,4005,5237,4059,5608,5216,20,298,8,66
2022-01,ALL,all,2990,4058,3998,5268,4921,5,290,20,32
2022-02,ALL,all,3766,5234,4057,5777,5461,25,244,7,40
2022-03,ALL,all,5013,6684,5084,7193,6737,19,349,18,70
2022-04,ALL,all,4519,6078,4394,5996,5600,30,292,13,61
2022-05,ALL,all,4604,6002,4344,6086,5687,10,316,17,56
2022-06,ALL,all,5010,6625,4887,6838,6487,14,280,14,43
2022-07,ALL,all,3934,5208,4351,5922,5642,21,232,11,16
2022-08,ALL,all,4713,6346,5210,7291,6847,19,333,20,72
2022-09,ALL,all,4400,6035,4666,7021,6535,23,326,12,125
2022-10,ALL,all,4119,5596,4464,6322,5997,22,256,11,36
2022-11,ALL,all,4369,6081,4598,6221,5932,17,224,13,35
2022-12,ALL,all,3646,4958,3952,5693,5429,13,210,12,29
2023-01,ALL,all,3226,4225,4681,6397,6091,22,229,18,37
2023-02,ALL,all,3881,5190,4385,6140,5869,11,223,19,18
2023-03,ALL,all,4874,6325,4971,6857,6468,24,308,32,25
2023-04,ALL,all,4220,5958,4243,5987,5667,20,241,17,42
2023-05,ALL,all,4465,5922,4958,6895,6544,29,249,24,49
2023-06,ALL,all,4145,5752,4488,6482,6077,36,238,15,116
2023-07,ALL,all,3472,4766,3813,5266,4971,18,204,10,63
2023-08,ALL,all,4058,5594,4911,6875,6422,18,262,15,158
2023-09,ALL,all,3943,5513,3879,5696,5364,17,252,15,48
2023-10,ALL,all,3910,5275,4421,6085,5803,10,227,12,33
2023-11,ALL,all,4294,5749,4420,6121,5824,7,215,6,69
2023-12,ALL,all,3647,4836,3933,5228,4940,12,229,8,39
2024-01,ALL,all,3689,4959,4926,6560,6211,16,269,14,50
2024-02,ALL,all,4342,5718,4488,6141,5857,9,228,10,37
2024-03,ALL,all,4404,5714,4485,6204,5886,12,229,13,64
2024-04,ALL,all,4808,6325,4903,6684,6363,8,222,8,83
2024-05,ALL,all,5350,7003,4862,6902,6596,29,205,11,61
2024-06,ALL,all,4534,5937,4422,6037,5741,9,216,17,54
2024-07,ALL,all,4634,5887,5027,6694,6233,9,181,5,266
2024-08,ALL,all,4805,6079,4981,6510,6218,13,231,7,41
2024-09,ALL,all,4794,6131,4749,6318,6024,20,225,7,42
2024-10,ALL,all,5285,6817,5476,7131,6860,12,201,6,52
2024-11,ALL,all,4617,5853,4312,5638,5415,6,185,6,26
2024-12,ALL,all,4390,5333,4722,6705,6453,12,201,7,32
2025-01,ALL,all,4134,5079,5231,6941,6646,9,247,7,32
2025-02,ALL,all,4825,6194,4897,6357,6073,17,223,9,35
2025-03,ALL,all,5145,6511,4909,6862,6483,17,304,6,52
2025-04,ALL,all,5897,7269,5137,6878,6552,18,237,2,69
2025-05,ALL,all,6301,7619,5581,7055,6752,14,249,5,35
2025-06,ALL,all,5691,7003,5019,6416,6148,14,215,6,33
2025-07,ALL,all,5045,6209,6278,7604,7295,12,257,9,31
2025-08,ALL,all,4775,6002,5365,6572,6290,8,236,7,31
2025-09,ALL,all,5510,6786,5406,7106,6688,10,318,10,80
2025-10,ALL,all,5988,7428,5633,7204,6894,17,238,7,48
2025-11,ALL,all,4822,5761,4202,5262,5044,14,165,6,33
2025-12,ALL,all,4983,6030,4723,5683,5431,15,218,4,15
2026-01,ALL,all,4301,5186,4661,5832,5465,9,295,13,50
2026-02,ALL,all,4773,5618,4130,5245,4952,7,242,2,42
2026-03,ALL,all,5816,6779,3960,5096,4767,13,250,7,59
2026-04,ALL,all,6781,7913,3571,4492,4219,7,210,5,51
2026-05,ALL,all,5436,6518,2474,3211,2982,6,177,7,39
2026-06,ALL,all,4962,5805,1871,2462,2249,12,179,3,19
1994-10,All Other,all,393,511,354,457,366,6,71,11,3
1994-11,All Other,all,397,477,371,464,380,14,56,9,5
1994-12,All Other,all,441,573,381,501,435,8,50,7,1
1995-01,All Other,all,417,553,461,577,466,16,77,14,4
1995-02,All Other,all,403,558,376,495,409,6,69,8,3
1995-03,All Other,all,444,550,528,632,433,4,168,16,11
1995-04,All Other,all,426,509,428,529,404,19,80,15,11
1995-05,All Other,all,412,544,426,585,489,12,68,12,4
1995-06,All Other,all,420,530,442,594,505,15,58,11,5
1995-07,All Other,all,349,486,350,423,339,10,67,6,1
1995-08,All Other,all,413,517,422,529,428,10,69,15,7
1995-09,All Other,all,366,493,399,514,436,6,55,11,6
1995-10,All Other,all,377,481,362,462,379,5,60,13,5
1995-11,All Other,all,382,472,397,495,396,7,74,14,4
1995-12,All Other,all,331,393,353,480,381,8,81,7,3
1996-01,All Other,all,386,460,407,514,435,6,61,5,7
1996-02,All Other,all,365,468,344,449,378,5,54,10,2
1996-03,All Other,all,378,466,387,477,413,8,43,7,6
1996-04,All Other,all,421,493,337,428,358,11,38,15,6
1996-05,All Other,all,348,494,335,393,326,7,50,7,3
1996-06,All Other,all,343,473,333,413,335,7,57,12,2
1996-07,All Other,all,361,462,351,428,362,10,43,10,3
1996-08,All Other,all,351,454,338,402,340,3,39,13,7
1996-09,All Other,all,404,547,360,478,406,7,57,4,4
1996-10,All Other,all,379,465,366,431,360,9,45,10,7
1996-11,All Other,all,380,501,348,449,381,2,51,10,5
1996-12,All Other,all,332,376,311,406,345,8,40,8,5
1997-01,All Other,all,347,396,399,534,448,3,67,10,6
1997-02,All Other,all,406,502,345,427,362,4,48,10,3
1997-03,All Other,all,397,478,343,432,368,2,52,5,5
1997-04,All Other,all,397,467,379,434,332,17,69,12,4
1997-05,All Other,all,365,455,321,440,362,5,53,11,9
1997-06,All Other,all,381,443,371,483,397,8,55,19,4
1997-07,All Other,all,393,469,323,379,302,11,55,7,4
1997-08,All Other,all,384,511,285,305,250,4,37,5,9
1997-09,All Other,all,405,491,304,449,373,4,41,12,19
1997-10,All Other,all,367,442,355,432,351,9,59,9,4
1997-11,All Other,all,271,346,292,359,306,6,44,2,1
1997-12,All Other,all,320,431,330,404,340,8,46,5,5
1998-01,All Other,all,313,359,332,464,392,12,50,7,3
1998-02,All Other,all,330,383,332,411,362,3,40,6,0
1998-03,All Other,all,353,459,371,475,395,7,57,10,6
1998-04,All Other,all,397,512,343,417,354,8,45,8,2
1998-05,All Other,all,321,391,329,452,359,7,78,5,3
1998-06,All Other,all,356,444,358,472,396,8,52,10,6
1998-07,All Other,all,359,439,326,389,343,10,27,7,2
1998-08,All Other,all,375,443,277,366,313,6,35,9,3
1998-09,All Other,all,356,429,355,518,432,9,60,8,9
1998-10,All Other,all,325,410,373,439,358,2,65,12,2
1998-11,All Other,all,307,357,334,432,363,3,53,9,4
1998-12,All Other,all,317,384,297,346,297,5,34,7,3
1999-01,All Other,all,307,391,384,477,409,3,51,11,3
1999-02,All Other,all,361,442,301,380,324,7,41,5,3
1999-03,All Other,all,426,516,389,486,407,10,63,5,1
1999-04,All Other,all,420,557,335,395,346,6,35,5,3
1999-05,All Other,all,361,410,320,390,340,6,36,8,0
1999-06,All Other,all,384,448,375,486,411,10,51,9,5
1999-07,All Other,all,378,456,361,502,436,6,44,14,2
1999-08,All Other,all,367,439,363,452,378,1,58,8,7
1999-09,All Other,all,417,491,411,472,375,3,76,14,4
1999-10,All Other,all,344,415,375,445,379,2,55,7,2
1999-11,All Other,all,327,383,332,399,347,5,41,4,2
1999-12,All Other,all,314,381,324,418,338,5,61,9,5
2000-01,All Other,all,316,364,353,420,342,4,63,4,7
2000-02,All Other,all,395,479,373,469,404,1,56,6,2
2000-03,All Other,all,459,551,413,504,427,5,60,9,3
2000-04,All Other,all,375,459,332,381,328,1,41,9,2
2000-05,All Other,all,353,421,361,451,373,6,49,18,5
2000-06,All Other,all,594,734,392,481,416,9,32,10,14
2000-07,All Other,all,581,644,427,501,438,2,42,14,5
2000-08,All Other,all,414,483,403,444,386,1,38,11,8
2000-09,All Other,all,432,561,389,437,371,8,36,10,12
2000-10,All Other,all,361,434,383,490,417,10,44,5,14
2000-11,All Other,all,322,387,338,451,404,1,36,8,2
2000-12,All Other,all,314,403,301,369,316,6,39,7,1
2001-01,All Other,all,337,378,400,501,443,3,50,5,0
2001-02,All Other,all,370,433,460,543,474,7,46,14,2
2001-03,All Other,all,412,484,475,550,478,7,44,17,4
2001-04,All Other,all,469,526,340,415,370,6,32,6,1
2001-05,All Other,all,401,478,423,493,433,7,37,10,6
2001-06,All Other,all,420,479,426,518,474,6,32,6,0
2001-07,All Other,all,331,464,351,401,343,6,42,9,1
2001-08,All Other,all,482,592,462,521,450,5,50,12,4
2001-09,All Other,all,330,384,358,447,386,0,55,4,2
2001-10,All Other,all,401,476,379,461,414,3,33,9,2
2001-11,All Other,all,334,374,338,384,338,2,38,4,2
2001-12,All Other,all,330,419,334,398,342,4,40,9,3
2002-01,All Other,all,313,376,458,532,492,3,27,7,3
2002-02,All Other,all,328,383,284,348,323,4,17,0,4
2002-03,All Other,all,414,516,372,447,377,5,42,12,11
2002-04,All Other,all,397,501,374,467,409,6,44,6,2
2002-05,All Other,all,370,463,384,457,375,15,53,9,5
2002-06,All Other,all,388,459,316,376,324,4,41,7,0
2002-07,All Other,all,374,423,341,402,356,1,40,4,1
2002-08,All Other,all,362,408,327,392,353,3,29,7,0
2002-09,All Other,all,340,394,368,476,420,5,36,12,3
2002-10,All Other,all,372,439,440,526,457,4,52,10,3
2002-11,All Other,all,304,363,312,347,311,2,29,5,0
2002-12,All Other,all,333,443,320,377,327,7,33,7,3
2003-01,All Other,all,359,443,376,464,415,2,41,5,1
2003-02,All Other,all,358,440,329,370,329,1,27,5,8
2003-03,All Other,all,413,487,353,457,408,5,39,2,3
2003-04,All Other,all,419,478,353,425,376,4,37,8,0
2003-05,All Other,all,387,420,360,404,345,10,37,9,3
2003-06,All Other,all,329,389,378,436,355,5,57,16,3
2003-07,All Other,all,389,427,397,472,412,4,46,8,2
2003-08,All Other,all,353,382,367,431,364,5,45,12,5
2003-09,All Other,all,373,433,348,414,374,7,25,5,3
2003-10,All Other,all,396,500,449,519,461,2,47,6,3
2003-11,All Other,all,341,396,343,400,343,7,39,7,4
2003-12,All Other,all,346,448,339,401,361,6,23,7,4
2004-01,All Other,all,381,461,376,445,384,4,46,9,2
2004-02,All Other,all,406,484,337,426,363,5,45,7,6
2004-03,All Other,all,408,454,360,427,380,1,32,11,3
2004-04,All Other,all,412,511,366,424,361,8,40,14,1
2004-05,All Other,all,382,448,336,433,373,4,42,12,2
2004-06,All Other,all,398,463,344,411,365,3,24,16,3
2004-07,All Other,all,346,413,304,354,312,1,31,7,3
2004-08,All Other,all,367,438,366,427,371,1,47,6,2
2004-09,All Other,all,371,422,368,414,369,5,33,6,1
2004-10,All Other,all,350,435,342,375,326,2,42,4,1
2004-11,All Other,all,324,383,340,407,371,2,26,6,2
2004-12,All Other,all,312,372,313,357,321,6,24,6,0
2005-01,All Other,all,301,348,332,390,333,3,42,10,2
2005-02,All Other,all,326,375,350,403,351,2,41,4,5
2005-03,All Other,all,402,521,418,524,446,3,64,8,3
2005-04,All Other,all,353,392,379,444,393,6,27,13,5
2005-05,All Other,all,357,444,386,435,373,8,41,9,4
2005-06,All Other,all,378,430,385,445,391,7,39,7,1
2005-07,All Other,all,342,387,285,321,283,2,23,5,8
2005-08,All Other,all,349,401,347,441,397,1,34,5,4
2005-09,All Other,all,357,480,346,384,334,0,42,5,3
2005-10,All Other,all,291,344,356,440,390,6,34,5,5
2005-11,All Other,all,338,448,299,333,302,5,19,6,1
2005-12,All Other,all,298,345,342,427,390,1,29,7,0
2006-01,All Other,all,297,340,338,396,350,3,34,4,5
2006-02,All Other,all,284,323,353,409,368,0,34,3,4
2006-03,All Other,all,402,479,346,449,388,2,40,14,5
2006-04,All Other,all,289,327,287,337,306,3,23,4,1
2006-05,All Other,all,330,380,332,398,349,7,32,9,1
2006-06,All Other,all,306,358,370,442,385,3,47,6,1
2006-07,All Other,all,280,337,312,362,308,3,43,4,4
2006-08,All Other,all,325,362,374,426,396,3,21,6,0
2006-09,All Other,all,284,315,329,399,369,2,18,8,2
2006-10,All Other,all,263,301,315,385,349,4,26,5,1
2006-11,All Other,all,281,339,310,358,326,1,28,1,2
2006-12,All Other,all,227,293,273,320,281,1,26,4,8
2007-01,All Other,all,249,294,277,345,298,3,28,6,10
2007-02,All Other,all,238,293,271,312,276,3,26,6,1
2007-03,All Other,all,307,378,268,325,293,2,24,5,1
2007-04,All Other,all,270,336,291,334,300,3,27,4,0
2007-05,All Other,all,274,341,259,326,300,1,21,2,2
2007-06,All Other,all,284,365,277,314,265,6,35,6,2
2007-07,All Other,all,240,271,278,335,286,4,38,4,3
2007-08,All Other,all,285,378,283,342,301,6,26,6,3
2007-09,All Other,all,263,319,324,384,347,1,30,4,2
2007-10,All Other,all,212,262,289,348,316,0,28,4,0
2007-11,All Other,all,281,338,313,388,330,1,52,4,1
2007-12,All Other,all,228,313,223,268,230,4,28,4,2
2008-01,All Other,all,272,396,303,370,335,1,32,2,0
2008-02,All Other,all,287,325,237,301,249,3,41,5,3
2008-03,All Other,all,239,258,243,283,246,0,34,2,1
2008-04,All Other,all,254,301,287,344,307,3,28,6,0
2008-05,All Other,all,256,340,282,353,305,1,30,4,13
2008-06,All Other,all,257,300,272,369,320,4,38,6,1
2008-07,All Other,all,276,325,274,333,302,1,25,4,1
2008-08,All Other,all,256,318,253,312,277,6,26,2,1
2008-09,All Other,all,257,314,279,327,288,3,28,3,5
2008-10,All Other,all,242,271,285,325,274,1,43,6,1
2008-11,All Other,all,245,262,266,296,263,3,27,3,0
2008-12,All Other,all,223,267,252,322,285,2,32,1,2
2009-01,All Other,all,204,221,264,325,292,3,28,2,0
2009-02,All Other,all,223,292,278,327,284,2,31,7,3
2009-03,All Other,all,215,263,274,323,279,3,35,4,2
2009-04,All Other,all,290,381,261,315,260,3,41,9,2
2009-05,All Other,all,247,297,229,287,251,3,27,2,4
2009-06,All Other,all,272,331,276,329,274,2,51,1,1
2009-07,All Other,all,264,309,274,335,283,1,40,8,3
2009-08,All Other,all,217,258,246,290,250,2,33,4,1
2009-09,All Other,all,205,305,249,286,231,10,42,3,0
2009-10,All Other,all,228,270,256,304,258,3,35,5,3
2009-11,All Other,all,192,254,209,251,203,5,37,5,1
2009-12,All Other,all,194,224,236,290,250,5,28,4,3
2010-01,All Other,all,174,204,226,316,280,2,31,1,2
2010-02,All Other,all,205,259,238,277,246,4,25,2,0
2010-03,All Other,all,253,284,242,281,239,0,28,12,2
2010-04,All Other,all,225,264,239,303,245,2,46,4,6
2010-05,All Other,all,182,242,187,205,173,3,26,3,0
2010-06,All Other,all,224,346,233,317,282,0,35,0,0
2010-07,All Other,all,182,212,217,239,210,1,20,6,2
2010-08,All Other,all,202,249,201,262,235,2,21,3,1
2010-09,All Other,all,182,223,247,332,301,0,24,6,1
2010-10,All Other,all,164,206,209,238,202,3,30,2,1
2010-11,All Other,all,177,220,177,203,178,5,17,2,1
2010-12,All Other,all,180,218,194,224,195,0,26,2,1
2011-01,All Other,all,144,178,195,237,207,0,22,4,4
2011-02,All Other,all,190,227,202,219,176,4,34,3,2
2011-03,All Other,all,204,233,190,247,219,2,24,2,0
2011-04,All Other,all,176,218,208,247,217,1,24,3,2
2011-05,All Other,all,179,221,180,209,177,1,28,3,0
2011-06,All Other,all,184,246,207,253,215,2,30,3,3
2011-07,All Other,all,163,231,197,284,252,0,23,6,3
2011-08,All Other,all,199,249,213,253,219,2,29,3,0
2011-09,All Other,all,199,237,217,247,213,1,28,2,3
2011-10,All Other,all,145,171,158,188,162,1,23,0,2
2011-11,All Other,all,152,208,173,190,165,0,23,1,1
2011-12,All Other,all,159,188,155,204,183,1,20,0,0
2012-01,All Other,all,163,199,206,226,201,1,21,2,1
2012-02,All Other,all,156,205,163,194,175,2,15,1,1
2012-03,All Other,all,166,207,185,253,197,0,46,2,8
2012-04,All Other,all,164,249,171,235,205,0,26,4,0
2012-05,All Other,all,192,217,171,199,174,0,23,1,1
2012-06,All Other,all,180,210,160,189,164,3,20,1,1
2012-07,All Other,all,152,162,155,175,157,1,13,1,3
2012-08,All Other,all,211,251,165,193,172,0,16,1,4
2012-09,All Other,all,173,195,157,182,159,0,21,0,2
2012-10,All Other,all,188,229,180,198,176,0,21,1,0
2012-11,All Other,all,171,221,176,199,169,4,20,3,3
2012-12,All Other,all,140,164,138,160,141,0,18,1,0
2013-01,All Other,all,166,208,180,213,199,1,12,0,1
2013-02,All Other,all,162,190,182,199,170,1,25,1,2
2013-03,All Other,all,148,166,169,246,208,1,33,3,1
2013-04,All Other,all,216,255,176,207,188,0,14,3,2
2013-05,All Other,all,206,259,204,272,220,1,45,4,2
2013-06,All Other,all,162,214,160,191,167,2,21,1,0
2013-07,All Other,all,168,197,174,216,186,1,25,1,3
2013-08,All Other,all,185,239,163,175,151,1,17,3,3
2013-09,All Other,all,155,178,195,234,199,1,24,4,6
2013-10,All Other,all,176,211,184,223,192,3,20,4,4
2013-11,All Other,all,140,156,163,194,171,2,18,0,3
2013-12,All Other,all,139,160,160,194,167,1,24,1,1
2014-01,All Other,all,128,152,182,224,197,0,22,2,3
2014-02,All Other,all,158,196,159,180,153,0,24,2,1
2014-03,All Other,all,154,181,171,196,164,0,26,3,3
2014-04,All Other,all,180,221,205,262,231,0,24,3,4
2014-05,All Other,all,159,194,138,174,159,3,11,1,0
2014-06,All Other,all,150,174,166,184,150,0,34,0,0
2014-07,All Other,all,165,187,166,210,182,2,23,2,1
2014-08,All Other,all,174,199,142,161,139,2,18,1,1
2014-09,All Other,all,150,181,162,185,156,4,24,0,1
2014-10,All Other,all,178,203,175,219,182,3,32,2,0
2014-11,All Other,all,140,187,160,189,169,6,11,1,2
2014-12,All Other,all,141,186,176,202,173,0,20,2,7
2015-01,All Other,all,129,149,149,177,159,2,14,2,0
2015-02,All Other,all,164,190,159,174,148,1,20,3,2
2015-03,All Other,all,192,206,177,219,193,0,20,3,3
2015-04,All Other,all,166,219,197,218,179,3,29,4,3
2015-05,All Other,all,162,187,178,214,195,2,15,1,1
2015-06,All Other,all,163,208,194,224,199,1,22,0,2
2015-07,All Other,all,166,186,173,208,181,1,24,0,2
2015-08,All Other,all,157,181,162,215,180,0,19,1,15
2015-09,All Other,all,152,202,173,190,169,2,13,4,2
2015-10,All Other,all,160,234,183,260,234,1,18,5,2
2015-11,All Other,all,108,143,160,188,166,1,19,2,0
2015-12,All Other,all,163,178,146,165,148,0,15,1,1
2016-01,All Other,all,162,194,160,185,166,1,14,2,2
2016-02,All Other,all,153,168,168,183,155,1,19,4,4
2016-03,All Other,all,197,227,186,261,233,1,19,5,3
2016-04,All Other,all,150,168,154,194,167,1,22,4,0
2016-05,All Other,all,159,186,159,215,193,0,14,5,3
2016-06,All Other,all,196,259,198,224,196,2,16,5,5
2016-07,All Other,all,159,198,146,185,154,1,24,3,3
2016-08,All Other,all,194,218,217,310,266,2,30,9,3
2016-09,All Other,all,176,196,175,215,186,2,19,0,8
2016-10,All Other,all,150,186,158,186,157,2,22,3,2
2016-11,All Other,all,169,200,156,180,162,1,9,3,5
2016-12,All Other,all,150,201,161,186,168,1,15,1,1
2017-01,All Other,all,195,221,188,202,165,1,30,3,3
2017-02,All Other,all,150,177,163,199,180,0,13,1,5
2017-03,All Other,all,205,249,199,225,188,0,27,7,3
2017-04,All Other,all,205,249,177,197,171,3,15,6,2
2017-05,All Other,all,200,246,204,276,247,3,18,4,4
2017-06,All Other,all,220,253,208,240,211,4,21,2,2
2017-07,All Other,all,150,190,150,182,164,0,13,5,0
2017-08,All Other,all,192,255,210,239,195,2,31,4,7
2017-09,All Other,all,202,225,185,210,185,3,14,3,5
2017-10,All Other,all,166,187,217,251,202,3,25,3,18
2017-11,All Other,all,144,153,164,176,157,0,16,1,2
2017-12,All Other,all,176,211,152,202,174,1,20,2,5
2018-01,All Other,all,170,202,196,241,207,2,26,0,6
2018-02,All Other,all,275,311,194,245,209,1,20,0,15
2018-03,All Other,all,165,222,218,248,213,0,31,4,0
2018-04,All Other,all,169,184,231,265,242,0,15,4,4
2018-05,All Other,all,153,192,153,181,152,0,22,1,6
2018-06,All Other,all,147,174,147,195,175,0,11,2,7
2018-07,All Other,all,165,240,166,218,190,3,20,3,2
2018-08,All Other,all,194,214,159,186,172,2,10,1,1
2018-09,All Other,all,149,183,146,182,157,1,6,7,11
2018-10,All Other,all,226,255,183,209,188,1,10,7,3
2018-11,All Other,all,137,166,180,205,183,2,13,3,4
2018-12,All Other,all,142,160,134,154,120,1,17,5,11
2019-01,All Other,all,144,178,188,206,176,2,18,4,6
2019-02,All Other,all,162,183,141,153,138,0,8,2,5
2019-03,All Other,all,159,176,154,183,154,2,14,3,10
2019-04,All Other,all,157,182,164,207,186,0,15,2,4
2019-05,All Other,all,155,198,173,211,187,2,15,1,6
2019-06,All Other,all,220,246,140,154,135,0,6,7,6
2019-07,All Other,all,208,264,172,192,146,1,38,1,6
2019-08,All Other,all,164,213,212,231,189,2,26,4,10
2019-09,All Other,all,176,200,183,233,202,1,19,5,6
2019-10,All Other,all,184,211,181,238,180,1,28,12,17
2019-11,All Other,all,171,204,135,186,152,0,30,3,1
2019-12,All Other,all,125,139,154,249,222,1,20,1,5
2020-01,All Other,all,169,190,161,194,173,0,16,1,4
2020-02,All Other,all,148,173,148,177,151,4,21,0,1
2020-03,All Other,all,122,138,108,129,114,0,6,7,2
2020-04,All Other,all,19,21,46,49,38,0,7,4,0
2020-05,All Other,all,140,182,69,71,60,0,7,2,2
2020-06,All Other,all,159,180,112,127,103,0,21,1,2
2020-07,All Other,all,153,196,136,152,137,2,11,1,1
2020-08,All Other,all,144,192,114,138,116,0,15,2,5
2020-09,All Other,all,185,239,139,157,123,5,21,6,2
2020-10,All Other,all,185,239,140,171,130,1,28,4,8
2020-11,All Other,all,146,168,137,153,131,1,17,3,1
2020-12,All Other,all,112,135,125,146,121,0,17,2,6
2021-01,All Other,all,151,244,135,144,126,0,7,7,4
2021-02,All Other,all,229,284,140,167,130,0,12,8,17
2021-03,All Other,all,267,311,178,224,182,2,25,4,11
2021-04,All Other,all,223,268,142,153,131,3,10,2,7
2021-05,All Other,all,239,275,165,179,159,2,14,1,3
2021-06,All Other,all,192,232,181,202,171,0,19,6,6
2021-07,All Other,all,220,249,162,191,161,0,12,4,14
2021-08,All Other,all,221,252,191,206,172,1,24,4,5
2021-09,All Other,all,203,284,178,197,145,1,44,3,4
2021-10,All Other,all,174,195,156,186,163,1,16,5,1
2021-11,All Other,all,156,188,200,228,187,0,29,7,5
2021-12,All Other,all,162,197,224,260,212,0,40,4,4
2022-01,All Other,all,133,192,172,209,162,1,31,9,6
2022-02,All Other,all,130,166,155,180,164,1,14,0,1
2022-03,All Other,all,160,189,198,282,243,2,30,3,4
2022-04,All Other,all,176,236,138,159,139,5,8,4,3
2022-05,All Other,all,162,185,163,189,161,0,22,3,3
2022-06,All Other,all,195,289,191,215,178,0,32,2,3
2022-07,All Other,all,154,200,148,177,145,0,28,3,1
2022-08,All Other,all,167,212,188,250,182,0,37,8,23
2022-09,All Other,all,144,190,169,216,193,0,12,9,2
2022-10,All Other,all,145,171,174,218,181,2,20,8,7
2022-11,All Other,all,124,172,179,217,190,1,22,3,1
2022-12,All Other,all,121,141,154,231,198,2,14,7,10
2023-01,All Other,all,125,160,169,190,158,1,17,10,4
2023-02,All Other,all,154,185,155,186,162,0,14,7,3
2023-03,All Other,all,182,221,163,196,150,1,31,12,2
2023-04,All Other,all,149,191,158,197,177,0,13,5,2
2023-05,All Other,all,151,179,164,208,171,3,22,4,8
2023-06,All Other,all,146,182,191,255,207,1,31,7,9
2023-07,All Other,all,150,195,168,193,154,0,27,9,3
2023-08,All Other,all,151,184,175,198,158,0,28,6,6
2023-09,All Other,all,142,170,179,226,194,1,19,5,7
2023-10,All Other,all,138,162,151,184,160,4,14,0,6
2023-11,All Other,all,154,177,158,193,169,0,12,2,10
2023-12,All Other,all,149,176,151,164,120,2,29,4,9
2024-01,All Other,all,165,193,168,213,171,1,25,2,14
2024-02,All Other,all,159,197,171,199,169,2,15,2,11
2024-03,All Other,all,160,190,149,182,154,0,19,0,9
2024-04,All Other,all,145,174,172,257,230,1,12,1,13
2024-05,All Other,all,154,192,152,204,175,0,12,3,14
2024-06,All Other,all,139,175,134,171,153,1,11,1,5
2024-07,All Other,all,144,227,152,181,167,0,11,0,3
2024-08,All Other,all,138,158,156,226,206,3,12,1,4
2024-09,All Other,all,140,190,110,135,110,6,11,2,6
2024-10,All Other,all,150,172,144,175,157,1,15,0,2
2024-11,All Other,all,121,141,130,161,146,1,13,1,0
2024-12,All Other,all,127,148,129,180,159,0,16,3,2
2025-01,All Other,all,117,141,128,135,110,1,21,1,2
2025-02,All Other,all,124,155,136,164,131,2,25,1,5
2025-03,All Other,all,124,155,120,150,123,0,15,1,11
2025-04,All Other,all,141,173,128,160,142,1,14,1,2
2025-05,All Other,all,121,139,140,175,150,1,7,1,16
2025-06,All Other,all,137,171,110,124,113,0,7,1,3
2025-07,All Other,all,130,148,102,107,93,0,8,5,1
2025-08,All Other,all,132,150,127,144,127,1,9,1,6
2025-09,All Other,all,137,177,112,140,127,0,9,0,4
2025-10,All Other,all,145,190,148,184,155,3,13,2,11
2025-11,All Other,all,93,99,99,122,107,1,13,0,1
2025-12,All Other,all,126,140,104,118,103,1,13,0,1
2026-01,All Other,all,117,176,98,113,95,1,10,5,2
2026-02,All Other,all,134,167,92,98,76,1,14,1,6
2026-03,All Other,all,124,148,86,95,74,1,16,1,3
2026-04,All Other,all,113,132,69,88,78,1,7,0,2
2026-05,All Other,all,110,123,53,63,39,2,14,5,3
2026-06,All Other,all,106,119,43,67,54,1,9,0,3
1994-10,All Other,primary,387,501,348,437,347,6,70,11,3
1994-11,All Other,primary,392,464,362,449,368,14,53,9,5
1994-12,All Other,primary,434,560,378,497,431,8,50,7,1
1995-01,All Other,primary,406,522,455,560,450,15,77,14,4
1995-02,All Other,primary,396,542,370,479,397,6,65,8,3
1995-03,All Other,primary,435,538,522,614,415,4,168,16,11
1995-04,All Other,primary,420,500,425,524,401,19,78,15,11
1995-05,All Other,primary,401,518,412,543,449,12,67,11,4
1995-06,All Other,primary,413,510,431,574,488,15,55,11,5
1995-07,All Other,primary,337,428,348,417,333,10,67,6,1
1995-08,All Other,primary,403,491,413,517,418,10,67,15,7
1995-09,All Other,primary,360,462,393,499,421,6,55,11,6
1995-10,All Other,primary,374,474,357,453,371,5,59,13,5
1995-11,All Other,primary,375,461,386,463,365,7,73,14,4
1995-12,All Other,primary,329,391,345,460,362,7,81,7,3
1996-01,All Other,primary,381,455,405,510,431,6,61,5,7
1996-02,All Other,primary,358,448,336,419,352,5,50,10,2
1996-03,All Other,primary,372,453,381,469,408,8,40,7,6
1996-04,All Other,primary,415,482,333,424,354,11,38,15,6
1996-05,All Other,primary,343,482,328,368,302,7,49,7,3
1996-06,All Other,primary,340,468,327,393,317,7,57,10,2
1996-07,All Other,primary,356,453,347,416,350,10,43,10,3
1996-08,All Other,primary,348,449,333,389,327,3,39,13,7
1996-09,All Other,primary,400,532,351,458,387,6,57,4,4
1996-10,All Other,primary,374,459,361,411,340,9,45,10,7
1996-11,All Other,primary,370,479,343,440,372,2,51,10,5
1996-12,All Other,primary,329,371,305,385,326,6,40,8,5
1997-01,All Other,primary,345,392,393,517,431,3,67,10,6
1997-02,All Other,primary,401,492,339,411,346,4,48,10,3
1997-03,All Other,primary,393,474,338,424,360,2,52,5,5
1997-04,All Other,primary,393,455,374,423,323,17,67,12,4
1997-05,All Other,primary,362,450,315,424,346,5,53,11,9
1997-06,All Other,primary,377,438,362,436,352,8,54,19,3
1997-07,All Other,primary,387,461,319,373,297,10,55,7,4
1997-08,All Other,primary,380,504,284,303,248,4,37,5,9
1997-09,All Other,primary,400,485,298,432,356,4,41,12,19
1997-10,All Other,primary,355,428,349,424,343,9,59,9,4
1997-11,All Other,primary,264,333,288,343,290,6,44,2,1
1997-12,All Other,primary,310,421,327,397,333,8,46,5,5
1998-01,All Other,primary,300,333,326,457,386,12,49,7,3
1998-02,All Other,primary,314,361,325,403,356,2,39,6,0
1998-03,All Other,primary,337,435,361,465,385,7,57,10,6
1998-04,All Other,primary,384,495,331,402,344,7,41,8,2
1998-05,All Other,primary,307,369,321,437,345,7,77,5,3
1998-06,All Other,primary,348,429,350,461,385,8,52,10,6
1998-07,All Other,primary,351,427,320,379,333,10,27,7,2
1998-08,All Other,primary,364,432,269,350,299,5,34,9,3
1998-09,All Other,primary,346,417,339,491,406,9,59,8,9
1998-10,All Other,primary,314,390,364,430,350,2,65,12,1
1998-11,All Other,primary,294,344,325,422,354,3,52,9,4
1998-12,All Other,primary,312,379,288,336,287,5,34,7,3
1999-01,All Other,primary,294,364,376,467,400,3,51,10,3
1999-02,All Other,primary,350,430,292,363,307,7,41,5,3
1999-03,All Other,primary,410,491,371,463,386,10,61,5,1
1999-04,All Other,primary,409,540,319,370,323,5,34,5,3
1999-05,All Other,primary,349,393,311,375,325,6,36,8,0
1999-06,All Other,primary,373,420,369,477,402,10,51,9,5
1999-07,All Other,primary,371,446,351,483,417,6,44,14,2
1999-08,All Other,primary,361,432,350,428,355,1,57,8,7
1999-09,All Other,primary,409,480,402,462,365,3,76,14,4
1999-10,All Other,primary,341,412,366,435,369,2,55,7,2
1999-11,All Other,primary,322,376,325,382,330,5,41,4,2
1999-12,All Other,primary,310,376,313,400,320,5,61,9,5
2000-01,All Other,primary,312,360,347,405,328,3,63,4,7
2000-02,All Other,primary,386,467,367,450,385,1,56,6,2
2000-03,All Other,primary,452,538,405,481,405,5,59,9,3
2000-04,All Other,primary,366,449,321,366,315,1,41,8,1
2000-05,All Other,primary,346,414,350,425,348,6,49,17,5
2000-06,All Other,primary,576,699,380,460,405,9,32,10,4
2000-07,All Other,primary,573,634,422,493,430,2,42,14,5
2000-08,All Other,primary,410,479,396,435,377,1,38,11,8
2000-09,All Other,primary,426,552,385,430,364,8,36,10,12
2000-10,All Other,primary,355,425,373,473,411,10,44,5,3
2000-11,All Other,primary,318,376,334,447,400,1,36,8,2
2000-12,All Other,primary,306,392,292,359,307,5,39,7,1
2001-01,All Other,primary,328,367,391,478,420,3,50,5,0
2001-02,All Other,primary,365,428,455,537,468,7,46,14,2
2001-03,All Other,primary,406,474,465,518,449,7,41,17,4
2001-04,All Other,primary,462,514,339,414,369,6,32,6,1
2001-05,All Other,primary,393,450,419,483,423,7,37,10,6
2001-06,All Other,primary,413,470,425,517,473,6,32,6,0
2001-07,All Other,primary,325,458,340,384,328,6,40,9,1
2001-08,All Other,primary,470,577,453,508,438,5,49,12,4
2001-09,All Other,primary,325,367,350,422,362,0,54,4,2
2001-10,All Other,primary,395,460,371,453,408,3,31,9,2
2001-11,All Other,primary,326,366,331,373,331,2,34,4,2
2001-12,All Other,primary,323,402,329,390,336,4,38,9,3
2002-01,All Other,primary,310,369,451,525,486,3,26,7,3
2002-02,All Other,primary,326,381,279,340,315,4,17,0,4
2002-03,All Other,primary,403,500,367,426,357,5,41,12,11
2002-04,All Other,primary,385,466,369,462,404,6,44,6,2
2002-05,All Other,primary,360,453,375,443,371,8,52,7,5
2002-06,All Other,primary,374,443,310,366,316,3,40,7,0
2002-07,All Other,primary,360,403,338,399,353,1,40,4,1
2002-08,All Other,primary,346,390,322,386,348,3,28,7,0
2002-09,All Other,primary,328,374,364,471,415,5,36,12,3
2002-10,All Other,primary,358,419,431,516,447,4,52,10,3
2002-11,All Other,primary,297,354,306,340,305,2,28,5,0
2002-12,All Other,primary,325,428,315,369,324,7,31,7,0
2003-01,All Other,primary,343,406,369,455,406,2,41,5,1
2003-02,All Other,primary,348,410,318,357,316,1,27,5,8
2003-03,All Other,primary,405,476,347,447,402,5,35,2,3
2003-04,All Other,primary,400,456,346,416,367,4,37,8,0
2003-05,All Other,primary,376,408,352,394,336,10,36,9,3
2003-06,All Other,primary,319,378,368,426,347,5,56,16,2
2003-07,All Other,primary,376,406,383,454,395,4,46,7,2
2003-08,All Other,primary,341,367,359,413,346,5,45,12,5
2003-09,All Other,primary,343,400,339,393,353,7,25,5,3
2003-10,All Other,primary,391,492,435,493,437,2,45,6,3
2003-11,All Other,primary,327,375,330,380,325,7,38,6,4
2003-12,All Other,primary,329,401,330,391,351,6,23,7,4
2004-01,All Other,primary,358,428,359,426,366,4,46,9,1
2004-02,All Other,primary,398,473,327,415,355,5,42,7,6
2004-03,All Other,primary,399,433,347,410,366,1,29,11,3
2004-04,All Other,primary,403,490,356,407,349,5,38,14,1
2004-05,All Other,primary,372,429,325,417,359,4,40,12,2
2004-06,All Other,primary,393,454,333,395,353,2,22,16,2
2004-07,All Other,primary,341,404,297,347,305,1,31,7,3
2004-08,All Other,primary,354,423,358,410,355,1,47,5,2
2004-09,All Other,primary,358,407,363,405,360,5,33,6,1
2004-10,All Other,primary,341,417,332,364,316,2,41,4,1
2004-11,All Other,primary,319,376,334,395,360,2,25,6,2
2004-12,All Other,primary,295,349,306,347,312,5,24,6,0
2005-01,All Other,primary,294,339,322,375,321,3,40,9,2
2005-02,All Other,primary,309,351,340,390,338,2,41,4,5
2005-03,All Other,primary,387,484,399,498,421,3,64,7,3
2005-04,All Other,primary,345,382,363,422,372,6,26,13,5
2005-05,All Other,primary,350,431,377,425,363,8,41,9,4
2005-06,All Other,primary,360,398,371,426,376,4,38,7,1
2005-07,All Other,primary,326,358,284,320,283,2,23,4,8
2005-08,All Other,primary,345,392,337,425,382,1,33,5,4
2005-09,All Other,primary,349,465,335,366,316,0,42,5,3
2005-10,All Other,primary,282,315,341,419,369,6,34,5,5
2005-11,All Other,primary,333,443,294,326,296,5,18,6,1
2005-12,All Other,primary,287,328,336,420,384,1,29,6,0
2006-01,All Other,primary,286,326,332,377,331,3,34,4,5
2006-02,All Other,primary,277,315,341,381,341,0,33,3,4
2006-03,All Other,primary,391,466,340,437,377,2,39,14,5
2006-04,All Other,primary,282,317,275,312,282,3,22,4,1
2006-05,All Other,primary,325,370,321,376,329,7,31,8,1
2006-06,All Other,primary,304,356,359,429,372,3,47,6,1
2006-07,All Other,primary,271,317,304,353,300,3,42,4,4
2006-08,All Other,primary,312,347,367,415,388,3,21,3,0
2006-09,All Other,primary,273,303,324,392,362,2,18,8,2
2006-10,All Other,primary,258,295,305,365,329,4,26,5,1
2006-11,All Other,primary,273,323,301,339,307,1,28,1,2
2006-12,All Other,primary,220,282,262,305,271,1,22,4,7
2007-01,All Other,primary,244,281,267,331,285,3,27,6,10
2007-02,All Other,primary,229,262,260,301,267,2,25,6,1
2007-03,All Other,primary,302,370,258,303,271,2,24,5,1
2007-04,All Other,primary,260,322,279,320,288,3,26,3,0
2007-05,All Other,primary,262,326,251,311,285,1,21,2,2
2007-06,All Other,primary,273,351,267,301,254,6,33,6,2
2007-07,All Other,primary,237,268,268,324,279,2,36,4,3
2007-08,All Other,primary,280,368,270,321,284,3,25,6,3
2007-09,All Other,primary,256,310,319,372,337,1,28,4,2
2007-10,All Other,primary,208,253,284,341,309,0,28,4,0
2007-11,All Other,primary,277,334,305,372,314,1,52,4,1
2007-12,All Other,primary,218,301,218,232,194,4,28,4,2
2008-01,All Other,primary,261,376,291,351,316,1,32,2,0
2008-02,All Other,primary,275,313,233,292,241,3,40,5,3
2008-03,All Other,primary,228,245,237,277,240,0,34,2,1
2008-04,All Other,primary,241,288,279,335,299,3,27,6,0
2008-05,All Other,primary,241,324,277,342,294,1,30,4,13
2008-06,All Other,primary,247,290,257,348,299,4,38,6,1
2008-07,All Other,primary,256,301,261,318,289,1,23,4,1
2008-08,All Other,primary,238,295,245,302,267,6,26,2,1
2008-09,All Other,primary,243,298,267,314,275,3,28,3,5
2008-10,All Other,primary,233,259,273,309,260,1,41,6,1
2008-11,All Other,primary,237,254,257,286,253,3,27,3,0
2008-12,All Other,primary,209,240,239,298,263,2,30,1,2
2009-01,All Other,primary,197,214,248,295,266,3,25,1,0
2009-02,All Other,primary,210,273,271,316,273,2,31,7,3
2009-03,All Other,primary,204,221,262,302,260,3,33,4,2
2009-04,All Other,primary,283,366,249,294,239,3,41,9,2
2009-05,All Other,primary,241,289,226,284,249,3,26,2,4
2009-06,All Other,primary,267,320,263,308,256,2,48,1,1
2009-07,All Other,primary,254,298,257,305,254,1,40,7,3
2009-08,All Other,primary,203,242,235,279,240,2,32,4,1
2009-09,All Other,primary,195,294,240,275,225,9,38,3,0
2009-10,All Other,primary,221,261,244,289,249,3,29,5,3
2009-11,All Other,primary,183,239,202,242,194,5,37,5,1
2009-12,All Other,primary,182,192,228,279,239,5,28,4,3
2010-01,All Other,primary,171,198,219,305,270,2,30,1,2
2010-02,All Other,primary,194,247,231,269,240,4,24,1,0
2010-03,All Other,primary,244,273,236,275,234,0,27,12,2
2010-04,All Other,primary,213,242,231,293,236,2,46,3,6
2010-05,All Other,primary,175,223,178,193,163,3,24,3,0
2010-06,All Other,primary,211,270,228,311,276,0,35,0,0
2010-07,All Other,primary,175,202,211,233,205,1,19,6,2
2010-08,All Other,primary,183,214,194,254,228,2,21,2,1
2010-09,All Other,primary,172,200,234,308,279,0,24,4,1
2010-10,All Other,primary,157,175,201,226,190,3,30,2,1
2010-11,All Other,primary,168,198,168,185,160,5,17,2,1
2010-12,All Other,primary,177,213,187,217,188,0,26,2,1
2011-01,All Other,primary,143,177,180,200,175,0,21,4,0
2011-02,All Other,primary,182,203,193,207,164,4,34,3,2
2011-03,All Other,primary,196,225,183,222,195,2,23,2,0
2011-04,All Other,primary,166,189,201,234,204,1,24,3,2
2011-05,All Other,primary,169,200,172,199,168,1,27,3,0
2011-06,All Other,primary,170,231,203,248,211,2,29,3,3
2011-07,All Other,primary,156,224,185,270,238,0,23,6,3
2011-08,All Other,primary,190,239,203,239,205,2,29,3,0
2011-09,All Other,primary,189,227,206,233,199,1,28,2,3
2011-10,All Other,primary,136,160,151,176,152,1,22,0,1
2011-11,All Other,primary,139,181,160,172,154,0,16,1,1
2011-12,All Other,primary,151,179,149,197,177,1,19,0,0
2012-01,All Other,primary,153,183,199,218,194,1,20,2,1
2012-02,All Other,primary,144,161,155,184,165,2,15,1,1
2012-03,All Other,primary,161,202,177,243,187,0,46,2,8
2012-04,All Other,primary,154,231,160,223,193,0,26,4,0
2012-05,All Other,primary,178,200,165,192,169,0,21,1,1
2012-06,All Other,primary,164,182,150,178,155,2,19,1,1
2012-07,All Other,primary,140,146,146,163,146,1,12,1,3
2012-08,All Other,primary,200,237,158,185,166,0,14,1,4
2012-09,All Other,primary,158,177,150,170,148,0,20,0,2
2012-10,All Other,primary,169,190,172,190,168,0,21,1,0
2012-11,All Other,primary,161,206,167,183,156,1,20,3,3
2012-12,All Other,primary,133,150,131,151,132,0,18,1,0
2013-01,All Other,primary,158,186,174,203,189,1,12,0,1
2013-02,All Other,primary,154,177,172,188,159,1,25,1,2
2013-03,All Other,primary,142,159,163,191,154,1,33,3,0
2013-04,All Other,primary,204,241,162,189,171,0,13,3,2
2013-05,All Other,primary,191,243,187,250,199,1,44,4,2
2013-06,All Other,primary,155,201,149,168,145,1,21,1,0
2013-07,All Other,primary,158,182,167,209,179,1,25,1,3
2013-08,All Other,primary,176,225,158,170,146,1,17,3,3
2013-09,All Other,primary,143,161,182,215,180,1,24,4,6
2013-10,All Other,primary,172,202,176,211,180,3,20,4,4
2013-11,All Other,primary,132,148,151,170,147,2,18,0,3
2013-12,All Other,primary,138,159,146,176,153,1,20,1,1
2014-01,All Other,primary,123,146,174,204,178,0,21,2,3
2014-02,All Other,primary,150,179,151,169,142,0,24,2,1
2014-03,All Other,primary,145,169,160,183,154,0,24,2,3
2014-04,All Other,primary,167,198,200,228,197,0,24,3,4
2014-05,All Other,primary,147,178,129,159,145,3,10,1,0
2014-06,All Other,primary,143,158,155,171,139,0,32,0,0
2014-07,All Other,primary,154,175,152,193,166,2,22,2,1
2014-08,All Other,primary,169,193,134,153,132,2,17,1,1
2014-09,All Other,primary,141,172,152,173,147,4,21,0,1
2014-10,All Other,primary,171,193,164,206,169,3,32,2,0
2014-11,All Other,primary,132,176,151,176,161,2,11,0,2
2014-12,All Other,primary,130,175,167,192,165,0,18,2,7
2015-01,All Other,primary,121,136,138,162,144,2,14,2,0
2015-02,All Other,primary,154,179,150,164,139,1,19,3,2
2015-03,All Other,primary,175,185,163,187,162,0,19,3,3
2015-04,All Other,primary,157,203,186,202,167,3,25,4,3
2015-05,All Other,primary,150,171,173,209,190,2,15,1,1
2015-06,All Other,primary,147,175,181,208,184,1,21,0,2
2015-07,All Other,primary,147,163,160,195,172,1,20,0,2
2015-08,All Other,primary,150,174,153,202,168,0,18,1,15
2015-09,All Other,primary,142,189,162,177,156,2,13,4,2
2015-10,All Other,primary,152,221,173,245,220,1,17,5,2
2015-11,All Other,primary,99,133,149,169,147,1,19,2,0
2015-12,All Other,primary,153,168,139,156,139,0,15,1,1
2016-01,All Other,primary,152,184,148,171,153,1,13,2,2
2016-02,All Other,primary,146,161,161,176,148,1,19,4,4
2016-03,All Other,primary,187,217,177,229,201,1,19,5,3
2016-04,All Other,primary,136,152,143,182,158,1,19,4,0
2016-05,All Other,primary,152,179,149,205,183,0,14,5,3
2016-06,All Other,primary,175,238,181,205,179,2,14,5,5
2016-07,All Other,primary,150,184,140,179,148,1,24,3,3
2016-08,All Other,primary,178,200,203,294,253,2,28,8,3
2016-09,All Other,primary,166,186,160,192,164,2,18,0,8
2016-10,All Other,primary,142,166,146,172,143,2,22,3,2
2016-11,All Other,primary,162,193,144,167,150,0,9,3,5
2016-12,All Other,primary,141,187,154,179,161,1,15,1,1
2017-01,All Other,primary,184,209,178,189,153,1,29,3,3
2017-02,All Other,primary,144,170,150,175,157,0,12,1,5
2017-03,All Other,primary,194,229,186,210,174,0,26,7,3
2017-04,All Other,primary,194,232,166,184,158,3,15,6,2
2017-05,All Other,primary,192,228,191,258,229,3,18,4,4
2017-06,All Other,primary,214,242,199,225,196,4,21,2,2
2017-07,All Other,primary,141,177,146,178,160,0,13,5,0
2017-08,All Other,primary,179,220,203,232,188,2,31,4,7
2017-09,All Other,primary,185,205,178,203,181,3,12,2,5
2017-10,All Other,primary,156,172,210,236,187,3,25,3,18
2017-11,All Other,primary,136,145,156,168,149,0,16,1,2
2017-12,All Other,primary,166,196,142,185,160,1,17,2,5
2018-01,All Other,primary,157,183,185,217,184,2,25,0,6
2018-02,All Other,primary,266,293,183,228,192,1,20,0,15
2018-03,All Other,primary,151,192,203,228,193,0,31,4,0
2018-04,All Other,primary,159,174,224,243,220,0,15,4,4
2018-05,All Other,primary,143,181,139,158,132,0,20,1,5
2018-06,All Other,primary,130,145,142,188,168,0,11,2,7
2018-07,All Other,primary,156,223,156,187,160,2,20,3,2
2018-08,All Other,primary,156,170,147,169,155,2,10,1,1
2018-09,All Other,primary,139,161,138,174,149,1,6,7,11
2018-10,All Other,primary,213,228,163,186,166,1,9,7,3
2018-11,All Other,primary,121,139,160,175,155,1,12,3,4
2018-12,All Other,primary,122,134,129,149,115,1,17,5,11
2019-01,All Other,primary,130,161,174,190,161,2,17,4,6
2019-02,All Other,primary,147,159,129,139,124,0,8,2,5
2019-03,All Other,primary,148,165,143,171,145,1,12,3,10
2019-04,All Other,primary,146,170,151,190,169,0,15,2,4
2019-05,All Other,primary,141,167,157,192,170,1,14,1,6
2019-06,All Other,primary,211,233,131,144,125,0,6,7,6
2019-07,All Other,primary,183,213,158,171,126,1,37,1,6
2019-08,All Other,primary,143,162,195,211,172,2,23,4,10
2019-09,All Other,primary,159,177,164,205,180,1,14,5,5
2019-10,All Other,primary,164,189,169,211,154,1,27,12,17
2019-11,All Other,primary,147,161,116,138,107,0,27,3,1
2019-12,All Other,primary,113,126,140,216,190,1,20,1,4
2020-01,All Other,primary,152,170,139,150,134,0,12,1,3
2020-02,All Other,primary,129,142,133,162,138,4,19,0,1
2020-03,All Other,primary,107,121,97,115,100,0,6,7,2
2020-04,All Other,primary,18,20,43,46,35,0,7,4,0
2020-05,All Other,primary,127,168,57,58,49,0,5,2,2
2020-06,All Other,primary,135,154,100,112,91,0,18,1,2
2020-07,All Other,primary,123,159,113,125,111,2,10,1,1
2020-08,All Other,primary,122,147,107,123,101,0,15,2,5
2020-09,All Other,primary,152,195,126,143,112,5,19,5,2
2020-10,All Other,primary,161,203,132,163,122,1,28,4,8
2020-11,All Other,primary,124,136,122,134,112,1,17,3,1
2020-12,All Other,primary,87,96,108,124,101,0,15,2,6
2021-01,All Other,primary,109,136,115,124,108,0,5,7,4
2021-02,All Other,primary,150,185,121,135,113,0,11,8,3
2021-03,All Other,primary,180,195,162,198,168,2,22,4,2
2021-04,All Other,primary,155,177,122,133,113,3,8,2,7
2021-05,All Other,primary,177,199,149,159,142,2,11,1,3
2021-06,All Other,primary,139,172,156,174,145,0,18,6,5
2021-07,All Other,primary,167,181,136,161,133,0,10,4,14
2021-08,All Other,primary,160,176,164,174,142,1,22,4,5
2021-09,All Other,primary,135,158,157,172,125,0,41,3,3
2021-10,All Other,primary,129,139,118,142,122,1,13,5,1
2021-11,All Other,primary,111,121,152,176,138,0,26,7,5
2021-12,All Other,primary,115,141,183,211,164,0,40,4,3
2022-01,All Other,primary,95,114,136,160,116,0,31,9,4
2022-02,All Other,primary,102,112,130,149,134,1,13,0,1
2022-03,All Other,primary,118,136,159,220,188,2,24,3,3
2022-04,All Other,primary,141,192,107,118,101,4,6,4,3
2022-05,All Other,primary,127,137,130,151,124,0,21,3,3
2022-06,All Other,primary,152,183,143,156,121,0,30,2,3
2022-07,All Other,primary,128,149,110,121,92,0,25,3,1
2022-08,All Other,primary,144,187,140,199,140,0,29,8,22
2022-09,All Other,primary,116,156,133,163,142,0,10,9,2
2022-10,All Other,primary,121,133,148,183,149,2,18,7,7
2022-11,All Other,primary,95,130,145,167,146,1,16,3,1
2022-12,All Other,primary,103,110,114,170,148,2,10,7,3
2023-01,All Other,primary,93,125,125,133,108,1,12,8,4
2023-02,All Other,primary,125,144,117,139,119,0,11,7,2
2023-03,All Other,primary,140,164,126,139,110,1,14,12,2
2023-04,All Other,primary,125,155,118,138,119,0,12,5,2
2023-05,All Other,primary,112,134,128,158,125,3,21,4,5
2023-06,All Other,primary,114,133,143,188,146,0,28,7,7
2023-07,All Other,primary,105,131,129,141,107,0,22,9,3
2023-08,All Other,primary,109,124,148,163,123,0,28,6,6
2023-09,All Other,primary,112,124,115,128,101,0,15,5,7
2023-10,All Other,primary,102,119,113,127,107,3,11,0,6
2023-11,All Other,primary,113,122,122,147,125,0,10,2,10
2023-12,All Other,primary,114,128,126,136,94,2,27,4,9
2024-01,All Other,primary,121,144,132,152,112,1,23,2,14
2024-02,All Other,primary,109,124,127,144,116,2,14,2,10
2024-03,All Other,primary,119,138,113,135,116,0,10,0,9
2024-04,All Other,primary,106,117,127,160,138,1,7,1,13
2024-05,All Other,primary,110,129,123,159,132,0,11,3,13
2024-06,All Other,primary,104,133,99,120,103,1,10,1,5
2024-07,All Other,primary,109,188,112,133,119,0,11,0,3
2024-08,All Other,primary,97,105,121,163,145,3,10,1,4
2024-09,All Other,primary,103,138,88,102,84,0,10,2,6
2024-10,All Other,primary,110,127,112,120,102,1,15,0,2
2024-11,All Other,primary,83,94,107,136,121,1,13,1,0
2024-12,All Other,primary,99,118,100,120,100,0,15,3,2
2025-01,All Other,primary,93,109,104,109,99,1,6,1,2
2025-02,All Other,primary,109,133,118,144,114,2,22,1,5
2025-03,All Other,primary,108,131,101,119,94,0,13,1,11
2025-04,All Other,primary,116,140,106,121,109,0,9,1,2
2025-05,All Other,primary,101,108,118,153,129,1,6,1,16
2025-06,All Other,primary,111,127,93,105,97,0,6,1,1
2025-07,All Other,primary,115,129,86,87,75,0,6,5,1
2025-08,All Other,primary,110,126,112,129,113,1,8,1,6
2025-09,All Other,primary,110,137,90,100,87,0,9,0,4
2025-10,All Other,primary,123,162,130,153,131,3,12,2,5
2025-11,All Other,primary,85,89,87,105,91,1,12,0,1
2025-12,All Other,primary,109,117,93,104,94,1,9,0,0
2026-01,All Other,primary,102,159,82,85,68,1,9,5,2
2026-02,All Other,primary,125,158,85,91,70,1,13,1,6
2026-03,All Other,primary,106,130,77,86,69,1,12,1,3
2026-04,All Other,primary,102,119,55,70,62,1,5,0,2
2026-05,All Other,primary,95,102,44,49,29,2,10,5,3
2026-06,All Other,primary,92,101,37,43,30,1,9,0,3
1994-10,Assimilated Crimes,all,34,40,42,43,37,1,4,1,0
1994-11,Assimilated Crimes,all,43,43,40,40,30,1,9,0,0
1994-12,Assimilated Crimes,all,52,56,30,30,23,0,7,0,0
1995-01,Assimilated Crimes,all,72,76,52,52,39,0,12,0,1
1995-02,Assimilated Crimes,all,91,96,49,55,40,0,13,1,1
1995-03,Assimilated Crimes,all,71,73,78,80,47,0,29,3,1
1995-04,Assimilated Crimes,all,155,155,74,74,50,1,22,1,0
1995-05,Assimilated Crimes,all,72,72,84,87,53,0,30,1,3
1995-06,Assimilated Crimes,all,140,140,86,92,66,2,24,0,0
1995-07,Assimilated Crimes,all,71,74,66,69,43,1,23,1,1
1995-08,Assimilated Crimes,all,85,85,59,59,44,1,13,0,1
1995-09,Assimilated Crimes,all,68,68,71,77,61,0,13,2,1
1995-10,Assimilated Crimes,all,93,96,72,72,45,0,26,1,0
1995-11,Assimilated Crimes,all,62,62,77,77,54,1,21,1,0
1995-12,Assimilated Crimes,all,62,66,65,68,50,0,17,1,0
1996-01,Assimilated Crimes,all,76,78,57,57,44,1,10,2,0
1996-02,Assimilated Crimes,all,155,158,129,130,104,0,24,0,2
1996-03,Assimilated Crimes,all,157,160,130,133,101,3,28,0,1
1996-04,Assimilated Crimes,all,157,158,138,138,125,1,12,0,0
1996-05,Assimilated Crimes,all,120,119,106,108,95,0,9,3,1
1996-06,Assimilated Crimes,all,179,206,162,165,135,1,24,3,2
1996-07,Assimilated Crimes,all,174,176,165,171,134,0,36,0,1
1996-08,Assimilated Crimes,all,200,203,139,141,97,2,37,2,3
1996-09,Assimilated Crimes,all,180,182,176,205,138,2,57,5,3
1996-10,Assimilated Crimes,all,98,103,129,130,104,0,22,2,2
1996-11,Assimilated Crimes,all,86,119,105,142,121,3,18,0,0
1996-12,Assimilated Crimes,all,94,94,92,92,78,1,8,3,2
1997-01,Assimilated Crimes,all,96,104,108,110,87,0,19,4,0
1997-02,Assimilated Crimes,all,53,52,75,75,56,0,14,3,2
1997-03,Assimilated Crimes,all,64,65,91,93,67,2,19,4,1
1997-04,Assimilated Crimes,all,60,156,68,70,60,0,7,2,1
1997-05,Assimilated Crimes,all,65,67,74,78,69,1,5,3,0
1997-06,Assimilated Crimes,all,66,66,80,97,72,1,21,3,0
1997-07,Assimilated Crimes,all,83,89,92,97,54,2,41,0,0
1997-08,Assimilated Crimes,all,45,104,75,77,57,0,16,4,0
1997-09,Assimilated Crimes,all,65,66,69,74,61,1,10,2,0
1997-10,Assimilated Crimes,all,80,83,62,64,54,1,9,0,0
1997-11,Assimilated Crimes,all,48,50,53,57,48,0,9,0,0
1997-12,Assimilated Crimes,all,51,52,74,155,50,1,21,1,82
1998-01,Assimilated Crimes,all,60,61,68,71,60,0,11,0,0
1998-02,Assimilated Crimes,all,51,55,85,89,74,0,12,3,0
1998-03,Assimilated Crimes,all,65,67,70,72,56,0,14,2,0
1998-04,Assimilated Crimes,all,74,78,58,60,49,1,7,3,0
1998-05,Assimilated Crimes,all,41,45,53,54,45,0,8,1,0
1998-06,Assimilated Crimes,all,70,75,53,56,47,1,5,3,0
1998-07,Assimilated Crimes,all,59,59,70,70,51,1,18,0,0
1998-08,Assimilated Crimes,all,45,46,49,50,45,1,4,0,0
1998-09,Assimilated Crimes,all,59,60,77,84,63,3,15,1,2
1998-10,Assimilated Crimes,all,58,65,44,56,47,0,8,0,1
1998-11,Assimilated Crimes,all,57,58,77,127,59,0,66,0,2
1998-12,Assimilated Crimes,all,29,29,45,46,39,0,6,1,0
1999-01,Assimilated Crimes,all,31,32,98,98,23,0,75,0,0
1999-02,Assimilated Crimes,all,32,35,19,23,19,0,3,1,0
1999-03,Assimilated Crimes,all,26,27,39,40,20,2,18,0,0
1999-04,Assimilated Crimes,all,15,15,33,33,27,0,6,0,0
1999-05,Assimilated Crimes,all,30,30,30,37,33,0,2,1,1
1999-06,Assimilated Crimes,all,31,31,26,27,20,0,7,0,0
1999-07,Assimilated Crimes,all,32,37,32,35,26,0,9,0,0
1999-08,Assimilated Crimes,all,26,31,21,22,13,1,6,0,2
1999-09,Assimilated Crimes,all,37,37,31,31,23,0,7,1,0
1999-10,Assimilated Crimes,all,34,36,17,18,13,0,5,0,0
1999-11,Assimilated Crimes,all,44,47,24,24,20,0,3,0,1
1999-12,Assimilated Crimes,all,41,41,24,26,19,2,5,0,0
2000-01,Assimilated Crimes,all,36,36,33,38,33,0,4,0,1
2000-02,Assimilated Crimes,all,26,33,33,38,26,0,12,0,0
2000-03,Assimilated Crimes,all,39,52,30,31,26,0,5,0,0
2000-04,Assimilated Crimes,all,28,30,55,56,25,1,28,0,2
2000-05,Assimilated Crimes,all,38,39,24,26,23,0,2,1,0
2000-06,Assimilated Crimes,all,32,33,18,24,22,0,2,0,0
2000-07,Assimilated Crimes,all,39,39,20,30,24,0,6,0,0
2000-08,Assimilated Crimes,all,22,24,27,29,18,0,7,1,3
2000-09,Assimilated Crimes,all,28,29,29,29,21,1,7,0,0
2000-10,Assimilated Crimes,all,18,18,32,33,21,0,11,1,0
2000-11,Assimilated Crimes,all,32,35,17,18,15,0,2,0,1
2000-12,Assimilated Crimes,all,13,14,34,34,15,1,16,0,2
2001-01,Assimilated Crimes,all,30,30,24,25,18,0,7,0,0
2001-02,Assimilated Crimes,all,21,21,13,13,11,0,1,0,1
2001-03,Assimilated Crimes,all,20,21,34,34,22,0,11,0,1
2001-04,Assimilated Crimes,all,15,18,24,25,19,0,6,0,0
2001-05,Assimilated Crimes,all,22,22,63,66,12,1,51,1,1
2001-06,Assimilated Crimes,all,42,44,39,41,26,0,13,0,2
2001-07,Assimilated Crimes,all,11,11,18,19,9,0,9,0,1
2001-08,Assimilated Crimes,all,34,36,32,33,26,0,6,0,1
2001-09,Assimilated Crimes,all,36,36,23,23,17,0,5,1,0
2001-10,Assimilated Crimes,all,33,37,29,31,17,2,9,0,3
2001-11,Assimilated Crimes,all,54,57,37,37,30,0,7,0,0
2001-12,Assimilated Crimes,all,71,71,17,25,24,0,0,0,1
2002-01,Assimilated Crimes,all,42,43,36,38,29,1,8,0,0
2002-02,Assimilated Crimes,all,38,41,23,25,13,0,11,1,0
2002-03,Assimilated Crimes,all,43,43,58,58,22,0,36,0,0
2002-04,Assimilated Crimes,all,37,38,41,44,23,0,21,0,0
2002-05,Assimilated Crimes,all,66,69,40,40,19,0,21,0,0
2002-06,Assimilated Crimes,all,57,64,54,55,30,1,22,1,1
2002-07,Assimilated Crimes,all,55,58,53,54,40,0,13,0,1
2002-08,Assimilated Crimes,all,62,74,44,44,31,0,11,1,1
2002-09,Assimilated Crimes,all,52,57,38,38,34,0,3,1,0
2002-10,Assimilated Crimes,all,17,17,48,56,49,0,7,0,0
2002-11,Assimilated Crimes,all,38,41,23,23,17,1,5,0,0
2002-12,Assimilated Crimes,all,27,28,28,33,26,1,6,0,0
2003-01,Assimilated Crimes,all,35,38,44,47,28,0,17,0,2
2003-02,Assimilated Crimes,all,36,38,30,33,18,1,14,0,0
2003-03,Assimilated Crimes,all,26,26,96,97,29,0,68,0,0
2003-04,Assimilated Crimes,all,17,19,57,59,17,0,41,1,0
2003-05,Assimilated Crimes,all,45,46,27,29,17,0,12,0,0
2003-06,Assimilated Crimes,all,43,46,37,38,29,1,8,0,0
2003-07,Assimilated Crimes,all,32,35,27,27,19,1,6,1,0
2003-08,Assimilated Crimes,all,38,39,31,31,25,0,5,0,1
2003-09,Assimilated Crimes,all,32,32,33,35,31,0,4,0,0
2003-10,Assimilated Crimes,all,36,39,27,28,25,0,3,0,0
2003-11,Assimilated Crimes,all,25,25,34,35,15,0,14,0,6
2003-12,Assimilated Crimes,all,33,33,40,41,29,0,12,0,0
2004-01,Assimilated Crimes,all,28,28,32,35,24,0,11,0,0
2004-02,Assimilated Crimes,all,10,10,41,41,20,1,20,0,0
2004-03,Assimilated Crimes,all,47,48,112,112,19,1,92,0,0
2004-04,Assimilated Crimes,all,18,19,62,66,32,2,13,0,19
2004-05,Assimilated Crimes,all,36,41,27,27,14,1,6,2,4
2004-06,Assimilated Crimes,all,27,28,40,45,29,1,7,0,8
2004-07,Assimilated Crimes,all,28,28,28,28,16,1,4,1,6
2004-08,Assimilated Crimes,all,17,17,28,33,20,0,12,0,1
2004-09,Assimilated Crimes,all,36,39,31,34,28,0,5,0,1
2004-10,Assimilated Crimes,all,37,37,20,23,19,0,4,0,0
2004-11,Assimilated Crimes,all,21,22,22,28,26,0,1,1,0
2004-12,Assimilated Crimes,all,31,31,33,34,23,0,10,1,0
2005-01,Assimilated Crimes,all,27,29,32,32,13,0,18,1,0
2005-02,Assimilated Crimes,all,28,28,27,27,12,0,15,0,0
2005-03,Assimilated Crimes,all,49,50,31,34,23,0,11,0,0
2005-04,Assimilated Crimes,all,34,34,30,30,26,1,3,0,0
2005-05,Assimilated Crimes,all,57,57,46,47,38,1,8,0,0
2005-06,Assimilated Crimes,all,54,54,51,52,39,1,12,0,0
2005-07,Assimilated Crimes,all,33,34,23,25,14,0,10,1,0
2005-08,Assimilated Crimes,all,32,33,37,37,25,0,10,0,2
2005-09,Assimilated Crimes,all,28,32,28,29,22,0,7,0,0
2005-10,Assimilated Crimes,all,23,23,23,27,20,0,6,1,0
2005-11,Assimilated Crimes,all,21,23,26,27,18,1,8,0,0
2005-12,Assimilated Crimes,all,24,24,34,34,27,0,7,0,0
2006-01,Assimilated Crimes,all,54,54,42,44,30,0,14,0,0
2006-02,Assimilated Crimes,all,39,46,30,31,25,1,5,0,0
2006-03,Assimilated Crimes,all,52,52,49,51,27,1,23,0,0
2006-04,Assimilated Crimes,all,27,27,28,30,17,2,11,0,0
2006-05,Assimilated Crimes,all,19,19,37,37,16,0,20,1,0
2006-06,Assimilated Crimes,all,23,27,26,26,20,0,6,0,0
2006-07,Assimilated Crimes,all,29,30,30,32,18,1,13,0,0
2006-08,Assimilated Crimes,all,17,27,24,24,16,0,8,0,0
2006-09,Assimilated Crimes,all,33,35,30,30,23,0,7,0,0
2006-10,Assimilated Crimes,all,23,28,14,14,8,0,6,0,0
2006-11,Assimilated Crimes,all,21,21,18,18,13,1,3,1,0
2006-12,Assimilated Crimes,all,23,23,23,24,17,1,6,0,0
2007-01,Assimilated Crimes,all,48,49,22,22,11,0,11,0,0
2007-02,Assimilated Crimes,all,24,24,18,21,11,0,10,0,0
2007-03,Assimilated Crimes,all,32,33,17,17,9,0,8,0,0
2007-04,Assimilated Crimes,all,37,43,27,33,22,0,11,0,0
2007-05,Assimilated Crimes,all,27,27,38,39,18,0,21,0,0
2007-06,Assimilated Crimes,all,21,21,22,24,15,0,9,0,0
2007-07,Assimilated Crimes,all,35,35,35,35,16,0,19,0,0
2007-08,Assimilated Crimes,all,23,26,44,46,24,0,22,0,0
2007-09,Assimilated Crimes,all,35,39,17,19,15,0,4,0,0
2007-10,Assimilated Crimes,all,31,31,19,19,12,1,5,0,1
2007-11,Assimilated Crimes,all,24,26,31,32,20,0,12,0,0
2007-12,Assimilated Crimes,all,16,16,21,21,9,1,11,0,0
2008-01,Assimilated Crimes,all,38,38,27,27,18,1,8,0,0
2008-02,Assimilated Crimes,all,18,19,24,24,14,0,9,0,1
2008-03,Assimilated Crimes,all,62,64,17,19,14,0,4,1,0
2008-04,Assimilated Crimes,all,54,54,49,50,25,1,24,0,0
2008-05,Assimilated Crimes,all,31,33,31,31,20,0,10,1,0
2008-06,Assimilated Crimes,all,67,69,42,42,36,0,5,1,0
2008-07,Assimilated Crimes,all,29,30,37,37,24,0,13,0,0
2008-08,Assimilated Crimes,all,30,33,37,37,31,0,5,1,0
2008-09,Assimilated Crimes,all,34,35,42,43,32,0,11,0,0
2008-10,Assimilated Crimes,all,28,28,28,33,29,0,2,0,2
2008-11,Assimilated Crimes,all,36,36,41,48,43,0,5,0,0
2008-12,Assimilated Crimes,all,29,29,31,31,22,1,7,0,1
2009-01,Assimilated Crimes,all,34,34,32,33,27,0,2,4,0
2009-02,Assimilated Crimes,all,43,44,48,62,44,1,14,3,0
2009-03,Assimilated Crimes,all,27,27,38,38,24,0,13,1,0
2009-04,Assimilated Crimes,all,32,32,36,36,25,1,9,1,0
2009-05,Assimilated Crimes,all,37,38,22,22,17,0,4,1,0
2009-06,Assimilated Crimes,all,32,32,28,29,19,0,10,0,0
2009-07,Assimilated Crimes,all,20,22,28,28,21,0,6,1,0
2009-08,Assimilated Crimes,all,22,22,28,28,24,0,3,1,0
2009-09,Assimilated Crimes,all,33,36,27,27,14,0,12,1,0
2009-10,Assimilated Crimes,all,29,31,65,66,27,0,37,2,0
2009-11,Assimilated Crimes,all,15,15,23,23,18,0,4,1,0
2009-12,Assimilated Crimes,all,15,16,29,30,24,0,6,0,0
2010-01,Assimilated Crimes,all,46,47,25,27,19,0,8,0,0
2010-02,Assimilated Crimes,all,19,19,30,33,27,0,5,1,0
2010-03,Assimilated Crimes,all,27,27,32,32,14,1,14,2,1
2010-04,Assimilated Crimes,all,28,30,22,22,16,0,5,1,0
2010-05,Assimilated Crimes,all,34,34,31,33,23,0,9,1,0
2010-06,Assimilated Crimes,all,24,24,25,26,12,0,11,2,1
2010-07,Assimilated Crimes,all,25,25,34,34,24,2,6,2,0
2010-08,Assimilated Crimes,all,26,26,25,26,21,0,5,0,0
2010-09,Assimilated Crimes,all,23,24,17,17,12,0,5,0,0
2010-10,Assimilated Crimes,all,22,22,18,18,12,0,5,1,0
2010-11,Assimilated Crimes,all,24,24,28,28,17,0,10,1,0
2010-12,Assimilated Crimes,all,38,40,21,21,16,0,3,1,1
2011-01,Assimilated Crimes,all,25,25,28,29,16,0,13,0,0
2011-02,Assimilated Crimes,all,35,37,24,24,13,0,9,2,0
2011-03,Assimilated Crimes,all,35,35,24,24,15,0,8,1,0
2011-04,Assimilated Crimes,all,29,29,37,37,24,0,12,1,0
2011-05,Assimilated Crimes,all,29,30,26,26,16,1,9,0,0
2011-06,Assimilated Crimes,all,25,27,35,35,15,0,17,3,0
2011-07,Assimilated Crimes,all,16,16,20,21,14,0,6,0,1
2011-08,Assimilated Crimes,all,23,25,22,24,20,0,2,2,0
2011-09,Assimilated Crimes,all,36,37,25,26,17,0,8,1,0
2011-10,Assimilated Crimes,all,22,22,27,29,18,1,9,1,0
2011-11,Assimilated Crimes,all,18,18,20,20,14,0,5,0,1
2011-12,Assimilated Crimes,all,36,37,23,23,17,1,5,0,0
2012-01,Assimilated Crimes,all,19,19,23,23,12,0,11,0,0
2012-02,Assimilated Crimes,all,31,32,19,19,13,0,6,0,0
2012-03,Assimilated Crimes,all,31,32,26,27,18,0,9,0,0
2012-04,Assimilated Crimes,all,33,36,23,24,13,0,10,1,0
2012-05,Assimilated Crimes,all,28,31,26,26,16,0,10,0,0
2012-06,Assimilated Crimes,all,22,23,38,39,22,0,16,1,0
2012-07,Assimilated Crimes,all,33,35,23,24,17,0,6,1,0
2012-08,Assimilated Crimes,all,24,28,24,24,21,0,3,0,0
2012-09,Assimilated Crimes,all,17,17,41,43,32,0,10,1,0
2012-10,Assimilated Crimes,all,31,31,35,38,26,0,7,4,1
2012-11,Assimilated Crimes,all,39,39,26,26,15,0,10,0,1
2012-12,Assimilated Crimes,all,27,27,42,45,28,0,16,1,0
2013-01,Assimilated Crimes,all,23,23,29,29,12,0,17,0,0
2013-02,Assimilated Crimes,all,18,19,10,10,7,0,2,1,0
2013-03,Assimilated Crimes,all,15,19,26,27,21,0,5,1,0
2013-04,Assimilated Crimes,all,12,12,35,35,27,0,8,0,0
2013-05,Assimilated Crimes,all,14,14,26,28,17,0,10,1,0
2013-06,Assimilated Crimes,all,15,15,20,24,17,0,7,0,0
2013-07,Assimilated Crimes,all,13,14,20,20,13,0,6,1,0
2013-08,Assimilated Crimes,all,17,19,25,25,13,0,10,2,0
2013-09,Assimilated Crimes,all,22,22,16,20,13,0,6,1,0
2013-10,Assimilated Crimes,all,16,16,20,20,14,0,6,0,0
2013-11,Assimilated Crimes,all,16,16,41,44,11,0,32,1,0
2013-12,Assimilated Crimes,all,12,12,9,9,6,0,3,0,0
2014-01,Assimilated Crimes,all,22,22,16,16,14,0,2,0,0
2014-02,Assimilated Crimes,all,13,13,12,13,10,0,2,1,0
2014-03,Assimilated Crimes,all,8,9,14,17,15,0,1,1,0
2014-04,Assimilated Crimes,all,14,14,24,24,15,0,9,0,0
2014-05,Assimilated Crimes,all,23,23,16,18,16,0,2,0,0
2014-06,Assimilated Crimes,all,24,24,31,33,19,0,14,0,0
2014-07,Assimilated Crimes,all,10,10,23,23,17,1,5,0,0
2014-08,Assimilated Crimes,all,14,14,17,17,10,0,7,0,0
2014-09,Assimilated Crimes,all,19,19,29,29,22,0,6,1,0
2014-10,Assimilated Crimes,all,17,18,13,13,12,0,1,0,0
2014-11,Assimilated Crimes,all,10,10,16,16,13,0,3,0,0
2014-12,Assimilated Crimes,all,14,21,12,13,6,0,6,1,0
2015-01,Assimilated Crimes,all,20,20,24,26,22,0,2,2,0
2015-02,Assimilated Crimes,all,24,25,14,14,13,0,0,0,1
2015-03,Assimilated Crimes,all,27,28,16,16,14,0,2,0,0
2015-04,Assimilated Crimes,all,7,8,22,22,18,0,4,0,0
2015-05,Assimilated Crimes,all,23,24,18,19,14,0,5,0,0
2015-06,Assimilated Crimes,all,15,15,19,20,17,0,3,0,0
2015-07,Assimilated Crimes,all,25,26,21,21,16,0,3,1,1
2015-08,Assimilated Crimes,all,13,13,20,20,18,1,1,0,0
2015-09,Assimilated Crimes,all,17,17,21,21,17,0,3,0,1
2015-10,Assimilated Crimes,all,13,19,13,13,8,0,5,0,0
2015-11,Assimilated Crimes,all,9,9,5,6,3,1,2,0,0
2015-12,Assimilated Crimes,all,7,7,9,9,5,0,3,0,1
2016-01,Assimilated Crimes,all,9,11,14,19,13,0,5,1,0
2016-02,Assimilated Crimes,all,7,7,12,12,10,0,2,0,0
2016-03,Assimilated Crimes,all,12,12,19,20,13,0,5,1,1
2016-04,Assimilated Crimes,all,13,13,6,6,4,0,1,1,0
2016-05,Assimilated Crimes,all,18,18,16,16,7,0,9,0,0
2016-06,Assimilated Crimes,all,18,19,14,14,10,0,3,0,1
2016-07,Assimilated Crimes,all,15,16,17,17,13,0,4,0,0
2016-08,Assimilated Crimes,all,22,22,11,11,9,0,2,0,0
2016-09,Assimilated Crimes,all,9,10,19,19,8,0,5,0,6
2016-10,Assimilated Crimes,all,13,14,15,15,11,0,4,0,0
2016-11,Assimilated Crimes,all,9,9,27,27,4,1,22,0,0
2016-12,Assimilated Crimes,all,15,15,9,9,9,0,0,0,0
2017-01,Assimilated Crimes,all,18,18,15,16,8,0,8,0,0
2017-02,Assimilated Crimes,all,17,17,44,44,15,0,28,1,0
2017-03,Assimilated Crimes,all,12,12,21,23,22,0,1,0,0
2017-04,Assimilated Crimes,all,10,11,18,20,13,0,6,1,0
2017-05,Assimilated Crimes,all,13,15,8,8,8,0,0,0,0
2017-06,Assimilated Crimes,all,13,14,17,17,9,0,8,0,0
2017-07,Assimilated Crimes,all,10,10,13,13,8,0,4,0,1
2017-08,Assimilated Crimes,all,13,14,10,11,8,0,2,0,1
2017-09,Assimilated Crimes,all,8,9,22,23,9,0,14,0,0
2017-10,Assimilated Crimes,all,19,20,23,23,15,0,7,1,0
2017-11,Assimilated Crimes,all,8,8,13,14,12,0,1,0,1
2017-12,Assimilated Crimes,all,8,8,7,7,4,0,3,0,0
2018-01,Assimilated Crimes,all,6,6,19,20,11,1,8,0,0
2018-02,Assimilated Crimes,all,17,18,15,15,8,1,6,0,0
2018-03,Assimilated Crimes,all,13,14,12,15,10,0,5,0,0
2018-04,Assimilated Crimes,all,5,6,16,18,11,0,6,0,1
2018-05,Assimilated Crimes,all,13,13,12,12,9,0,2,0,1
2018-06,Assimilated Crimes,all,9,10,17,18,14,0,3,0,1
2018-07,Assimilated Crimes,all,11,13,10,10,8,0,2,0,0
2018-08,Assimilated Crimes,all,18,20,13,14,10,0,4,0,0
2018-09,Assimilated Crimes,all,15,25,15,16,12,0,4,0,0
2018-10,Assimilated Crimes,all,13,14,9,10,6,0,3,0,1
2018-11,Assimilated Crimes,all,9,9,5,5,4,0,1,0,0
2018-12,Assimilated Crimes,all,13,13,12,13,10,0,3,0,0
2019-01,Assimilated Crimes,all,11,11,20,22,14,0,8,0,0
2019-02,Assimilated Crimes,all,7,9,9,10,10,0,0,0,0
2019-03,Assimilated Crimes,all,22,22,19,19,12,0,7,0,0
2019-04,Assimilated Crimes,all,15,17,13,13,12,0,1,0,0
2019-05,Assimilated Crimes,all,14,15,20,27,22,0,4,0,1
2019-06,Assimilated Crimes,all,8,10,10,11,7,0,3,1,0
2019-07,Assimilated Crimes,all,12,12,14,14,12,0,2,0,0
2019-08,Assimilated Crimes,all,24,24,17,17,13,0,4,0,0
2019-09,Assimilated Crimes,all,7,8,17,19,15,1,3,0,0
2019-10,Assimilated Crimes,all,11,11,12,12,9,0,2,0,1
2019-11,Assimilated Crimes,all,13,13,15,23,20,0,3,0,0
2019-12,Assimilated Crimes,all,19,20,16,16,14,0,2,0,0
2020-01,Assimilated Crimes,all,16,18,21,25,19,0,6,0,0
2020-02,Assimilated Crimes,all,11,11,22,23,9,0,8,1,5
2020-03,Assimilated Crimes,all,12,12,8,8,4,0,4,0,0
2020-04,Assimilated Crimes,all,0,0,7,7,4,0,3,0,0
2020-05,Assimilated Crimes,all,0,0,4,4,0,0,4,0,0
2020-06,Assimilated Crimes,all,13,14,6,6,3,0,3,0,0
2020-07,Assimilated Crimes,all,12,12,8,8,6,0,2,0,0
2020-08,Assimilated Crimes,all,4,4,10,10,9,0,1,0,0
2020-09,Assimilated Crimes,all,13,14,9,9,5,0,3,0,1
2020-10,Assimilated Crimes,all,4,4,4,4,2,0,2,0,0
2020-11,Assimilated Crimes,all,5,5,3,3,3,0,0,0,0
2020-12,Assimilated Crimes,all,4,4,7,7,7,0,0,0,0
2021-01,Assimilated Crimes,all,3,3,16,17,4,0,13,0,0
2021-02,Assimilated Crimes,all,5,5,5,7,5,0,2,0,0
2021-03,Assimilated Crimes,all,3,3,9,9,6,0,3,0,0
2021-04,Assimilated Crimes,all,6,7,1,1,1,0,0,0,0
2021-05,Assimilated Crimes,all,5,5,5,7,4,1,2,0,0
2021-06,Assimilated Crimes,all,5,5,10,12,11,1,0,0,0
2021-07,Assimilated Crimes,all,3,3,7,8,6,0,1,0,1
2021-08,Assimilated Crimes,all,5,5,4,4,2,1,1,0,0
2021-09,Assimilated Crimes,all,13,14,10,10,8,0,2,0,0
2021-10,Assimilated Crimes,all,8,8,6,6,2,0,4,0,0
2021-11,Assimilated Crimes,all,9,9,12,12,9,0,3,0,0
2021-12,Assimilated Crimes,all,3,3,6,7,6,1,0,0,0
2022-01,Assimilated Crimes,all,3,3,5,5,4,0,1,0,0
2022-02,Assimilated Crimes,all,5,5,4,5,5,0,0,0,0
2022-03,Assimilated Crimes,all,5,5,4,4,2,0,2,0,0
2022-04,Assimilated Crimes,all,8,8,5,5,4,0,1,0,0
2022-05,Assimilated Crimes,all,10,10,5,5,4,0,1,0,0
2022-06,Assimilated Crimes,all,0,0,4,4,4,0,0,0,0
2022-07,Assimilated Crimes,all,8,8,5,5,4,0,1,0,0
2022-08,Assimilated Crimes,all,7,11,7,7,5,0,2,0,0
2022-09,Assimilated Crimes,all,6,6,6,12,11,0,1,0,0
2022-10,Assimilated Crimes,all,10,10,5,5,5,0,0,0,0
2022-11,Assimilated Crimes,all,9,10,5,5,2,0,3,0,0
2022-12,Assimilated Crimes,all,3,4,5,5,5,0,0,0,0
2023-01,Assimilated Crimes,all,8,8,3,3,2,0,1,0,0
2023-02,Assimilated Crimes,all,3,3,6,6,5,0,1,0,0
2023-03,Assimilated Crimes,all,7,7,4,4,3,0,1,0,0
2023-04,Assimilated Crimes,all,6,6,6,6,4,0,2,0,0
2023-05,Assimilated Crimes,all,8,9,7,7,7,0,0,0,0
2023-06,Assimilated Crimes,all,6,6,7,8,5,0,2,0,1
2023-07,Assimilated Crimes,all,15,15,3,3,3,0,0,0,0
2023-08,Assimilated Crimes,all,6,6,10,10,8,0,2,0,0
2023-09,Assimilated Crimes,all,3,3,7,7,5,0,1,0,1
2023-10,Assimilated Crimes,all,2,2,7,7,6,0,1,0,0
2023-11,Assimilated Crimes,all,7,7,8,8,5,0,2,0,1
2023-12,Assimilated Crimes,all,9,9,7,7,5,1,1,0,0
2024-01,Assimilated Crimes,all,9,9,9,9,5,1,3,0,0
2024-02,Assimilated Crimes,all,9,10,12,12,9,0,3,0,0
2024-03,Assimilated Crimes,all,5,5,12,13,11,0,0,0,2
2024-04,Assimilated Crimes,all,12,14,8,10,5,0,1,0,4
2024-05,Assimilated Crimes,all,8,9,8,8,8,0,0,0,0
2024-06,Assimilated Crimes,all,7,7,4,4,4,0,0,0,0
2024-07,Assimilated Crimes,all,20,20,10,10,9,1,0,0,0
2024-08,Assimilated Crimes,all,8,8,15,15,9,0,6,0,0
2024-09,Assimilated Crimes,all,5,5,10,10,6,0,3,0,1
2024-10,Assimilated Crimes,all,6,6,11,11,9,0,2,0,0
2024-11,Assimilated Crimes,all,13,13,8,9,7,0,2,0,0
2024-12,Assimilated Crimes,all,9,9,5,6,3,0,3,0,0
2025-01,Assimilated Crimes,all,1,1,3,4,4,0,0,0,0
2025-02,Assimilated Crimes,all,6,7,5,5,4,0,1,0,0
2025-03,Assimilated Crimes,all,8,8,5,6,5,0,1,0,0
2025-04,Assimilated Crimes,all,17,17,8,8,4,0,4,0,0
2025-05,Assimilated Crimes,all,12,12,6,6,6,0,0,0,0
2025-06,Assimilated Crimes,all,6,6,8,8,7,0,1,0,0
2025-07,Assimilated Crimes,all,14,14,11,11,9,0,2,0,0
2025-08,Assimilated Crimes,all,17,19,12,12,7,0,3,0,2
2025-09,Assimilated Crimes,all,19,19,10,10,6,0,4,0,0
2025-10,Assimilated Crimes,all,17,17,13,13,9,0,4,0,0
2025-11,Assimilated Crimes,all,16,16,16,16,14,0,2,0,0
2025-12,Assimilated Crimes,all,13,13,11,11,7,1,3,0,0
2026-01,Assimilated Crimes,all,28,28,21,21,16,0,5,0,0
2026-02,Assimilated Crimes,all,14,14,15,15,10,0,4,0,1
2026-03,Assimilated Crimes,all,14,14,14,14,9,0,5,0,0
2026-04,Assimilated Crimes,all,18,18,17,17,8,0,9,0,0
2026-05,Assimilated Crimes,all,10,10,14,14,9,0,5,0,0
2026-06,Assimilated Crimes,all,3,3,2,2,2,0,0,0,0
1994-10,Assimilated Crimes,primary,33,34,41,42,36,1,4,1,0
1994-11,Assimilated Crimes,primary,43,43,40,40,30,1,9,0,0
1994-12,Assimilated Crimes,primary,52,56,30,30,23,0,7,0,0
1995-01,Assimilated Crimes,primary,72,76,52,52,39,0,12,0,1
1995-02,Assimilated Crimes,primary,91,96,49,55,40,0,13,1,1
1995-03,Assimilated Crimes,primary,70,72,78,80,47,0,29,3,1
1995-04,Assimilated Crimes,primary,154,154,74,74,50,1,22,1,0
1995-05,Assimilated Crimes,primary,72,72,84,87,53,0,30,1,3
1995-06,Assimilated Crimes,primary,140,140,85,86,60,2,24,0,0
1995-07,Assimilated Crimes,primary,71,74,64,67,42,0,23,1,1
1995-08,Assimilated Crimes,primary,85,85,59,59,44,1,13,0,1
1995-09,Assimilated Crimes,primary,68,68,71,77,61,0,13,2,1
1995-10,Assimilated Crimes,primary,93,96,72,72,45,0,26,1,0
1995-11,Assimilated Crimes,primary,62,62,77,77,54,1,21,1,0
1995-12,Assimilated Crimes,primary,62,66,65,68,50,0,17,1,0
1996-01,Assimilated Crimes,primary,76,78,57,57,44,1,10,2,0
1996-02,Assimilated Crimes,primary,155,158,129,130,104,0,24,0,2
1996-03,Assimilated Crimes,primary,155,156,130,133,101,3,28,0,1
1996-04,Assimilated Crimes,primary,157,158,138,138,125,1,12,0,0
1996-05,Assimilated Crimes,primary,120,119,105,107,94,0,9,3,1
1996-06,Assimilated Crimes,primary,179,206,162,165,135,1,24,3,2
1996-07,Assimilated Crimes,primary,174,176,165,171,134,0,36,0,1
1996-08,Assimilated Crimes,primary,200,203,139,141,97,2,37,2,3
1996-09,Assimilated Crimes,primary,180,182,176,205,138,2,57,5,3
1996-10,Assimilated Crimes,primary,98,103,129,130,104,0,22,2,2
1996-11,Assimilated Crimes,primary,86,119,105,142,121,3,18,0,0
1996-12,Assimilated Crimes,primary,94,94,92,92,78,1,8,3,2
1997-01,Assimilated Crimes,primary,96,104,108,110,87,0,19,4,0
1997-02,Assimilated Crimes,primary,53,52,75,75,56,0,14,3,2
1997-03,Assimilated Crimes,primary,64,65,91,93,67,2,19,4,1
1997-04,Assimilated Crimes,primary,60,156,68,70,60,0,7,2,1
1997-05,Assimilated Crimes,primary,65,67,74,78,69,1,5,3,0
1997-06,Assimilated Crimes,primary,66,66,80,97,72,1,21,3,0
1997-07,Assimilated Crimes,primary,83,89,92,97,54,2,41,0,0
1997-08,Assimilated Crimes,primary,45,104,75,77,57,0,16,4,0
1997-09,Assimilated Crimes,primary,65,66,69,74,61,1,10,2,0
1997-10,Assimilated Crimes,primary,80,83,62,64,54,1,9,0,0
1997-11,Assimilated Crimes,primary,48,50,53,57,48,0,9,0,0
1997-12,Assimilated Crimes,primary,51,52,74,155,50,1,21,1,82
1998-01,Assimilated Crimes,primary,60,61,68,71,60,0,11,0,0
1998-02,Assimilated Crimes,primary,51,55,85,89,74,0,12,3,0
1998-03,Assimilated Crimes,primary,64,66,70,72,56,0,14,2,0
1998-04,Assimilated Crimes,primary,74,78,58,60,49,1,7,3,0
1998-05,Assimilated Crimes,primary,40,42,53,54,45,0,8,1,0
1998-06,Assimilated Crimes,primary,67,71,53,56,47,1,5,3,0
1998-07,Assimilated Crimes,primary,59,59,68,68,51,1,16,0,0
1998-08,Assimilated Crimes,primary,45,46,49,50,45,1,4,0,0
1998-09,Assimilated Crimes,primary,59,60,77,84,63,3,15,1,2
1998-10,Assimilated Crimes,primary,57,64,44,56,47,0,8,0,1
1998-11,Assimilated Crimes,primary,57,58,77,127,59,0,66,0,2
1998-12,Assimilated Crimes,primary,29,29,45,46,39,0,6,1,0
1999-01,Assimilated Crimes,primary,31,32,97,97,22,0,75,0,0
1999-02,Assimilated Crimes,primary,32,35,17,18,14,0,3,1,0
1999-03,Assimilated Crimes,primary,26,27,38,39,19,2,18,0,0
1999-04,Assimilated Crimes,primary,15,15,33,33,27,0,6,0,0
1999-05,Assimilated Crimes,primary,30,30,30,37,33,0,2,1,1
1999-06,Assimilated Crimes,primary,30,30,26,27,20,0,7,0,0
1999-07,Assimilated Crimes,primary,32,37,31,32,23,0,9,0,0
1999-08,Assimilated Crimes,primary,26,31,21,22,13,1,6,0,2
1999-09,Assimilated Crimes,primary,37,37,31,31,23,0,7,1,0
1999-10,Assimilated Crimes,primary,34,36,17,18,13,0,5,0,0
1999-11,Assimilated Crimes,primary,42,45,24,24,20,0,3,0,1
1999-12,Assimilated Crimes,primary,41,41,24,26,19,2,5,0,0
2000-01,Assimilated Crimes,primary,36,36,32,37,32,0,4,0,1
2000-02,Assimilated Crimes,primary,26,33,33,38,26,0,12,0,0
2000-03,Assimilated Crimes,primary,38,51,29,30,25,0,5,0,0
2000-04,Assimilated Crimes,primary,28,30,55,56,25,1,28,0,2
2000-05,Assimilated Crimes,primary,38,39,23,25,22,0,2,1,0
2000-06,Assimilated Crimes,primary,31,32,18,24,22,0,2,0,0
2000-07,Assimilated Crimes,primary,38,38,20,30,24,0,6,0,0
2000-08,Assimilated Crimes,primary,22,24,27,29,18,0,7,1,3
2000-09,Assimilated Crimes,primary,28,29,29,29,21,1,7,0,0
2000-10,Assimilated Crimes,primary,18,18,32,33,21,0,11,1,0
2000-11,Assimilated Crimes,primary,32,35,16,17,14,0,2,0,1
2000-12,Assimilated Crimes,primary,12,13,34,34,15,1,16,0,2
2001-01,Assimilated Crimes,primary,30,30,24,25,18,0,7,0,0
2001-02,Assimilated Crimes,primary,20,20,12,12,10,0,1,0,1
2001-03,Assimilated Crimes,primary,20,21,34,34,22,0,11,0,1
2001-04,Assimilated Crimes,primary,15,18,24,25,19,0,6,0,0
2001-05,Assimilated Crimes,primary,22,22,63,66,12,1,51,1,1
2001-06,Assimilated Crimes,primary,42,44,39,41,26,0,13,0,2
2001-07,Assimilated Crimes,primary,11,11,17,18,8,0,9,0,1
2001-08,Assimilated Crimes,primary,34,36,32,33,26,0,6,0,1
2001-09,Assimilated Crimes,primary,36,36,23,23,17,0,5,1,0
2001-10,Assimilated Crimes,primary,33,37,28,30,16,2,9,0,3
2001-11,Assimilated Crimes,primary,54,57,36,36,29,0,7,0,0
2001-12,Assimilated Crimes,primary,71,71,17,25,24,0,0,0,1
2002-01,Assimilated Crimes,primary,42,43,36,38,29,1,8,0,0
2002-02,Assimilated Crimes,primary,38,41,23,25,13,0,11,1,0
2002-03,Assimilated Crimes,primary,42,42,58,58,22,0,36,0,0
2002-04,Assimilated Crimes,primary,37,38,41,44,23,0,21,0,0
2002-05,Assimilated Crimes,primary,66,69,40,40,19,0,21,0,0
2002-06,Assimilated Crimes,primary,55,61,54,55,30,1,22,1,1
2002-07,Assimilated Crimes,primary,55,58,53,54,40,0,13,0,1
2002-08,Assimilated Crimes,primary,59,71,44,44,31,0,11,1,1
2002-09,Assimilated Crimes,primary,52,57,38,38,34,0,3,1,0
2002-10,Assimilated Crimes,primary,17,17,48,56,49,0,7,0,0
2002-11,Assimilated Crimes,primary,38,41,22,22,16,1,5,0,0
2002-12,Assimilated Crimes,primary,25,25,28,33,26,1,6,0,0
2003-01,Assimilated Crimes,primary,35,38,44,47,28,0,17,0,2
2003-02,Assimilated Crimes,primary,35,37,29,32,17,1,14,0,0
2003-03,Assimilated Crimes,primary,26,26,95,95,27,0,68,0,0
2003-04,Assimilated Crimes,primary,16,18,57,59,17,0,41,1,0
2003-05,Assimilated Crimes,primary,45,46,26,28,16,0,12,0,0
2003-06,Assimilated Crimes,primary,43,46,35,35,26,1,8,0,0
2003-07,Assimilated Crimes,primary,31,34,25,25,18,1,5,1,0
2003-08,Assimilated Crimes,primary,37,38,31,31,25,0,5,0,1
2003-09,Assimilated Crimes,primary,32,32,31,33,29,0,4,0,0
2003-10,Assimilated Crimes,primary,36,39,27,28,25,0,3,0,0
2003-11,Assimilated Crimes,primary,25,25,34,35,15,0,14,0,6
2003-12,Assimilated Crimes,primary,33,33,40,41,29,0,12,0,0
2004-01,Assimilated Crimes,primary,28,28,31,34,23,0,11,0,0
2004-02,Assimilated Crimes,primary,9,9,41,41,20,1,20,0,0
2004-03,Assimilated Crimes,primary,45,46,112,112,19,1,92,0,0
2004-04,Assimilated Crimes,primary,18,19,62,66,32,2,13,0,19
2004-05,Assimilated Crimes,primary,35,40,27,27,14,1,6,2,4
2004-06,Assimilated Crimes,primary,27,28,40,45,29,1,7,0,8
2004-07,Assimilated Crimes,primary,28,28,26,26,15,1,3,1,6
2004-08,Assimilated Crimes,primary,17,17,27,32,19,0,12,0,1
2004-09,Assimilated Crimes,primary,35,38,31,34,28,0,5,0,1
2004-10,Assimilated Crimes,primary,37,37,20,23,19,0,4,0,0
2004-11,Assimilated Crimes,primary,21,22,21,27,25,0,1,1,0
2004-12,Assimilated Crimes,primary,30,30,33,34,23,0,10,1,0
2005-01,Assimilated Crimes,primary,27,29,32,32,13,0,18,1,0
2005-02,Assimilated Crimes,primary,28,28,27,27,12,0,15,0,0
2005-03,Assimilated Crimes,primary,48,49,31,34,23,0,11,0,0
2005-04,Assimilated Crimes,primary,34,34,30,30,26,1,3,0,0
2005-05,Assimilated Crimes,primary,57,57,46,47,38,1,8,0,0
2005-06,Assimilated Crimes,primary,54,54,50,51,38,1,12,0,0
2005-07,Assimilated Crimes,primary,32,33,22,24,13,0,10,1,0
2005-08,Assimilated Crimes,primary,31,32,37,37,25,0,10,0,2
2005-09,Assimilated Crimes,primary,28,32,28,29,22,0,7,0,0
2005-10,Assimilated Crimes,primary,23,23,23,27,20,0,6,1,0
2005-11,Assimilated Crimes,primary,21,23,26,27,18,1,8,0,0
2005-12,Assimilated Crimes,primary,24,24,32,32,25,0,7,0,0
2006-01,Assimilated Crimes,primary,54,54,41,43,29,0,14,0,0
2006-02,Assimilated Crimes,primary,38,42,30,31,25,1,5,0,0
2006-03,Assimilated Crimes,primary,52,52,49,51,27,1,23,0,0
2006-04,Assimilated Crimes,primary,27,27,28,30,17,2,11,0,0
2006-05,Assimilated Crimes,primary,16,16,36,36,15,0,20,1,0
2006-06,Assimilated Crimes,primary,22,26,26,26,20,0,6,0,0
2006-07,Assimilated Crimes,primary,29,30,30,32,18,1,13,0,0
2006-08,Assimilated Crimes,primary,16,26,22,22,14,0,8,0,0
2006-09,Assimilated Crimes,primary,31,33,30,30,23,0,7,0,0
2006-10,Assimilated Crimes,primary,23,28,14,14,8,0,6,0,0
2006-11,Assimilated Crimes,primary,21,21,17,17,12,1,3,1,0
2006-12,Assimilated Crimes,primary,23,23,21,22,16,0,6,0,0
2007-01,Assimilated Crimes,primary,48,49,22,22,11,0,11,0,0
2007-02,Assimilated Crimes,primary,24,24,18,21,11,0,10,0,0
2007-03,Assimilated Crimes,primary,32,33,17,17,9,0,8,0,0
2007-04,Assimilated Crimes,primary,35,41,27,33,22,0,11,0,0
2007-05,Assimilated Crimes,primary,27,27,38,39,18,0,21,0,0
2007-06,Assimilated Crimes,primary,21,21,21,23,14,0,9,0,0
2007-07,Assimilated Crimes,primary,35,35,35,35,16,0,19,0,0
2007-08,Assimilated Crimes,primary,22,25,43,45,23,0,22,0,0
2007-09,Assimilated Crimes,primary,35,39,17,19,15,0,4,0,0
2007-10,Assimilated Crimes,primary,28,28,17,17,10,1,5,0,1
2007-11,Assimilated Crimes,primary,23,25,30,31,20,0,11,0,0
2007-12,Assimilated Crimes,primary,16,16,21,21,9,1,11,0,0
2008-01,Assimilated Crimes,primary,38,38,27,27,18,1,8,0,0
2008-02,Assimilated Crimes,primary,17,18,24,24,14,0,9,0,1
2008-03,Assimilated Crimes,primary,62,64,15,17,12,0,4,1,0
2008-04,Assimilated Crimes,primary,54,54,49,50,25,1,24,0,0
2008-05,Assimilated Crimes,primary,31,33,30,30,19,0,10,1,0
2008-06,Assimilated Crimes,primary,67,69,42,42,36,0,5,1,0
2008-07,Assimilated Crimes,primary,28,29,36,36,23,0,13,0,0
2008-08,Assimilated Crimes,primary,30,33,37,37,31,0,5,1,0
2008-09,Assimilated Crimes,primary,33,34,42,43,32,0,11,0,0
2008-10,Assimilated Crimes,primary,28,28,28,33,29,0,2,0,2
2008-11,Assimilated Crimes,primary,36,36,40,44,39,0,5,0,0
2008-12,Assimilated Crimes,primary,27,27,31,31,22,1,7,0,1
2009-01,Assimilated Crimes,primary,34,34,32,33,27,0,2,4,0
2009-02,Assimilated Crimes,primary,43,44,46,60,42,1,14,3,0
2009-03,Assimilated Crimes,primary,27,27,37,37,23,0,13,1,0
2009-04,Assimilated Crimes,primary,32,32,35,35,25,1,9,0,0
2009-05,Assimilated Crimes,primary,37,38,22,22,17,0,4,1,0
2009-06,Assimilated Crimes,primary,32,32,28,29,19,0,10,0,0
2009-07,Assimilated Crimes,primary,19,21,27,27,20,0,6,1,0
2009-08,Assimilated Crimes,primary,21,21,28,28,24,0,3,1,0
2009-09,Assimilated Crimes,primary,32,35,26,26,13,0,12,1,0
2009-10,Assimilated Crimes,primary,28,30,65,66,27,0,37,2,0
2009-11,Assimilated Crimes,primary,14,14,23,23,18,0,4,1,0
2009-12,Assimilated Crimes,primary,15,16,29,30,24,0,6,0,0
2010-01,Assimilated Crimes,primary,45,46,25,27,19,0,8,0,0
2010-02,Assimilated Crimes,primary,18,18,29,32,26,0,5,1,0
2010-03,Assimilated Crimes,primary,27,27,32,32,14,1,14,2,1
2010-04,Assimilated Crimes,primary,26,28,22,22,16,0,5,1,0
2010-05,Assimilated Crimes,primary,33,33,31,33,23,0,9,1,0
2010-06,Assimilated Crimes,primary,24,24,25,26,12,0,11,2,1
2010-07,Assimilated Crimes,primary,25,25,33,33,23,2,6,2,0
2010-08,Assimilated Crimes,primary,26,26,24,25,20,0,5,0,0
2010-09,Assimilated Crimes,primary,23,24,16,16,11,0,5,0,0
2010-10,Assimilated Crimes,primary,20,20,17,17,11,0,5,1,0
2010-11,Assimilated Crimes,primary,22,22,26,26,16,0,9,1,0
2010-12,Assimilated Crimes,primary,36,37,21,21,16,0,3,1,1
2011-01,Assimilated Crimes,primary,25,25,27,28,15,0,13,0,0
2011-02,Assimilated Crimes,primary,35,37,24,24,13,0,9,2,0
2011-03,Assimilated Crimes,primary,34,34,23,23,14,0,8,1,0
2011-04,Assimilated Crimes,primary,28,28,36,36,23,0,12,1,0
2011-05,Assimilated Crimes,primary,29,30,26,26,16,1,9,0,0
2011-06,Assimilated Crimes,primary,25,27,35,35,15,0,17,3,0
2011-07,Assimilated Crimes,primary,16,16,20,21,14,0,6,0,1
2011-08,Assimilated Crimes,primary,23,25,21,23,19,0,2,2,0
2011-09,Assimilated Crimes,primary,34,34,24,25,17,0,7,1,0
2011-10,Assimilated Crimes,primary,22,22,26,27,16,1,9,1,0
2011-11,Assimilated Crimes,primary,18,18,18,18,12,0,5,0,1
2011-12,Assimilated Crimes,primary,35,36,23,23,17,1,5,0,0
2012-01,Assimilated Crimes,primary,18,18,23,23,12,0,11,0,0
2012-02,Assimilated Crimes,primary,31,32,19,19,13,0,6,0,0
2012-03,Assimilated Crimes,primary,31,32,26,27,18,0,9,0,0
2012-04,Assimilated Crimes,primary,32,35,23,24,13,0,10,1,0
2012-05,Assimilated Crimes,primary,27,29,26,26,16,0,10,0,0
2012-06,Assimilated Crimes,primary,22,23,37,38,21,0,16,1,0
2012-07,Assimilated Crimes,primary,33,35,22,23,16,0,6,1,0
2012-08,Assimilated Crimes,primary,22,24,23,23,21,0,2,0,0
2012-09,Assimilated Crimes,primary,17,17,41,43,32,0,10,1,0
2012-10,Assimilated Crimes,primary,30,30,35,38,26,0,7,4,1
2012-11,Assimilated Crimes,primary,36,36,25,25,14,0,10,0,1
2012-12,Assimilated Crimes,primary,27,27,42,45,28,0,16,1,0
2013-01,Assimilated Crimes,primary,23,23,29,29,12,0,17,0,0
2013-02,Assimilated Crimes,primary,14,14,10,10,7,0,2,1,0
2013-03,Assimilated Crimes,primary,14,18,26,27,21,0,5,1,0
2013-04,Assimilated Crimes,primary,12,12,34,34,26,0,8,0,0
2013-05,Assimilated Crimes,primary,13,13,24,26,15,0,10,1,0
2013-06,Assimilated Crimes,primary,15,15,17,19,12,0,7,0,0
2013-07,Assimilated Crimes,primary,11,11,20,20,13,0,6,1,0
2013-08,Assimilated Crimes,primary,17,19,23,23,11,0,10,2,0
2013-09,Assimilated Crimes,primary,21,21,16,20,13,0,6,1,0
2013-10,Assimilated Crimes,primary,16,16,20,20,14,0,6,0,0
2013-11,Assimilated Crimes,primary,15,15,38,38,6,0,31,1,0
2013-12,Assimilated Crimes,primary,12,12,7,7,4,0,3,0,0
2014-01,Assimilated Crimes,primary,22,22,15,15,13,0,2,0,0
2014-02,Assimilated Crimes,primary,11,11,12,13,10,0,2,1,0
2014-03,Assimilated Crimes,primary,8,9,14,17,15,0,1,1,0
2014-04,Assimilated Crimes,primary,14,14,23,23,14,0,9,0,0
2014-05,Assimilated Crimes,primary,23,23,16,18,16,0,2,0,0
2014-06,Assimilated Crimes,primary,24,24,31,33,19,0,14,0,0
2014-07,Assimilated Crimes,primary,9,9,22,22,16,1,5,0,0
2014-08,Assimilated Crimes,primary,14,14,17,17,10,0,7,0,0
2014-09,Assimilated Crimes,primary,19,19,28,28,21,0,6,1,0
2014-10,Assimilated Crimes,primary,15,16,12,12,11,0,1,0,0
2014-11,Assimilated Crimes,primary,10,10,15,15,12,0,3,0,0
2014-12,Assimilated Crimes,primary,14,21,11,11,4,0,6,1,0
2015-01,Assimilated Crimes,primary,20,20,22,24,20,0,2,2,0
2015-02,Assimilated Crimes,primary,24,25,13,13,12,0,0,0,1
2015-03,Assimilated Crimes,primary,27,28,16,16,14,0,2,0,0
2015-04,Assimilated Crimes,primary,7,8,21,21,17,0,4,0,0
2015-05,Assimilated Crimes,primary,21,21,17,18,13,0,5,0,0
2015-06,Assimilated Crimes,primary,15,15,19,20,17,0,3,0,0
2015-07,Assimilated Crimes,primary,24,25,20,20,15,0,3,1,1
2015-08,Assimilated Crimes,primary,13,13,20,20,18,1,1,0,0
2015-09,Assimilated Crimes,primary,15,15,21,21,17,0,3,0,1
2015-10,Assimilated Crimes,primary,13,19,13,13,8,0,5,0,0
2015-11,Assimilated Crimes,primary,9,9,4,5,2,1,2,0,0
2015-12,Assimilated Crimes,primary,7,7,9,9,5,0,3,0,1
2016-01,Assimilated Crimes,primary,8,10,14,19,13,0,5,1,0
2016-02,Assimilated Crimes,primary,7,7,12,12,10,0,2,0,0
2016-03,Assimilated Crimes,primary,10,10,19,20,13,0,5,1,1
2016-04,Assimilated Crimes,primary,12,12,6,6,4,0,1,1,0
2016-05,Assimilated Crimes,primary,18,18,15,15,6,0,9,0,0
2016-06,Assimilated Crimes,primary,17,18,14,14,10,0,3,0,1
2016-07,Assimilated Crimes,primary,12,13,15,15,12,0,3,0,0
2016-08,Assimilated Crimes,primary,22,22,11,11,9,0,2,0,0
2016-09,Assimilated Crimes,primary,9,10,17,17,6,0,5,0,6
2016-10,Assimilated Crimes,primary,12,13,15,15,11,0,4,0,0
2016-11,Assimilated Crimes,primary,8,8,27,27,4,1,22,0,0
2016-12,Assimilated Crimes,primary,15,15,8,8,8,0,0,0,0
2017-01,Assimilated Crimes,primary,16,16,15,16,8,0,8,0,0
2017-02,Assimilated Crimes,primary,17,17,44,44,15,0,28,1,0
2017-03,Assimilated Crimes,primary,11,11,20,22,21,0,1,0,0
2017-04,Assimilated Crimes,primary,10,11,18,20,13,0,6,1,0
2017-05,Assimilated Crimes,primary,12,14,5,5,5,0,0,0,0
2017-06,Assimilated Crimes,primary,13,14,17,17,9,0,8,0,0
2017-07,Assimilated Crimes,primary,10,10,13,13,8,0,4,0,1
2017-08,Assimilated Crimes,primary,13,14,9,10,7,0,2,0,1
2017-09,Assimilated Crimes,primary,8,9,21,22,9,0,13,0,0
2017-10,Assimilated Crimes,primary,18,19,22,22,15,0,7,0,0
2017-11,Assimilated Crimes,primary,7,7,13,14,12,0,1,0,1
2017-12,Assimilated Crimes,primary,7,7,7,7,4,0,3,0,0
2018-01,Assimilated Crimes,primary,6,6,19,20,11,1,8,0,0
2018-02,Assimilated Crimes,primary,16,17,15,15,8,1,6,0,0
2018-03,Assimilated Crimes,primary,11,12,12,15,10,0,5,0,0
2018-04,Assimilated Crimes,primary,4,5,14,15,8,0,6,0,1
2018-05,Assimilated Crimes,primary,13,13,11,11,8,0,2,0,1
2018-06,Assimilated Crimes,primary,8,9,17,18,14,0,3,0,1
2018-07,Assimilated Crimes,primary,10,12,8,8,6,0,2,0,0
2018-08,Assimilated Crimes,primary,18,20,13,14,10,0,4,0,0
2018-09,Assimilated Crimes,primary,10,18,13,13,9,0,4,0,0
2018-10,Assimilated Crimes,primary,13,14,9,10,6,0,3,0,1
2018-11,Assimilated Crimes,primary,7,7,5,5,4,0,1,0,0
2018-12,Assimilated Crimes,primary,12,12,11,12,9,0,3,0,0
2019-01,Assimilated Crimes,primary,11,11,18,20,12,0,8,0,0
2019-02,Assimilated Crimes,primary,6,8,7,8,8,0,0,0,0
2019-03,Assimilated Crimes,primary,22,22,19,19,12,0,7,0,0
2019-04,Assimilated Crimes,primary,15,17,11,11,10,0,1,0,0
2019-05,Assimilated Crimes,primary,13,14,20,27,22,0,4,0,1
2019-06,Assimilated Crimes,primary,7,9,9,10,7,0,3,0,0
2019-07,Assimilated Crimes,primary,11,11,13,13,11,0,2,0,0
2019-08,Assimilated Crimes,primary,21,21,15,15,11,0,4,0,0
2019-09,Assimilated Crimes,primary,6,6,16,17,13,1,3,0,0
2019-10,Assimilated Crimes,primary,8,8,11,11,8,0,2,0,1
2019-11,Assimilated Crimes,primary,11,11,13,21,18,0,3,0,0
2019-12,Assimilated Crimes,primary,19,20,14,14,12,0,2,0,0
2020-01,Assimilated Crimes,primary,16,18,19,23,17,0,6,0,0
2020-02,Assimilated Crimes,primary,11,11,22,23,9,0,8,1,5
2020-03,Assimilated Crimes,primary,12,12,8,8,4,0,4,0,0
2020-04,Assimilated Crimes,primary,0,0,7,7,4,0,3,0,0
2020-05,Assimilated Crimes,primary,0,0,4,4,0,0,4,0,0
2020-06,Assimilated Crimes,primary,12,12,6,6,3,0,3,0,0
2020-07,Assimilated Crimes,primary,12,12,6,6,4,0,2,0,0
2020-08,Assimilated Crimes,primary,4,4,10,10,9,0,1,0,0
2020-09,Assimilated Crimes,primary,12,13,8,8,4,0,3,0,1
2020-10,Assimilated Crimes,primary,3,3,4,4,2,0,2,0,0
2020-11,Assimilated Crimes,primary,5,5,3,3,3,0,0,0,0
2020-12,Assimilated Crimes,primary,3,3,7,7,7,0,0,0,0
2021-01,Assimilated Crimes,primary,3,3,16,17,4,0,13,0,0
2021-02,Assimilated Crimes,primary,5,5,4,5,3,0,2,0,0
2021-03,Assimilated Crimes,primary,3,3,7,7,4,0,3,0,0
2021-04,Assimilated Crimes,primary,5,5,1,1,1,0,0,0,0
2021-05,Assimilated Crimes,primary,3,3,5,7,4,1,2,0,0
2021-06,Assimilated Crimes,primary,5,5,9,11,10,1,0,0,0
2021-07,Assimilated Crimes,primary,3,3,5,5,3,0,1,0,1
2021-08,Assimilated Crimes,primary,3,3,4,4,2,1,1,0,0
2021-09,Assimilated Crimes,primary,13,14,9,9,7,0,2,0,0
2021-10,Assimilated Crimes,primary,6,6,5,5,2,0,3,0,0
2021-11,Assimilated Crimes,primary,8,8,12,12,9,0,3,0,0
2021-12,Assimilated Crimes,primary,3,3,6,7,6,1,0,0,0
2022-01,Assimilated Crimes,primary,2,2,5,5,4,0,1,0,0
2022-02,Assimilated Crimes,primary,4,4,4,5,5,0,0,0,0
2022-03,Assimilated Crimes,primary,5,5,3,3,1,0,2,0,0
2022-04,Assimilated Crimes,primary,7,7,4,4,4,0,0,0,0
2022-05,Assimilated Crimes,primary,8,8,3,3,2,0,1,0,0
2022-06,Assimilated Crimes,primary,0,0,3,3,3,0,0,0,0
2022-07,Assimilated Crimes,primary,8,8,3,3,3,0,0,0,0
2022-08,Assimilated Crimes,primary,7,11,7,7,5,0,2,0,0
2022-09,Assimilated Crimes,primary,5,5,5,10,9,0,1,0,0
2022-10,Assimilated Crimes,primary,10,10,5,5,5,0,0,0,0
2022-11,Assimilated Crimes,primary,8,8,5,5,2,0,3,0,0
2022-12,Assimilated Crimes,primary,3,4,5,5,5,0,0,0,0
2023-01,Assimilated Crimes,primary,7,7,3,3,2,0,1,0,0
2023-02,Assimilated Crimes,primary,2,2,5,5,5,0,0,0,0
2023-03,Assimilated Crimes,primary,7,7,4,4,3,0,1,0,0
2023-04,Assimilated Crimes,primary,6,6,6,6,4,0,2,0,0
2023-05,Assimilated Crimes,primary,7,7,5,5,5,0,0,0,0
2023-06,Assimilated Crimes,primary,6,6,7,8,5,0,2,0,1
2023-07,Assimilated Crimes,primary,13,13,3,3,3,0,0,0,0
2023-08,Assimilated Crimes,primary,6,6,10,10,8,0,2,0,0
2023-09,Assimilated Crimes,primary,3,3,7,7,5,0,1,0,1
2023-10,Assimilated Crimes,primary,2,2,6,6,5,0,1,0,0
2023-11,Assimilated Crimes,primary,7,7,8,8,5,0,2,0,1
2023-12,Assimilated Crimes,primary,9,9,7,7,5,1,1,0,0
2024-01,Assimilated Crimes,primary,9,9,7,7,4,1,2,0,0
2024-02,Assimilated Crimes,primary,8,8,11,11,8,0,3,0,0
2024-03,Assimilated Crimes,primary,5,5,11,11,9,0,0,0,2
2024-04,Assimilated Crimes,primary,12,14,8,10,5,0,1,0,4
2024-05,Assimilated Crimes,primary,7,8,8,8,8,0,0,0,0
2024-06,Assimilated Crimes,primary,7,7,4,4,4,0,0,0,0
2024-07,Assimilated Crimes,primary,20,20,10,10,9,1,0,0,0
2024-08,Assimilated Crimes,primary,8,8,14,14,8,0,6,0,0
2024-09,Assimilated Crimes,primary,4,4,10,10,6,0,3,0,1
2024-10,Assimilated Crimes,primary,5,5,10,10,8,0,2,0,0
2024-11,Assimilated Crimes,primary,13,13,7,7,5,0,2,0,0
2024-12,Assimilated Crimes,primary,8,8,4,4,1,0,3,0,0
2025-01,Assimilated Crimes,primary,1,1,3,4,4,0,0,0,0
2025-02,Assimilated Crimes,primary,4,5,5,5,4,0,1,0,0
2025-03,Assimilated Crimes,primary,8,8,5,6,5,0,1,0,0
2025-04,Assimilated Crimes,primary,17,17,7,7,3,0,4,0,0
2025-05,Assimilated Crimes,primary,11,11,5,5,5,0,0,0,0
2025-06,Assimilated Crimes,primary,5,5,7,7,7,0,0,0,0
2025-07,Assimilated Crimes,primary,14,14,11,11,9,0,2,0,0
2025-08,Assimilated Crimes,primary,16,16,12,12,7,0,3,0,2
2025-09,Assimilated Crimes,primary,19,19,10,10,6,0,4,0,0
2025-10,Assimilated Crimes,primary,17,17,12,12,8,0,4,0,0
2025-11,Assimilated Crimes,primary,15,15,15,15,13,0,2,0,0
2025-12,Assimilated Crimes,primary,12,12,10,10,6,1,3,0,0
2026-01,Assimilated Crimes,primary,25,25,21,21,16,0,5,0,0
2026-02,Assimilated Crimes,primary,14,14,15,15,10,0,4,0,1
2026-03,Assimilated Crimes,primary,14,14,14,14,9,0,5,0,0
2026-04,Assimilated Crimes,primary,16,16,16,16,7,0,9,0,0
2026-05,Assimilated Crimes,primary,10,10,13,13,9,0,4,0,0
2026-06,Assimilated Crimes,primary,2,2,2,2,2,0,0,0,0
1994-10,Civil Rights Prosecutions,all,10,20,7,23,10,0,13,0,0
1994-11,Civil Rights Prosecutions,all,5,8,5,14,14,0,0,0,0
1994-12,Civil Rights Prosecutions,all,10,20,4,4,4,0,0,0,0
1995-01,Civil Rights Prosecutions,all,5,21,9,29,28,1,0,0,0
1995-02,Civil Rights Prosecutions,all,6,13,7,13,13,0,0,0,0
1995-03,Civil Rights Prosecutions,all,7,16,7,16,11,5,0,0,0
1995-04,Civil Rights Prosecutions,all,4,5,2,3,3,0,0,0,0
1995-05,Civil Rights Prosecutions,all,11,24,7,20,15,4,1,0,0
1995-06,Civil Rights Prosecutions,all,3,4,2,3,3,0,0,0,0
1995-07,Civil Rights Prosecutions,all,7,12,6,12,12,0,0,0,0
1995-08,Civil Rights Prosecutions,all,6,16,4,6,5,0,1,0,0
1995-09,Civil Rights Prosecutions,all,4,6,9,11,11,0,0,0,0
1995-10,Civil Rights Prosecutions,all,4,9,8,17,13,3,1,0,0
1995-11,Civil Rights Prosecutions,all,3,3,4,6,6,0,0,0,0
1995-12,Civil Rights Prosecutions,all,3,5,5,11,7,4,0,0,0
1996-01,Civil Rights Prosecutions,all,7,13,1,1,1,0,0,0,0
1996-02,Civil Rights Prosecutions,all,1,1,4,11,8,3,0,0,0
1996-03,Civil Rights Prosecutions,all,6,12,4,6,5,0,0,0,1
1996-04,Civil Rights Prosecutions,all,9,11,4,5,5,0,0,0,0
1996-05,Civil Rights Prosecutions,all,9,19,8,17,14,3,0,0,0
1996-06,Civil Rights Prosecutions,all,8,14,11,24,22,0,2,0,0
1996-07,Civil Rights Prosecutions,all,7,12,8,14,10,4,0,0,0
1996-08,Civil Rights Prosecutions,all,5,7,4,5,5,0,0,0,0
1996-09,Civil Rights Prosecutions,all,8,11,4,5,5,0,0,0,0
1996-10,Civil Rights Prosecutions,all,3,3,6,11,10,1,0,0,0
1996-11,Civil Rights Prosecutions,all,5,5,2,7,7,0,0,0,0
1996-12,Civil Rights Prosecutions,all,7,21,3,8,3,0,5,0,0
1997-01,Civil Rights Prosecutions,all,7,18,5,13,13,0,0,0,0
1997-02,Civil Rights Prosecutions,all,3,8,12,22,22,0,0,0,0
1997-03,Civil Rights Prosecutions,all,5,11,4,5,3,0,2,0,0
1997-04,Civil Rights Prosecutions,all,3,19,5,11,11,0,0,0,0
1997-05,Civil Rights Prosecutions,all,7,10,6,9,9,0,0,0,0
1997-06,Civil Rights Prosecutions,all,9,21,3,13,13,0,0,0,0
1997-07,Civil Rights Prosecutions,all,5,16,6,8,7,0,1,0,0
1997-08,Civil Rights Prosecutions,all,6,9,6,10,6,0,3,1,0
1997-09,Civil Rights Prosecutions,all,4,9,2,3,3,0,0,0,0
1997-10,Civil Rights Prosecutions,all,4,6,7,8,8,0,0,0,0
1997-11,Civil Rights Prosecutions,all,9,13,1,9,9,0,0,0,0
1997-12,Civil Rights Prosecutions,all,5,15,4,5,4,0,1,0,0
1998-01,Civil Rights Prosecutions,all,6,10,3,3,3,0,0,0,0
1998-02,Civil Rights Prosecutions,all,7,24,5,9,9,0,0,0,0
1998-03,Civil Rights Prosecutions,all,10,18,5,14,13,1,0,0,0
1998-04,Civil Rights Prosecutions,all,10,15,5,11,7,0,0,0,4
1998-05,Civil Rights Prosecutions,all,3,3,5,6,2,3,1,0,0
1998-06,Civil Rights Prosecutions,all,19,24,4,6,6,0,0,0,0
1998-07,Civil Rights Prosecutions,all,10,26,7,15,15,0,0,0,0
1998-08,Civil Rights Prosecutions,all,4,4,3,9,9,0,0,0,0
1998-09,Civil Rights Prosecutions,all,7,10,12,20,18,1,1,0,0
1998-10,Civil Rights Prosecutions,all,5,22,7,13,4,2,7,0,0
1998-11,Civil Rights Prosecutions,all,6,11,15,23,21,1,0,1,0
1998-12,Civil Rights Prosecutions,all,8,28,12,20,20,0,0,0,0
1999-01,Civil Rights Prosecutions,all,5,8,3,5,4,0,1,0,0
1999-02,Civil Rights Prosecutions,all,8,14,1,1,1,0,0,0,0
1999-03,Civil Rights Prosecutions,all,12,22,6,11,11,0,0,0,0
1999-04,Civil Rights Prosecutions,all,11,12,6,6,4,2,0,0,0
1999-05,Civil Rights Prosecutions,all,6,9,6,15,13,1,1,0,0
1999-06,Civil Rights Prosecutions,all,10,14,7,27,23,4,0,0,0
1999-07,Civil Rights Prosecutions,all,1,4,13,23,22,1,0,0,0
1999-08,Civil Rights Prosecutions,all,7,13,9,21,20,0,1,0,0
1999-09,Civil Rights Prosecutions,all,6,13,7,16,15,0,1,0,0
1999-10,Civil Rights Prosecutions,all,12,21,5,7,3,2,2,0,0
1999-11,Civil Rights Prosecutions,all,8,13,4,4,4,0,0,0,0
1999-12,Civil Rights Prosecutions,all,10,17,10,21,19,0,2,0,0
2000-01,Civil Rights Prosecutions,all,6,10,6,6,5,1,0,0,0
2000-02,Civil Rights Prosecutions,all,7,10,9,16,6,5,0,5,0
2000-03,Civil Rights Prosecutions,all,9,24,4,11,11,0,0,0,0
2000-04,Civil Rights Prosecutions,all,6,13,11,24,12,6,6,0,0
2000-05,Civil Rights Prosecutions,all,3,4,8,16,13,0,1,2,0
2000-06,Civil Rights Prosecutions,all,8,14,13,25,25,0,0,0,0
2000-07,Civil Rights Prosecutions,all,3,7,7,9,7,0,1,1,0
2000-08,Civil Rights Prosecutions,all,3,9,4,5,5,0,0,0,0
2000-09,Civil Rights Prosecutions,all,12,25,7,11,10,0,1,0,0
2000-10,Civil Rights Prosecutions,all,9,11,9,22,22,0,0,0,0
2000-11,Civil Rights Prosecutions,all,5,15,5,18,8,10,0,0,0
2000-12,Civil Rights Prosecutions,all,5,8,3,6,6,0,0,0,0
2001-01,Civil Rights Prosecutions,all,7,30,10,23,19,0,4,0,0
2001-02,Civil Rights Prosecutions,all,12,27,8,23,23,0,0,0,0
2001-03,Civil Rights Prosecutions,all,6,7,6,8,6,1,0,0,1
2001-04,Civil Rights Prosecutions,all,7,15,5,6,6,0,0,0,0
2001-05,Civil Rights Prosecutions,all,10,20,4,8,8,0,0,0,0
2001-06,Civil Rights Prosecutions,all,4,6,8,10,10,0,0,0,0
2001-07,Civil Rights Prosecutions,all,4,10,4,5,4,0,1,0,0
2001-08,Civil Rights Prosecutions,all,10,28,11,20,19,1,0,0,0
2001-09,Civil Rights Prosecutions,all,9,10,6,12,12,0,0,0,0
2001-10,Civil Rights Prosecutions,all,8,9,5,12,11,1,0,0,0
2001-11,Civil Rights Prosecutions,all,9,11,7,9,9,0,0,0,0
2001-12,Civil Rights Prosecutions,all,4,6,8,14,11,2,1,0,0
2002-01,Civil Rights Prosecutions,all,7,8,8,15,14,1,0,0,0
2002-02,Civil Rights Prosecutions,all,9,14,6,15,12,2,0,1,0
2002-03,Civil Rights Prosecutions,all,7,13,13,22,21,1,0,0,0
2002-04,Civil Rights Prosecutions,all,13,16,8,10,9,0,0,0,1
2002-05,Civil Rights Prosecutions,all,5,6,8,22,22,0,0,0,0
2002-06,Civil Rights Prosecutions,all,9,25,5,7,7,0,0,0,0
2002-07,Civil Rights Prosecutions,all,2,2,9,29,28,0,1,0,0
2002-08,Civil Rights Prosecutions,all,11,20,7,8,8,0,0,0,0
2002-09,Civil Rights Prosecutions,all,6,13,4,4,4,0,0,0,0
2002-10,Civil Rights Prosecutions,all,8,15,9,13,13,0,0,0,0
2002-11,Civil Rights Prosecutions,all,4,4,7,20,13,7,0,0,0
2002-12,Civil Rights Prosecutions,all,1,3,7,10,7,3,0,0,0
2003-01,Civil Rights Prosecutions,all,5,6,3,5,2,3,0,0,0
2003-02,Civil Rights Prosecutions,all,5,9,4,14,14,0,0,0,0
2003-03,Civil Rights Prosecutions,all,8,8,2,2,2,0,0,0,0
2003-04,Civil Rights Prosecutions,all,3,5,5,6,6,0,0,0,0
2003-05,Civil Rights Prosecutions,all,6,8,7,9,9,0,0,0,0
2003-06,Civil Rights Prosecutions,all,4,6,6,8,7,0,1,0,0
2003-07,Civil Rights Prosecutions,all,2,3,8,17,14,0,3,0,0
2003-08,Civil Rights Prosecutions,all,2,13,9,19,19,0,0,0,0
2003-09,Civil Rights Prosecutions,all,5,14,4,6,5,0,1,0,0
2003-10,Civil Rights Prosecutions,all,3,4,7,8,7,1,0,0,0
2003-11,Civil Rights Prosecutions,all,5,14,6,14,14,0,0,0,0
2003-12,Civil Rights Prosecutions,all,4,11,1,1,1,0,0,0,0
2004-01,Civil Rights Prosecutions,all,10,17,5,14,3,7,4,0,0
2004-02,Civil Rights Prosecutions,all,4,12,5,16,13,0,3,0,0
2004-03,Civil Rights Prosecutions,all,2,2,4,5,5,0,0,0,0
2004-04,Civil Rights Prosecutions,all,8,14,3,4,4,0,0,0,0
2004-05,Civil Rights Prosecutions,all,7,9,8,16,16,0,0,0,0
2004-06,Civil Rights Prosecutions,all,5,7,1,1,1,0,0,0,0
2004-07,Civil Rights Prosecutions,all,9,21,0,0,0,0,0,0,0
2004-08,Civil Rights Prosecutions,all,6,9,2,6,6,0,0,0,0
2004-09,Civil Rights Prosecutions,all,9,16,2,3,3,0,0,0,0
2004-10,Civil Rights Prosecutions,all,9,12,9,13,10,3,0,0,0
2004-11,Civil Rights Prosecutions,all,8,14,9,11,10,1,0,0,0
2004-12,Civil Rights Prosecutions,all,1,1,4,6,5,0,0,1,0
2005-01,Civil Rights Prosecutions,all,1,1,6,7,4,1,2,0,0
2005-02,Civil Rights Prosecutions,all,8,18,5,6,6,0,0,0,0
2005-03,Civil Rights Prosecutions,all,4,14,4,7,7,0,0,0,0
2005-04,Civil Rights Prosecutions,all,5,5,5,7,7,0,0,0,0
2005-05,Civil Rights Prosecutions,all,6,8,4,7,3,4,0,0,0
2005-06,Civil Rights Prosecutions,all,8,41,4,8,8,0,0,0,0
2005-07,Civil Rights Prosecutions,all,8,13,12,23,21,2,0,0,0
2005-08,Civil Rights Prosecutions,all,6,15,2,2,2,0,0,0,0
2005-09,Civil Rights Prosecutions,all,5,6,6,18,17,1,0,0,0
2005-10,Civil Rights Prosecutions,all,9,25,4,9,7,1,0,1,0
2005-11,Civil Rights Prosecutions,all,9,19,8,13,10,2,1,0,0
2005-12,Civil Rights Prosecutions,all,8,18,1,1,1,0,0,0,0
2006-01,Civil Rights Prosecutions,all,5,8,3,6,6,0,0,0,0
2006-02,Civil Rights Prosecutions,all,6,7,6,9,9,0,0,0,0
2006-03,Civil Rights Prosecutions,all,9,12,7,9,9,0,0,0,0
2006-04,Civil Rights Prosecutions,all,6,16,5,5,3,0,1,0,1
2006-05,Civil Rights Prosecutions,all,8,12,9,12,11,0,0,0,1
2006-06,Civil Rights Prosecutions,all,11,17,7,12,12,0,0,0,0
2006-07,Civil Rights Prosecutions,all,7,14,5,10,10,0,0,0,0
2006-08,Civil Rights Prosecutions,all,6,15,9,15,13,2,0,0,0
2006-09,Civil Rights Prosecutions,all,9,28,6,8,7,0,1,0,0
2006-10,Civil Rights Prosecutions,all,9,35,2,2,2,0,0,0,0
2006-11,Civil Rights Prosecutions,all,10,22,2,5,5,0,0,0,0
2006-12,Civil Rights Prosecutions,all,7,10,10,20,13,5,2,0,0
2007-01,Civil Rights Prosecutions,all,9,23,7,7,6,1,0,0,0
2007-02,Civil Rights Prosecutions,all,7,9,4,5,5,0,0,0,0
2007-03,Civil Rights Prosecutions,all,7,9,7,15,13,0,1,0,1
2007-04,Civil Rights Prosecutions,all,7,26,6,7,5,2,0,0,0
2007-05,Civil Rights Prosecutions,all,12,42,10,30,27,2,0,1,0
2007-06,Civil Rights Prosecutions,all,6,8,9,17,16,0,1,0,0
2007-07,Civil Rights Prosecutions,all,8,16,5,9,7,2,0,0,0
2007-08,Civil Rights Prosecutions,all,14,27,8,14,13,0,1,0,0
2007-09,Civil Rights Prosecutions,all,3,7,10,14,14,0,0,0,0
2007-10,Civil Rights Prosecutions,all,8,12,10,19,18,0,0,0,1
2007-11,Civil Rights Prosecutions,all,11,18,12,21,18,0,3,0,0
2007-12,Civil Rights Prosecutions,all,6,11,6,11,11,0,0,0,0
2008-01,Civil Rights Prosecutions,all,9,26,18,34,32,1,1,0,0
2008-02,Civil Rights Prosecutions,all,9,24,5,9,4,0,5,0,0
2008-03,Civil Rights Prosecutions,all,11,19,12,21,20,0,1,0,0
2008-04,Civil Rights Prosecutions,all,9,13,9,13,13,0,0,0,0
2008-05,Civil Rights Prosecutions,all,8,13,7,10,10,0,0,0,0
2008-06,Civil Rights Prosecutions,all,12,27,8,9,9,0,0,0,0
2008-07,Civil Rights Prosecutions,all,14,25,9,13,13,0,0,0,0
2008-08,Civil Rights Prosecutions,all,7,12,8,12,12,0,0,0,0
2008-09,Civil Rights Prosecutions,all,10,17,3,3,3,0,0,0,0
2008-10,Civil Rights Prosecutions,all,9,13,10,26,22,1,0,0,3
2008-11,Civil Rights Prosecutions,all,8,16,11,18,10,4,1,0,3
2008-12,Civil Rights Prosecutions,all,7,9,7,10,9,1,0,0,0
2009-01,Civil Rights Prosecutions,all,10,17,7,50,49,0,0,1,0
2009-02,Civil Rights Prosecutions,all,12,24,6,12,12,0,0,0,0
2009-03,Civil Rights Prosecutions,all,15,21,9,18,15,3,0,0,0
2009-04,Civil Rights Prosecutions,all,18,34,9,19,18,0,1,0,0
2009-05,Civil Rights Prosecutions,all,13,19,8,15,14,1,0,0,0
2009-06,Civil Rights Prosecutions,all,11,19,6,9,9,0,0,0,0
2009-07,Civil Rights Prosecutions,all,7,8,12,19,14,0,5,0,0
2009-08,Civil Rights Prosecutions,all,13,28,6,21,20,1,0,0,0
2009-09,Civil Rights Prosecutions,all,9,26,11,16,13,1,1,0,1
2009-10,Civil Rights Prosecutions,all,6,8,9,14,12,2,0,0,0
2009-11,Civil Rights Prosecutions,all,10,70,9,18,18,0,0,0,0
2009-12,Civil Rights Prosecutions,all,17,37,10,26,26,0,0,0,0
2010-01,Civil Rights Prosecutions,all,7,18,8,18,18,0,0,0,0
2010-02,Civil Rights Prosecutions,all,9,12,7,9,8,1,0,0,0
2010-03,Civil Rights Prosecutions,all,8,17,8,22,20,0,2,0,0
2010-04,Civil Rights Prosecutions,all,16,22,10,24,24,0,0,0,0
2010-05,Civil Rights Prosecutions,all,11,19,8,12,12,0,0,0,0
2010-06,Civil Rights Prosecutions,all,9,22,16,35,30,3,2,0,0
2010-07,Civil Rights Prosecutions,all,14,26,12,23,21,0,2,0,0
2010-08,Civil Rights Prosecutions,all,7,12,10,18,10,1,6,1,0
2010-09,Civil Rights Prosecutions,all,17,43,12,14,13,0,1,0,0
2010-10,Civil Rights Prosecutions,all,12,22,7,11,11,0,0,0,0
2010-11,Civil Rights Prosecutions,all,5,11,10,20,19,1,0,0,0
2010-12,Civil Rights Prosecutions,all,7,12,16,25,23,2,0,0,0
2011-01,Civil Rights Prosecutions,all,12,26,10,16,12,4,0,0,0
2011-02,Civil Rights Prosecutions,all,5,16,9,20,20,0,0,0,0
2011-03,Civil Rights Prosecutions,all,17,27,8,10,8,0,1,0,1
2011-04,Civil Rights Prosecutions,all,4,12,13,17,12,1,4,0,0
2011-05,Civil Rights Prosecutions,all,13,33,13,30,28,2,0,0,0
2011-06,Civil Rights Prosecutions,all,12,16,6,21,21,0,0,0,0
2011-07,Civil Rights Prosecutions,all,7,7,10,13,13,0,0,0,0
2011-08,Civil Rights Prosecutions,all,16,35,16,27,22,2,2,0,1
2011-09,Civil Rights Prosecutions,all,13,14,12,22,20,2,0,0,0
2011-10,Civil Rights Prosecutions,all,11,18,14,21,20,1,0,0,0
2011-11,Civil Rights Prosecutions,all,11,17,12,13,12,0,1,0,0
2011-12,Civil Rights Prosecutions,all,9,36,8,10,10,0,0,0,0
2012-01,Civil Rights Prosecutions,all,10,20,11,23,18,0,5,0,0
2012-02,Civil Rights Prosecutions,all,12,34,14,35,32,1,2,0,0
2012-03,Civil Rights Prosecutions,all,19,32,13,20,20,0,0,0,0
2012-04,Civil Rights Prosecutions,all,18,26,12,26,25,0,1,0,0
2012-05,Civil Rights Prosecutions,all,14,26,5,13,12,1,0,0,0
2012-06,Civil Rights Prosecutions,all,15,25,7,11,11,0,0,0,0
2012-07,Civil Rights Prosecutions,all,9,9,10,19,18,0,1,0,0
2012-08,Civil Rights Prosecutions,all,10,16,11,22,21,0,1,0,0
2012-09,Civil Rights Prosecutions,all,7,8,10,32,30,0,2,0,0
2012-10,Civil Rights Prosecutions,all,11,19,13,33,22,10,1,0,0
2012-11,Civil Rights Prosecutions,all,6,7,7,12,11,1,0,0,0
2012-12,Civil Rights Prosecutions,all,12,15,9,11,11,0,0,0,0
2013-01,Civil Rights Prosecutions,all,17,74,7,8,7,0,1,0,0
2013-02,Civil Rights Prosecutions,all,10,25,8,8,8,0,0,0,0
2013-03,Civil Rights Prosecutions,all,15,27,12,24,24,0,0,0,0
2013-04,Civil Rights Prosecutions,all,7,28,12,14,11,2,0,0,1
2013-05,Civil Rights Prosecutions,all,18,41,10,19,18,0,1,0,0
2013-06,Civil Rights Prosecutions,all,14,33,14,30,29,0,1,0,0
2013-07,Civil Rights Prosecutions,all,8,17,9,23,23,0,0,0,0
2013-08,Civil Rights Prosecutions,all,22,45,13,28,26,0,2,0,0
2013-09,Civil Rights Prosecutions,all,12,19,14,18,16,0,2,0,0
2013-10,Civil Rights Prosecutions,all,13,35,8,11,9,2,0,0,0
2013-11,Civil Rights Prosecutions,all,18,32,15,34,34,0,0,0,0
2013-12,Civil Rights Prosecutions,all,19,32,10,11,10,0,1,0,0
2014-01,Civil Rights Prosecutions,all,24,32,13,20,20,0,0,0,0
2014-02,Civil Rights Prosecutions,all,15,26,18,42,42,0,0,0,0
2014-03,Civil Rights Prosecutions,all,9,24,19,35,27,6,2,0,0
2014-04,Civil Rights Prosecutions,all,14,17,15,22,18,1,3,0,0
2014-05,Civil Rights Prosecutions,all,22,39,14,27,26,0,1,0,0
2014-06,Civil Rights Prosecutions,all,12,17,15,32,22,1,9,0,0
2014-07,Civil Rights Prosecutions,all,13,32,12,17,15,0,2,0,0
2014-08,Civil Rights Prosecutions,all,13,15,12,19,15,4,0,0,0
2014-09,Civil Rights Prosecutions,all,9,11,20,35,28,0,7,0,0
2014-10,Civil Rights Prosecutions,all,9,14,14,22,17,4,1,0,0
2014-11,Civil Rights Prosecutions,all,9,14,12,14,12,0,2,0,0
2014-12,Civil Rights Prosecutions,all,12,20,21,33,33,0,0,0,0
2015-01,Civil Rights Prosecutions,all,11,34,16,26,25,1,0,0,0
2015-02,Civil Rights Prosecutions,all,16,27,18,35,32,3,0,0,0
2015-03,Civil Rights Prosecutions,all,16,28,11,27,26,0,1,0,0
2015-04,Civil Rights Prosecutions,all,19,25,15,20,19,0,1,0,0
2015-05,Civil Rights Prosecutions,all,8,9,9,27,20,7,0,0,0
2015-06,Civil Rights Prosecutions,all,17,25,11,21,15,5,1,0,0
2015-07,Civil Rights Prosecutions,all,16,28,15,25,25,0,0,0,0
2015-08,Civil Rights Prosecutions,all,13,17,15,24,23,0,0,1,0
2015-09,Civil Rights Prosecutions,all,25,33,10,18,18,0,0,0,0
2015-10,Civil Rights Prosecutions,all,15,29,19,38,34,3,1,0,0
2015-11,Civil Rights Prosecutions,all,11,13,9,22,21,0,1,0,0
2015-12,Civil Rights Prosecutions,all,21,40,13,16,14,2,0,0,0
2016-01,Civil Rights Prosecutions,all,16,39,11,11,8,2,1,0,0
2016-02,Civil Rights Prosecutions,all,10,22,18,38,35,3,0,0,0
2016-03,Civil Rights Prosecutions,all,11,21,25,45,42,3,0,0,0
2016-04,Civil Rights Prosecutions,all,10,17,15,17,16,1,0,0,0
2016-05,Civil Rights Prosecutions,all,17,44,18,28,27,1,0,0,0
2016-06,Civil Rights Prosecutions,all,16,27,15,25,19,0,6,0,0
2016-07,Civil Rights Prosecutions,all,6,18,12,41,41,0,0,0,0
2016-08,Civil Rights Prosecutions,all,12,21,13,20,19,1,0,0,0
2016-09,Civil Rights Prosecutions,all,13,32,11,21,21,0,0,0,0
2016-10,Civil Rights Prosecutions,all,16,44,10,17,15,0,2,0,0
2016-11,Civil Rights Prosecutions,all,21,34,24,37,36,0,1,0,0
2016-12,Civil Rights Prosecutions,all,8,13,13,23,23,0,0,0,0
2017-01,Civil Rights Prosecutions,all,5,13,5,5,5,0,0,0,0
2017-02,Civil Rights Prosecutions,all,12,20,10,19,18,0,1,0,0
2017-03,Civil Rights Prosecutions,all,14,26,13,27,26,0,1,0,0
2017-04,Civil Rights Prosecutions,all,15,49,15,37,37,0,0,0,0
2017-05,Civil Rights Prosecutions,all,17,48,8,13,13,0,0,0,0
2017-06,Civil Rights Prosecutions,all,21,39,12,14,12,1,1,0,0
2017-07,Civil Rights Prosecutions,all,9,21,8,12,12,0,0,0,0
2017-08,Civil Rights Prosecutions,all,16,29,13,29,29,0,0,0,0
2017-09,Civil Rights Prosecutions,all,13,19,10,20,18,0,1,1,0
2017-10,Civil Rights Prosecutions,all,15,34,11,12,12,0,0,0,0
2017-11,Civil Rights Prosecutions,all,19,62,13,23,21,0,1,1,0
2017-12,Civil Rights Prosecutions,all,18,38,17,23,21,0,2,0,0
2018-01,Civil Rights Prosecutions,all,10,20,17,35,32,0,2,0,1
2018-02,Civil Rights Prosecutions,all,12,18,15,22,20,0,2,0,0
2018-03,Civil Rights Prosecutions,all,17,28,8,20,19,0,1,0,0
2018-04,Civil Rights Prosecutions,all,18,23,12,19,19,0,0,0,0
2018-05,Civil Rights Prosecutions,all,11,15,13,20,19,0,1,0,0
2018-06,Civil Rights Prosecutions,all,23,39,11,30,29,0,0,1,0
2018-07,Civil Rights Prosecutions,all,13,34,15,35,28,0,7,0,0
2018-08,Civil Rights Prosecutions,all,15,27,14,33,27,6,0,0,0
2018-09,Civil Rights Prosecutions,all,11,22,18,36,36,0,0,0,0
2018-10,Civil Rights Prosecutions,all,13,17,17,23,22,0,1,0,0
2018-11,Civil Rights Prosecutions,all,15,30,14,25,19,0,6,0,0
2018-12,Civil Rights Prosecutions,all,12,28,11,29,28,1,0,0,0
2019-01,Civil Rights Prosecutions,all,5,15,15,25,25,0,0,0,0
2019-02,Civil Rights Prosecutions,all,15,28,11,13,13,0,0,0,0
2019-03,Civil Rights Prosecutions,all,17,30,16,27,26,0,1,0,0
2019-04,Civil Rights Prosecutions,all,19,27,13,27,16,11,0,0,0
2019-05,Civil Rights Prosecutions,all,25,35,13,16,13,1,2,0,0
2019-06,Civil Rights Prosecutions,all,19,32,16,18,16,0,2,0,0
2019-07,Civil Rights Prosecutions,all,16,31,15,23,21,2,0,0,0
2019-08,Civil Rights Prosecutions,all,20,40,18,37,36,1,0,0,0
2019-09,Civil Rights Prosecutions,all,13,23,13,25,24,1,0,0,0
2019-10,Civil Rights Prosecutions,all,16,24,16,89,86,2,1,0,0
2019-11,Civil Rights Prosecutions,all,13,18,13,18,16,2,0,0,0
2019-12,Civil Rights Prosecutions,all,21,40,8,11,9,0,2,0,0
2020-01,Civil Rights Prosecutions,all,10,12,16,24,22,0,2,0,0
2020-02,Civil Rights Prosecutions,all,23,50,10,18,17,0,1,0,0
2020-03,Civil Rights Prosecutions,all,12,28,11,20,17,0,3,0,0
2020-04,Civil Rights Prosecutions,all,0,0,5,5,4,0,1,0,0
2020-05,Civil Rights Prosecutions,all,9,26,10,27,26,0,1,0,0
2020-06,Civil Rights Prosecutions,all,14,29,10,15,15,0,0,0,0
2020-07,Civil Rights Prosecutions,all,15,28,11,37,37,0,0,0,0
2020-08,Civil Rights Prosecutions,all,7,10,6,7,7,0,0,0,0
2020-09,Civil Rights Prosecutions,all,16,17,12,17,16,0,0,0,1
2020-10,Civil Rights Prosecutions,all,10,29,6,11,10,1,0,0,0
2020-11,Civil Rights Prosecutions,all,12,16,10,20,19,0,1,0,0
2020-12,Civil Rights Prosecutions,all,12,27,12,20,18,0,2,0,0
2021-01,Civil Rights Prosecutions,all,11,15,12,15,15,0,0,0,0
2021-02,Civil Rights Prosecutions,all,24,32,6,11,10,0,1,0,0
2021-03,Civil Rights Prosecutions,all,9,12,18,31,31,0,0,0,0
2021-04,Civil Rights Prosecutions,all,18,37,14,22,22,0,0,0,0
2021-05,Civil Rights Prosecutions,all,25,34,13,45,44,0,1,0,0
2021-06,Civil Rights Prosecutions,all,20,31,15,22,22,0,0,0,0
2021-07,Civil Rights Prosecutions,all,11,26,19,27,25,1,1,0,0
2021-08,Civil Rights Prosecutions,all,17,26,17,36,35,0,1,0,0
2021-09,Civil Rights Prosecutions,all,21,42,14,25,22,0,3,0,0
2021-10,Civil Rights Prosecutions,all,19,60,11,12,12,0,0,0,0
2021-11,Civil Rights Prosecutions,all,18,36,18,22,22,0,0,0,0
2021-12,Civil Rights Prosecutions,all,12,19,11,17,15,2,0,0,0
2022-01,Civil Rights Prosecutions,all,8,14,13,22,21,1,0,0,0
2022-02,Civil Rights Prosecutions,all,18,25,13,29,24,4,0,0,1
2022-03,Civil Rights Prosecutions,all,21,41,20,30,28,0,2,0,0
2022-04,Civil Rights Prosecutions,all,12,16,15,21,18,1,2,0,0
2022-05,Civil Rights Prosecutions,all,19,29,11,17,13,0,1,0,3
2022-06,Civil Rights Prosecutions,all,23,48,21,51,48,0,2,0,1
2022-07,Civil Rights Prosecutions,all,12,22,18,44,40,3,1,0,0
2022-08,Civil Rights Prosecutions,all,16,21,14,26,25,0,1,0,0
2022-09,Civil Rights Prosecutions,all,15,17,18,30,30,0,0,0,0
2022-10,Civil Rights Prosecutions,all,14,27,13,17,16,0,0,1,0
2022-11,Civil Rights Prosecutions,all,20,31,20,44,40,1,3,0,0
2022-12,Civil Rights Prosecutions,all,18,25,20,48,46,0,1,0,1
2023-01,Civil Rights Prosecutions,all,14,20,22,29,26,1,2,0,0
2023-02,Civil Rights Prosecutions,all,14,29,15,23,22,0,0,0,1
2023-03,Civil Rights Prosecutions,all,23,39,21,41,40,0,1,0,0
2023-04,Civil Rights Prosecutions,all,19,29,13,20,20,0,0,0,0
2023-05,Civil Rights Prosecutions,all,17,33,17,49,38,9,0,0,2
2023-06,Civil Rights Prosecutions,all,19,32,11,42,42,0,0,0,0
2023-07,Civil Rights Prosecutions,all,20,44,24,32,28,3,1,0,0
2023-08,Civil Rights Prosecutions,all,20,44,19,36,35,1,0,0,0
2023-09,Civil Rights Prosecutions,all,23,38,11,13,12,1,0,0,0
2023-10,Civil Rights Prosecutions,all,12,13,12,18,17,0,0,0,1
2023-11,Civil Rights Prosecutions,all,16,23,24,38,38,0,0,0,0
2023-12,Civil Rights Prosecutions,all,6,11,12,24,24,0,0,0,0
2024-01,Civil Rights Prosecutions,all,16,29,16,23,21,0,1,0,1
2024-02,Civil Rights Prosecutions,all,14,22,12,17,14,0,3,0,0
2024-03,Civil Rights Prosecutions,all,12,13,23,26,24,1,1,0,0
2024-04,Civil Rights Prosecutions,all,17,22,24,32,31,1,0,0,0
2024-05,Civil Rights Prosecutions,all,12,23,10,55,49,6,0,0,0
2024-06,Civil Rights Prosecutions,all,13,24,12,23,23,0,0,0,0
2024-07,Civil Rights Prosecutions,all,15,20,10,16,15,1,0,0,0
2024-08,Civil Rights Prosecutions,all,17,24,20,32,31,1,0,0,0
2024-09,Civil Rights Prosecutions,all,15,31,12,19,18,1,0,0,0
2024-10,Civil Rights Prosecutions,all,21,29,14,18,15,1,2,0,0
2024-11,Civil Rights Prosecutions,all,25,42,17,24,24,0,0,0,0
2024-12,Civil Rights Prosecutions,all,21,33,12,26,25,0,1,0,0
2025-01,Civil Rights Prosecutions,all,21,33,23,34,31,1,2,0,0
2025-02,Civil Rights Prosecutions,all,10,12,20,25,23,1,1,0,0
2025-03,Civil Rights Prosecutions,all,11,14,15,31,30,1,0,0,0
2025-04,Civil Rights Prosecutions,all,19,25,15,28,20,5,3,0,0
2025-05,Civil Rights Prosecutions,all,16,20,15,24,24,0,0,0,0
2025-06,Civil Rights Prosecutions,all,20,28,16,24,19,1,1,0,3
2025-07,Civil Rights Prosecutions,all,12,27,12,28,28,0,0,0,0
2025-08,Civil Rights Prosecutions,all,15,17,14,28,28,0,0,0,0
2025-09,Civil Rights Prosecutions,all,14,33,21,32,24,2,2,4,0
2025-10,Civil Rights Prosecutions,all,27,47,9,17,17,0,0,0,0
2025-11,Civil Rights Prosecutions,all,12,16,12,18,14,0,4,0,0
2025-12,Civil Rights Prosecutions,all,17,24,9,13,13,0,0,0,0
2026-01,Civil Rights Prosecutions,all,12,20,13,19,17,0,2,0,0
2026-02,Civil Rights Prosecutions,all,5,6,10,20,15,0,0,0,5
2026-03,Civil Rights Prosecutions,all,12,19,9,11,10,0,1,0,0
2026-04,Civil Rights Prosecutions,all,6,9,11,16,15,0,1,0,0
2026-05,Civil Rights Prosecutions,all,22,42,6,9,8,0,1,0,0
2026-06,Civil Rights Prosecutions,all,9,28,5,12,8,3,0,1,0
1994-10,Civil Rights Prosecutions,primary,10,20,7,23,10,0,13,0,0
1994-11,Civil Rights Prosecutions,primary,4,6,5,14,14,0,0,0,0
1994-12,Civil Rights Prosecutions,primary,8,15,4,4,4,0,0,0,0
1995-01,Civil Rights Prosecutions,primary,4,9,8,16,15,1,0,0,0
1995-02,Civil Rights Prosecutions,primary,6,13,7,13,13,0,0,0,0
1995-03,Civil Rights Prosecutions,primary,5,8,7,16,11,5,0,0,0
1995-04,Civil Rights Prosecutions,primary,4,5,1,1,1,0,0,0,0
1995-05,Civil Rights Prosecutions,primary,10,19,7,20,15,4,1,0,0
1995-06,Civil Rights Prosecutions,primary,3,4,1,1,1,0,0,0,0
1995-07,Civil Rights Prosecutions,primary,7,12,5,10,10,0,0,0,0
1995-08,Civil Rights Prosecutions,primary,6,16,4,6,5,0,1,0,0
1995-09,Civil Rights Prosecutions,primary,4,6,8,9,9,0,0,0,0
1995-10,Civil Rights Prosecutions,primary,4,9,8,17,13,3,1,0,0
1995-11,Civil Rights Prosecutions,primary,3,3,4,6,6,0,0,0,0
1995-12,Civil Rights Prosecutions,primary,3,5,5,11,7,4,0,0,0
1996-01,Civil Rights Prosecutions,primary,7,13,1,1,1,0,0,0,0
1996-02,Civil Rights Prosecutions,primary,1,1,3,8,5,3,0,0,0
1996-03,Civil Rights Prosecutions,primary,6,12,4,6,5,0,0,0,1
1996-04,Civil Rights Prosecutions,primary,9,11,4,5,5,0,0,0,0
1996-05,Civil Rights Prosecutions,primary,9,19,8,17,14,3,0,0,0
1996-06,Civil Rights Prosecutions,primary,8,14,11,24,22,0,2,0,0
1996-07,Civil Rights Prosecutions,primary,6,11,8,14,10,4,0,0,0
1996-08,Civil Rights Prosecutions,primary,5,7,4,5,5,0,0,0,0
1996-09,Civil Rights Prosecutions,primary,7,10,4,5,5,0,0,0,0
1996-10,Civil Rights Prosecutions,primary,3,3,6,11,10,1,0,0,0
1996-11,Civil Rights Prosecutions,primary,5,5,2,7,7,0,0,0,0
1996-12,Civil Rights Prosecutions,primary,7,21,2,3,3,0,0,0,0
1997-01,Civil Rights Prosecutions,primary,7,18,5,13,13,0,0,0,0
1997-02,Civil Rights Prosecutions,primary,3,8,11,21,21,0,0,0,0
1997-03,Civil Rights Prosecutions,primary,5,11,4,5,3,0,2,0,0
1997-04,Civil Rights Prosecutions,primary,3,19,4,10,10,0,0,0,0
1997-05,Civil Rights Prosecutions,primary,7,10,6,9,9,0,0,0,0
1997-06,Civil Rights Prosecutions,primary,9,21,3,13,13,0,0,0,0
1997-07,Civil Rights Prosecutions,primary,5,16,6,8,7,0,1,0,0
1997-08,Civil Rights Prosecutions,primary,6,9,6,10,6,0,3,1,0
1997-09,Civil Rights Prosecutions,primary,4,9,2,3,3,0,0,0,0
1997-10,Civil Rights Prosecutions,primary,4,6,7,8,8,0,0,0,0
1997-11,Civil Rights Prosecutions,primary,8,12,1,9,9,0,0,0,0
1997-12,Civil Rights Prosecutions,primary,5,15,4,5,4,0,1,0,0
1998-01,Civil Rights Prosecutions,primary,6,10,3,3,3,0,0,0,0
1998-02,Civil Rights Prosecutions,primary,6,20,5,9,9,0,0,0,0
1998-03,Civil Rights Prosecutions,primary,9,16,5,14,13,1,0,0,0
1998-04,Civil Rights Prosecutions,primary,10,15,4,7,7,0,0,0,0
1998-05,Civil Rights Prosecutions,primary,3,3,5,6,2,3,1,0,0
1998-06,Civil Rights Prosecutions,primary,19,24,4,6,6,0,0,0,0
1998-07,Civil Rights Prosecutions,primary,10,26,5,12,12,0,0,0,0
1998-08,Civil Rights Prosecutions,primary,4,4,3,9,9,0,0,0,0
1998-09,Civil Rights Prosecutions,primary,7,10,12,20,18,1,1,0,0
1998-10,Civil Rights Prosecutions,primary,5,22,7,13,4,2,7,0,0
1998-11,Civil Rights Prosecutions,primary,6,11,15,23,21,1,0,1,0
1998-12,Civil Rights Prosecutions,primary,8,28,12,20,20,0,0,0,0
1999-01,Civil Rights Prosecutions,primary,5,8,3,5,4,0,1,0,0
1999-02,Civil Rights Prosecutions,primary,7,13,1,1,1,0,0,0,0
1999-03,Civil Rights Prosecutions,primary,12,22,6,11,11,0,0,0,0
1999-04,Civil Rights Prosecutions,primary,9,9,6,6,4,2,0,0,0
1999-05,Civil Rights Prosecutions,primary,6,9,5,14,12,1,1,0,0
1999-06,Civil Rights Prosecutions,primary,10,14,7,27,23,4,0,0,0
1999-07,Civil Rights Prosecutions,primary,1,4,13,23,22,1,0,0,0
1999-08,Civil Rights Prosecutions,primary,6,11,9,21,20,0,1,0,0
1999-09,Civil Rights Prosecutions,primary,6,13,7,16,15,0,1,0,0
1999-10,Civil Rights Prosecutions,primary,12,21,5,7,3,2,2,0,0
1999-11,Civil Rights Prosecutions,primary,8,13,4,4,4,0,0,0,0
1999-12,Civil Rights Prosecutions,primary,10,17,10,21,19,0,2,0,0
2000-01,Civil Rights Prosecutions,primary,6,10,6,6,5,1,0,0,0
2000-02,Civil Rights Prosecutions,primary,6,9,9,16,6,5,0,5,0
2000-03,Civil Rights Prosecutions,primary,9,24,4,11,11,0,0,0,0
2000-04,Civil Rights Prosecutions,primary,5,7,11,24,12,6,6,0,0
2000-05,Civil Rights Prosecutions,primary,3,4,8,16,13,0,1,2,0
2000-06,Civil Rights Prosecutions,primary,8,14,13,25,25,0,0,0,0
2000-07,Civil Rights Prosecutions,primary,3,7,5,6,4,0,1,1,0
2000-08,Civil Rights Prosecutions,primary,2,3,4,5,5,0,0,0,0
2000-09,Civil Rights Prosecutions,primary,12,25,7,11,10,0,1,0,0
2000-10,Civil Rights Prosecutions,primary,9,11,9,22,22,0,0,0,0
2000-11,Civil Rights Prosecutions,primary,5,15,5,18,8,10,0,0,0
2000-12,Civil Rights Prosecutions,primary,5,8,3,6,6,0,0,0,0
2001-01,Civil Rights Prosecutions,primary,7,30,9,17,13,0,4,0,0
2001-02,Civil Rights Prosecutions,primary,12,27,7,22,22,0,0,0,0
2001-03,Civil Rights Prosecutions,primary,6,7,6,8,6,1,0,0,1
2001-04,Civil Rights Prosecutions,primary,7,15,5,6,6,0,0,0,0
2001-05,Civil Rights Prosecutions,primary,10,20,4,8,8,0,0,0,0
2001-06,Civil Rights Prosecutions,primary,4,6,8,10,10,0,0,0,0
2001-07,Civil Rights Prosecutions,primary,4,10,4,5,4,0,1,0,0
2001-08,Civil Rights Prosecutions,primary,10,28,11,20,19,1,0,0,0
2001-09,Civil Rights Prosecutions,primary,9,10,6,12,12,0,0,0,0
2001-10,Civil Rights Prosecutions,primary,8,9,5,12,11,1,0,0,0
2001-11,Civil Rights Prosecutions,primary,6,8,7,9,9,0,0,0,0
2001-12,Civil Rights Prosecutions,primary,4,6,8,14,11,2,1,0,0
2002-01,Civil Rights Prosecutions,primary,6,7,8,15,14,1,0,0,0
2002-02,Civil Rights Prosecutions,primary,8,13,5,14,11,2,0,1,0
2002-03,Civil Rights Prosecutions,primary,7,13,13,22,21,1,0,0,0
2002-04,Civil Rights Prosecutions,primary,12,14,8,10,9,0,0,0,1
2002-05,Civil Rights Prosecutions,primary,5,6,8,22,22,0,0,0,0
2002-06,Civil Rights Prosecutions,primary,8,19,5,7,7,0,0,0,0
2002-07,Civil Rights Prosecutions,primary,2,2,8,28,27,0,1,0,0
2002-08,Civil Rights Prosecutions,primary,10,19,7,8,8,0,0,0,0
2002-09,Civil Rights Prosecutions,primary,6,13,4,4,4,0,0,0,0
2002-10,Civil Rights Prosecutions,primary,8,15,9,13,13,0,0,0,0
2002-11,Civil Rights Prosecutions,primary,4,4,7,20,13,7,0,0,0
2002-12,Civil Rights Prosecutions,primary,1,3,6,9,6,3,0,0,0
2003-01,Civil Rights Prosecutions,primary,5,6,2,4,1,3,0,0,0
2003-02,Civil Rights Prosecutions,primary,5,9,3,8,8,0,0,0,0
2003-03,Civil Rights Prosecutions,primary,8,8,2,2,2,0,0,0,0
2003-04,Civil Rights Prosecutions,primary,3,5,5,6,6,0,0,0,0
2003-05,Civil Rights Prosecutions,primary,6,8,6,8,8,0,0,0,0
2003-06,Civil Rights Prosecutions,primary,4,6,6,8,7,0,1,0,0
2003-07,Civil Rights Prosecutions,primary,2,3,8,17,14,0,3,0,0
2003-08,Civil Rights Prosecutions,primary,2,13,8,17,17,0,0,0,0
2003-09,Civil Rights Prosecutions,primary,5,14,4,6,5,0,1,0,0
2003-10,Civil Rights Prosecutions,primary,3,4,7,8,7,1,0,0,0
2003-11,Civil Rights Prosecutions,primary,5,14,6,14,14,0,0,0,0
2003-12,Civil Rights Prosecutions,primary,4,11,1,1,1,0,0,0,0
2004-01,Civil Rights Prosecutions,primary,10,17,5,14,3,7,4,0,0
2004-02,Civil Rights Prosecutions,primary,3,7,5,16,13,0,3,0,0
2004-03,Civil Rights Prosecutions,primary,2,2,4,5,5,0,0,0,0
2004-04,Civil Rights Prosecutions,primary,7,12,3,4,4,0,0,0,0
2004-05,Civil Rights Prosecutions,primary,7,9,8,16,16,0,0,0,0
2004-06,Civil Rights Prosecutions,primary,5,7,1,1,1,0,0,0,0
2004-07,Civil Rights Prosecutions,primary,9,21,0,0,0,0,0,0,0
2004-08,Civil Rights Prosecutions,primary,6,9,2,6,6,0,0,0,0
2004-09,Civil Rights Prosecutions,primary,8,15,1,1,1,0,0,0,0
2004-10,Civil Rights Prosecutions,primary,9,12,9,13,10,3,0,0,0
2004-11,Civil Rights Prosecutions,primary,8,14,9,11,10,1,0,0,0
2004-12,Civil Rights Prosecutions,primary,1,1,4,6,5,0,0,1,0
2005-01,Civil Rights Prosecutions,primary,1,1,5,6,3,1,2,0,0
2005-02,Civil Rights Prosecutions,primary,8,18,5,6,6,0,0,0,0
2005-03,Civil Rights Prosecutions,primary,4,14,4,7,7,0,0,0,0
2005-04,Civil Rights Prosecutions,primary,5,5,5,7,7,0,0,0,0
2005-05,Civil Rights Prosecutions,primary,5,7,4,7,3,4,0,0,0
2005-06,Civil Rights Prosecutions,primary,8,41,4,8,8,0,0,0,0
2005-07,Civil Rights Prosecutions,primary,6,11,12,23,21,2,0,0,0
2005-08,Civil Rights Prosecutions,primary,6,15,2,2,2,0,0,0,0
2005-09,Civil Rights Prosecutions,primary,4,4,5,12,11,1,0,0,0
2005-10,Civil Rights Prosecutions,primary,9,25,4,9,7,1,0,1,0
2005-11,Civil Rights Prosecutions,primary,9,19,7,8,5,2,1,0,0
2005-12,Civil Rights Prosecutions,primary,8,18,1,1,1,0,0,0,0
2006-01,Civil Rights Prosecutions,primary,5,8,3,6,6,0,0,0,0
2006-02,Civil Rights Prosecutions,primary,5,6,6,9,9,0,0,0,0
2006-03,Civil Rights Prosecutions,primary,9,12,7,9,9,0,0,0,0
2006-04,Civil Rights Prosecutions,primary,6,16,5,5,3,0,1,0,1
2006-05,Civil Rights Prosecutions,primary,8,12,7,10,9,0,0,0,1
2006-06,Civil Rights Prosecutions,primary,11,17,7,12,12,0,0,0,0
2006-07,Civil Rights Prosecutions,primary,7,14,5,10,10,0,0,0,0
2006-08,Civil Rights Prosecutions,primary,5,11,9,15,13,2,0,0,0
2006-09,Civil Rights Prosecutions,primary,8,27,6,8,7,0,1,0,0
2006-10,Civil Rights Prosecutions,primary,9,35,2,2,2,0,0,0,0
2006-11,Civil Rights Prosecutions,primary,8,9,2,5,5,0,0,0,0
2006-12,Civil Rights Prosecutions,primary,7,10,10,20,13,5,2,0,0
2007-01,Civil Rights Prosecutions,primary,7,11,6,6,5,1,0,0,0
2007-02,Civil Rights Prosecutions,primary,7,9,4,5,5,0,0,0,0
2007-03,Civil Rights Prosecutions,primary,7,9,6,14,12,0,1,0,1
2007-04,Civil Rights Prosecutions,primary,7,26,6,7,5,2,0,0,0
2007-05,Civil Rights Prosecutions,primary,12,42,10,30,27,2,0,1,0
2007-06,Civil Rights Prosecutions,primary,5,5,9,17,16,0,1,0,0
2007-07,Civil Rights Prosecutions,primary,8,16,5,9,7,2,0,0,0
2007-08,Civil Rights Prosecutions,primary,14,27,7,10,9,0,1,0,0
2007-09,Civil Rights Prosecutions,primary,3,7,9,13,13,0,0,0,0
2007-10,Civil Rights Prosecutions,primary,7,8,9,16,15,0,0,0,1
2007-11,Civil Rights Prosecutions,primary,11,18,12,21,18,0,3,0,0
2007-12,Civil Rights Prosecutions,primary,6,11,6,11,11,0,0,0,0
2008-01,Civil Rights Prosecutions,primary,6,12,17,32,30,1,1,0,0
2008-02,Civil Rights Prosecutions,primary,8,19,5,9,4,0,5,0,0
2008-03,Civil Rights Prosecutions,primary,11,19,12,21,20,0,1,0,0
2008-04,Civil Rights Prosecutions,primary,8,12,9,13,13,0,0,0,0
2008-05,Civil Rights Prosecutions,primary,5,10,5,6,6,0,0,0,0
2008-06,Civil Rights Prosecutions,primary,11,24,7,8,8,0,0,0,0
2008-07,Civil Rights Prosecutions,primary,13,24,9,13,13,0,0,0,0
2008-08,Civil Rights Prosecutions,primary,5,10,8,12,12,0,0,0,0
2008-09,Civil Rights Prosecutions,primary,9,16,3,3,3,0,0,0,0
2008-10,Civil Rights Prosecutions,primary,8,12,10,26,22,1,0,0,3
2008-11,Civil Rights Prosecutions,primary,8,16,9,14,6,4,1,0,3
2008-12,Civil Rights Prosecutions,primary,6,8,5,8,7,1,0,0,0
2009-01,Civil Rights Prosecutions,primary,9,16,6,39,38,0,0,1,0
2009-02,Civil Rights Prosecutions,primary,11,23,5,11,11,0,0,0,0
2009-03,Civil Rights Prosecutions,primary,15,21,7,16,13,3,0,0,0
2009-04,Civil Rights Prosecutions,primary,16,28,9,19,18,0,1,0,0
2009-05,Civil Rights Prosecutions,primary,13,19,8,15,14,1,0,0,0
2009-06,Civil Rights Prosecutions,primary,10,17,6,9,9,0,0,0,0
2009-07,Civil Rights Prosecutions,primary,7,8,11,18,13,0,5,0,0
2009-08,Civil Rights Prosecutions,primary,11,19,6,21,20,1,0,0,0
2009-09,Civil Rights Prosecutions,primary,9,26,11,16,13,1,1,0,1
2009-10,Civil Rights Prosecutions,primary,6,8,9,14,12,2,0,0,0
2009-11,Civil Rights Prosecutions,primary,10,70,9,18,18,0,0,0,0
2009-12,Civil Rights Prosecutions,primary,17,37,9,25,25,0,0,0,0
2010-01,Civil Rights Prosecutions,primary,5,13,7,16,16,0,0,0,0
2010-02,Civil Rights Prosecutions,primary,8,9,7,9,8,1,0,0,0
2010-03,Civil Rights Prosecutions,primary,6,11,7,15,13,0,2,0,0
2010-04,Civil Rights Prosecutions,primary,14,20,10,24,24,0,0,0,0
2010-05,Civil Rights Prosecutions,primary,11,19,7,11,11,0,0,0,0
2010-06,Civil Rights Prosecutions,primary,7,19,15,34,30,3,1,0,0
2010-07,Civil Rights Prosecutions,primary,12,23,11,19,17,0,2,0,0
2010-08,Civil Rights Prosecutions,primary,7,12,9,16,8,1,6,1,0
2010-09,Civil Rights Prosecutions,primary,15,40,11,13,12,0,1,0,0
2010-10,Civil Rights Prosecutions,primary,12,22,7,11,11,0,0,0,0
2010-11,Civil Rights Prosecutions,primary,5,11,10,20,19,1,0,0,0
2010-12,Civil Rights Prosecutions,primary,7,12,14,23,21,2,0,0,0
2011-01,Civil Rights Prosecutions,primary,12,26,9,15,11,4,0,0,0
2011-02,Civil Rights Prosecutions,primary,4,13,8,17,17,0,0,0,0
2011-03,Civil Rights Prosecutions,primary,16,26,7,8,6,0,1,0,1
2011-04,Civil Rights Prosecutions,primary,3,7,13,17,12,1,4,0,0
2011-05,Civil Rights Prosecutions,primary,9,20,13,30,28,2,0,0,0
2011-06,Civil Rights Prosecutions,primary,10,14,5,13,13,0,0,0,0
2011-07,Civil Rights Prosecutions,primary,7,7,10,13,13,0,0,0,0
2011-08,Civil Rights Prosecutions,primary,15,34,15,26,21,2,2,0,1
2011-09,Civil Rights Prosecutions,primary,12,13,11,21,20,1,0,0,0
2011-10,Civil Rights Prosecutions,primary,9,11,14,21,20,1,0,0,0
2011-11,Civil Rights Prosecutions,primary,10,16,12,13,12,0,1,0,0
2011-12,Civil Rights Prosecutions,primary,8,34,7,9,9,0,0,0,0
2012-01,Civil Rights Prosecutions,primary,10,20,11,23,18,0,5,0,0
2012-02,Civil Rights Prosecutions,primary,9,27,12,32,30,0,2,0,0
2012-03,Civil Rights Prosecutions,primary,17,27,11,18,18,0,0,0,0
2012-04,Civil Rights Prosecutions,primary,15,22,10,20,20,0,0,0,0
2012-05,Civil Rights Prosecutions,primary,11,23,5,13,12,1,0,0,0
2012-06,Civil Rights Prosecutions,primary,12,18,5,9,9,0,0,0,0
2012-07,Civil Rights Prosecutions,primary,7,7,9,18,17,0,1,0,0
2012-08,Civil Rights Prosecutions,primary,10,16,10,18,17,0,1,0,0
2012-09,Civil Rights Prosecutions,primary,7,8,6,23,21,0,2,0,0
2012-10,Civil Rights Prosecutions,primary,9,17,11,22,11,10,1,0,0
2012-11,Civil Rights Prosecutions,primary,6,7,7,12,11,1,0,0,0
2012-12,Civil Rights Prosecutions,primary,11,14,9,11,11,0,0,0,0
2013-01,Civil Rights Prosecutions,primary,17,74,5,6,5,0,1,0,0
2013-02,Civil Rights Prosecutions,primary,10,25,6,6,6,0,0,0,0
2013-03,Civil Rights Prosecutions,primary,14,25,7,15,15,0,0,0,0
2013-04,Civil Rights Prosecutions,primary,6,15,12,14,11,2,0,0,1
2013-05,Civil Rights Prosecutions,primary,13,36,10,19,18,0,1,0,0
2013-06,Civil Rights Prosecutions,primary,12,31,13,17,16,0,1,0,0
2013-07,Civil Rights Prosecutions,primary,8,17,8,21,21,0,0,0,0
2013-08,Civil Rights Prosecutions,primary,16,34,12,27,25,0,2,0,0
2013-09,Civil Rights Prosecutions,primary,12,19,13,17,15,0,2,0,0
2013-10,Civil Rights Prosecutions,primary,11,33,8,11,9,2,0,0,0
2013-11,Civil Rights Prosecutions,primary,16,29,11,29,29,0,0,0,0
2013-12,Civil Rights Prosecutions,primary,9,22,9,9,8,0,1,0,0
2014-01,Civil Rights Prosecutions,primary,14,22,11,18,18,0,0,0,0
2014-02,Civil Rights Prosecutions,primary,13,24,17,39,39,0,0,0,0
2014-03,Civil Rights Prosecutions,primary,7,12,18,34,27,6,1,0,0
2014-04,Civil Rights Prosecutions,primary,14,17,10,14,13,1,0,0,0
2014-05,Civil Rights Prosecutions,primary,19,36,12,25,25,0,0,0,0
2014-06,Civil Rights Prosecutions,primary,11,16,12,29,19,1,9,0,0
2014-07,Civil Rights Prosecutions,primary,12,28,8,13,11,0,2,0,0
2014-08,Civil Rights Prosecutions,primary,10,11,12,19,15,4,0,0,0
2014-09,Civil Rights Prosecutions,primary,8,10,13,25,18,0,7,0,0
2014-10,Civil Rights Prosecutions,primary,7,12,13,21,16,4,1,0,0
2014-11,Civil Rights Prosecutions,primary,6,10,8,10,8,0,2,0,0
2014-12,Civil Rights Prosecutions,primary,12,20,19,31,31,0,0,0,0
2015-01,Civil Rights Prosecutions,primary,10,15,16,26,25,1,0,0,0
2015-02,Civil Rights Prosecutions,primary,14,22,15,31,28,3,0,0,0
2015-03,Civil Rights Prosecutions,primary,15,25,11,27,26,0,1,0,0
2015-04,Civil Rights Prosecutions,primary,15,21,12,13,12,0,1,0,0
2015-05,Civil Rights Prosecutions,primary,8,9,6,22,15,7,0,0,0
2015-06,Civil Rights Prosecutions,primary,15,23,9,19,13,5,1,0,0
2015-07,Civil Rights Prosecutions,primary,13,23,13,20,20,0,0,0,0
2015-08,Civil Rights Prosecutions,primary,12,16,11,16,15,0,0,1,0
2015-09,Civil Rights Prosecutions,primary,24,31,9,17,17,0,0,0,0
2015-10,Civil Rights Prosecutions,primary,13,26,17,36,32,3,1,0,0
2015-11,Civil Rights Prosecutions,primary,11,13,8,18,17,0,1,0,0
2015-12,Civil Rights Prosecutions,primary,17,35,11,14,12,2,0,0,0
2016-01,Civil Rights Prosecutions,primary,15,38,10,10,7,2,1,0,0
2016-02,Civil Rights Prosecutions,primary,10,22,16,30,27,3,0,0,0
2016-03,Civil Rights Prosecutions,primary,8,12,23,39,36,3,0,0,0
2016-04,Civil Rights Prosecutions,primary,10,17,12,14,13,1,0,0,0
2016-05,Civil Rights Prosecutions,primary,15,24,17,27,26,1,0,0,0
2016-06,Civil Rights Prosecutions,primary,16,27,15,25,19,0,6,0,0
2016-07,Civil Rights Prosecutions,primary,4,14,9,19,19,0,0,0,0
2016-08,Civil Rights Prosecutions,primary,8,16,13,20,19,1,0,0,0
2016-09,Civil Rights Prosecutions,primary,11,29,10,20,20,0,0,0,0
2016-10,Civil Rights Prosecutions,primary,16,44,9,16,14,0,2,0,0
2016-11,Civil Rights Prosecutions,primary,16,29,16,26,25,0,1,0,0
2016-12,Civil Rights Prosecutions,primary,5,6,11,19,19,0,0,0,0
2017-01,Civil Rights Prosecutions,primary,5,13,4,4,4,0,0,0,0
2017-02,Civil Rights Prosecutions,primary,11,19,10,19,18,0,1,0,0
2017-03,Civil Rights Prosecutions,primary,11,17,11,25,24,0,1,0,0
2017-04,Civil Rights Prosecutions,primary,13,45,14,35,35,0,0,0,0
2017-05,Civil Rights Prosecutions,primary,17,48,7,12,12,0,0,0,0
2017-06,Civil Rights Prosecutions,primary,18,31,8,9,8,1,0,0,0
2017-07,Civil Rights Prosecutions,primary,7,13,7,11,11,0,0,0,0
2017-08,Civil Rights Prosecutions,primary,14,27,9,11,11,0,0,0,0
2017-09,Civil Rights Prosecutions,primary,13,19,10,20,18,0,1,1,0
2017-10,Civil Rights Prosecutions,primary,14,28,9,9,9,0,0,0,0
2017-11,Civil Rights Prosecutions,primary,19,62,11,21,20,0,1,0,0
2017-12,Civil Rights Prosecutions,primary,15,34,17,23,21,0,2,0,0
2018-01,Civil Rights Prosecutions,primary,7,11,14,31,29,0,2,0,0
2018-02,Civil Rights Prosecutions,primary,11,13,14,21,20,0,1,0,0
2018-03,Civil Rights Prosecutions,primary,17,28,7,18,17,0,1,0,0
2018-04,Civil Rights Prosecutions,primary,15,20,11,15,15,0,0,0,0
2018-05,Civil Rights Prosecutions,primary,11,15,11,18,17,0,1,0,0
2018-06,Civil Rights Prosecutions,primary,22,36,11,30,29,0,0,1,0
2018-07,Civil Rights Prosecutions,primary,13,34,13,33,27,0,6,0,0
2018-08,Civil Rights Prosecutions,primary,14,24,12,25,24,1,0,0,0
2018-09,Civil Rights Prosecutions,primary,7,7,18,36,36,0,0,0,0
2018-10,Civil Rights Prosecutions,primary,13,17,14,18,17,0,1,0,0
2018-11,Civil Rights Prosecutions,primary,13,28,12,18,18,0,0,0,0
2018-12,Civil Rights Prosecutions,primary,10,25,8,25,24,1,0,0,0
2019-01,Civil Rights Prosecutions,primary,4,11,12,18,18,0,0,0,0
2019-02,Civil Rights Prosecutions,primary,15,28,10,12,12,0,0,0,0
2019-03,Civil Rights Prosecutions,primary,14,24,16,27,26,0,1,0,0
2019-04,Civil Rights Prosecutions,primary,18,26,12,24,13,11,0,0,0
2019-05,Civil Rights Prosecutions,primary,21,31,11,14,11,1,2,0,0
2019-06,Civil Rights Prosecutions,primary,17,30,15,17,16,0,1,0,0
2019-07,Civil Rights Prosecutions,primary,15,30,14,22,20,2,0,0,0
2019-08,Civil Rights Prosecutions,primary,20,40,18,37,36,1,0,0,0
2019-09,Civil Rights Prosecutions,primary,12,22,11,21,20,1,0,0,0
2019-10,Civil Rights Prosecutions,primary,15,16,12,73,70,2,1,0,0
2019-11,Civil Rights Prosecutions,primary,11,12,13,18,16,2,0,0,0
2019-12,Civil Rights Prosecutions,primary,20,38,7,9,7,0,2,0,0
2020-01,Civil Rights Prosecutions,primary,9,11,16,24,22,0,2,0,0
2020-02,Civil Rights Prosecutions,primary,21,47,10,18,17,0,1,0,0
2020-03,Civil Rights Prosecutions,primary,9,16,9,18,15,0,3,0,0
2020-04,Civil Rights Prosecutions,primary,0,0,5,5,4,0,1,0,0
2020-05,Civil Rights Prosecutions,primary,7,23,10,27,26,0,1,0,0
2020-06,Civil Rights Prosecutions,primary,14,29,9,13,13,0,0,0,0
2020-07,Civil Rights Prosecutions,primary,12,24,11,37,37,0,0,0,0
2020-08,Civil Rights Prosecutions,primary,6,7,6,7,7,0,0,0,0
2020-09,Civil Rights Prosecutions,primary,11,12,11,16,15,0,0,0,1
2020-10,Civil Rights Prosecutions,primary,7,14,5,7,6,1,0,0,0
2020-11,Civil Rights Prosecutions,primary,11,15,9,13,12,0,1,0,0
2020-12,Civil Rights Prosecutions,primary,11,23,11,19,17,0,2,0,0
2021-01,Civil Rights Prosecutions,primary,9,10,11,14,14,0,0,0,0
2021-02,Civil Rights Prosecutions,primary,19,22,6,11,10,0,1,0,0
2021-03,Civil Rights Prosecutions,primary,6,9,15,28,28,0,0,0,0
2021-04,Civil Rights Prosecutions,primary,16,35,10,13,13,0,0,0,0
2021-05,Civil Rights Prosecutions,primary,24,33,12,42,41,0,1,0,0
2021-06,Civil Rights Prosecutions,primary,18,29,14,21,21,0,0,0,0
2021-07,Civil Rights Prosecutions,primary,9,15,17,25,23,1,1,0,0
2021-08,Civil Rights Prosecutions,primary,16,25,13,28,27,0,1,0,0
2021-09,Civil Rights Prosecutions,primary,15,31,13,24,21,0,3,0,0
2021-10,Civil Rights Prosecutions,primary,17,35,9,9,9,0,0,0,0
2021-11,Civil Rights Prosecutions,primary,14,31,14,17,17,0,0,0,0
2021-12,Civil Rights Prosecutions,primary,12,19,8,13,11,2,0,0,0
2022-01,Civil Rights Prosecutions,primary,8,14,12,21,20,1,0,0,0
2022-02,Civil Rights Prosecutions,primary,15,21,11,22,17,4,0,0,1
2022-03,Civil Rights Prosecutions,primary,20,40,17,27,26,0,1,0,0
2022-04,Civil Rights Prosecutions,primary,12,16,15,21,18,1,2,0,0
2022-05,Civil Rights Prosecutions,primary,17,27,11,17,13,0,1,0,3
2022-06,Civil Rights Prosecutions,primary,20,39,18,41,38,0,2,0,1
2022-07,Civil Rights Prosecutions,primary,10,20,11,26,23,3,0,0,0
2022-08,Civil Rights Prosecutions,primary,16,21,12,21,20,0,1,0,0
2022-09,Civil Rights Prosecutions,primary,14,15,18,30,30,0,0,0,0
2022-10,Civil Rights Prosecutions,primary,11,23,13,17,16,0,0,1,0
2022-11,Civil Rights Prosecutions,primary,18,27,19,41,37,1,3,0,0
2022-12,Civil Rights Prosecutions,primary,12,19,16,29,27,0,1,0,1
2023-01,Civil Rights Prosecutions,primary,14,20,17,23,20,1,2,0,0
2023-02,Civil Rights Prosecutions,primary,12,25,10,16,15,0,0,0,1
2023-03,Civil Rights Prosecutions,primary,22,38,21,41,40,0,1,0,0
2023-04,Civil Rights Prosecutions,primary,19,29,12,19,19,0,0,0,0
2023-05,Civil Rights Prosecutions,primary,13,27,16,48,37,9,0,0,2
2023-06,Civil Rights Prosecutions,primary,18,31,8,19,19,0,0,0,0
2023-07,Civil Rights Prosecutions,primary,19,43,23,31,27,3,1,0,0
2023-08,Civil Rights Prosecutions,primary,15,29,19,36,35,1,0,0,0
2023-09,Civil Rights Prosecutions,primary,20,34,9,11,10,1,0,0,0
2023-10,Civil Rights Prosecutions,primary,12,13,10,16,15,0,0,0,1
2023-11,Civil Rights Prosecutions,primary,14,20,23,36,36,0,0,0,0
2023-12,Civil Rights Prosecutions,primary,6,11,10,17,17,0,0,0,0
2024-01,Civil Rights Prosecutions,primary,16,29,16,23,21,0,1,0,1
2024-02,Civil Rights Prosecutions,primary,13,21,12,17,14,0,3,0,0
2024-03,Civil Rights Prosecutions,primary,9,10,22,25,23,1,1,0,0
2024-04,Civil Rights Prosecutions,primary,16,21,18,25,24,1,0,0,0
2024-05,Civil Rights Prosecutions,primary,10,20,9,49,49,0,0,0,0
2024-06,Civil Rights Prosecutions,primary,13,24,10,20,20,0,0,0,0
2024-07,Civil Rights Prosecutions,primary,14,17,9,15,15,0,0,0,0
2024-08,Civil Rights Prosecutions,primary,16,23,20,32,31,1,0,0,0
2024-09,Civil Rights Prosecutions,primary,12,24,12,19,18,1,0,0,0
2024-10,Civil Rights Prosecutions,primary,19,24,14,18,15,1,2,0,0
2024-11,Civil Rights Prosecutions,primary,24,41,13,17,17,0,0,0,0
2024-12,Civil Rights Prosecutions,primary,19,31,11,23,22,0,1,0,0
2025-01,Civil Rights Prosecutions,primary,18,30,18,27,24,1,2,0,0
2025-02,Civil Rights Prosecutions,primary,8,10,14,15,14,0,1,0,0
2025-03,Civil Rights Prosecutions,primary,9,12,14,30,29,1,0,0,0
2025-04,Civil Rights Prosecutions,primary,16,21,13,25,18,5,2,0,0
2025-05,Civil Rights Prosecutions,primary,14,18,13,22,22,0,0,0,0
2025-06,Civil Rights Prosecutions,primary,17,25,16,24,19,1,1,0,3
2025-07,Civil Rights Prosecutions,primary,9,24,10,26,26,0,0,0,0
2025-08,Civil Rights Prosecutions,primary,12,14,12,26,26,0,0,0,0
2025-09,Civil Rights Prosecutions,primary,10,25,19,30,23,2,1,4,0
2025-10,Civil Rights Prosecutions,primary,22,34,7,15,15,0,0,0,0
2025-11,Civil Rights Prosecutions,primary,10,14,12,18,14,0,4,0,0
2025-12,Civil Rights Prosecutions,primary,13,20,7,11,11,0,0,0,0
2026-01,Civil Rights Prosecutions,primary,12,20,10,15,13,0,2,0,0
2026-02,Civil Rights Prosecutions,primary,5,6,9,19,14,0,0,0,5
2026-03,Civil Rights Prosecutions,primary,11,18,6,8,8,0,0,0,0
2026-04,Civil Rights Prosecutions,primary,4,5,10,15,14,0,1,0,0
2026-05,Civil Rights Prosecutions,primary,20,40,5,8,7,0,1,0,0
2026-06,Civil Rights Prosecutions,primary,8,27,3,5,1,3,0,1,0
1994-10,Drug Offenses,all,773,1681,684,1283,1156,18,100,8,1
1994-11,Drug Offenses,all,869,2122,720,1382,1271,8,90,11,2
1994-12,Drug Offenses,all,811,1847,609,1327,1187,4,115,13,8
1995-01,Drug Offenses,all,734,1813,817,1657,1490,27,122,10,8
1995-02,Drug Offenses,all,832,1867,747,1414,1281,10,115,5,3
1995-03,Drug Offenses,all,1001,2172,771,1513,1343,13,138,4,15
1995-04,Drug Offenses,all,802,1725,738,1512,1406,18,69,8,11
1995-05,Drug Offenses,all,935,2032,757,1601,1445,15,119,9,13
1995-06,Drug Offenses,all,991,2365,832,1598,1483,16,74,18,7
1995-07,Drug Offenses,all,840,1822,694,1401,1321,10,63,4,3
1995-08,Drug Offenses,all,971,2090,785,1598,1475,4,103,12,4
1995-09,Drug Offenses,all,922,2255,797,1511,1352,17,121,14,7
1995-10,Drug Offenses,all,878,1880,734,1464,1294,8,140,11,11
1995-11,Drug Offenses,all,982,2116,899,1744,1618,13,90,19,4
1995-12,Drug Offenses,all,810,1945,749,1476,1381,7,75,6,7
1996-01,Drug Offenses,all,846,1711,823,1457,1327,12,98,14,6
1996-02,Drug Offenses,all,915,1995,813,1625,1509,6,94,16,0
1996-03,Drug Offenses,all,957,1990,820,1632,1537,8,76,4,7
1996-04,Drug Offenses,all,929,1985,853,1732,1636,12,69,8,7
1996-05,Drug Offenses,all,1021,2347,858,1701,1570,11,95,13,12
1996-06,Drug Offenses,all,911,1973,791,1653,1487,11,141,9,5
1996-07,Drug Offenses,all,871,1900,818,1506,1411,7,70,14,4
1996-08,Drug Offenses,all,971,2150,800,1518,1385,5,104,18,6
1996-09,Drug Offenses,all,945,2099,830,1609,1496,9,68,13,23
1996-10,Drug Offenses,all,1008,2068,816,1584,1496,3,69,8,8
1996-11,Drug Offenses,all,899,1814,796,1674,1447,7,102,6,112
1996-12,Drug Offenses,all,919,1886,736,1271,1161,19,83,5,3
1997-01,Drug Offenses,all,994,1913,922,1775,1579,4,167,3,22
1997-02,Drug Offenses,all,1122,2398,856,1690,1537,12,122,13,6
1997-03,Drug Offenses,all,1070,2226,845,1790,1656,15,106,6,7
1997-04,Drug Offenses,all,1186,2667,888,1880,1756,10,92,13,9
1997-05,Drug Offenses,all,1134,2474,923,1853,1724,9,102,11,7
1997-06,Drug Offenses,all,1072,2231,871,1679,1551,6,110,8,4
1997-07,Drug Offenses,all,1197,2441,889,1660,1552,13,85,4,6
1997-08,Drug Offenses,all,1075,2480,737,1485,1390,5,49,11,30
1997-09,Drug Offenses,all,1127,2422,879,1791,1540,8,102,10,131
1997-10,Drug Offenses,all,1088,2396,995,2175,1981,6,147,12,29
1997-11,Drug Offenses,all,1035,2189,879,1654,1585,3,58,4,4
1997-12,Drug Offenses,all,1159,2250,992,1860,1751,15,62,14,18
1998-01,Drug Offenses,all,1136,2164,1052,2045,1942,5,78,12,8
1998-02,Drug Offenses,all,1166,2309,1041,2114,1972,15,120,2,5
1998-03,Drug Offenses,all,1426,2727,1093,2228,2132,9,75,10,2
1998-04,Drug Offenses,all,1523,2994,1111,2081,1957,7,93,10,14
1998-05,Drug Offenses,all,1242,2558,1059,1996,1909,7,66,5,9
1998-06,Drug Offenses,all,1355,2872,1195,2422,2312,5,86,7,12
1998-07,Drug Offenses,all,1414,2865,1209,2517,2374,7,129,3,4
1998-08,Drug Offenses,all,1191,2308,1070,1982,1879,7,66,8,22
1998-09,Drug Offenses,all,1333,2718,1254,2318,2195,14,81,12,16
1998-10,Drug Offenses,all,1293,2425,1339,2384,2272,7,83,9,13
1998-11,Drug Offenses,all,1167,2255,1135,2097,2006,2,80,7,2
1998-12,Drug Offenses,all,1356,2583,1152,2147,2025,12,76,14,20
1999-01,Drug Offenses,all,1129,2197,1142,2089,1988,6,78,10,7
1999-02,Drug Offenses,all,1371,2490,1154,2187,2053,11,108,7,8
1999-03,Drug Offenses,all,1700,3327,1350,2541,2400,8,107,10,16
1999-04,Drug Offenses,all,1543,2899,1331,2466,2303,11,142,5,5
1999-05,Drug Offenses,all,1374,2906,1240,2521,2421,4,87,3,6
1999-06,Drug Offenses,all,1391,2545,1430,2614,2477,10,110,8,9
1999-07,Drug Offenses,all,1404,2689,1288,2351,2246,9,82,7,7
1999-08,Drug Offenses,all,1375,2844,1357,2367,2211,22,123,4,7
1999-09,Drug Offenses,all,1431,2876,1418,2642,2491,9,126,7,9
1999-10,Drug Offenses,all,1187,2298,1264,2389,2279,3,99,6,2
1999-11,Drug Offenses,all,1174,2317,1321,2479,2366,10,80,12,11
1999-12,Drug Offenses,all,1324,2498,1224,2204,2105,13,83,3,0
2000-01,Drug Offenses,all,1112,2078,1293,2444,2318,14,84,12,16
2000-02,Drug Offenses,all,1426,2739,1246,2443,2296,9,132,4,2
2000-03,Drug Offenses,all,1708,3178,1335,2616,2485,10,95,16,10
2000-04,Drug Offenses,all,1442,2844,1137,2138,2016,7,98,11,6
2000-05,Drug Offenses,all,1542,3143,1309,2417,2301,12,87,5,12
2000-06,Drug Offenses,all,1574,3250,1448,2687,2567,15,80,12,13
2000-07,Drug Offenses,all,1384,2487,1238,2263,2160,15,68,5,15
2000-08,Drug Offenses,all,1550,3112,1387,2714,2555,9,134,9,7
2000-09,Drug Offenses,all,1448,2738,1389,2776,2622,21,103,3,27
2000-10,Drug Offenses,all,1404,2688,1366,2614,2492,12,89,8,13
2000-11,Drug Offenses,all,1482,2745,1246,2281,2164,16,86,6,9
2000-12,Drug Offenses,all,1273,2393,1275,2337,2229,12,90,2,4
2001-01,Drug Offenses,all,1247,2363,1534,2675,2533,9,99,6,28
2001-02,Drug Offenses,all,1572,2706,1292,2377,2292,15,55,2,13
2001-03,Drug Offenses,all,1622,3027,1473,2774,2627,3,124,9,11
2001-04,Drug Offenses,all,1493,2670,1342,2403,2283,11,102,5,2
2001-05,Drug Offenses,all,1446,2865,1353,2547,2451,7,84,3,2
2001-06,Drug Offenses,all,1626,3117,1486,2766,2635,4,119,8,0
2001-07,Drug Offenses,all,1353,2571,1318,2563,2442,5,102,3,11
2001-08,Drug Offenses,all,1638,3100,1551,2792,2514,7,162,4,105
2001-09,Drug Offenses,all,1271,2534,1310,2416,2314,7,81,3,11
2001-10,Drug Offenses,all,1377,2568,1562,2794,2649,13,109,14,9
2001-11,Drug Offenses,all,1556,2796,1452,2580,2481,13,78,7,1
2001-12,Drug Offenses,all,1392,2508,1250,2280,2206,10,55,3,6
2002-01,Drug Offenses,all,1385,2505,1474,2556,2463,4,74,11,4
2002-02,Drug Offenses,all,1577,2885,1310,2288,2203,7,69,3,6
2002-03,Drug Offenses,all,1567,2915,1380,2632,2509,5,110,2,6
2002-04,Drug Offenses,all,1583,2819,1542,2866,2759,10,83,7,7
2002-05,Drug Offenses,all,1641,3003,1506,2972,2839,10,95,7,21
2002-06,Drug Offenses,all,1380,2524,1390,2442,2368,6,58,2,8
2002-07,Drug Offenses,all,1408,2753,1552,2957,2829,3,114,7,4
2002-08,Drug Offenses,all,1353,2568,1374,2708,2562,15,107,7,17
2002-09,Drug Offenses,all,1267,2541,1415,2539,2400,6,125,5,3
2002-10,Drug Offenses,all,1341,2727,1538,2959,2858,2,86,10,3
2002-11,Drug Offenses,all,1325,2473,1376,2513,2413,8,84,7,1
2002-12,Drug Offenses,all,1386,2627,1193,2190,2128,3,47,6,6
2003-01,Drug Offenses,all,1296,2268,1428,2653,2532,4,93,4,20
2003-02,Drug Offenses,all,1554,3090,1394,2744,2647,11,76,2,8
2003-03,Drug Offenses,all,1477,2710,1394,2713,2549,3,147,6,8
2003-04,Drug Offenses,all,1580,3204,1401,2829,2687,11,115,12,4
2003-05,Drug Offenses,all,1534,2843,1390,2727,2639,7,67,6,8
2003-06,Drug Offenses,all,1364,2576,1407,2695,2592,20,69,9,5
2003-07,Drug Offenses,all,1431,3017,1326,2608,2458,15,105,13,17
2003-08,Drug Offenses,all,1360,2694,1295,2450,2336,5,92,11,6
2003-09,Drug Offenses,all,1300,2591,1428,2621,2520,6,83,7,5
2003-10,Drug Offenses,all,1468,2884,1443,2601,2482,12,95,9,3
2003-11,Drug Offenses,all,1232,2274,1171,2231,2145,9,66,7,4
2003-12,Drug Offenses,all,1397,2757,1268,2479,2395,9,68,3,4
2004-01,Drug Offenses,all,1164,2097,1372,2556,2457,4,79,5,11
2004-02,Drug Offenses,all,1422,2613,1312,2576,2456,9,102,5,4
2004-03,Drug Offenses,all,1731,3425,1357,2584,2462,21,82,10,9
2004-04,Drug Offenses,all,1635,3197,1385,2687,2588,9,74,13,3
2004-05,Drug Offenses,all,1297,2636,1259,2439,2321,8,103,6,1
2004-06,Drug Offenses,all,1434,2840,1239,2340,2168,7,156,8,1
2004-07,Drug Offenses,all,1207,2494,1199,2121,2024,2,79,8,8
2004-08,Drug Offenses,all,1313,2750,1227,2272,2197,5,65,4,1
2004-09,Drug Offenses,all,1434,2793,1313,2312,2181,18,81,11,21
2004-10,Drug Offenses,all,1290,2487,1236,2331,2227,6,94,4,0
2004-11,Drug Offenses,all,1299,2413,1204,2196,2115,7,71,0,3
2004-12,Drug Offenses,all,1304,2531,1207,2138,2030,11,92,3,2
2005-01,Drug Offenses,all,1167,2321,1263,2413,2321,5,75,3,9
2005-02,Drug Offenses,all,1318,2424,1314,2525,2376,4,115,11,19
2005-03,Drug Offenses,all,1654,3336,1488,2929,2785,17,104,9,14
2005-04,Drug Offenses,all,1359,2588,1440,2753,2633,6,105,9,0
2005-05,Drug Offenses,all,1391,2799,1298,2359,2263,10,80,4,2
2005-06,Drug Offenses,all,1328,2972,1384,2550,2463,9,67,3,8
2005-07,Drug Offenses,all,1217,2467,1303,2380,2279,6,88,5,2
2005-08,Drug Offenses,all,1325,2522,1439,2647,2571,3,69,4,0
2005-09,Drug Offenses,all,1371,2840,1343,2573,2460,2,102,5,4
2005-10,Drug Offenses,all,1208,2465,1251,2322,2228,3,85,1,5
2005-11,Drug Offenses,all,1267,2458,1262,2630,2563,4,60,1,2
2005-12,Drug Offenses,all,1204,2447,1210,2285,2208,11,62,4,0
2006-01,Drug Offenses,all,1151,2171,1469,2755,2642,3,104,4,2
2006-02,Drug Offenses,all,1250,2241,1228,2477,2385,5,75,8,4
2006-03,Drug Offenses,all,1502,2885,1391,2629,2470,8,143,4,4
2006-04,Drug Offenses,all,1210,2329,1215,2347,2267,5,68,6,1
2006-05,Drug Offenses,all,1294,2449,1335,2588,2478,12,89,6,3
2006-06,Drug Offenses,all,1355,2652,1410,2886,2771,15,93,7,0
2006-07,Drug Offenses,all,1178,2266,1215,2360,2267,9,63,5,16
2006-08,Drug Offenses,all,1315,2529,1467,2784,2687,0,86,3,8
2006-09,Drug Offenses,all,1345,2828,1394,2681,2579,11,74,5,12
2006-10,Drug Offenses,all,1160,2231,1313,2608,2490,5,93,10,10
2006-11,Drug Offenses,all,1265,2409,1277,2463,2368,5,87,1,2
2006-12,Drug Offenses,all,1169,2398,1174,2225,2142,5,67,5,6
2007-01,Drug Offenses,all,1163,2081,1380,2714,2624,3,85,1,1
2007-02,Drug Offenses,all,1266,2439,1221,2331,2259,1,69,0,2
2007-03,Drug Offenses,all,1497,2690,1368,2743,2653,4,80,3,3
2007-04,Drug Offenses,all,1340,2360,1293,2493,2431,7,46,4,5
2007-05,Drug Offenses,all,1541,2837,1282,2481,2351,11,107,3,9
2007-06,Drug Offenses,all,1306,2560,1284,2529,2441,1,65,4,18
2007-07,Drug Offenses,all,1118,2274,1182,2245,2135,1,76,3,30
2007-08,Drug Offenses,all,1319,2644,1270,2290,2191,15,72,2,10
2007-09,Drug Offenses,all,1274,2651,1276,2272,2165,8,66,10,23
2007-10,Drug Offenses,all,1328,2572,1234,2509,2365,3,109,7,25
2007-11,Drug Offenses,all,1143,2354,1549,2891,2770,0,112,7,2
2007-12,Drug Offenses,all,1066,2255,1135,2218,2139,10,63,3,3
2008-01,Drug Offenses,all,1050,2012,1374,2637,2521,4,93,5,14
2008-02,Drug Offenses,all,1197,2114,1236,2296,2197,2,69,14,14
2008-03,Drug Offenses,all,1227,2338,1110,2086,1988,10,74,3,11
2008-04,Drug Offenses,all,1364,2593,1325,2410,2332,8,60,7,3
2008-05,Drug Offenses,all,1280,2916,1196,2556,2443,7,89,7,10
2008-06,Drug Offenses,all,1161,2356,1300,2483,2413,2,58,7,3
2008-07,Drug Offenses,all,1184,2473,1268,2523,2449,3,62,5,4
2008-08,Drug Offenses,all,1221,2458,1170,2483,2416,3,54,6,4
2008-09,Drug Offenses,all,1161,2595,1362,2532,2437,4,85,2,4
2008-10,Drug Offenses,all,1244,2582,1339,2682,2583,1,90,5,3
2008-11,Drug Offenses,all,1053,2097,1057,1948,1875,4,63,3,3
2008-12,Drug Offenses,all,1283,2621,1189,2608,2484,13,94,12,5
2009-01,Drug Offenses,all,1039,2079,1270,2524,2421,2,99,0,2
2009-02,Drug Offenses,all,1284,2368,1222,2381,2270,9,94,4,4
2009-03,Drug Offenses,all,1431,2735,1289,2537,2437,5,86,4,5
2009-04,Drug Offenses,all,1427,2969,1326,2667,2569,2,62,2,32
2009-05,Drug Offenses,all,1268,2856,1184,2310,2204,2,61,11,32
2009-06,Drug Offenses,all,1310,2632,1424,2711,2601,3,103,2,2
2009-07,Drug Offenses,all,1386,2610,1225,2328,2245,5,73,4,1
2009-08,Drug Offenses,all,1188,2311,1176,2375,2266,2,93,4,10
2009-09,Drug Offenses,all,1294,2647,1430,2875,2729,10,110,7,19
2009-10,Drug Offenses,all,1138,2509,1309,2627,2528,6,89,4,0
2009-11,Drug Offenses,all,1039,2040,1127,2078,2008,5,53,5,7
2009-12,Drug Offenses,all,1176,2191,1162,2279,2208,3,64,3,1
2010-01,Drug Offenses,all,1007,1897,1195,2216,2125,7,71,6,7
2010-02,Drug Offenses,all,1098,2028,1072,2150,2068,3,67,8,4
2010-03,Drug Offenses,all,1401,2638,1374,2798,2701,3,91,2,1
2010-04,Drug Offenses,all,1212,2638,1159,2109,2033,3,60,6,7
2010-05,Drug Offenses,all,1115,2508,1106,2150,2073,4,68,1,4
2010-06,Drug Offenses,all,1254,3108,1296,2563,2480,4,72,3,4
2010-07,Drug Offenses,all,1098,2395,1164,2136,2071,1,57,4,3
2010-08,Drug Offenses,all,1146,2338,1061,2325,2226,9,75,6,9
2010-09,Drug Offenses,all,1295,2729,1175,2502,2409,2,80,4,7
2010-10,Drug Offenses,all,1104,2426,1102,2171,2059,11,86,2,13
2010-11,Drug Offenses,all,1144,2557,1195,2336,2261,2,61,4,8
2010-12,Drug Offenses,all,1208,2594,1139,2258,2176,3,76,0,3
2011-01,Drug Offenses,all,1024,2288,1208,2396,2307,0,81,3,5
2011-02,Drug Offenses,all,1198,2363,1188,2323,2225,1,91,2,4
2011-03,Drug Offenses,all,1453,3054,1335,2634,2547,5,78,0,4
2011-04,Drug Offenses,all,1312,2773,1313,2596,2515,1,74,3,3
2011-05,Drug Offenses,all,1258,2878,1200,2390,2207,12,157,3,11
2011-06,Drug Offenses,all,1340,3246,1212,2559,2476,6,52,2,23
2011-07,Drug Offenses,all,1183,2599,1159,2378,2280,1,80,5,12
2011-08,Drug Offenses,all,1286,2689,1332,2791,2717,1,64,5,4
2011-09,Drug Offenses,all,1313,2896,1379,2498,2366,3,108,6,15
2011-10,Drug Offenses,all,1177,2512,1339,2852,2713,5,113,1,20
2011-11,Drug Offenses,all,1225,2481,1268,2494,2401,0,90,0,3
2011-12,Drug Offenses,all,1195,2458,1103,2259,2166,1,81,2,9
2012-01,Drug Offenses,all,1032,2341,1371,2519,2410,1,98,4,6
2012-02,Drug Offenses,all,1217,2560,1230,2355,2223,4,123,2,3
2012-03,Drug Offenses,all,1266,2790,1332,2751,2630,1,97,1,22
2012-04,Drug Offenses,all,1114,2354,1196,2337,2261,3,71,0,2
2012-05,Drug Offenses,all,1269,3059,1313,2557,2477,6,62,2,10
2012-06,Drug Offenses,all,1086,2465,1199,2572,2493,2,69,1,7
2012-07,Drug Offenses,all,1052,2204,1093,2199,2108,2,78,7,4
2012-08,Drug Offenses,all,1204,2520,1232,2425,2339,0,78,5,3
2012-09,Drug Offenses,all,1044,2350,1085,2321,2205,0,94,1,21
2012-10,Drug Offenses,all,1054,2178,1204,2480,2357,6,100,7,10
2012-11,Drug Offenses,all,1010,2199,1162,2290,2204,3,77,4,2
2012-12,Drug Offenses,all,1029,2109,907,2129,2056,8,60,2,3
2013-01,Drug Offenses,all,989,2025,1214,2564,2471,4,82,1,6
2013-02,Drug Offenses,all,1068,2276,1036,2209,2091,3,85,1,29
2013-03,Drug Offenses,all,1058,2448,1181,2266,2164,2,87,4,9
2013-04,Drug Offenses,all,1126,2428,1180,2542,2419,4,98,6,15
2013-05,Drug Offenses,all,1258,2653,1062,2167,2087,1,45,3,31
2013-06,Drug Offenses,all,1162,2458,1014,2085,2020,3,60,0,2
2013-07,Drug Offenses,all,1045,2344,1061,2218,2135,1,69,1,12
2013-08,Drug Offenses,all,1073,2407,1000,2065,1975,2,75,4,9
2013-09,Drug Offenses,all,1082,2252,1144,2237,2185,1,46,0,5
2013-10,Drug Offenses,all,1118,2167,1125,2307,2237,2,64,1,3
2013-11,Drug Offenses,all,919,1855,995,2146,2075,1,68,1,1
2013-12,Drug Offenses,all,952,1930,976,2044,1975,2,59,5,3
2014-01,Drug Offenses,all,845,1699,1162,2323,2251,1,63,2,6
2014-02,Drug Offenses,all,925,1833,1037,2010,1955,3,47,0,5
2014-03,Drug Offenses,all,978,2049,1101,2253,2150,4,80,3,16
2014-04,Drug Offenses,all,1114,2310,1133,2336,2248,2,65,2,19
2014-05,Drug Offenses,all,929,2102,1069,2179,2081,0,78,2,18
2014-06,Drug Offenses,all,875,1925,1100,2246,2158,6,73,0,9
2014-07,Drug Offenses,all,935,2056,993,1974,1878,4,77,1,14
2014-08,Drug Offenses,all,877,1918,962,2248,2168,1,64,0,15
2014-09,Drug Offenses,all,928,2019,1059,2313,2209,3,87,2,12
2014-10,Drug Offenses,all,1014,2439,1114,2394,2312,4,63,5,10
2014-11,Drug Offenses,all,872,1826,960,1887,1820,2,57,3,5
2014-12,Drug Offenses,all,888,1905,946,2402,2316,1,63,3,19
2015-01,Drug Offenses,all,767,1607,1055,2263,2206,2,48,0,7
2015-02,Drug Offenses,all,852,1852,981,2154,2103,1,42,4,4
2015-03,Drug Offenses,all,1008,2162,1114,2508,2436,6,57,0,9
2015-04,Drug Offenses,all,1127,2310,1067,2273,2158,2,102,6,5
2015-05,Drug Offenses,all,949,2042,984,2274,2206,0,62,2,4
2015-06,Drug Offenses,all,1036,2289,1021,2367,2291,0,56,7,13
2015-07,Drug Offenses,all,1023,2218,1016,2146,2027,3,78,1,37
2015-08,Drug Offenses,all,1058,2460,1020,2201,2103,1,78,1,18
2015-09,Drug Offenses,all,1095,2543,1030,2268,2190,5,52,3,18
2015-10,Drug Offenses,all,946,1962,944,1964,1874,0,69,3,18
2015-11,Drug Offenses,all,858,1875,970,2150,2079,3,53,6,9
2015-12,Drug Offenses,all,1049,2233,904,1797,1749,3,39,2,4
2016-01,Drug Offenses,all,764,1610,1007,2058,1976,5,58,2,17
2016-02,Drug Offenses,all,975,2032,1098,2125,2042,8,46,7,22
2016-03,Drug Offenses,all,1276,2582,1150,2692,2580,2,92,4,14
2016-04,Drug Offenses,all,1051,2088,912,1975,1923,1,46,0,5
2016-05,Drug Offenses,all,1053,2480,1051,2313,2250,0,58,1,4
2016-06,Drug Offenses,all,1155,2488,1109,2445,2371,3,57,6,8
2016-07,Drug Offenses,all,849,1891,931,1905,1860,0,40,1,4
2016-08,Drug Offenses,all,1003,2014,1136,2463,2352,0,77,3,31
2016-09,Drug Offenses,all,976,2193,1076,2398,2201,1,67,2,127
2016-10,Drug Offenses,all,916,1837,925,2068,1990,1,48,4,25
2016-11,Drug Offenses,all,1023,2076,1035,2233,2183,2,45,0,3
2016-12,Drug Offenses,all,935,1898,935,1941,1873,3,41,1,23
2017-01,Drug Offenses,all,798,1501,1093,2341,2263,1,68,4,5
2017-02,Drug Offenses,all,1066,2239,969,2017,1964,1,40,4,8
2017-03,Drug Offenses,all,1223,2191,1155,2555,2466,6,63,8,12
2017-04,Drug Offenses,all,1037,2113,1076,2263,2211,0,49,1,2
2017-05,Drug Offenses,all,1060,2324,1175,2251,2169,2,62,5,13
2017-06,Drug Offenses,all,1198,2507,1143,2365,2295,0,61,5,4
2017-07,Drug Offenses,all,996,2242,939,2094,2023,2,56,5,8
2017-08,Drug Offenses,all,1175,2350,1074,2361,2202,1,86,7,65
2017-09,Drug Offenses,all,1138,2250,976,1980,1920,1,51,1,7
2017-10,Drug Offenses,all,1028,1991,1092,2361,2285,3,56,3,14
2017-11,Drug Offenses,all,1082,2254,939,2136,2048,5,54,2,27
2017-12,Drug Offenses,all,1068,2308,910,1881,1825,2,45,5,4
2018-01,Drug Offenses,all,941,1842,1033,2211,2140,0,54,4,13
2018-02,Drug Offenses,all,1056,2023,1014,2257,2171,0,52,2,32
2018-03,Drug Offenses,all,1294,2611,1092,2364,2275,1,73,1,14
2018-04,Drug Offenses,all,1183,2364,986,1916,1830,3,62,3,18
2018-05,Drug Offenses,all,1154,2157,1065,2254,2184,5,54,3,8
2018-06,Drug Offenses,all,1172,2589,992,2068,2010,3,50,0,5
2018-07,Drug Offenses,all,937,1903,950,1883,1800,1,50,7,25
2018-08,Drug Offenses,all,1236,2387,987,1904,1847,4,39,5,9
2018-09,Drug Offenses,all,1219,2574,944,1945,1866,5,38,2,34
2018-10,Drug Offenses,all,1211,2339,1096,2314,2197,3,67,3,44
2018-11,Drug Offenses,all,1136,2251,962,2006,1923,8,50,3,22
2018-12,Drug Offenses,all,1038,1988,802,1496,1450,4,32,2,8
2019-01,Drug Offenses,all,1120,2207,1074,2173,2085,3,56,3,26
2019-02,Drug Offenses,all,1206,2401,932,1727,1658,1,62,1,5
2019-03,Drug Offenses,all,1297,2558,1105,2467,2354,8,73,1,31
2019-04,Drug Offenses,all,1326,2409,1167,2412,2349,0,45,5,13
2019-05,Drug Offenses,all,1309,2653,1131,2326,2248,7,62,2,7
2019-06,Drug Offenses,all,1249,2576,1023,2027,1965,1,48,3,10
2019-07,Drug Offenses,all,1190,2268,1101,2164,2041,2,66,4,51
2019-08,Drug Offenses,all,1353,2597,1142,1993,1913,1,57,5,17
2019-09,Drug Offenses,all,1355,2702,1194,2227,2138,0,64,0,25
2019-10,Drug Offenses,all,1484,2643,1307,2509,2400,1,82,1,25
2019-11,Drug Offenses,all,1201,2218,999,2022,1970,2,42,1,7
2019-12,Drug Offenses,all,1156,2330,1075,1975,1917,2,48,2,6
2020-01,Drug Offenses,all,1109,2008,1328,2596,2468,2,86,2,38
2020-02,Drug Offenses,all,1210,2452,1178,2158,2064,2,71,2,19
2020-03,Drug Offenses,all,806,1485,754,1632,1564,2,52,3,11
2020-04,Drug Offenses,all,100,162,278,753,676,0,33,1,43
2020-05,Drug Offenses,all,564,1042,482,874,821,0,43,0,10
2020-06,Drug Offenses,all,1286,2270,832,1499,1421,0,69,3,6
2020-07,Drug Offenses,all,1487,2561,857,1612,1551,0,56,2,3
2020-08,Drug Offenses,all,1259,2392,804,1417,1324,0,63,4,26
2020-09,Drug Offenses,all,1434,2571,1032,1973,1883,4,60,3,23
2020-10,Drug Offenses,all,1462,2778,1049,1952,1876,0,70,0,6
2020-11,Drug Offenses,all,1245,2295,849,1493,1442,1,43,0,7
2020-12,Drug Offenses,all,798,1746,827,1408,1347,1,56,1,3
2021-01,Drug Offenses,all,670,1281,785,1461,1359,1,78,0,23
2021-02,Drug Offenses,all,1206,1986,816,1644,1572,1,61,2,8
2021-03,Drug Offenses,all,1388,2685,1228,2128,2045,1,74,0,8
2021-04,Drug Offenses,all,1281,2337,1285,2183,2081,2,91,3,6
2021-05,Drug Offenses,all,1229,2343,1116,1963,1866,2,78,2,15
2021-06,Drug Offenses,all,1290,2489,1225,1996,1891,8,84,5,8
2021-07,Drug Offenses,all,1053,1948,1102,1979,1877,1,93,1,7
2021-08,Drug Offenses,all,1205,2385,1143,2011,1909,4,87,2,9
2021-09,Drug Offenses,all,1219,2195,1150,2287,2093,4,132,5,53
2021-10,Drug Offenses,all,1019,1944,1156,2061,1974,5,72,0,10
2021-11,Drug Offenses,all,962,1841,1053,1863,1787,1,68,1,6
2021-12,Drug Offenses,all,916,1539,988,1924,1790,2,82,0,50
2022-01,Drug Offenses,all,738,1364,951,1679,1585,0,79,1,14
2022-02,Drug Offenses,all,973,1818,1041,1983,1897,3,64,1,18
2022-03,Drug Offenses,all,1242,2206,1312,2422,2299,5,103,3,12
2022-04,Drug Offenses,all,1079,1973,1080,2015,1854,7,110,1,43
2022-05,Drug Offenses,all,1054,1866,1106,2175,2041,4,116,3,11
2022-06,Drug Offenses,all,1074,1996,1100,2320,2207,2,93,0,18
2022-07,Drug Offenses,all,870,1601,914,1870,1798,0,67,1,4
2022-08,Drug Offenses,all,1082,2051,1224,2511,2376,8,103,0,24
2022-09,Drug Offenses,all,1073,1973,1117,2543,2341,10,112,3,77
2022-10,Drug Offenses,all,987,1915,1053,2206,2105,1,75,2,23
2022-11,Drug Offenses,all,1002,1996,1041,1969,1896,1,67,1,4
2022-12,Drug Offenses,all,859,1684,932,1821,1761,0,49,2,9
2023-01,Drug Offenses,all,766,1342,1084,2100,2022,4,63,5,6
2023-02,Drug Offenses,all,918,1648,1087,2130,2057,2,61,4,6
2023-03,Drug Offenses,all,1002,1807,1222,2319,2238,2,65,7,7
2023-04,Drug Offenses,all,1074,2199,1059,2163,2087,1,54,1,20
2023-05,Drug Offenses,all,986,1821,1115,2262,2159,2,76,2,23
2023-06,Drug Offenses,all,992,1998,1106,2269,2126,11,65,1,66
2023-07,Drug Offenses,all,795,1517,857,1676,1619,6,38,1,12
2023-08,Drug Offenses,all,910,1725,1115,2285,2175,5,75,0,30
2023-09,Drug Offenses,all,903,1883,891,1976,1886,2,73,0,15
2023-10,Drug Offenses,all,927,1730,1023,2020,1934,3,69,2,12
2023-11,Drug Offenses,all,932,1857,997,1927,1837,0,57,0,33
2023-12,Drug Offenses,all,671,1324,827,1549,1467,0,70,1,11
2024-01,Drug Offenses,all,717,1385,1016,1834,1735,2,76,3,18
2024-02,Drug Offenses,all,925,1706,935,1839,1770,0,55,2,12
2024-03,Drug Offenses,all,889,1588,984,2064,1970,0,60,1,33
2024-04,Drug Offenses,all,916,1817,1030,1953,1840,1,67,0,45
2024-05,Drug Offenses,all,1042,2047,1021,2198,2097,0,73,4,24
2024-06,Drug Offenses,all,887,1652,912,1891,1766,0,77,12,36
2024-07,Drug Offenses,all,792,1484,885,1663,1581,0,43,1,38
2024-08,Drug Offenses,all,860,1559,958,1801,1735,0,46,0,20
2024-09,Drug Offenses,all,820,1490,931,1852,1782,0,63,2,5
2024-10,Drug Offenses,all,894,1706,955,1986,1899,1,51,3,32
2024-11,Drug Offenses,all,778,1519,792,1589,1533,2,45,0,9
2024-12,Drug Offenses,all,680,1173,814,2262,2202,5,39,1,15
2025-01,Drug Offenses,all,699,1182,1005,2068,1988,1,58,3,18
2025-02,Drug Offenses,all,773,1497,899,1730,1673,1,49,2,5
2025-03,Drug Offenses,all,897,1662,949,2058,1950,2,82,0,24
2025-04,Drug Offenses,all,949,1684,901,1945,1840,2,55,0,48
2025-05,Drug Offenses,all,844,1531,867,1601,1542,4,54,0,1
2025-06,Drug Offenses,all,757,1434,786,1615,1565,0,42,3,5
2025-07,Drug Offenses,all,810,1420,882,1587,1536,0,42,0,9
2025-08,Drug Offenses,all,850,1538,817,1467,1424,0,40,2,1
2025-09,Drug Offenses,all,846,1479,884,1868,1776,1,50,1,40
2025-10,Drug Offenses,all,832,1471,807,1680,1602,0,71,0,7
2025-11,Drug Offenses,all,677,1139,590,1149,1103,6,37,2,1
2025-12,Drug Offenses,all,692,1273,677,1212,1170,1,36,0,5
2026-01,Drug Offenses,all,585,1048,700,1272,1212,1,52,2,5
2026-02,Drug Offenses,all,668,1083,641,1301,1233,1,51,0,16
2026-03,Drug Offenses,all,705,1173,542,1168,1099,2,45,0,22
2026-04,Drug Offenses,all,788,1365,445,972,918,1,41,0,12
2026-05,Drug Offenses,all,722,1253,368,800,761,0,25,1,13
2026-06,Drug Offenses,all,612,968,331,633,595,3,30,1,4
1994-10,Drug Offenses,primary,746,1602,658,1217,1094,17,98,7,1
1994-11,Drug Offenses,primary,821,1899,696,1299,1188,8,90,11,2
1994-12,Drug Offenses,primary,776,1765,585,1249,1119,4,111,7,8
1995-01,Drug Offenses,primary,708,1725,788,1574,1420,20,116,10,8
1995-02,Drug Offenses,primary,792,1770,712,1315,1188,9,111,5,2
1995-03,Drug Offenses,primary,954,2050,734,1339,1176,13,132,4,14
1995-04,Drug Offenses,primary,779,1665,709,1456,1353,18,67,8,10
1995-05,Drug Offenses,primary,900,1967,717,1459,1307,13,117,9,13
1995-06,Drug Offenses,primary,962,2214,808,1540,1429,16,72,16,7
1995-07,Drug Offenses,primary,806,1728,664,1285,1206,10,62,4,3
1995-08,Drug Offenses,primary,935,1909,757,1504,1386,4,98,12,4
1995-09,Drug Offenses,primary,882,2143,767,1433,1282,17,114,14,6
1995-10,Drug Offenses,primary,841,1758,706,1408,1248,8,134,11,7
1995-11,Drug Offenses,primary,946,1982,861,1667,1547,13,84,19,4
1995-12,Drug Offenses,primary,787,1869,723,1424,1331,7,73,6,7
1996-01,Drug Offenses,primary,825,1640,794,1393,1267,12,95,13,6
1996-02,Drug Offenses,primary,886,1902,787,1583,1470,4,93,16,0
1996-03,Drug Offenses,primary,930,1896,785,1505,1411,8,75,4,7
1996-04,Drug Offenses,primary,901,1890,826,1643,1548,11,69,8,7
1996-05,Drug Offenses,primary,992,2261,811,1543,1421,9,88,13,12
1996-06,Drug Offenses,primary,887,1911,765,1580,1415,11,140,9,5
1996-07,Drug Offenses,primary,854,1827,783,1404,1309,7,70,14,4
1996-08,Drug Offenses,primary,953,2079,764,1432,1302,5,101,18,6
1996-09,Drug Offenses,primary,919,1995,805,1532,1422,9,65,13,23
1996-10,Drug Offenses,primary,990,2014,790,1518,1434,3,67,6,8
1996-11,Drug Offenses,primary,885,1758,777,1578,1354,7,99,6,112
1996-12,Drug Offenses,primary,900,1827,721,1230,1120,19,83,5,3
1997-01,Drug Offenses,primary,964,1827,898,1678,1484,4,166,3,21
1997-02,Drug Offenses,primary,1091,2305,834,1594,1441,12,122,13,6
1997-03,Drug Offenses,primary,1047,2187,820,1724,1593,15,103,6,7
1997-04,Drug Offenses,primary,1152,2570,868,1769,1648,9,90,13,9
1997-05,Drug Offenses,primary,1106,2383,898,1764,1636,9,101,11,7
1997-06,Drug Offenses,primary,1033,2105,853,1602,1480,5,105,8,4
1997-07,Drug Offenses,primary,1150,2289,866,1564,1456,13,85,4,6
1997-08,Drug Offenses,primary,1056,2420,725,1444,1352,4,47,11,30
1997-09,Drug Offenses,primary,1097,2346,850,1711,1462,8,100,10,131
1997-10,Drug Offenses,primary,1051,2254,958,2048,1868,6,133,12,29
1997-11,Drug Offenses,primary,1002,2051,850,1581,1512,3,58,4,4
1997-12,Drug Offenses,primary,1118,2132,955,1765,1659,14,60,14,18
1998-01,Drug Offenses,primary,1105,2092,1024,1985,1885,5,75,12,8
1998-02,Drug Offenses,primary,1139,2238,1008,2021,1894,15,105,2,5
1998-03,Drug Offenses,primary,1370,2576,1058,2125,2031,9,73,10,2
1998-04,Drug Offenses,primary,1461,2811,1079,1968,1848,7,89,10,14
1998-05,Drug Offenses,primary,1197,2346,1039,1934,1847,7,66,5,9
1998-06,Drug Offenses,primary,1313,2685,1161,2329,2219,5,86,7,12
1998-07,Drug Offenses,primary,1361,2755,1171,2369,2248,6,109,3,3
1998-08,Drug Offenses,primary,1153,2219,1047,1919,1817,6,66,8,22
1998-09,Drug Offenses,primary,1279,2579,1214,2199,2081,14,76,12,16
1998-10,Drug Offenses,primary,1250,2284,1308,2317,2208,7,80,9,13
1998-11,Drug Offenses,primary,1126,2162,1101,2027,1937,2,79,7,2
1998-12,Drug Offenses,primary,1322,2487,1121,2060,1941,12,73,14,20
1999-01,Drug Offenses,primary,1091,2125,1100,1991,1892,6,78,9,6
1999-02,Drug Offenses,primary,1335,2392,1114,2083,1951,11,106,7,8
1999-03,Drug Offenses,primary,1656,3223,1296,2375,2236,7,107,9,16
1999-04,Drug Offenses,primary,1501,2779,1280,2375,2216,11,138,5,5
1999-05,Drug Offenses,primary,1340,2703,1202,2414,2314,4,87,3,6
1999-06,Drug Offenses,primary,1350,2479,1390,2511,2375,10,109,8,9
1999-07,Drug Offenses,primary,1371,2566,1245,2226,2126,9,78,7,6
1999-08,Drug Offenses,primary,1340,2776,1315,2244,2093,22,119,4,6
1999-09,Drug Offenses,primary,1397,2815,1383,2572,2427,9,123,7,6
1999-10,Drug Offenses,primary,1163,2245,1228,2284,2175,3,98,6,2
1999-11,Drug Offenses,primary,1154,2230,1284,2381,2270,10,78,12,11
1999-12,Drug Offenses,primary,1308,2476,1188,2054,1979,13,59,3,0
2000-01,Drug Offenses,primary,1097,2036,1253,2310,2190,14,79,11,16
2000-02,Drug Offenses,primary,1400,2639,1211,2325,2178,9,132,4,2
2000-03,Drug Offenses,primary,1671,3105,1302,2535,2406,10,93,16,10
2000-04,Drug Offenses,primary,1411,2765,1113,2082,1960,7,98,11,6
2000-05,Drug Offenses,primary,1515,3083,1280,2347,2232,12,86,5,12
2000-06,Drug Offenses,primary,1544,3101,1422,2580,2462,14,80,11,13
2000-07,Drug Offenses,primary,1368,2452,1211,2182,2083,12,67,5,15
2000-08,Drug Offenses,primary,1529,3071,1363,2657,2498,9,134,9,7
2000-09,Drug Offenses,primary,1421,2702,1372,2700,2550,21,99,3,27
2000-10,Drug Offenses,primary,1382,2639,1334,2531,2411,12,87,8,13
2000-11,Drug Offenses,primary,1455,2693,1220,2194,2078,16,85,6,9
2000-12,Drug Offenses,primary,1251,2328,1261,2260,2153,12,90,1,4
2001-01,Drug Offenses,primary,1216,2281,1500,2607,2469,9,95,6,28
2001-02,Drug Offenses,primary,1537,2657,1269,2332,2247,15,55,2,13
2001-03,Drug Offenses,primary,1592,2962,1438,2698,2555,3,124,9,7
2001-04,Drug Offenses,primary,1452,2583,1327,2358,2240,11,100,5,2
2001-05,Drug Offenses,primary,1405,2779,1322,2450,2355,7,83,3,2
2001-06,Drug Offenses,primary,1590,3049,1461,2729,2606,4,111,8,0
2001-07,Drug Offenses,primary,1317,2521,1277,2404,2285,4,102,3,10
2001-08,Drug Offenses,primary,1603,3041,1525,2697,2419,7,162,4,105
2001-09,Drug Offenses,primary,1238,2457,1280,2288,2188,7,79,3,11
2001-10,Drug Offenses,primary,1342,2496,1521,2736,2595,13,106,14,8
2001-11,Drug Offenses,primary,1525,2749,1430,2516,2417,13,78,7,1
2001-12,Drug Offenses,primary,1365,2469,1220,2231,2168,10,44,3,6
2002-01,Drug Offenses,primary,1351,2414,1447,2500,2407,4,74,11,4
2002-02,Drug Offenses,primary,1551,2834,1273,2225,2142,7,68,2,6
2002-03,Drug Offenses,primary,1542,2866,1356,2589,2467,4,110,2,6
2002-04,Drug Offenses,primary,1530,2687,1491,2730,2628,10,78,7,7
2002-05,Drug Offenses,primary,1585,2906,1478,2877,2745,10,94,7,21
2002-06,Drug Offenses,primary,1332,2394,1361,2392,2321,6,56,2,7
2002-07,Drug Offenses,primary,1351,2631,1535,2916,2791,3,111,7,4
2002-08,Drug Offenses,primary,1309,2476,1342,2586,2445,15,107,7,12
2002-09,Drug Offenses,primary,1220,2411,1380,2450,2318,6,118,5,3
2002-10,Drug Offenses,primary,1302,2645,1508,2907,2807,2,85,10,3
2002-11,Drug Offenses,primary,1278,2389,1329,2412,2315,8,81,7,1
2002-12,Drug Offenses,primary,1336,2487,1157,2139,2078,3,47,5,6
2003-01,Drug Offenses,primary,1231,2183,1390,2592,2472,4,93,4,19
2003-02,Drug Offenses,primary,1495,2988,1347,2624,2534,9,71,2,8
2003-03,Drug Offenses,primary,1423,2601,1347,2640,2478,3,146,6,7
2003-04,Drug Offenses,primary,1515,2947,1358,2740,2600,11,113,12,4
2003-05,Drug Offenses,primary,1470,2713,1348,2665,2578,7,66,6,8
2003-06,Drug Offenses,primary,1311,2454,1351,2532,2434,20,66,8,4
2003-07,Drug Offenses,primary,1383,2912,1284,2525,2389,15,102,13,6
2003-08,Drug Offenses,primary,1291,2555,1247,2354,2242,5,90,11,6
2003-09,Drug Offenses,primary,1257,2530,1375,2517,2424,6,75,7,5
2003-10,Drug Offenses,primary,1415,2798,1396,2439,2321,12,94,9,3
2003-11,Drug Offenses,primary,1180,2189,1136,2160,2080,8,62,7,3
2003-12,Drug Offenses,primary,1331,2646,1222,2393,2314,9,63,3,4
2004-01,Drug Offenses,primary,1109,2007,1319,2461,2368,4,73,5,11
2004-02,Drug Offenses,primary,1343,2477,1254,2430,2319,8,96,4,3
2004-03,Drug Offenses,primary,1651,3308,1308,2514,2395,20,81,9,9
2004-04,Drug Offenses,primary,1538,3047,1326,2606,2507,9,74,13,3
2004-05,Drug Offenses,primary,1234,2453,1206,2315,2203,8,97,6,1
2004-06,Drug Offenses,primary,1370,2730,1196,2259,2090,7,154,8,0
2004-07,Drug Offenses,primary,1138,2387,1148,2056,1964,2,76,8,6
2004-08,Drug Offenses,primary,1238,2578,1178,2197,2127,5,60,4,1
2004-09,Drug Offenses,primary,1358,2677,1243,2194,2071,16,75,11,21
2004-10,Drug Offenses,primary,1232,2389,1190,2258,2157,6,91,4,0
2004-11,Drug Offenses,primary,1244,2309,1148,2097,2021,7,67,0,2
2004-12,Drug Offenses,primary,1227,2412,1152,2042,1936,11,90,3,2
2005-01,Drug Offenses,primary,1115,2226,1195,2235,2151,5,71,3,5
2005-02,Drug Offenses,primary,1255,2318,1246,2418,2270,4,114,11,19
2005-03,Drug Offenses,primary,1574,3185,1415,2757,2615,16,103,9,14
2005-04,Drug Offenses,primary,1282,2438,1378,2632,2527,6,90,9,0
2005-05,Drug Offenses,primary,1336,2691,1240,2272,2182,9,75,4,2
2005-06,Drug Offenses,primary,1265,2833,1301,2415,2334,8,63,3,7
2005-07,Drug Offenses,primary,1172,2386,1240,2257,2161,6,84,5,1
2005-08,Drug Offenses,primary,1261,2440,1357,2524,2453,3,64,4,0
2005-09,Drug Offenses,primary,1296,2616,1274,2411,2341,2,59,5,4
2005-10,Drug Offenses,primary,1145,2375,1195,2199,2107,3,83,1,5
2005-11,Drug Offenses,primary,1198,2351,1203,2503,2439,4,57,1,2
2005-12,Drug Offenses,primary,1148,2364,1147,2204,2129,11,60,4,0
2006-01,Drug Offenses,primary,1082,2083,1396,2635,2524,3,102,4,2
2006-02,Drug Offenses,primary,1195,2168,1159,2331,2246,5,69,7,4
2006-03,Drug Offenses,primary,1431,2775,1315,2528,2372,8,140,4,4
2006-04,Drug Offenses,primary,1154,2234,1152,2195,2117,5,66,6,1
2006-05,Drug Offenses,primary,1231,2343,1275,2470,2364,10,87,6,3
2006-06,Drug Offenses,primary,1287,2513,1345,2719,2609,14,89,7,0
2006-07,Drug Offenses,primary,1099,2126,1145,2230,2142,6,61,5,16
2006-08,Drug Offenses,primary,1248,2414,1414,2662,2570,0,81,3,8
2006-09,Drug Offenses,primary,1278,2669,1315,2549,2455,11,67,5,11
2006-10,Drug Offenses,primary,1115,2149,1251,2525,2412,5,91,10,7
2006-11,Drug Offenses,primary,1203,2285,1222,2374,2281,5,85,1,2
2006-12,Drug Offenses,primary,1102,2277,1122,2127,2047,5,64,5,6
2007-01,Drug Offenses,primary,1123,2027,1332,2640,2553,2,83,1,1
2007-02,Drug Offenses,primary,1209,2334,1158,2227,2157,1,67,0,2
2007-03,Drug Offenses,primary,1432,2599,1312,2654,2568,3,77,3,3
2007-04,Drug Offenses,primary,1277,2280,1233,2394,2335,6,45,4,4
2007-05,Drug Offenses,primary,1486,2738,1212,2373,2248,10,103,3,9
2007-06,Drug Offenses,primary,1258,2449,1218,2352,2270,1,59,4,18
2007-07,Drug Offenses,primary,1088,2236,1130,2156,2050,1,72,3,30
2007-08,Drug Offenses,primary,1264,2534,1206,2188,2098,15,67,2,6
2007-09,Drug Offenses,primary,1225,2533,1220,2170,2069,8,61,10,22
2007-10,Drug Offenses,primary,1269,2486,1182,2413,2286,3,92,7,25
2007-11,Drug Offenses,primary,1092,2234,1472,2726,2605,0,112,7,2
2007-12,Drug Offenses,primary,1032,2205,1081,2139,2063,9,61,3,3
2008-01,Drug Offenses,primary,1004,1939,1314,2526,2411,4,92,5,14
2008-02,Drug Offenses,primary,1142,2050,1188,2209,2113,2,66,14,14
2008-03,Drug Offenses,primary,1186,2285,1060,1991,1900,9,69,3,10
2008-04,Drug Offenses,primary,1292,2491,1268,2340,2265,8,57,7,3
2008-05,Drug Offenses,primary,1211,2751,1147,2495,2387,6,85,7,10
2008-06,Drug Offenses,primary,1107,2274,1255,2375,2311,2,52,7,3
2008-07,Drug Offenses,primary,1135,2412,1208,2433,2366,3,57,5,2
2008-08,Drug Offenses,primary,1163,2339,1128,2380,2316,3,52,5,4
2008-09,Drug Offenses,primary,1120,2516,1291,2437,2349,4,78,2,4
2008-10,Drug Offenses,primary,1185,2417,1285,2601,2509,1,83,5,3
2008-11,Drug Offenses,primary,1007,2029,1001,1877,1809,4,58,3,3
2008-12,Drug Offenses,primary,1226,2492,1141,2528,2409,13,89,12,5
2009-01,Drug Offenses,primary,995,2000,1224,2437,2337,2,96,0,2
2009-02,Drug Offenses,primary,1240,2252,1172,2271,2165,7,91,4,4
2009-03,Drug Offenses,primary,1370,2630,1241,2468,2373,4,82,4,5
2009-04,Drug Offenses,primary,1368,2876,1280,2599,2501,2,62,2,32
2009-05,Drug Offenses,primary,1220,2748,1130,2212,2115,2,57,11,27
2009-06,Drug Offenses,primary,1262,2551,1359,2603,2496,3,100,2,2
2009-07,Drug Offenses,primary,1335,2540,1173,2220,2137,5,73,4,1
2009-08,Drug Offenses,primary,1148,2260,1134,2317,2209,2,92,4,10
2009-09,Drug Offenses,primary,1245,2575,1374,2733,2590,10,108,7,18
2009-10,Drug Offenses,primary,1102,2460,1251,2540,2445,6,85,4,0
2009-11,Drug Offenses,primary,1008,1987,1081,2010,1944,4,51,4,7
2009-12,Drug Offenses,primary,1136,2135,1105,2156,2086,3,63,3,1
2010-01,Drug Offenses,primary,972,1852,1155,2152,2066,7,66,6,7
2010-02,Drug Offenses,primary,1056,1961,1032,2053,1976,1,64,8,4
2010-03,Drug Offenses,primary,1354,2579,1317,2657,2561,2,91,2,1
2010-04,Drug Offenses,primary,1153,2553,1118,2028,1952,3,60,6,7
2010-05,Drug Offenses,primary,1076,2445,1069,2098,2023,4,67,1,3
2010-06,Drug Offenses,primary,1200,3018,1232,2470,2389,4,70,3,4
2010-07,Drug Offenses,primary,1051,2316,1120,2075,2013,1,54,4,3
2010-08,Drug Offenses,primary,1096,2273,1006,2215,2122,8,70,6,9
2010-09,Drug Offenses,primary,1252,2640,1139,2427,2337,2,80,4,4
2010-10,Drug Offenses,primary,1069,2380,1066,2125,2018,11,81,2,13
2010-11,Drug Offenses,primary,1110,2447,1133,2202,2127,2,61,4,8
2010-12,Drug Offenses,primary,1177,2543,1081,2156,2075,3,75,0,3
2011-01,Drug Offenses,primary,998,2226,1160,2331,2246,0,77,3,5
2011-02,Drug Offenses,primary,1153,2277,1130,2156,2064,0,86,2,4
2011-03,Drug Offenses,primary,1394,2959,1267,2471,2388,5,74,0,4
2011-04,Drug Offenses,primary,1265,2685,1266,2530,2450,1,73,3,3
2011-05,Drug Offenses,primary,1212,2800,1160,2330,2148,12,156,3,11
2011-06,Drug Offenses,primary,1284,3101,1177,2499,2417,6,51,2,23
2011-07,Drug Offenses,primary,1150,2540,1119,2326,2232,1,76,5,12
2011-08,Drug Offenses,primary,1244,2628,1303,2742,2670,1,62,5,4
2011-09,Drug Offenses,primary,1276,2822,1325,2419,2287,3,108,6,15
2011-10,Drug Offenses,primary,1133,2453,1299,2786,2647,5,113,1,20
2011-11,Drug Offenses,primary,1182,2381,1227,2364,2274,0,87,0,3
2011-12,Drug Offenses,primary,1160,2406,1062,2161,2071,1,78,2,9
2012-01,Drug Offenses,primary,1005,2293,1322,2442,2334,1,97,4,6
2012-02,Drug Offenses,primary,1160,2458,1187,2286,2154,4,123,2,3
2012-03,Drug Offenses,primary,1224,2732,1287,2683,2567,1,92,1,22
2012-04,Drug Offenses,primary,1071,2284,1154,2239,2166,3,68,0,2
2012-05,Drug Offenses,primary,1223,2975,1272,2487,2408,5,62,2,10
2012-06,Drug Offenses,primary,1051,2412,1161,2509,2433,1,67,1,7
2012-07,Drug Offenses,primary,1010,2147,1055,2142,2053,2,76,7,4
2012-08,Drug Offenses,primary,1159,2449,1189,2347,2265,0,75,4,3
2012-09,Drug Offenses,primary,1014,2316,1048,2257,2144,0,91,1,21
2012-10,Drug Offenses,primary,1024,2134,1165,2429,2313,4,96,6,10
2012-11,Drug Offenses,primary,978,2160,1129,2247,2162,3,76,4,2
2012-12,Drug Offenses,primary,992,2062,869,2064,1994,8,57,2,3
2013-01,Drug Offenses,primary,954,1960,1163,2491,2399,4,82,1,5
2013-02,Drug Offenses,primary,1035,2230,995,2096,1989,3,76,1,27
2013-03,Drug Offenses,primary,1032,2393,1145,2194,2097,2,84,3,8
2013-04,Drug Offenses,primary,1067,2324,1135,2469,2349,4,96,6,14
2013-05,Drug Offenses,primary,1213,2597,1030,2126,2047,1,44,3,31
2013-06,Drug Offenses,primary,1107,2374,976,2024,1960,3,59,0,2
2013-07,Drug Offenses,primary,990,2245,1031,2174,2093,1,67,1,12
2013-08,Drug Offenses,primary,1037,2296,953,1973,1891,2,70,4,6
2013-09,Drug Offenses,primary,1054,2179,1095,2151,2103,1,42,0,5
2013-10,Drug Offenses,primary,1085,2127,1078,2245,2178,2,61,1,3
2013-11,Drug Offenses,primary,867,1791,964,2079,2009,1,67,1,1
2013-12,Drug Offenses,primary,912,1850,932,1991,1926,2,55,5,3
2014-01,Drug Offenses,primary,807,1628,1116,2264,2196,0,61,2,5
2014-02,Drug Offenses,primary,881,1772,1002,1943,1889,3,47,0,4
2014-03,Drug Offenses,primary,935,1954,1051,2122,2020,4,79,3,16
2014-04,Drug Offenses,primary,1067,2201,1083,2239,2155,2,62,1,19
2014-05,Drug Offenses,primary,895,2035,1022,2114,2019,0,75,2,18
2014-06,Drug Offenses,primary,844,1873,1051,2157,2072,5,72,0,8
2014-07,Drug Offenses,primary,894,1946,950,1919,1825,4,75,1,14
2014-08,Drug Offenses,primary,842,1854,923,2175,2096,1,63,0,15
2014-09,Drug Offenses,primary,895,1962,1029,2259,2158,3,86,2,10
2014-10,Drug Offenses,primary,983,2398,1071,2313,2233,4,61,5,10
2014-11,Drug Offenses,primary,846,1756,924,1841,1774,2,57,3,5
2014-12,Drug Offenses,primary,848,1801,899,2328,2244,1,61,3,19
2015-01,Drug Offenses,primary,735,1563,1022,2186,2129,2,48,0,7
2015-02,Drug Offenses,primary,818,1801,944,2024,1979,1,36,4,4
2015-03,Drug Offenses,primary,974,2120,1070,2452,2381,6,56,0,9
2015-04,Drug Offenses,primary,1081,2207,1019,2194,2083,2,100,5,4
2015-05,Drug Offenses,primary,905,1992,959,2239,2171,0,62,2,4
2015-06,Drug Offenses,primary,1000,2243,977,2295,2221,0,56,7,11
2015-07,Drug Offenses,primary,977,2017,987,2072,1954,3,77,1,37
2015-08,Drug Offenses,primary,1018,2360,972,2124,2030,1,74,1,18
2015-09,Drug Offenses,primary,1056,2458,1000,2215,2137,5,52,3,18
2015-10,Drug Offenses,primary,906,1846,904,1907,1819,0,67,3,18
2015-11,Drug Offenses,primary,823,1826,928,2062,1993,3,52,5,9
2015-12,Drug Offenses,primary,1011,2189,877,1751,1705,3,37,2,4
2016-01,Drug Offenses,primary,740,1559,968,2011,1931,5,56,2,17
2016-02,Drug Offenses,primary,923,1956,1065,2084,2002,8,45,7,22
2016-03,Drug Offenses,primary,1214,2446,1117,2621,2510,2,91,4,14
2016-04,Drug Offenses,primary,991,1992,873,1869,1818,1,46,0,4
2016-05,Drug Offenses,primary,1015,2405,1017,2247,2185,0,57,1,4
2016-06,Drug Offenses,primary,1084,2331,1058,2358,2289,3,52,6,8
2016-07,Drug Offenses,primary,805,1795,893,1859,1814,0,40,1,4
2016-08,Drug Offenses,primary,962,1956,1099,2405,2298,0,73,3,31
2016-09,Drug Offenses,primary,936,2136,1036,2349,2153,1,66,2,127
2016-10,Drug Offenses,primary,866,1772,884,1997,1920,1,47,4,25
2016-11,Drug Offenses,primary,976,2021,982,2091,2043,2,43,0,3
2016-12,Drug Offenses,primary,900,1842,905,1906,1839,3,40,1,23
2017-01,Drug Offenses,primary,755,1447,1040,2258,2183,1,66,4,4
2017-02,Drug Offenses,primary,1017,2163,930,1968,1918,1,39,3,7
2017-03,Drug Offenses,primary,1157,2071,1103,2491,2403,6,62,8,12
2017-04,Drug Offenses,primary,981,2029,1029,2185,2134,0,48,1,2
2017-05,Drug Offenses,primary,1001,2201,1118,2160,2079,2,61,5,13
2017-06,Drug Offenses,primary,1105,2319,1084,2243,2178,0,59,2,4
2017-07,Drug Offenses,primary,938,2159,903,2040,1970,2,56,5,7
2017-08,Drug Offenses,primary,1091,2205,1030,2291,2132,1,86,7,65
2017-09,Drug Offenses,primary,1089,2180,921,1911,1856,1,46,1,7
2017-10,Drug Offenses,primary,972,1914,1054,2310,2240,3,53,3,11
2017-11,Drug Offenses,primary,1023,2160,884,1997,1935,5,51,1,5
2017-12,Drug Offenses,primary,1009,2235,868,1811,1759,1,43,4,4
2018-01,Drug Offenses,primary,889,1769,981,2137,2067,0,53,4,13
2018-02,Drug Offenses,primary,966,1886,965,2179,2096,0,51,1,31
2018-03,Drug Offenses,primary,1199,2449,1022,2253,2169,1,69,1,13
2018-04,Drug Offenses,primary,1069,2198,923,1839,1757,3,58,3,18
2018-05,Drug Offenses,primary,1075,2052,990,2139,2072,5,51,3,8
2018-06,Drug Offenses,primary,1086,2442,925,1970,1915,1,49,0,5
2018-07,Drug Offenses,primary,871,1798,888,1771,1710,1,41,6,13
2018-08,Drug Offenses,primary,1154,2268,936,1839,1785,4,36,5,9
2018-09,Drug Offenses,primary,1138,2457,873,1843,1769,5,33,2,34
2018-10,Drug Offenses,primary,1107,2118,1026,2225,2114,3,63,1,44
2018-11,Drug Offenses,primary,1024,2066,903,1914,1838,8,43,3,22
2018-12,Drug Offenses,primary,963,1845,751,1410,1365,4,31,2,8
2019-01,Drug Offenses,primary,1020,2015,1003,2071,1991,3,53,3,21
2019-02,Drug Offenses,primary,1096,2199,868,1624,1561,1,58,1,3
2019-03,Drug Offenses,primary,1205,2428,1018,2334,2230,8,64,1,31
2019-04,Drug Offenses,primary,1198,2210,1093,2303,2243,0,43,4,13
2019-05,Drug Offenses,primary,1224,2520,1045,2143,2069,7,59,2,6
2019-06,Drug Offenses,primary,1148,2417,956,1928,1872,1,43,2,10
2019-07,Drug Offenses,primary,1114,2125,1018,2056,1939,2,60,4,51
2019-08,Drug Offenses,primary,1260,2439,1039,1847,1772,1,55,2,17
2019-09,Drug Offenses,primary,1240,2527,1113,2065,1978,0,62,0,25
2019-10,Drug Offenses,primary,1398,2528,1223,2392,2294,1,73,1,23
2019-11,Drug Offenses,primary,1117,2087,928,1925,1876,2,39,1,7
2019-12,Drug Offenses,primary,1062,2172,1009,1886,1830,2,46,2,6
2020-01,Drug Offenses,primary,1025,1900,1222,2439,2319,2,79,2,37
2020-02,Drug Offenses,primary,1137,2312,1104,2062,1968,2,71,2,19
2020-03,Drug Offenses,primary,756,1423,698,1528,1465,2,47,3,11
2020-04,Drug Offenses,primary,85,147,254,726,650,0,33,0,43
2020-05,Drug Offenses,primary,523,941,432,804,751,0,43,0,10
2020-06,Drug Offenses,primary,1196,2106,745,1385,1315,0,66,1,3
2020-07,Drug Offenses,primary,1410,2461,789,1497,1449,0,44,2,2
2020-08,Drug Offenses,primary,1172,2238,735,1314,1223,0,62,4,25
2020-09,Drug Offenses,primary,1319,2399,975,1862,1774,4,58,3,23
2020-10,Drug Offenses,primary,1398,2648,976,1832,1759,0,67,0,6
2020-11,Drug Offenses,primary,1161,2176,800,1431,1383,1,42,0,5
2020-12,Drug Offenses,primary,740,1656,773,1338,1280,1,54,0,3
2021-01,Drug Offenses,primary,609,1214,738,1390,1291,1,75,0,23
2021-02,Drug Offenses,primary,1129,1865,760,1564,1498,1,56,1,8
2021-03,Drug Offenses,primary,1293,2513,1156,1989,1910,1,70,0,8
2021-04,Drug Offenses,primary,1183,2174,1216,2097,2003,2,84,3,5
2021-05,Drug Offenses,primary,1131,2208,1059,1866,1773,2,75,1,15
2021-06,Drug Offenses,primary,1187,2352,1146,1882,1780,8,81,5,8
2021-07,Drug Offenses,primary,988,1868,1030,1846,1747,1,90,1,7
2021-08,Drug Offenses,primary,1112,2253,1053,1875,1777,4,84,2,8
2021-09,Drug Offenses,primary,1143,2069,1071,2171,1982,4,129,5,51
2021-10,Drug Offenses,primary,963,1879,1063,1948,1867,5,70,0,6
2021-11,Drug Offenses,primary,889,1728,984,1770,1700,0,64,1,5
2021-12,Drug Offenses,primary,860,1469,920,1803,1670,2,81,0,50
2022-01,Drug Offenses,primary,690,1283,893,1607,1514,0,78,1,14
2022-02,Drug Offenses,primary,901,1710,963,1893,1811,3,60,1,18
2022-03,Drug Offenses,primary,1153,2065,1232,2255,2140,3,98,3,11
2022-04,Drug Offenses,primary,985,1817,999,1901,1751,3,104,1,42
2022-05,Drug Offenses,primary,969,1767,1032,2075,1946,3,114,1,11
2022-06,Drug Offenses,primary,996,1875,1019,2184,2072,2,92,0,18
2022-07,Drug Offenses,primary,812,1520,843,1777,1709,0,63,1,4
2022-08,Drug Offenses,primary,1015,1974,1150,2408,2287,4,97,0,20
2022-09,Drug Offenses,primary,1001,1870,1045,2455,2257,10,110,3,75
2022-10,Drug Offenses,primary,913,1742,984,2109,2011,1,72,2,23
2022-11,Drug Offenses,primary,940,1887,964,1837,1770,1,61,1,4
2022-12,Drug Offenses,primary,814,1616,865,1717,1658,0,49,2,8
2023-01,Drug Offenses,primary,699,1249,1005,1980,1907,4,62,3,4
2023-02,Drug Offenses,primary,849,1553,1010,1940,1870,1,60,4,5
2023-03,Drug Offenses,primary,938,1722,1147,2215,2140,1,60,7,7
2023-04,Drug Offenses,primary,992,2055,981,2047,1984,1,52,1,9
2023-05,Drug Offenses,primary,917,1709,1045,2156,2060,1,70,2,23
2023-06,Drug Offenses,primary,920,1908,1031,2094,1955,11,61,1,66
2023-07,Drug Offenses,primary,749,1446,805,1600,1544,6,38,1,11
2023-08,Drug Offenses,primary,854,1623,1026,2130,2026,3,72,0,29
2023-09,Drug Offenses,primary,849,1776,807,1823,1743,2,68,0,10
2023-10,Drug Offenses,primary,869,1653,948,1886,1800,3,69,2,12
2023-11,Drug Offenses,primary,884,1764,936,1840,1753,0,54,0,33
2023-12,Drug Offenses,primary,626,1267,765,1464,1388,0,64,1,11
2024-01,Drug Offenses,primary,649,1300,934,1720,1628,2,70,3,17
2024-02,Drug Offenses,primary,867,1628,871,1748,1682,0,53,2,11
2024-03,Drug Offenses,primary,820,1483,909,1963,1876,0,55,1,31
2024-04,Drug Offenses,primary,817,1640,954,1795,1693,1,63,0,38
2024-05,Drug Offenses,primary,966,1929,961,2109,2009,0,73,4,23
2024-06,Drug Offenses,primary,812,1542,835,1770,1649,0,73,12,36
2024-07,Drug Offenses,primary,730,1397,818,1580,1503,0,39,0,38
2024-08,Drug Offenses,primary,788,1455,907,1711,1645,0,46,0,20
2024-09,Drug Offenses,primary,749,1351,860,1721,1652,0,62,2,5
2024-10,Drug Offenses,primary,818,1602,882,1863,1778,1,50,3,31
2024-11,Drug Offenses,primary,712,1361,726,1502,1458,1,37,0,6
2024-12,Drug Offenses,primary,624,1095,762,2191,2138,5,32,1,15
2025-01,Drug Offenses,primary,636,1065,913,1941,1866,1,53,3,18
2025-02,Drug Offenses,primary,697,1377,824,1629,1579,0,44,2,4
2025-03,Drug Offenses,primary,802,1517,883,1963,1858,2,79,0,24
2025-04,Drug Offenses,primary,884,1587,834,1804,1700,2,54,0,48
2025-05,Drug Offenses,primary,766,1429,809,1535,1479,4,51,0,1
2025-06,Drug Offenses,primary,671,1260,727,1533,1485,0,40,3,5
2025-07,Drug Offenses,primary,730,1315,811,1493,1446,0,38,0,9
2025-08,Drug Offenses,primary,762,1386,756,1396,1358,0,36,1,1
2025-09,Drug Offenses,primary,762,1369,792,1708,1622,0,46,1,39
2025-10,Drug Offenses,primary,753,1331,741,1560,1492,0,62,0,6
2025-11,Drug Offenses,primary,613,1055,544,1085,1042,6,34,2,1
2025-12,Drug Offenses,primary,638,1191,642,1152,1110,1,36,0,5
2026-01,Drug Offenses,primary,544,995,634,1177,1121,1,48,2,5
2026-02,Drug Offenses,primary,622,1016,585,1210,1147,1,46,0,16
2026-03,Drug Offenses,primary,633,1043,503,1117,1049,2,44,0,22
2026-04,Drug Offenses,primary,721,1263,385,899,855,0,32,0,12
2026-05,Drug Offenses,primary,661,1177,331,743,708,0,21,1,13
2026-06,Drug Offenses,primary,549,821,303,576,549,3,19,1,4
1994-10,Government Regulatory Offenses,all,76,145,69,103,98,0,3,1,1
1994-11,Government Regulatory Offenses,all,76,147,74,138,134,0,4,0,0
1994-12,Government Regulatory Offenses,all,86,144,61,101,88,3,2,8,0
1995-01,Government Regulatory Offenses,all,91,175,85,138,121,9,1,6,1
1995-02,Government Regulatory Offenses,all,96,170,83,122,110,1,7,2,2
1995-03,Government Regulatory Offenses,all,116,263,100,169,135,1,27,6,0
1995-04,Government Regulatory Offenses,all,112,171,92,147,134,0,12,1,0
1995-05,Government Regulatory Offenses,all,123,185,88,127,115,3,7,2,0
1995-06,Government Regulatory Offenses,all,129,234,103,165,141,3,14,6,1
1995-07,Government Regulatory Offenses,all,93,153,74,120,107,3,9,1,0
1995-08,Government Regulatory Offenses,all,117,226,104,199,175,2,18,2,2
1995-09,Government Regulatory Offenses,all,118,232,100,135,122,0,10,2,1
1995-10,Government Regulatory Offenses,all,105,184,81,140,117,1,20,1,1
1995-11,Government Regulatory Offenses,all,132,197,142,213,181,1,16,13,2
1995-12,Government Regulatory Offenses,all,102,170,94,141,119,5,13,4,0
1996-01,Government Regulatory Offenses,all,86,124,94,140,125,1,13,1,0
1996-02,Government Regulatory Offenses,all,133,226,103,156,135,2,8,10,1
1996-03,Government Regulatory Offenses,all,101,176,76,108,100,4,4,0,0
1996-04,Government Regulatory Offenses,all,106,192,97,132,113,0,8,10,1
1996-05,Government Regulatory Offenses,all,134,230,99,176,164,0,9,3,0
1996-06,Government Regulatory Offenses,all,122,214,110,193,148,2,14,1,28
1996-07,Government Regulatory Offenses,all,129,237,112,167,150,5,10,2,0
1996-08,Government Regulatory Offenses,all,106,180,106,159,134,3,7,8,7
1996-09,Government Regulatory Offenses,all,143,271,101,141,128,3,10,0,0
1996-10,Government Regulatory Offenses,all,115,228,117,194,183,0,10,0,1
1996-11,Government Regulatory Offenses,all,107,180,87,151,136,2,11,2,0
1996-12,Government Regulatory Offenses,all,114,194,92,183,171,0,10,2,0
1997-01,Government Regulatory Offenses,all,121,208,109,200,151,1,43,5,0
1997-02,Government Regulatory Offenses,all,156,252,99,142,131,0,5,5,1
1997-03,Government Regulatory Offenses,all,129,224,98,192,177,7,6,2,0
1997-04,Government Regulatory Offenses,all,162,294,115,188,172,1,12,3,0
1997-05,Government Regulatory Offenses,all,150,235,106,191,171,0,18,0,2
1997-06,Government Regulatory Offenses,all,145,264,91,119,105,3,9,2,0
1997-07,Government Regulatory Offenses,all,129,207,95,166,155,1,10,0,0
1997-08,Government Regulatory Offenses,all,120,197,96,163,147,0,13,3,0
1997-09,Government Regulatory Offenses,all,169,275,115,253,217,0,8,2,26
1997-10,Government Regulatory Offenses,all,146,237,117,193,174,1,10,7,1
1997-11,Government Regulatory Offenses,all,146,293,109,176,166,0,9,1,0
1997-12,Government Regulatory Offenses,all,127,200,137,227,211,2,9,4,1
1998-01,Government Regulatory Offenses,all,135,211,134,191,180,3,7,0,1
1998-02,Government Regulatory Offenses,all,160,274,142,235,214,1,18,2,0
1998-03,Government Regulatory Offenses,all,183,360,137,232,219,0,12,1,0
1998-04,Government Regulatory Offenses,all,205,335,132,249,231,5,6,7,0
1998-05,Government Regulatory Offenses,all,151,299,130,240,209,4,6,5,16
1998-06,Government Regulatory Offenses,all,179,278,147,220,205,2,10,3,0
1998-07,Government Regulatory Offenses,all,165,247,150,271,251,1,12,0,7
1998-08,Government Regulatory Offenses,all,149,236,131,201,187,1,10,2,1
1998-09,Government Regulatory Offenses,all,193,322,171,337,308,2,16,3,8
1998-10,Government Regulatory Offenses,all,154,260,163,253,242,2,4,4,1
1998-11,Government Regulatory Offenses,all,127,238,149,235,225,4,4,2,0
1998-12,Government Regulatory Offenses,all,158,276,142,248,235,3,7,3,0
1999-01,Government Regulatory Offenses,all,133,196,158,253,226,4,21,2,0
1999-02,Government Regulatory Offenses,all,150,282,147,241,217,10,12,1,1
1999-03,Government Regulatory Offenses,all,185,322,163,268,257,0,6,3,2
1999-04,Government Regulatory Offenses,all,165,243,175,276,263,2,9,2,0
1999-05,Government Regulatory Offenses,all,134,219,133,225,202,2,20,1,0
1999-06,Government Regulatory Offenses,all,139,221,149,260,245,2,12,1,0
1999-07,Government Regulatory Offenses,all,173,315,139,229,192,2,26,1,8
1999-08,Government Regulatory Offenses,all,135,205,141,231,219,0,9,3,0
1999-09,Government Regulatory Offenses,all,132,216,135,217,199,2,13,2,1
1999-10,Government Regulatory Offenses,all,142,257,165,240,204,1,33,2,0
1999-11,Government Regulatory Offenses,all,128,203,133,214,198,1,14,0,1
1999-12,Government Regulatory Offenses,all,155,263,141,257,236,7,13,1,0
2000-01,Government Regulatory Offenses,all,135,224,147,225,209,0,15,1,0
2000-02,Government Regulatory Offenses,all,192,312,151,235,204,1,22,8,0
2000-03,Government Regulatory Offenses,all,206,353,131,195,173,4,16,1,1
2000-04,Government Regulatory Offenses,all,132,231,158,272,252,0,19,1,0
2000-05,Government Regulatory Offenses,all,148,294,176,269,252,2,13,2,0
2000-06,Government Regulatory Offenses,all,141,239,137,220,206,0,10,3,1
2000-07,Government Regulatory Offenses,all,119,221,145,245,225,2,10,6,2
2000-08,Government Regulatory Offenses,all,168,312,151,237,211,8,10,8,0
2000-09,Government Regulatory Offenses,all,134,249,150,238,208,9,11,9,1
2000-10,Government Regulatory Offenses,all,144,238,160,249,233,1,12,3,0
2000-11,Government Regulatory Offenses,all,124,229,160,274,247,2,11,1,13
2000-12,Government Regulatory Offenses,all,109,192,120,217,194,3,19,1,0
2001-01,Government Regulatory Offenses,all,147,270,148,246,226,0,18,2,0
2001-02,Government Regulatory Offenses,all,141,245,144,251,218,0,31,1,1
2001-03,Government Regulatory Offenses,all,175,336,131,214,200,2,9,3,0
2001-04,Government Regulatory Offenses,all,169,325,135,214,190,0,23,0,1
2001-05,Government Regulatory Offenses,all,171,320,139,274,258,1,13,0,2
2001-06,Government Regulatory Offenses,all,155,301,145,223,209,1,11,0,2
2001-07,Government Regulatory Offenses,all,156,310,142,240,210,3,19,3,5
2001-08,Government Regulatory Offenses,all,170,295,147,255,234,0,12,9,0
2001-09,Government Regulatory Offenses,all,146,237,143,232,206,1,16,5,4
2001-10,Government Regulatory Offenses,all,151,273,155,299,280,4,11,4,0
2001-11,Government Regulatory Offenses,all,131,225,143,282,268,1,13,0,0
2001-12,Government Regulatory Offenses,all,146,249,120,189,175,0,11,1,2
2002-01,Government Regulatory Offenses,all,114,191,174,324,287,3,32,1,1
2002-02,Government Regulatory Offenses,all,102,180,142,221,211,0,10,0,0
2002-03,Government Regulatory Offenses,all,130,211,148,239,223,0,13,3,0
2002-04,Government Regulatory Offenses,all,157,305,150,248,237,3,5,0,3
2002-05,Government Regulatory Offenses,all,146,251,158,302,282,0,19,0,1
2002-06,Government Regulatory Offenses,all,115,223,123,232,225,0,5,2,0
2002-07,Government Regulatory Offenses,all,133,198,142,236,219,1,6,10,0
2002-08,Government Regulatory Offenses,all,174,290,134,254,236,2,13,3,0
2002-09,Government Regulatory Offenses,all,157,241,128,217,205,0,12,0,0
2002-10,Government Regulatory Offenses,all,148,252,158,269,244,0,22,2,1
2002-11,Government Regulatory Offenses,all,110,176,143,303,287,0,15,0,1
2002-12,Government Regulatory Offenses,all,187,299,124,194,182,0,9,3,0
2003-01,Government Regulatory Offenses,all,148,242,137,239,220,1,11,7,0
2003-02,Government Regulatory Offenses,all,112,192,108,189,173,0,15,1,0
2003-03,Government Regulatory Offenses,all,156,281,141,231,207,1,16,7,0
2003-04,Government Regulatory Offenses,all,154,309,111,204,188,1,14,1,0
2003-05,Government Regulatory Offenses,all,115,213,126,208,192,4,11,1,0
2003-06,Government Regulatory Offenses,all,104,175,127,199,181,3,12,3,0
2003-07,Government Regulatory Offenses,all,141,246,130,221,206,1,12,2,0
2003-08,Government Regulatory Offenses,all,125,286,122,209,187,1,17,1,3
2003-09,Government Regulatory Offenses,all,104,199,141,264,245,0,17,1,1
2003-10,Government Regulatory Offenses,all,138,268,125,242,228,0,12,2,0
2003-11,Government Regulatory Offenses,all,130,228,89,156,142,2,8,4,0
2003-12,Government Regulatory Offenses,all,108,225,133,232,217,0,14,1,0
2004-01,Government Regulatory Offenses,all,115,178,99,181,170,1,10,0,0
2004-02,Government Regulatory Offenses,all,135,228,129,230,220,0,6,3,1
2004-03,Government Regulatory Offenses,all,143,259,117,210,187,0,18,5,0
2004-04,Government Regulatory Offenses,all,161,279,123,233,219,2,8,4,0
2004-05,Government Regulatory Offenses,all,119,239,124,195,183,1,8,2,1
2004-06,Government Regulatory Offenses,all,125,219,122,255,214,0,41,0,0
2004-07,Government Regulatory Offenses,all,103,171,119,223,210,1,11,0,1
2004-08,Government Regulatory Offenses,all,112,236,126,208,200,2,5,1,0
2004-09,Government Regulatory Offenses,all,110,201,101,172,159,3,9,1,0
2004-10,Government Regulatory Offenses,all,90,149,111,185,164,5,13,1,2
2004-11,Government Regulatory Offenses,all,102,196,114,198,188,2,5,2,1
2004-12,Government Regulatory Offenses,all,113,231,111,185,171,1,13,0,0
2005-01,Government Regulatory Offenses,all,107,227,130,217,196,0,16,1,4
2005-02,Government Regulatory Offenses,all,165,335,121,215,199,0,15,0,1
2005-03,Government Regulatory Offenses,all,185,322,135,286,269,0,13,4,0
2005-04,Government Regulatory Offenses,all,145,290,167,258,212,2,41,3,0
2005-05,Government Regulatory Offenses,all,145,293,139,230,210,3,15,1,1
2005-06,Government Regulatory Offenses,all,134,240,131,246,217,3,26,0,0
2005-07,Government Regulatory Offenses,all,149,220,129,217,190,0,26,1,0
2005-08,Government Regulatory Offenses,all,148,261,179,271,257,0,12,2,0
2005-09,Government Regulatory Offenses,all,140,329,104,182,175,0,4,3,0
2005-10,Government Regulatory Offenses,all,96,177,124,190,174,1,8,4,3
2005-11,Government Regulatory Offenses,all,142,262,114,205,195,3,7,0,0
2005-12,Government Regulatory Offenses,all,133,254,108,202,197,2,1,2,0
2006-01,Government Regulatory Offenses,all,132,293,145,271,242,2,21,3,3
2006-02,Government Regulatory Offenses,all,121,185,124,177,162,1,14,0,0
2006-03,Government Regulatory Offenses,all,156,342,151,304,281,0,21,2,0
2006-04,Government Regulatory Offenses,all,144,239,130,214,198,1,14,1,0
2006-05,Government Regulatory Offenses,all,148,255,136,221,204,2,15,0,0
2006-06,Government Regulatory Offenses,all,162,291,145,254,245,1,7,1,0
2006-07,Government Regulatory Offenses,all,105,165,115,193,186,0,6,1,0
2006-08,Government Regulatory Offenses,all,135,231,134,257,242,5,6,4,0
2006-09,Government Regulatory Offenses,all,117,183,133,257,244,0,11,2,0
2006-10,Government Regulatory Offenses,all,107,153,130,266,251,2,10,3,0
2006-11,Government Regulatory Offenses,all,97,156,113,194,175,1,10,2,6
2006-12,Government Regulatory Offenses,all,107,169,108,184,173,0,6,5,0
2007-01,Government Regulatory Offenses,all,101,134,137,235,225,0,9,1,0
2007-02,Government Regulatory Offenses,all,140,235,108,194,173,1,18,2,0
2007-03,Government Regulatory Offenses,all,116,211,117,246,225,2,17,2,0
2007-04,Government Regulatory Offenses,all,154,278,124,183,177,0,4,2,0
2007-05,Government Regulatory Offenses,all,127,248,116,189,172,0,17,0,0
2007-06,Government Regulatory Offenses,all,141,244,121,209,178,1,27,3,0
2007-07,Government Regulatory Offenses,all,118,216,112,144,133,0,7,4,0
2007-08,Government Regulatory Offenses,all,174,352,143,202,182,2,11,5,2
2007-09,Government Regulatory Offenses,all,131,265,135,226,219,0,7,0,0
2007-10,Government Regulatory Offenses,all,117,206,151,223,205,3,14,1,0
2007-11,Government Regulatory Offenses,all,128,205,127,216,198,1,14,3,0
2007-12,Government Regulatory Offenses,all,91,136,106,164,155,0,8,1,0
2008-01,Government Regulatory Offenses,all,98,176,123,275,253,6,16,0,0
2008-02,Government Regulatory Offenses,all,140,304,112,230,205,0,25,0,0
2008-03,Government Regulatory Offenses,all,133,299,144,291,276,0,13,0,2
2008-04,Government Regulatory Offenses,all,135,224,121,223,206,0,14,2,1
2008-05,Government Regulatory Offenses,all,129,239,115,193,179,0,13,1,0
2008-06,Government Regulatory Offenses,all,103,216,130,233,217,0,15,1,0
2008-07,Government Regulatory Offenses,all,102,189,138,251,239,1,11,0,0
2008-08,Government Regulatory Offenses,all,87,173,141,261,227,0,34,0,0
2008-09,Government Regulatory Offenses,all,115,187,126,305,299,0,6,0,0
2008-10,Government Regulatory Offenses,all,89,143,136,223,207,0,13,2,1
2008-11,Government Regulatory Offenses,all,87,181,109,201,184,1,11,5,0
2008-12,Government Regulatory Offenses,all,137,215,129,210,204,0,4,1,1
2009-01,Government Regulatory Offenses,all,101,248,110,192,179,1,6,3,3
2009-02,Government Regulatory Offenses,all,112,183,107,212,198,2,11,0,1
2009-03,Government Regulatory Offenses,all,122,192,111,178,165,2,9,2,0
2009-04,Government Regulatory Offenses,all,149,249,117,212,201,0,10,1,0
2009-05,Government Regulatory Offenses,all,110,204,87,146,140,0,5,1,0
2009-06,Government Regulatory Offenses,all,133,216,131,211,185,9,14,3,0
2009-07,Government Regulatory Offenses,all,139,258,115,192,174,0,15,3,0
2009-08,Government Regulatory Offenses,all,127,188,102,169,163,0,6,0,0
2009-09,Government Regulatory Offenses,all,146,236,127,222,199,6,15,2,0
2009-10,Government Regulatory Offenses,all,119,228,139,238,222,1,15,0,0
2009-11,Government Regulatory Offenses,all,109,192,111,178,166,0,12,0,0
2009-12,Government Regulatory Offenses,all,119,210,117,191,183,0,5,0,3
2010-01,Government Regulatory Offenses,all,95,148,132,223,210,3,8,2,0
2010-02,Government Regulatory Offenses,all,105,187,113,184,175,0,7,1,1
2010-03,Government Regulatory Offenses,all,98,226,128,239,221,2,14,1,1
2010-04,Government Regulatory Offenses,all,150,249,138,230,218,1,5,5,1
2010-05,Government Regulatory Offenses,all,118,262,118,221,213,1,7,0,0
2010-06,Government Regulatory Offenses,all,142,308,126,251,242,0,8,1,0
2010-07,Government Regulatory Offenses,all,135,251,121,200,192,1,7,0,0
2010-08,Government Regulatory Offenses,all,140,284,103,189,177,0,11,0,1
2010-09,Government Regulatory Offenses,all,138,309,116,197,189,1,7,0,0
2010-10,Government Regulatory Offenses,all,139,263,128,205,195,1,8,1,0
2010-11,Government Regulatory Offenses,all,116,239,110,205,196,2,4,3,0
2010-12,Government Regulatory Offenses,all,166,294,118,194,183,0,11,0,0
2011-01,Government Regulatory Offenses,all,126,225,116,199,190,4,5,0,0
2011-02,Government Regulatory Offenses,all,111,204,104,170,151,0,16,0,3
2011-03,Government Regulatory Offenses,all,137,250,154,312,299,0,10,0,3
2011-04,Government Regulatory Offenses,all,113,199,107,211,167,1,43,0,0
2011-05,Government Regulatory Offenses,all,126,247,121,252,176,0,75,1,0
2011-06,Government Regulatory Offenses,all,152,332,139,253,250,0,3,0,0
2011-07,Government Regulatory Offenses,all,122,226,116,211,199,0,12,0,0
2011-08,Government Regulatory Offenses,all,116,241,113,189,183,0,6,0,0
2011-09,Government Regulatory Offenses,all,146,272,135,241,211,1,28,1,0
2011-10,Government Regulatory Offenses,all,101,216,112,206,196,1,5,1,3
2011-11,Government Regulatory Offenses,all,106,217,141,257,246,1,7,0,3
2011-12,Government Regulatory Offenses,all,131,270,145,254,234,0,17,3,0
2012-01,Government Regulatory Offenses,all,84,148,158,303,285,2,13,1,2
2012-02,Government Regulatory Offenses,all,130,221,124,187,181,1,4,1,0
2012-03,Government Regulatory Offenses,all,138,284,130,206,192,1,11,2,0
2012-04,Government Regulatory Offenses,all,86,208,124,268,243,5,20,0,0
2012-05,Government Regulatory Offenses,all,130,225,124,234,226,0,7,1,0
2012-06,Government Regulatory Offenses,all,133,250,138,294,283,1,8,0,2
2012-07,Government Regulatory Offenses,all,120,212,92,179,166,0,9,0,4
2012-08,Government Regulatory Offenses,all,110,188,128,239,217,0,16,6,0
2012-09,Government Regulatory Offenses,all,123,260,108,205,187,1,14,0,3
2012-10,Government Regulatory Offenses,all,106,190,119,221,211,0,10,0,0
2012-11,Government Regulatory Offenses,all,104,227,112,214,204,3,7,0,0
2012-12,Government Regulatory Offenses,all,101,194,109,189,180,0,8,1,0
2013-01,Government Regulatory Offenses,all,95,215,117,198,192,0,6,0,0
2013-02,Government Regulatory Offenses,all,121,240,96,192,172,0,20,0,0
2013-03,Government Regulatory Offenses,all,103,228,115,227,214,1,10,2,0
2013-04,Government Regulatory Offenses,all,117,221,115,208,175,2,25,1,5
2013-05,Government Regulatory Offenses,all,109,223,97,179,173,0,4,1,1
2013-06,Government Regulatory Offenses,all,109,207,117,215,201,0,14,0,0
2013-07,Government Regulatory Offenses,all,132,250,86,179,174,0,5,0,0
2013-08,Government Regulatory Offenses,all,121,234,128,290,277,2,7,1,3
2013-09,Government Regulatory Offenses,all,104,195,110,189,182,0,5,1,1
2013-10,Government Regulatory Offenses,all,103,223,135,286,262,1,21,0,2
2013-11,Government Regulatory Offenses,all,104,178,104,190,177,4,8,1,0
2013-12,Government Regulatory Offenses,all,98,168,90,180,169,1,10,0,0
2014-01,Government Regulatory Offenses,all,89,175,100,187,177,0,9,0,1
2014-02,Government Regulatory Offenses,all,110,229,106,185,174,0,10,1,0
2014-03,Government Regulatory Offenses,all,81,171,109,209,199,3,6,0,1
2014-04,Government Regulatory Offenses,all,100,195,109,179,158,2,16,1,2
2014-05,Government Regulatory Offenses,all,83,269,93,181,173,0,8,0,0
2014-06,Government Regulatory Offenses,all,120,207,101,181,174,0,7,0,0
2014-07,Government Regulatory Offenses,all,105,172,110,167,154,0,8,0,5
2014-08,Government Regulatory Offenses,all,98,214,101,177,161,1,8,0,7
2014-09,Government Regulatory Offenses,all,99,187,112,187,179,0,7,1,0
2014-10,Government Regulatory Offenses,all,101,241,106,241,234,1,4,2,0
2014-11,Government Regulatory Offenses,all,69,179,96,204,193,4,6,0,1
2014-12,Government Regulatory Offenses,all,98,171,97,179,172,0,3,4,0
2015-01,Government Regulatory Offenses,all,70,142,114,275,269,0,4,1,1
2015-02,Government Regulatory Offenses,all,78,136,97,182,167,0,9,5,1
2015-03,Government Regulatory Offenses,all,108,230,106,181,154,1,22,0,4
2015-04,Government Regulatory Offenses,all,113,246,111,201,186,0,12,0,3
2015-05,Government Regulatory Offenses,all,87,155,93,182,170,2,10,0,0
2015-06,Government Regulatory Offenses,all,86,209,91,159,146,1,11,0,1
2015-07,Government Regulatory Offenses,all,91,187,94,224,205,0,14,5,0
2015-08,Government Regulatory Offenses,all,81,212,97,207,194,0,13,0,0
2015-09,Government Regulatory Offenses,all,93,186,68,151,128,4,11,3,5
2015-10,Government Regulatory Offenses,all,83,219,99,171,155,1,14,1,0
2015-11,Government Regulatory Offenses,all,89,201,77,191,189,0,2,0,0
2015-12,Government Regulatory Offenses,all,77,144,94,182,171,0,10,1,0
2016-01,Government Regulatory Offenses,all,63,118,100,186,176,1,9,0,0
2016-02,Government Regulatory Offenses,all,65,161,95,176,169,0,7,0,0
2016-03,Government Regulatory Offenses,all,107,225,103,274,262,5,5,2,0
2016-04,Government Regulatory Offenses,all,66,140,74,134,126,0,8,0,0
2016-05,Government Regulatory Offenses,all,83,159,79,138,135,0,3,0,0
2016-06,Government Regulatory Offenses,all,91,173,82,181,176,1,3,0,1
2016-07,Government Regulatory Offenses,all,67,179,79,127,116,1,10,0,0
2016-08,Government Regulatory Offenses,all,66,128,88,161,152,1,8,0,0
2016-09,Government Regulatory Offenses,all,88,190,77,158,136,3,9,1,9
2016-10,Government Regulatory Offenses,all,51,92,76,142,126,0,8,0,8
2016-11,Government Regulatory Offenses,all,65,187,90,153,143,0,9,0,1
2016-12,Government Regulatory Offenses,all,63,125,64,122,112,5,5,0,0
2017-01,Government Regulatory Offenses,all,56,120,81,143,132,0,10,0,1
2017-02,Government Regulatory Offenses,all,70,160,60,124,107,4,12,1,0
2017-03,Government Regulatory Offenses,all,76,162,99,225,205,2,18,0,0
2017-04,Government Regulatory Offenses,all,90,293,79,129,121,0,8,0,0
2017-05,Government Regulatory Offenses,all,83,209,85,190,187,0,3,0,0
2017-06,Government Regulatory Offenses,all,80,209,71,150,135,3,9,3,0
2017-07,Government Regulatory Offenses,all,67,138,56,153,146,0,7,0,0
2017-08,Government Regulatory Offenses,all,87,230,88,181,167,0,10,0,4
2017-09,Government Regulatory Offenses,all,84,203,67,118,112,0,6,0,0
2017-10,Government Regulatory Offenses,all,57,105,90,193,184,0,9,0,0
2017-11,Government Regulatory Offenses,all,70,273,56,81,78,0,2,1,0
2017-12,Government Regulatory Offenses,all,80,273,53,108,101,0,2,0,5
2018-01,Government Regulatory Offenses,all,48,177,71,124,122,0,2,0,0
2018-02,Government Regulatory Offenses,all,61,110,60,140,134,1,5,0,0
2018-03,Government Regulatory Offenses,all,94,233,67,154,146,1,6,1,0
2018-04,Government Regulatory Offenses,all,102,298,78,170,161,1,8,0,0
2018-05,Government Regulatory Offenses,all,107,249,72,140,131,0,7,0,2
2018-06,Government Regulatory Offenses,all,106,297,66,123,118,1,4,0,0
2018-07,Government Regulatory Offenses,all,83,240,68,196,188,1,1,2,4
2018-08,Government Regulatory Offenses,all,85,197,79,173,167,1,5,0,0
2018-09,Government Regulatory Offenses,all,68,269,74,126,115,0,11,0,0
2018-10,Government Regulatory Offenses,all,70,164,83,174,134,1,14,0,25
2018-11,Government Regulatory Offenses,all,75,201,70,165,161,0,1,3,0
2018-12,Government Regulatory Offenses,all,69,177,53,115,107,0,7,0,1
2019-01,Government Regulatory Offenses,all,80,216,82,154,142,1,7,1,3
2019-02,Government Regulatory Offenses,all,78,246,58,124,116,0,7,1,0
2019-03,Government Regulatory Offenses,all,91,255,57,105,99,0,4,0,2
2019-04,Government Regulatory Offenses,all,90,277,65,140,135,0,3,0,2
2019-05,Government Regulatory Offenses,all,105,389,72,126,123,1,2,0,0
2019-06,Government Regulatory Offenses,all,103,280,80,194,184,0,3,1,6
2019-07,Government Regulatory Offenses,all,79,270,68,155,152,0,3,0,0
2019-08,Government Regulatory Offenses,all,86,208,74,121,106,0,11,4,0
2019-09,Government Regulatory Offenses,all,110,397,79,160,147,0,10,2,1
2019-10,Government Regulatory Offenses,all,104,312,89,207,198,0,7,1,1
2019-11,Government Regulatory Offenses,all,78,188,73,166,160,0,6,0,0
2019-12,Government Regulatory Offenses,all,88,302,64,145,140,0,5,0,0
2020-01,Government Regulatory Offenses,all,72,166,87,175,168,0,7,0,0
2020-02,Government Regulatory Offenses,all,78,208,68,115,100,4,7,1,3
2020-03,Government Regulatory Offenses,all,60,189,40,93,76,0,5,3,9
2020-04,Government Regulatory Offenses,all,17,22,26,33,28,0,5,0,0
2020-05,Government Regulatory Offenses,all,50,86,48,81,77,0,3,1,0
2020-06,Government Regulatory Offenses,all,83,233,59,126,121,0,3,2,0
2020-07,Government Regulatory Offenses,all,89,296,64,133,120,0,9,0,4
2020-08,Government Regulatory Offenses,all,86,229,49,105,103,0,1,1,0
2020-09,Government Regulatory Offenses,all,89,210,70,195,180,0,14,1,0
2020-10,Government Regulatory Offenses,all,97,328,81,222,209,0,11,0,2
2020-11,Government Regulatory Offenses,all,104,322,60,172,147,0,21,0,4
2020-12,Government Regulatory Offenses,all,84,323,65,122,110,0,12,0,0
2021-01,Government Regulatory Offenses,all,64,173,67,166,151,0,13,2,0
2021-02,Government Regulatory Offenses,all,91,272,59,162,155,0,6,1,0
2021-03,Government Regulatory Offenses,all,135,414,89,186,173,1,6,6,0
2021-04,Government Regulatory Offenses,all,114,347,79,235,213,0,21,0,1
2021-05,Government Regulatory Offenses,all,110,396,84,230,211,0,18,1,0
2021-06,Government Regulatory Offenses,all,100,282,88,187,177,0,8,0,2
2021-07,Government Regulatory Offenses,all,91,233,75,163,162,0,1,0,0
2021-08,Government Regulatory Offenses,all,84,254,82,225,211,0,12,1,1
2021-09,Government Regulatory Offenses,all,97,271,89,178,156,0,10,0,12
2021-10,Government Regulatory Offenses,all,57,189,82,198,195,0,3,0,0
2021-11,Government Regulatory Offenses,all,51,149,72,130,126,2,2,0,0
2021-12,Government Regulatory Offenses,all,59,142,70,165,154,1,7,0,3
2022-01,Government Regulatory Offenses,all,44,96,62,128,122,0,6,0,0
2022-02,Government Regulatory Offenses,all,64,185,76,208,207,1,0,0,0
2022-03,Government Regulatory Offenses,all,72,162,84,193,178,0,3,0,12
2022-04,Government Regulatory Offenses,all,70,161,78,162,149,0,9,0,4
2022-05,Government Regulatory Offenses,all,65,161,60,210,203,0,7,0,0
2022-06,Government Regulatory Offenses,all,78,152,66,215,213,1,1,0,0
2022-07,Government Regulatory Offenses,all,73,151,56,198,193,0,5,0,0
2022-08,Government Regulatory Offenses,all,74,202,77,233,216,0,17,0,0
2022-09,Government Regulatory Offenses,all,78,213,72,191,143,1,7,0,40
2022-10,Government Regulatory Offenses,all,75,274,77,146,138,1,7,0,0
2022-11,Government Regulatory Offenses,all,79,197,74,247,244,0,2,0,1
2022-12,Government Regulatory Offenses,all,62,192,58,130,123,1,6,0,0
2023-01,Government Regulatory Offenses,all,47,97,71,198,194,0,0,2,2
2023-02,Government Regulatory Offenses,all,43,152,68,158,152,0,6,0,0
2023-03,Government Regulatory Offenses,all,97,186,85,165,157,0,8,0,0
2023-04,Government Regulatory Offenses,all,62,160,65,137,122,0,11,3,1
2023-05,Government Regulatory Offenses,all,88,258,83,208,187,0,9,12,0
2023-06,Government Regulatory Offenses,all,51,99,85,279,271,0,6,0,2
2023-07,Government Regulatory Offenses,all,49,175,66,126,122,0,4,0,0
2023-08,Government Regulatory Offenses,all,76,170,89,309,298,1,6,0,4
2023-09,Government Regulatory Offenses,all,55,130,47,88,77,0,11,0,0
2023-10,Government Regulatory Offenses,all,86,181,69,177,173,0,4,0,0
2023-11,Government Regulatory Offenses,all,76,209,61,201,194,0,7,0,0
2023-12,Government Regulatory Offenses,all,62,103,64,166,160,0,1,0,5
2024-01,Government Regulatory Offenses,all,57,138,78,213,209,0,3,0,1
2024-02,Government Regulatory Offenses,all,69,155,67,157,149,0,4,2,2
2024-03,Government Regulatory Offenses,all,78,189,66,110,99,1,9,1,0
2024-04,Government Regulatory Offenses,all,82,180,72,184,150,0,5,0,29
2024-05,Government Regulatory Offenses,all,67,135,87,213,188,8,12,0,5
2024-06,Government Regulatory Offenses,all,83,215,54,157,153,0,4,0,0
2024-07,Government Regulatory Offenses,all,80,134,64,183,177,1,3,0,2
2024-08,Government Regulatory Offenses,all,76,159,87,177,166,0,10,0,1
2024-09,Government Regulatory Offenses,all,68,143,69,153,148,0,3,0,2
2024-10,Government Regulatory Offenses,all,75,211,76,160,156,0,4,0,0
2024-11,Government Regulatory Offenses,all,63,200,54,182,171,0,3,0,8
2024-12,Government Regulatory Offenses,all,56,90,65,260,256,0,4,0,0
2025-01,Government Regulatory Offenses,all,55,121,63,172,165,0,7,0,0
2025-02,Government Regulatory Offenses,all,57,156,80,146,141,0,5,0,0
2025-03,Government Regulatory Offenses,all,56,139,78,165,155,0,10,0,0
2025-04,Government Regulatory Offenses,all,81,200,70,139,133,0,5,0,1
2025-05,Government Regulatory Offenses,all,66,124,70,222,219,0,2,1,0
2025-06,Government Regulatory Offenses,all,79,117,56,140,135,0,5,0,0
2025-07,Government Regulatory Offenses,all,97,237,62,172,164,0,7,1,0
2025-08,Government Regulatory Offenses,all,64,161,57,110,106,0,3,1,0
2025-09,Government Regulatory Offenses,all,73,144,74,215,197,0,16,0,2
2025-10,Government Regulatory Offenses,all,93,248,68,152,148,0,2,0,2
2025-11,Government Regulatory Offenses,all,50,124,48,103,96,0,2,0,5
2025-12,Government Regulatory Offenses,all,57,110,57,131,120,0,10,0,1
2026-01,Government Regulatory Offenses,all,64,104,51,98,85,0,6,4,3
2026-02,Government Regulatory Offenses,all,66,112,50,164,158,0,6,0,0
2026-03,Government Regulatory Offenses,all,61,124,52,157,145,0,9,0,3
2026-04,Government Regulatory Offenses,all,48,177,29,50,40,0,4,0,6
2026-05,Government Regulatory Offenses,all,47,109,29,121,118,0,3,0,0
2026-06,Government Regulatory Offenses,all,54,143,22,101,87,0,14,0,0
1994-10,Government Regulatory Offenses,primary,75,144,69,103,98,0,3,1,1
1994-11,Government Regulatory Offenses,primary,76,147,73,134,130,0,4,0,0
1994-12,Government Regulatory Offenses,primary,85,140,61,101,88,3,2,8,0
1995-01,Government Regulatory Offenses,primary,89,147,85,138,121,9,1,6,1
1995-02,Government Regulatory Offenses,primary,95,167,81,117,105,1,7,2,2
1995-03,Government Regulatory Offenses,primary,106,193,99,168,134,1,27,6,0
1995-04,Government Regulatory Offenses,primary,108,154,92,147,134,0,12,1,0
1995-05,Government Regulatory Offenses,primary,121,182,88,127,115,3,7,2,0
1995-06,Government Regulatory Offenses,primary,128,227,102,163,139,3,14,6,1
1995-07,Government Regulatory Offenses,primary,90,139,74,120,107,3,9,1,0
1995-08,Government Regulatory Offenses,primary,117,226,103,198,174,2,18,2,2
1995-09,Government Regulatory Offenses,primary,117,221,100,135,122,0,10,2,1
1995-10,Government Regulatory Offenses,primary,104,180,80,139,116,1,20,1,1
1995-11,Government Regulatory Offenses,primary,127,184,142,213,181,1,16,13,2
1995-12,Government Regulatory Offenses,primary,99,155,93,138,116,5,13,4,0
1996-01,Government Regulatory Offenses,primary,83,115,94,140,125,1,13,1,0
1996-02,Government Regulatory Offenses,primary,133,226,102,154,133,2,8,10,1
1996-03,Government Regulatory Offenses,primary,99,162,76,108,100,4,4,0,0
1996-04,Government Regulatory Offenses,primary,105,189,97,132,113,0,8,10,1
1996-05,Government Regulatory Offenses,primary,131,209,97,168,156,0,9,3,0
1996-06,Government Regulatory Offenses,primary,121,211,108,188,143,2,14,1,28
1996-07,Government Regulatory Offenses,primary,127,233,109,161,144,5,10,2,0
1996-08,Government Regulatory Offenses,primary,103,170,104,156,132,3,7,7,7
1996-09,Government Regulatory Offenses,primary,141,233,100,140,127,3,10,0,0
1996-10,Government Regulatory Offenses,primary,115,228,113,179,168,0,10,0,1
1996-11,Government Regulatory Offenses,primary,107,180,85,137,122,2,11,2,0
1996-12,Government Regulatory Offenses,primary,113,191,91,159,147,0,10,2,0
1997-01,Government Regulatory Offenses,primary,121,208,108,173,151,1,16,5,0
1997-02,Government Regulatory Offenses,primary,155,244,99,142,131,0,5,5,1
1997-03,Government Regulatory Offenses,primary,128,223,95,178,170,0,6,2,0
1997-04,Government Regulatory Offenses,primary,159,271,115,188,172,1,12,3,0
1997-05,Government Regulatory Offenses,primary,146,228,104,175,155,0,18,0,2
1997-06,Government Regulatory Offenses,primary,143,243,91,119,105,3,9,2,0
1997-07,Government Regulatory Offenses,primary,128,206,95,166,155,1,10,0,0
1997-08,Government Regulatory Offenses,primary,119,192,93,153,137,0,13,3,0
1997-09,Government Regulatory Offenses,primary,166,267,112,198,162,0,8,2,26
1997-10,Government Regulatory Offenses,primary,145,229,115,189,170,1,10,7,1
1997-11,Government Regulatory Offenses,primary,144,290,109,176,166,0,9,1,0
1997-12,Government Regulatory Offenses,primary,125,198,134,219,205,2,7,4,1
1998-01,Government Regulatory Offenses,primary,135,211,132,180,169,3,7,0,1
1998-02,Government Regulatory Offenses,primary,159,270,142,235,214,1,18,2,0
1998-03,Government Regulatory Offenses,primary,177,340,134,209,196,0,12,1,0
1998-04,Government Regulatory Offenses,primary,198,324,126,236,218,5,6,7,0
1998-05,Government Regulatory Offenses,primary,149,259,130,240,209,4,6,5,16
1998-06,Government Regulatory Offenses,primary,177,274,146,218,203,2,10,3,0
1998-07,Government Regulatory Offenses,primary,161,238,149,270,250,1,12,0,7
1998-08,Government Regulatory Offenses,primary,144,211,131,201,187,1,10,2,1
1998-09,Government Regulatory Offenses,primary,188,306,165,325,296,2,16,3,8
1998-10,Government Regulatory Offenses,primary,152,257,161,244,233,2,4,4,1
1998-11,Government Regulatory Offenses,primary,124,221,147,233,223,4,4,2,0
1998-12,Government Regulatory Offenses,primary,156,248,140,244,231,3,7,3,0
1999-01,Government Regulatory Offenses,primary,131,192,157,252,225,4,21,2,0
1999-02,Government Regulatory Offenses,primary,146,275,145,239,215,10,12,1,1
1999-03,Government Regulatory Offenses,primary,181,312,161,253,242,0,6,3,2
1999-04,Government Regulatory Offenses,primary,163,236,174,274,261,2,9,2,0
1999-05,Government Regulatory Offenses,primary,124,186,131,222,199,2,20,1,0
1999-06,Government Regulatory Offenses,primary,135,212,148,259,244,2,12,1,0
1999-07,Government Regulatory Offenses,primary,170,304,134,210,185,2,14,1,8
1999-08,Government Regulatory Offenses,primary,132,197,141,231,219,0,9,3,0
1999-09,Government Regulatory Offenses,primary,130,211,134,216,198,2,13,2,1
1999-10,Government Regulatory Offenses,primary,139,245,160,231,195,1,33,2,0
1999-11,Government Regulatory Offenses,primary,128,203,131,200,184,1,14,0,1
1999-12,Government Regulatory Offenses,primary,153,257,138,241,220,7,13,1,0
2000-01,Government Regulatory Offenses,primary,128,197,142,218,203,0,14,1,0
2000-02,Government Regulatory Offenses,primary,189,306,148,232,201,1,22,8,0
2000-03,Government Regulatory Offenses,primary,192,293,131,195,173,4,16,1,1
2000-04,Government Regulatory Offenses,primary,129,225,156,248,228,0,19,1,0
2000-05,Government Regulatory Offenses,primary,141,236,176,269,252,2,13,2,0
2000-06,Government Regulatory Offenses,primary,138,231,134,208,194,0,10,3,1
2000-07,Government Regulatory Offenses,primary,115,191,142,240,220,2,10,6,2
2000-08,Government Regulatory Offenses,primary,162,302,148,230,204,8,10,8,0
2000-09,Government Regulatory Offenses,primary,128,231,149,234,204,9,11,9,1
2000-10,Government Regulatory Offenses,primary,136,212,157,242,226,1,12,3,0
2000-11,Government Regulatory Offenses,primary,116,193,155,267,240,2,11,1,13
2000-12,Government Regulatory Offenses,primary,105,184,119,216,193,3,19,1,0
2001-01,Government Regulatory Offenses,primary,144,258,144,238,218,0,18,2,0
2001-02,Government Regulatory Offenses,primary,138,239,139,238,205,0,31,1,1
2001-03,Government Regulatory Offenses,primary,171,294,125,199,185,2,9,3,0
2001-04,Government Regulatory Offenses,primary,161,288,133,212,188,0,23,0,1
2001-05,Government Regulatory Offenses,primary,166,305,133,245,230,1,13,0,1
2001-06,Government Regulatory Offenses,primary,149,291,140,217,203,1,11,0,2
2001-07,Government Regulatory Offenses,primary,148,284,137,235,205,3,19,3,5
2001-08,Government Regulatory Offenses,primary,163,282,140,246,226,0,11,9,0
2001-09,Government Regulatory Offenses,primary,138,213,143,232,206,1,16,5,4
2001-10,Government Regulatory Offenses,primary,146,244,147,264,246,4,10,4,0
2001-11,Government Regulatory Offenses,primary,122,207,136,258,244,1,13,0,0
2001-12,Government Regulatory Offenses,primary,136,211,118,187,173,0,11,1,2
2002-01,Government Regulatory Offenses,primary,109,182,169,317,281,3,31,1,1
2002-02,Government Regulatory Offenses,primary,97,162,134,206,196,0,10,0,0
2002-03,Government Regulatory Offenses,primary,129,210,143,215,199,0,13,3,0
2002-04,Government Regulatory Offenses,primary,148,235,144,242,231,3,5,0,3
2002-05,Government Regulatory Offenses,primary,135,212,154,291,271,0,19,0,1
2002-06,Government Regulatory Offenses,primary,110,215,113,201,194,0,5,2,0
2002-07,Government Regulatory Offenses,primary,127,186,138,231,214,1,6,10,0
2002-08,Government Regulatory Offenses,primary,166,275,132,236,218,2,13,3,0
2002-09,Government Regulatory Offenses,primary,144,226,123,207,195,0,12,0,0
2002-10,Government Regulatory Offenses,primary,130,220,152,230,205,0,22,2,1
2002-11,Government Regulatory Offenses,primary,101,148,137,279,263,0,15,0,1
2002-12,Government Regulatory Offenses,primary,182,285,121,190,178,0,9,3,0
2003-01,Government Regulatory Offenses,primary,144,238,129,217,198,1,11,7,0
2003-02,Government Regulatory Offenses,primary,106,167,97,172,156,0,15,1,0
2003-03,Government Regulatory Offenses,primary,150,272,133,213,189,1,16,7,0
2003-04,Government Regulatory Offenses,primary,143,235,104,178,162,1,14,1,0
2003-05,Government Regulatory Offenses,primary,106,184,123,193,177,4,11,1,0
2003-06,Government Regulatory Offenses,primary,100,170,120,174,156,3,12,3,0
2003-07,Government Regulatory Offenses,primary,135,226,124,209,194,1,12,2,0
2003-08,Government Regulatory Offenses,primary,114,213,117,204,182,1,17,1,3
2003-09,Government Regulatory Offenses,primary,100,191,133,228,209,0,17,1,1
2003-10,Government Regulatory Offenses,primary,123,219,117,225,211,0,12,2,0
2003-11,Government Regulatory Offenses,primary,124,213,87,154,140,2,8,4,0
2003-12,Government Regulatory Offenses,primary,97,182,126,220,206,0,13,1,0
2004-01,Government Regulatory Offenses,primary,106,156,92,166,155,1,10,0,0
2004-02,Government Regulatory Offenses,primary,132,214,120,194,184,0,6,3,1
2004-03,Government Regulatory Offenses,primary,132,229,111,198,176,0,17,5,0
2004-04,Government Regulatory Offenses,primary,150,245,118,226,212,2,8,4,0
2004-05,Government Regulatory Offenses,primary,108,197,118,182,170,1,8,2,1
2004-06,Government Regulatory Offenses,primary,121,209,118,205,196,0,9,0,0
2004-07,Government Regulatory Offenses,primary,93,147,108,183,171,1,10,0,1
2004-08,Government Regulatory Offenses,primary,103,209,117,186,178,2,5,1,0
2004-09,Government Regulatory Offenses,primary,99,158,96,165,152,3,9,1,0
2004-10,Government Regulatory Offenses,primary,88,147,105,176,155,5,13,1,2
2004-11,Government Regulatory Offenses,primary,93,180,103,169,161,0,5,2,1
2004-12,Government Regulatory Offenses,primary,102,206,104,157,144,1,12,0,0
2005-01,Government Regulatory Offenses,primary,100,200,120,182,161,0,16,1,4
2005-02,Government Regulatory Offenses,primary,150,269,112,195,185,0,9,0,1
2005-03,Government Regulatory Offenses,primary,175,272,120,233,216,0,13,4,0
2005-04,Government Regulatory Offenses,primary,137,234,157,242,197,1,41,3,0
2005-05,Government Regulatory Offenses,primary,138,246,132,219,201,3,13,1,1
2005-06,Government Regulatory Offenses,primary,128,212,124,234,208,0,26,0,0
2005-07,Government Regulatory Offenses,primary,144,196,121,202,176,0,25,1,0
2005-08,Government Regulatory Offenses,primary,134,235,170,258,245,0,11,2,0
2005-09,Government Regulatory Offenses,primary,131,273,95,150,145,0,4,1,0
2005-10,Government Regulatory Offenses,primary,91,141,118,180,164,1,8,4,3
2005-11,Government Regulatory Offenses,primary,135,250,106,170,160,3,7,0,0
2005-12,Government Regulatory Offenses,primary,124,237,103,191,186,2,1,2,0
2006-01,Government Regulatory Offenses,primary,120,253,132,195,178,2,10,2,3
2006-02,Government Regulatory Offenses,primary,113,168,117,168,155,1,12,0,0
2006-03,Government Regulatory Offenses,primary,145,269,143,275,252,0,21,2,0
2006-04,Government Regulatory Offenses,primary,135,223,128,211,195,1,14,1,0
2006-05,Government Regulatory Offenses,primary,140,226,124,198,187,2,9,0,0
2006-06,Government Regulatory Offenses,primary,153,278,140,226,218,1,6,1,0
2006-07,Government Regulatory Offenses,primary,96,149,110,176,169,0,6,1,0
2006-08,Government Regulatory Offenses,primary,128,223,127,235,220,5,6,4,0
2006-09,Government Regulatory Offenses,primary,108,174,129,241,229,0,10,2,0
2006-10,Government Regulatory Offenses,primary,103,147,120,238,224,2,9,3,0
2006-11,Government Regulatory Offenses,primary,93,151,107,179,161,1,9,2,6
2006-12,Government Regulatory Offenses,primary,102,157,101,161,150,0,6,5,0
2007-01,Government Regulatory Offenses,primary,95,126,128,219,210,0,8,1,0
2007-02,Government Regulatory Offenses,primary,135,222,99,163,142,1,18,2,0
2007-03,Government Regulatory Offenses,primary,108,185,110,231,210,2,17,2,0
2007-04,Government Regulatory Offenses,primary,144,254,117,175,169,0,4,2,0
2007-05,Government Regulatory Offenses,primary,121,240,112,183,166,0,17,0,0
2007-06,Government Regulatory Offenses,primary,137,234,114,195,165,0,27,3,0
2007-07,Government Regulatory Offenses,primary,111,203,103,133,122,0,7,4,0
2007-08,Government Regulatory Offenses,primary,162,272,135,191,172,2,10,5,2
2007-09,Government Regulatory Offenses,primary,117,218,130,206,199,0,7,0,0
2007-10,Government Regulatory Offenses,primary,112,184,146,217,200,3,13,1,0
2007-11,Government Regulatory Offenses,primary,120,185,116,190,181,1,5,3,0
2007-12,Government Regulatory Offenses,primary,81,122,102,152,143,0,8,1,0
2008-01,Government Regulatory Offenses,primary,90,163,113,197,188,6,3,0,0
2008-02,Government Regulatory Offenses,primary,132,270,107,220,195,0,25,0,0
2008-03,Government Regulatory Offenses,primary,123,217,135,269,256,0,13,0,0
2008-04,Government Regulatory Offenses,primary,129,215,114,188,171,0,14,2,1
2008-05,Government Regulatory Offenses,primary,119,190,109,172,160,0,11,1,0
2008-06,Government Regulatory Offenses,primary,95,169,117,204,192,0,11,1,0
2008-07,Government Regulatory Offenses,primary,97,175,128,214,204,1,9,0,0
2008-08,Government Regulatory Offenses,primary,76,128,135,252,219,0,33,0,0
2008-09,Government Regulatory Offenses,primary,107,172,116,229,223,0,6,0,0
2008-10,Government Regulatory Offenses,primary,85,129,128,205,189,0,13,2,1
2008-11,Government Regulatory Offenses,primary,76,160,104,188,171,1,11,5,0
2008-12,Government Regulatory Offenses,primary,111,169,107,180,176,0,3,0,1
2009-01,Government Regulatory Offenses,primary,94,158,95,153,143,1,6,3,0
2009-02,Government Regulatory Offenses,primary,106,173,101,200,186,2,11,0,1
2009-03,Government Regulatory Offenses,primary,113,163,104,167,155,2,8,2,0
2009-04,Government Regulatory Offenses,primary,139,219,109,200,189,0,10,1,0
2009-05,Government Regulatory Offenses,primary,91,158,81,124,118,0,5,1,0
2009-06,Government Regulatory Offenses,primary,128,206,123,188,163,9,13,3,0
2009-07,Government Regulatory Offenses,primary,129,209,106,175,157,0,15,3,0
2009-08,Government Regulatory Offenses,primary,119,173,96,144,139,0,5,0,0
2009-09,Government Regulatory Offenses,primary,131,202,120,197,174,6,15,2,0
2009-10,Government Regulatory Offenses,primary,107,193,129,205,189,1,15,0,0
2009-11,Government Regulatory Offenses,primary,106,169,105,166,154,0,12,0,0
2009-12,Government Regulatory Offenses,primary,107,178,109,170,162,0,5,0,3
2010-01,Government Regulatory Offenses,primary,91,140,124,212,199,3,8,2,0
2010-02,Government Regulatory Offenses,primary,95,148,109,162,153,0,7,1,1
2010-03,Government Regulatory Offenses,primary,91,207,116,215,197,2,14,1,1
2010-04,Government Regulatory Offenses,primary,138,213,133,212,200,1,5,5,1
2010-05,Government Regulatory Offenses,primary,102,208,108,188,180,1,7,0,0
2010-06,Government Regulatory Offenses,primary,125,239,115,180,173,0,6,1,0
2010-07,Government Regulatory Offenses,primary,119,202,115,191,183,1,7,0,0
2010-08,Government Regulatory Offenses,primary,127,229,95,159,147,0,11,0,1
2010-09,Government Regulatory Offenses,primary,122,231,104,155,148,1,6,0,0
2010-10,Government Regulatory Offenses,primary,130,221,118,189,179,1,8,1,0
2010-11,Government Regulatory Offenses,primary,104,183,104,196,188,2,3,3,0
2010-12,Government Regulatory Offenses,primary,145,228,112,184,173,0,11,0,0
2011-01,Government Regulatory Offenses,primary,115,172,102,175,166,4,5,0,0
2011-02,Government Regulatory Offenses,primary,92,183,90,143,124,0,16,0,3
2011-03,Government Regulatory Offenses,primary,126,229,139,251,238,0,10,0,3
2011-04,Government Regulatory Offenses,primary,106,183,95,192,148,1,43,0,0
2011-05,Government Regulatory Offenses,primary,119,217,110,178,166,0,11,1,0
2011-06,Government Regulatory Offenses,primary,135,279,126,211,208,0,3,0,0
2011-07,Government Regulatory Offenses,primary,107,160,102,184,172,0,12,0,0
2011-08,Government Regulatory Offenses,primary,106,210,106,161,155,0,6,0,0
2011-09,Government Regulatory Offenses,primary,131,222,122,205,189,1,14,1,0
2011-10,Government Regulatory Offenses,primary,88,165,102,178,168,1,5,1,3
2011-11,Government Regulatory Offenses,primary,93,159,134,245,234,1,7,0,3
2011-12,Government Regulatory Offenses,primary,123,252,129,207,189,0,15,3,0
2012-01,Government Regulatory Offenses,primary,74,132,148,268,252,2,11,1,2
2012-02,Government Regulatory Offenses,primary,114,188,113,162,156,1,4,1,0
2012-03,Government Regulatory Offenses,primary,120,223,120,185,171,1,11,2,0
2012-04,Government Regulatory Offenses,primary,75,173,109,231,206,5,20,0,0
2012-05,Government Regulatory Offenses,primary,110,190,111,199,193,0,5,1,0
2012-06,Government Regulatory Offenses,primary,114,197,130,261,250,1,8,0,2
2012-07,Government Regulatory Offenses,primary,101,149,84,167,158,0,6,0,3
2012-08,Government Regulatory Offenses,primary,97,161,113,187,166,0,15,6,0
2012-09,Government Regulatory Offenses,primary,108,203,94,154,137,1,13,0,3
2012-10,Government Regulatory Offenses,primary,89,155,103,186,176,0,10,0,0
2012-11,Government Regulatory Offenses,primary,93,173,101,183,173,3,7,0,0
2012-12,Government Regulatory Offenses,primary,89,152,94,154,145,0,8,1,0
2013-01,Government Regulatory Offenses,primary,83,156,109,168,162,0,6,0,0
2013-02,Government Regulatory Offenses,primary,110,212,83,147,127,0,20,0,0
2013-03,Government Regulatory Offenses,primary,85,152,103,184,172,0,10,2,0
2013-04,Government Regulatory Offenses,primary,105,206,105,179,153,2,18,1,5
2013-05,Government Regulatory Offenses,primary,103,202,84,150,146,0,2,1,1
2013-06,Government Regulatory Offenses,primary,96,161,102,177,166,0,11,0,0
2013-07,Government Regulatory Offenses,primary,118,201,79,163,158,0,5,0,0
2013-08,Government Regulatory Offenses,primary,108,206,114,240,227,2,7,1,3
2013-09,Government Regulatory Offenses,primary,89,167,100,155,149,0,4,1,1
2013-10,Government Regulatory Offenses,primary,92,166,120,252,228,1,21,0,2
2013-11,Government Regulatory Offenses,primary,93,142,92,157,145,4,7,1,0
2013-12,Government Regulatory Offenses,primary,88,133,74,133,122,1,10,0,0
2014-01,Government Regulatory Offenses,primary,75,124,91,149,139,0,9,0,1
2014-02,Government Regulatory Offenses,primary,98,181,88,149,138,0,10,1,0
2014-03,Government Regulatory Offenses,primary,69,106,95,159,150,2,6,0,1
2014-04,Government Regulatory Offenses,primary,91,149,94,147,133,2,9,1,2
2014-05,Government Regulatory Offenses,primary,66,176,88,152,144,0,8,0,0
2014-06,Government Regulatory Offenses,primary,104,163,89,160,153,0,7,0,0
2014-07,Government Regulatory Offenses,primary,83,123,102,148,135,0,8,0,5
2014-08,Government Regulatory Offenses,primary,85,166,88,156,140,1,8,0,7
2014-09,Government Regulatory Offenses,primary,91,166,99,162,154,0,7,1,0
2014-10,Government Regulatory Offenses,primary,83,135,95,197,191,0,4,2,0
2014-11,Government Regulatory Offenses,primary,53,113,87,176,165,4,6,0,1
2014-12,Government Regulatory Offenses,primary,84,139,81,144,138,0,2,4,0
2015-01,Government Regulatory Offenses,primary,60,90,102,201,195,0,4,1,1
2015-02,Government Regulatory Offenses,primary,66,111,84,149,134,0,9,5,1
2015-03,Government Regulatory Offenses,primary,96,170,97,154,127,1,22,0,4
2015-04,Government Regulatory Offenses,primary,98,190,99,158,146,0,12,0,0
2015-05,Government Regulatory Offenses,primary,71,103,84,150,138,2,10,0,0
2015-06,Government Regulatory Offenses,primary,69,142,80,131,118,1,11,0,1
2015-07,Government Regulatory Offenses,primary,86,156,81,181,162,0,14,5,0
2015-08,Government Regulatory Offenses,primary,66,129,85,153,140,0,13,0,0
2015-09,Government Regulatory Offenses,primary,76,127,55,92,73,0,11,3,5
2015-10,Government Regulatory Offenses,primary,67,161,84,119,103,1,14,1,0
2015-11,Government Regulatory Offenses,primary,73,132,64,154,152,0,2,0,0
2015-12,Government Regulatory Offenses,primary,69,128,84,164,154,0,9,1,0
2016-01,Government Regulatory Offenses,primary,54,90,85,142,134,0,8,0,0
2016-02,Government Regulatory Offenses,primary,50,111,84,138,131,0,7,0,0
2016-03,Government Regulatory Offenses,primary,85,131,85,202,191,5,5,1,0
2016-04,Government Regulatory Offenses,primary,50,84,65,105,97,0,8,0,0
2016-05,Government Regulatory Offenses,primary,65,103,63,108,105,0,3,0,0
2016-06,Government Regulatory Offenses,primary,72,121,69,121,116,1,3,0,1
2016-07,Government Regulatory Offenses,primary,54,104,76,121,110,1,10,0,0
2016-08,Government Regulatory Offenses,primary,53,82,71,117,112,1,4,0,0
2016-09,Government Regulatory Offenses,primary,68,136,65,127,107,3,7,1,9
2016-10,Government Regulatory Offenses,primary,46,79,58,106,91,0,7,0,8
2016-11,Government Regulatory Offenses,primary,51,79,77,128,118,0,9,0,1
2016-12,Government Regulatory Offenses,primary,51,89,53,82,72,5,5,0,0
2017-01,Government Regulatory Offenses,primary,47,97,70,121,111,0,9,0,1
2017-02,Government Regulatory Offenses,primary,55,110,52,96,79,4,12,1,0
2017-03,Government Regulatory Offenses,primary,59,112,78,140,121,2,17,0,0
2017-04,Government Regulatory Offenses,primary,71,161,67,103,95,0,8,0,0
2017-05,Government Regulatory Offenses,primary,65,106,72,132,129,0,3,0,0
2017-06,Government Regulatory Offenses,primary,68,165,56,97,83,3,8,3,0
2017-07,Government Regulatory Offenses,primary,56,93,45,85,78,0,7,0,0
2017-08,Government Regulatory Offenses,primary,73,167,73,118,106,0,8,0,4
2017-09,Government Regulatory Offenses,primary,69,118,53,88,83,0,5,0,0
2017-10,Government Regulatory Offenses,primary,53,89,72,128,119,0,9,0,0
2017-11,Government Regulatory Offenses,primary,50,87,52,77,74,0,2,1,0
2017-12,Government Regulatory Offenses,primary,60,101,44,86,79,0,2,0,5
2018-01,Government Regulatory Offenses,primary,34,68,58,95,93,0,2,0,0
2018-02,Government Regulatory Offenses,primary,51,93,49,96,91,1,4,0,0
2018-03,Government Regulatory Offenses,primary,72,121,58,122,118,1,2,1,0
2018-04,Government Regulatory Offenses,primary,79,162,67,144,137,1,6,0,0
2018-05,Government Regulatory Offenses,primary,79,147,60,112,110,0,2,0,0
2018-06,Government Regulatory Offenses,primary,78,173,51,91,87,1,3,0,0
2018-07,Government Regulatory Offenses,primary,61,111,55,95,87,1,1,2,4
2018-08,Government Regulatory Offenses,primary,61,88,70,121,115,1,5,0,0
2018-09,Government Regulatory Offenses,primary,45,101,64,112,101,0,11,0,0
2018-10,Government Regulatory Offenses,primary,47,79,65,122,107,0,14,0,1
2018-11,Government Regulatory Offenses,primary,60,108,60,132,128,0,1,3,0
2018-12,Government Regulatory Offenses,primary,53,133,44,81,74,0,6,0,1
2019-01,Government Regulatory Offenses,primary,57,88,70,114,103,1,6,1,3
2019-02,Government Regulatory Offenses,primary,51,120,47,74,68,0,5,1,0
2019-03,Government Regulatory Offenses,primary,55,110,50,90,84,0,4,0,2
2019-04,Government Regulatory Offenses,primary,59,113,54,96,93,0,3,0,0
2019-05,Government Regulatory Offenses,primary,71,168,56,81,79,1,1,0,0
2019-06,Government Regulatory Offenses,primary,69,137,65,135,130,0,3,1,1
2019-07,Government Regulatory Offenses,primary,48,105,49,89,86,0,3,0,0
2019-08,Government Regulatory Offenses,primary,58,108,54,79,72,0,6,1,0
2019-09,Government Regulatory Offenses,primary,66,107,66,114,103,0,9,2,0
2019-10,Government Regulatory Offenses,primary,62,120,73,148,143,0,4,1,0
2019-11,Government Regulatory Offenses,primary,50,92,54,119,113,0,6,0,0
2019-12,Government Regulatory Offenses,primary,55,121,52,111,106,0,5,0,0
2020-01,Government Regulatory Offenses,primary,47,91,62,99,95,0,4,0,0
2020-02,Government Regulatory Offenses,primary,41,70,47,82,74,0,4,1,3
2020-03,Government Regulatory Offenses,primary,39,91,31,77,61,0,4,3,9
2020-04,Government Regulatory Offenses,primary,15,19,22,28,23,0,5,0,0
2020-05,Government Regulatory Offenses,primary,31,44,39,61,57,0,3,1,0
2020-06,Government Regulatory Offenses,primary,48,79,40,78,73,0,3,2,0
2020-07,Government Regulatory Offenses,primary,51,89,42,75,69,0,2,0,4
2020-08,Government Regulatory Offenses,primary,50,119,35,56,55,0,0,1,0
2020-09,Government Regulatory Offenses,primary,43,75,51,114,101,0,12,1,0
2020-10,Government Regulatory Offenses,primary,34,52,43,86,77,0,7,0,2
2020-11,Government Regulatory Offenses,primary,47,78,30,43,34,0,5,0,4
2020-12,Government Regulatory Offenses,primary,39,89,33,45,42,0,3,0,0
2021-01,Government Regulatory Offenses,primary,33,53,35,51,48,0,3,0,0
2021-02,Government Regulatory Offenses,primary,46,98,26,91,90,0,0,1,0
2021-03,Government Regulatory Offenses,primary,67,148,58,116,112,1,2,1,0
2021-04,Government Regulatory Offenses,primary,63,139,51,89,81,0,7,0,1
2021-05,Government Regulatory Offenses,primary,53,96,50,117,111,0,5,1,0
2021-06,Government Regulatory Offenses,primary,56,103,45,71,64,0,5,0,2
2021-07,Government Regulatory Offenses,primary,52,109,44,66,65,0,1,0,0
2021-08,Government Regulatory Offenses,primary,44,92,53,88,75,0,12,1,0
2021-09,Government Regulatory Offenses,primary,63,127,62,96,86,0,10,0,0
2021-10,Government Regulatory Offenses,primary,37,86,51,85,82,0,3,0,0
2021-11,Government Regulatory Offenses,primary,31,67,39,53,51,0,2,0,0
2021-12,Government Regulatory Offenses,primary,32,46,50,96,89,1,3,0,3
2022-01,Government Regulatory Offenses,primary,31,48,37,53,48,0,5,0,0
2022-02,Government Regulatory Offenses,primary,41,89,45,64,63,1,0,0,0
2022-03,Government Regulatory Offenses,primary,51,107,56,95,82,0,3,0,10
2022-04,Government Regulatory Offenses,primary,48,78,43,63,55,0,7,0,1
2022-05,Government Regulatory Offenses,primary,34,67,34,70,63,0,7,0,0
2022-06,Government Regulatory Offenses,primary,45,69,40,81,80,1,0,0,0
2022-07,Government Regulatory Offenses,primary,45,86,35,68,64,0,4,0,0
2022-08,Government Regulatory Offenses,primary,41,86,42,77,71,0,6,0,0
2022-09,Government Regulatory Offenses,primary,38,78,43,88,62,1,5,0,20
2022-10,Government Regulatory Offenses,primary,43,85,48,59,53,1,5,0,0
2022-11,Government Regulatory Offenses,primary,53,123,49,109,106,0,2,0,1
2022-12,Government Regulatory Offenses,primary,37,79,31,63,61,0,2,0,0
2023-01,Government Regulatory Offenses,primary,32,47,50,118,114,0,0,2,2
2023-02,Government Regulatory Offenses,primary,21,30,40,72,68,0,4,0,0
2023-03,Government Regulatory Offenses,primary,62,113,50,78,73,0,5,0,0
2023-04,Government Regulatory Offenses,primary,50,85,49,78,65,0,10,2,1
2023-05,Government Regulatory Offenses,primary,55,82,48,102,86,0,4,12,0
2023-06,Government Regulatory Offenses,primary,37,63,47,138,132,0,4,0,2
2023-07,Government Regulatory Offenses,primary,25,67,43,79,75,0,4,0,0
2023-08,Government Regulatory Offenses,primary,50,97,52,105,98,1,4,0,2
2023-09,Government Regulatory Offenses,primary,31,54,31,47,38,0,9,0,0
2023-10,Government Regulatory Offenses,primary,41,67,46,94,90,0,4,0,0
2023-11,Government Regulatory Offenses,primary,45,112,35,67,61,0,6,0,0
2023-12,Government Regulatory Offenses,primary,32,52,36,67,61,0,1,0,5
2024-01,Government Regulatory Offenses,primary,33,71,53,103,100,0,3,0,0
2024-02,Government Regulatory Offenses,primary,41,78,36,65,59,0,3,2,1
2024-03,Government Regulatory Offenses,primary,55,98,44,63,53,1,8,1,0
2024-04,Government Regulatory Offenses,primary,50,92,46,84,79,0,5,0,0
2024-05,Government Regulatory Offenses,primary,50,96,51,91,73,8,5,0,5
2024-06,Government Regulatory Offenses,primary,43,113,28,70,69,0,1,0,0
2024-07,Government Regulatory Offenses,primary,44,58,33,66,60,1,3,0,2
2024-08,Government Regulatory Offenses,primary,47,86,52,84,75,0,9,0,0
2024-09,Government Regulatory Offenses,primary,33,49,45,88,84,0,2,0,2
2024-10,Government Regulatory Offenses,primary,44,96,45,75,72,0,3,0,0
2024-11,Government Regulatory Offenses,primary,33,129,26,82,72,0,2,0,8
2024-12,Government Regulatory Offenses,primary,31,40,32,59,58,0,1,0,0
2025-01,Government Regulatory Offenses,primary,30,69,32,70,66,0,4,0,0
2025-02,Government Regulatory Offenses,primary,33,72,50,67,63,0,4,0,0
2025-03,Government Regulatory Offenses,primary,34,63,41,70,61,0,9,0,0
2025-04,Government Regulatory Offenses,primary,51,81,45,82,77,0,4,0,1
2025-05,Government Regulatory Offenses,primary,34,52,43,72,70,0,1,1,0
2025-06,Government Regulatory Offenses,primary,37,54,35,81,78,0,3,0,0
2025-07,Government Regulatory Offenses,primary,65,130,42,87,82,0,4,1,0
2025-08,Government Regulatory Offenses,primary,34,60,38,70,67,0,2,1,0
2025-09,Government Regulatory Offenses,primary,42,73,40,88,74,0,12,0,2
2025-10,Government Regulatory Offenses,primary,45,116,36,63,62,0,0,0,1
2025-11,Government Regulatory Offenses,primary,30,69,32,51,45,0,1,0,5
2025-12,Government Regulatory Offenses,primary,26,42,41,83,75,0,7,0,1
2026-01,Government Regulatory Offenses,primary,32,51,29,58,51,0,3,4,0
2026-02,Government Regulatory Offenses,primary,34,50,21,50,48,0,2,0,0
2026-03,Government Regulatory Offenses,primary,41,73,26,79,68,0,8,0,3
2026-04,Government Regulatory Offenses,primary,31,57,22,31,28,0,3,0,0
2026-05,Government Regulatory Offenses,primary,20,38,15,25,22,0,3,0,0
2026-06,Government Regulatory Offenses,primary,28,42,12,41,34,0,7,0,0
1994-10,Immigration,all,228,252,267,312,267,0,42,2,1
1994-11,Immigration,all,233,249,213,248,232,1,11,2,2
1994-12,Immigration,all,238,269,191,236,230,1,5,0,0
1995-01,Immigration,all,246,252,239,292,276,0,13,0,3
1995-02,Immigration,all,277,307,196,240,212,0,25,1,2
1995-03,Immigration,all,320,371,276,312,275,1,32,3,1
1995-04,Immigration,all,256,269,226,258,245,0,13,0,0
1995-05,Immigration,all,308,423,265,314,297,0,17,0,0
1995-06,Immigration,all,336,470,271,333,321,1,10,0,1
1995-07,Immigration,all,297,317,275,316,298,1,17,0,0
1995-08,Immigration,all,382,452,344,383,365,1,15,0,2
1995-09,Immigration,all,411,467,264,305,292,0,11,1,1
1995-10,Immigration,all,415,438,433,470,450,0,15,2,3
1995-11,Immigration,all,446,481,384,444,431,0,13,0,0
1995-12,Immigration,all,422,445,345,409,390,0,17,1,1
1996-01,Immigration,all,532,557,411,463,445,1,13,0,4
1996-02,Immigration,all,537,582,434,492,471,0,18,1,2
1996-03,Immigration,all,513,600,465,524,508,1,11,0,4
1996-04,Immigration,all,523,605,461,528,512,1,13,1,1
1996-05,Immigration,all,494,523,467,522,506,1,14,1,0
1996-06,Immigration,all,444,477,442,486,461,1,16,8,0
1996-07,Immigration,all,513,580,523,579,561,0,17,1,0
1996-08,Immigration,all,554,608,492,536,520,0,13,1,2
1996-09,Immigration,all,500,559,501,587,565,2,18,1,1
1996-10,Immigration,all,559,594,490,528,505,1,21,1,0
1996-11,Immigration,all,491,521,406,441,421,0,19,0,1
1996-12,Immigration,all,490,546,450,523,500,0,20,1,2
1997-01,Immigration,all,607,648,522,565,549,4,11,0,1
1997-02,Immigration,all,589,661,521,562,533,1,24,2,2
1997-03,Immigration,all,648,724,551,609,575,1,26,1,6
1997-04,Immigration,all,646,725,570,631,614,0,14,0,3
1997-05,Immigration,all,592,706,467,527,502,2,21,1,1
1997-06,Immigration,all,653,730,545,602,580,0,19,2,1
1997-07,Immigration,all,626,671,579,636,613,3,19,0,1
1997-08,Immigration,all,607,666,496,544,523,2,16,3,0
1997-09,Immigration,all,654,764,576,623,593,0,23,1,6
1997-10,Immigration,all,760,882,569,609,577,4,27,0,1
1997-11,Immigration,all,576,643,512,552,527,0,24,1,0
1997-12,Immigration,all,690,755,606,652,626,2,18,1,5
1998-01,Immigration,all,709,809,615,671,655,0,12,1,3
1998-02,Immigration,all,895,1005,669,737,705,0,27,1,4
1998-03,Immigration,all,971,1101,728,788,751,1,35,1,0
1998-04,Immigration,all,1041,1138,758,838,817,0,18,1,2
1998-05,Immigration,all,850,965,765,834,802,0,31,1,0
1998-06,Immigration,all,893,982,885,973,921,0,46,3,3
1998-07,Immigration,all,922,1031,897,960,931,1,27,0,1
1998-08,Immigration,all,946,1014,821,896,873,1,22,0,0
1998-09,Immigration,all,954,1094,805,905,863,1,37,0,4
1998-10,Immigration,all,965,1061,883,984,948,3,32,0,1
1998-11,Immigration,all,861,945,777,853,823,4,25,0,1
1998-12,Immigration,all,892,1030,773,872,832,1,38,0,1
1999-01,Immigration,all,783,857,867,927,888,2,34,3,0
1999-02,Immigration,all,888,1007,868,984,953,2,27,0,2
1999-03,Immigration,all,1063,1218,1061,1183,1140,2,38,1,2
1999-04,Immigration,all,1056,1181,921,1002,962,2,34,1,3
1999-05,Immigration,all,882,962,872,952,906,2,40,1,3
1999-06,Immigration,all,1019,1114,897,988,938,1,46,1,2
1999-07,Immigration,all,928,1035,912,1002,958,1,35,1,7
1999-08,Immigration,all,1150,1332,1028,1125,1089,3,32,0,1
1999-09,Immigration,all,1129,1224,1072,1169,1130,2,34,3,0
1999-10,Immigration,all,1062,1141,1028,1116,1072,2,41,0,1
1999-11,Immigration,all,836,935,934,1031,997,0,31,0,3
1999-12,Immigration,all,945,1094,957,1065,1030,1,32,0,2
2000-01,Immigration,all,868,960,1089,1204,1164,0,36,2,2
2000-02,Immigration,all,1206,1353,988,1072,1039,1,31,1,0
2000-03,Immigration,all,1424,1545,1135,1216,1155,3,46,0,12
2000-04,Immigration,all,1165,1252,1043,1123,1080,2,39,0,2
2000-05,Immigration,all,1270,1414,1071,1173,1120,2,51,0,0
2000-06,Immigration,all,1258,1393,1150,1250,1197,1,49,0,3
2000-07,Immigration,all,1092,1181,1083,1187,1142,0,43,2,0
2000-08,Immigration,all,1205,1321,1159,1246,1202,2,36,0,6
2000-09,Immigration,all,1092,1195,1193,1294,1230,1,57,2,4
2000-10,Immigration,all,1034,1125,1097,1218,1162,0,48,1,7
2000-11,Immigration,all,1132,1233,999,1073,1036,2,34,0,1
2000-12,Immigration,all,869,948,1006,1076,1038,4,33,0,1
2001-01,Immigration,all,969,1039,1065,1147,1106,0,39,0,2
2001-02,Immigration,all,1055,1140,981,1050,1017,0,33,0,0
2001-03,Immigration,all,1095,1200,973,1051,997,0,51,1,2
2001-04,Immigration,all,1111,1208,996,1056,996,0,56,2,2
2001-05,Immigration,all,1223,1325,1010,1081,1038,3,38,1,1
2001-06,Immigration,all,1008,1135,989,1095,1023,12,60,0,0
2001-07,Immigration,all,1128,1216,990,1069,1011,1,55,1,1
2001-08,Immigration,all,1156,1265,1129,1234,1179,5,49,0,1
2001-09,Immigration,all,924,991,916,1027,984,1,39,2,1
2001-10,Immigration,all,1103,1180,1047,1164,1115,2,44,1,2
2001-11,Immigration,all,845,931,1114,1196,1154,1,37,1,3
2001-12,Immigration,all,831,886,941,1016,977,4,34,0,1
2002-01,Immigration,all,947,1019,1177,1265,1210,1,53,0,1
2002-02,Immigration,all,1043,1138,927,978,951,0,25,1,1
2002-03,Immigration,all,1076,1184,951,1033,993,1,32,4,3
2002-04,Immigration,all,1327,1454,1080,1154,1115,0,36,2,1
2002-05,Immigration,all,1332,1466,963,1067,1017,2,48,0,0
2002-06,Immigration,all,1212,1327,1079,1153,1109,1,40,3,0
2002-07,Immigration,all,1323,1447,1172,1266,1213,0,50,0,3
2002-08,Immigration,all,1383,1524,1229,1329,1275,7,42,3,2
2002-09,Immigration,all,1323,1482,1179,1291,1242,1,45,2,1
2002-10,Immigration,all,1515,1677,1436,1595,1537,1,52,2,3
2002-11,Immigration,all,1158,1270,1237,1334,1281,1,45,4,3
2002-12,Immigration,all,1204,1275,1246,1375,1326,2,44,3,0
2003-01,Immigration,all,1300,1378,1450,1575,1521,1,52,1,0
2003-02,Immigration,all,1482,1603,1248,1338,1295,1,40,1,1
2003-03,Immigration,all,1461,1579,1328,1418,1352,9,55,2,0
2003-04,Immigration,all,1501,1607,1271,1370,1316,12,40,1,1
2003-05,Immigration,all,1418,1505,1339,1446,1405,0,34,1,6
2003-06,Immigration,all,1388,1482,1299,1418,1359,2,56,0,1
2003-07,Immigration,all,1447,1518,1441,1590,1544,1,41,3,1
2003-08,Immigration,all,1453,1542,1389,1472,1423,2,46,0,1
2003-09,Immigration,all,1499,1592,1460,1577,1543,1,31,2,0
2003-10,Immigration,all,1409,1496,1506,1622,1561,1,54,1,5
2003-11,Immigration,all,1243,1361,1184,1261,1224,0,33,1,3
2003-12,Immigration,all,1316,1441,1346,1427,1371,1,51,3,1
2004-01,Immigration,all,1185,1245,1434,1496,1454,1,39,0,2
2004-02,Immigration,all,1587,1733,1292,1350,1305,2,42,1,0
2004-03,Immigration,all,1749,1898,1404,1486,1429,3,52,1,1
2004-04,Immigration,all,1621,1757,1309,1385,1331,5,48,1,0
2004-05,Immigration,all,1501,1625,1311,1396,1354,1,40,0,1
2004-06,Immigration,all,1768,1964,1390,1481,1436,0,43,1,1
2004-07,Immigration,all,1479,1591,1375,1482,1423,2,54,2,1
2004-08,Immigration,all,1753,1901,1613,1704,1644,1,58,1,0
2004-09,Immigration,all,1777,1933,1504,1630,1568,0,60,1,1
2004-10,Immigration,all,1473,1564,1559,1690,1614,7,64,1,4
2004-11,Immigration,all,1561,1730,1358,1502,1450,1,50,1,0
2004-12,Immigration,all,1354,1466,1524,1637,1582,1,52,0,2
2005-01,Immigration,all,1136,1206,1442,1605,1546,1,54,2,2
2005-02,Immigration,all,1466,1603,1452,1567,1509,4,52,2,0
2005-03,Immigration,all,1897,2081,1484,1607,1549,2,52,2,2
2005-04,Immigration,all,1572,1734,1536,1677,1624,4,48,1,0
2005-05,Immigration,all,1642,1793,1487,1577,1526,3,46,1,1
2005-06,Immigration,all,1651,1812,1506,1607,1558,1,45,1,2
2005-07,Immigration,all,1449,1549,1330,1421,1371,1,46,3,0
2005-08,Immigration,all,1690,1800,1814,1967,1908,2,56,1,0
2005-09,Immigration,all,1592,1715,1577,1749,1703,0,39,3,4
2005-10,Immigration,all,1360,1478,1532,1680,1627,2,51,0,0
2005-11,Immigration,all,1418,1513,1590,1707,1665,0,40,1,1
2005-12,Immigration,all,1334,1476,1377,1490,1453,2,34,0,1
2006-01,Immigration,all,1228,1311,1636,1746,1692,3,50,1,0
2006-02,Immigration,all,1494,1646,1301,1394,1349,3,39,2,1
2006-03,Immigration,all,1696,1919,1513,1635,1563,2,65,2,3
2006-04,Immigration,all,1522,1647,1427,1560,1517,5,37,0,1
2006-05,Immigration,all,1639,1790,1484,1652,1598,1,53,0,0
2006-06,Immigration,all,1594,1817,1569,1685,1638,1,44,1,1
2006-07,Immigration,all,1267,1397,1242,1359,1309,1,46,0,3
2006-08,Immigration,all,1530,1666,1808,1948,1896,3,47,1,1
2006-09,Immigration,all,1383,1542,1409,1611,1563,4,41,1,2
2006-10,Immigration,all,1367,1525,1505,1628,1579,6,41,2,0
2006-11,Immigration,all,1303,1446,1492,1652,1599,1,41,1,10
2006-12,Immigration,all,1194,1316,1218,1328,1286,1,39,0,2
2007-01,Immigration,all,1252,1346,1491,1623,1576,2,38,0,7
2007-02,Immigration,all,1364,1465,1359,1466,1416,2,41,3,4
2007-03,Immigration,all,1570,1748,1415,1531,1482,4,40,4,1
2007-04,Immigration,all,1505,1694,1361,1476,1439,0,34,2,1
2007-05,Immigration,all,1841,2011,1391,1549,1503,2,41,2,1
2007-06,Immigration,all,1625,1788,1472,1599,1541,0,56,0,2
2007-07,Immigration,all,1604,1728,1372,1486,1433,2,46,2,3
2007-08,Immigration,all,1781,1895,1690,1814,1760,1,50,1,2
2007-09,Immigration,all,1767,1913,1655,1773,1706,1,62,1,3
2007-10,Immigration,all,1699,1844,1686,1839,1713,1,123,1,1
2007-11,Immigration,all,1624,1743,1764,1902,1849,1,49,1,2
2007-12,Immigration,all,1433,1561,1474,1581,1535,0,41,2,3
2008-01,Immigration,all,1577,1670,1852,1978,1916,2,59,1,0
2008-02,Immigration,all,1627,1753,1784,1884,1826,0,57,1,0
2008-03,Immigration,all,1955,2130,1471,1568,1522,2,41,2,1
2008-04,Immigration,all,2376,2635,1919,2061,1975,5,79,0,2
2008-05,Immigration,all,2502,2720,1995,2154,2062,4,82,5,1
2008-06,Immigration,all,2087,2249,1959,2134,2056,0,74,0,4
2008-07,Immigration,all,2231,2351,1855,1993,1888,0,100,0,5
2008-08,Immigration,all,1981,2152,2038,2234,2151,0,75,0,8
2008-09,Immigration,all,2143,2343,2274,2422,2322,0,95,2,3
2008-10,Immigration,all,2252,2389,2150,2289,2217,5,60,1,6
2008-11,Immigration,all,2072,2201,1911,2060,1992,1,62,1,4
2008-12,Immigration,all,2124,2247,2168,2334,2261,3,67,0,3
2009-01,Immigration,all,1738,1827,2199,2334,2271,4,58,0,1
2009-02,Immigration,all,2189,2366,2155,2327,2239,3,85,0,0
2009-03,Immigration,all,2451,2564,2195,2353,2287,1,63,2,0
2009-04,Immigration,all,2589,2774,2285,2428,2340,1,83,0,4
2009-05,Immigration,all,2199,2371,1891,2011,1920,1,85,2,3
2009-06,Immigration,all,2396,2547,2358,2511,2435,1,72,2,1
2009-07,Immigration,all,2487,2603,2189,2293,2209,0,84,0,0
2009-08,Immigration,all,2311,2398,2208,2332,2249,1,74,1,7
2009-09,Immigration,all,2733,2877,2432,2576,2499,0,71,2,4
2009-10,Immigration,all,2243,2373,2470,2601,2510,0,89,0,2
2009-11,Immigration,all,2088,2194,2222,2352,2295,1,54,0,2
2009-12,Immigration,all,2280,2401,2251,2389,2317,4,67,1,0
2010-01,Immigration,all,1918,2009,2282,2426,2338,2,84,0,2
2010-02,Immigration,all,2176,2266,2148,2246,2185,0,58,2,1
2010-03,Immigration,all,3135,3298,2585,2712,2624,1,78,3,6
2010-04,Immigration,all,2818,2995,2379,2548,2473,2,70,2,1
2010-05,Immigration,all,2774,2951,2299,2435,2357,2,72,0,4
2010-06,Immigration,all,2847,2979,2672,2802,2726,3,69,0,4
2010-07,Immigration,all,2469,2591,2519,2639,2552,0,86,0,1
2010-08,Immigration,all,2474,2618,2374,2472,2360,0,111,0,1
2010-09,Immigration,all,2571,2694,2397,2518,2435,1,81,0,1
2010-10,Immigration,all,2354,2501,2321,2415,2339,1,72,2,1
2010-11,Immigration,all,2273,2396,2542,2668,2589,1,76,1,1
2010-12,Immigration,all,2330,2428,2469,2596,2496,0,96,1,3
2011-01,Immigration,all,1988,2059,2441,2556,2469,0,86,1,0
2011-02,Immigration,all,2154,2267,2241,2413,2349,1,60,0,3
2011-03,Immigration,all,3035,3168,2581,2755,2660,0,90,5,0
2011-04,Immigration,all,2675,2815,2612,2765,2687,3,74,0,1
2011-05,Immigration,all,2410,2513,2542,2655,2580,0,72,0,3
2011-06,Immigration,all,2539,2672,2465,2604,2523,1,75,0,5
2011-07,Immigration,all,2267,2372,2250,2324,2261,1,58,3,1
2011-08,Immigration,all,2455,2570,2718,2851,2785,0,66,0,0
2011-09,Immigration,all,2321,2421,2637,2753,2681,1,66,1,4
2011-10,Immigration,all,2207,2399,2481,2571,2495,0,71,3,2
2011-11,Immigration,all,2347,2476,2513,2612,2520,3,83,4,2
2011-12,Immigration,all,1855,1960,2077,2179,2087,1,89,1,1
2012-01,Immigration,all,1723,1844,2360,2547,2470,1,74,0,2
2012-02,Immigration,all,2094,2222,2435,2562,2476,0,81,2,3
2012-03,Immigration,all,2387,2490,2243,2354,2252,2,97,3,0
2012-04,Immigration,all,2191,2293,2136,2246,2155,5,84,1,1
2012-05,Immigration,all,2610,2750,2238,2387,2294,4,88,1,0
2012-06,Immigration,all,2216,2381,2297,2443,2380,1,62,0,0
2012-07,Immigration,all,2035,2168,2143,2257,2174,2,80,0,1
2012-08,Immigration,all,2236,2332,2321,2435,2364,0,69,0,2
2012-09,Immigration,all,2005,2180,2063,2177,2090,0,81,1,5
2012-10,Immigration,all,2273,2405,2325,2447,2359,0,82,1,5
2012-11,Immigration,all,1937,2044,2230,2294,2230,1,61,0,2
2012-12,Immigration,all,1789,1899,1795,1908,1844,1,60,0,3
2013-01,Immigration,all,1920,2115,2250,2396,2305,0,88,1,2
2013-02,Immigration,all,1781,1875,1980,2184,2114,2,63,1,4
2013-03,Immigration,all,2103,2213,2087,2233,2163,1,67,0,2
2013-04,Immigration,all,2359,2478,2231,2330,2250,0,77,0,3
2013-05,Immigration,all,2503,2637,2167,2258,2179,3,75,1,0
2013-06,Immigration,all,2065,2254,1986,2088,2040,0,48,0,0
2013-07,Immigration,all,2048,2162,1919,2043,1973,1,67,0,2
2013-08,Immigration,all,1934,2025,2342,2465,2408,0,48,1,8
2013-09,Immigration,all,1710,1821,2145,2231,2178,1,51,0,1
2013-10,Immigration,all,2127,2240,1971,2093,2042,0,49,1,1
2013-11,Immigration,all,1739,1878,1778,1926,1878,3,43,1,1
2013-12,Immigration,all,1770,1874,1926,2004,1954,0,50,0,0
2014-01,Immigration,all,1581,1661,1952,2059,1991,0,66,0,2
2014-02,Immigration,all,1648,1728,1892,1974,1921,0,47,1,5
2014-03,Immigration,all,1855,1958,1877,1996,1952,0,41,1,2
2014-04,Immigration,all,2257,2346,2044,2165,2094,0,63,3,5
2014-05,Immigration,all,1940,2037,1628,1733,1673,1,56,0,3
2014-06,Immigration,all,1914,1998,2147,2293,2230,0,60,0,3
2014-07,Immigration,all,1892,1951,1888,1996,1938,0,54,0,4
2014-08,Immigration,all,1810,1898,1910,1992,1908,1,81,0,2
2014-09,Immigration,all,1861,1967,2005,2135,2072,0,60,2,1
2014-10,Immigration,all,1901,2038,1978,2077,2025,4,47,0,1
2014-11,Immigration,all,1517,1598,1569,1649,1599,2,46,0,2
2014-12,Immigration,all,1673,1770,1829,1939,1867,1,68,1,2
2015-01,Immigration,all,1476,1532,1949,2094,2042,0,49,0,3
2015-02,Immigration,all,1535,1627,1608,1698,1657,2,37,0,2
2015-03,Immigration,all,1879,2036,1831,1900,1835,0,60,1,4
2015-04,Immigration,all,2121,2207,1835,1910,1855,2,49,0,4
2015-05,Immigration,all,1760,1898,1630,1723,1677,0,44,2,0
2015-06,Immigration,all,1791,1889,1960,2080,2007,1,70,0,2
2015-07,Immigration,all,1883,2035,1846,1926,1874,0,50,1,1
2015-08,Immigration,all,1698,1771,1742,1867,1823,0,43,0,1
2015-09,Immigration,all,1977,2094,1798,1882,1827,0,54,0,1
2015-10,Immigration,all,1747,1859,1793,1904,1847,0,52,2,3
2015-11,Immigration,all,1574,1675,1730,1829,1767,0,54,1,7
2015-12,Immigration,all,1761,1851,1935,2016,1958,1,52,0,5
2016-01,Immigration,all,1396,1466,1915,1998,1932,1,58,0,7
2016-02,Immigration,all,1457,1581,1744,1854,1810,1,41,1,1
2016-03,Immigration,all,2085,2229,1656,1747,1687,1,57,0,2
2016-04,Immigration,all,1920,2035,1749,1831,1773,2,54,1,1
2016-05,Immigration,all,2180,2327,1779,1871,1814,0,55,0,2
2016-06,Immigration,all,1979,2094,2085,2205,2153,0,48,0,4
2016-07,Immigration,all,1364,1476,1577,1682,1641,1,37,0,3
2016-08,Immigration,all,1700,1817,1745,1846,1799,1,43,0,3
2016-09,Immigration,all,1599,1704,1590,1743,1700,2,35,0,6
2016-10,Immigration,all,1606,1757,1628,1746,1700,0,45,1,0
2016-11,Immigration,all,1806,1912,1866,1972,1912,0,51,0,9
2016-12,Immigration,all,1548,1673,1794,1913,1873,1,37,1,1
2017-01,Immigration,all,1536,1632,2055,2189,2156,2,29,1,1
2017-02,Immigration,all,1594,1708,1716,1852,1804,0,42,0,6
2017-03,Immigration,all,1673,1784,2173,2320,2265,1,49,1,4
2017-04,Immigration,all,1515,1568,1812,1939,1897,1,39,1,1
2017-05,Immigration,all,1692,1772,1805,1924,1869,1,50,1,3
2017-06,Immigration,all,1868,2036,2122,2228,2179,1,48,0,0
2017-07,Immigration,all,1631,1759,1602,1701,1657,0,42,0,2
2017-08,Immigration,all,2121,2242,2008,2127,2075,0,50,0,2
2017-09,Immigration,all,1901,1981,1841,1927,1864,1,59,0,3
2017-10,Immigration,all,2046,2158,2036,2195,2125,0,65,2,3
2017-11,Immigration,all,2095,2197,1986,2089,2029,1,46,1,12
2017-12,Immigration,all,1859,1941,1871,1981,1932,2,46,0,1
2018-01,Immigration,all,2171,2240,2152,2270,2224,0,44,0,2
2018-02,Immigration,all,2064,2164,2094,2215,2160,0,51,0,4
2018-03,Immigration,all,2457,2583,2184,2299,2231,0,63,1,4
2018-04,Immigration,all,2491,2570,2404,2497,2429,2,60,1,5
2018-05,Immigration,all,2950,3064,2470,2576,2526,2,45,1,2
2018-06,Immigration,all,2600,2696,2473,2590,2493,0,91,0,6
2018-07,Immigration,all,2304,2481,2094,2208,2120,1,87,0,0
2018-08,Immigration,all,2855,3009,2648,2771,2686,2,77,4,2
2018-09,Immigration,all,2333,2457,2119,2230,2171,3,49,1,6
2018-10,Immigration,all,2747,2923,2595,2705,2617,1,78,1,8
2018-11,Immigration,all,2586,2703,2394,2471,2388,1,80,1,1
2018-12,Immigration,all,2274,2357,2197,2296,2209,1,82,0,4
2019-01,Immigration,all,2247,2349,2719,2820,2730,0,85,1,4
2019-02,Immigration,all,2572,2691,2160,2293,2214,1,69,0,9
2019-03,Immigration,all,2626,2957,2270,2493,2381,0,100,1,11
2019-04,Immigration,all,2303,2596,2723,2873,2775,3,89,0,6
2019-05,Immigration,all,2656,2809,2682,2805,2734,1,65,0,5
2019-06,Immigration,all,2869,3070,2447,2582,2509,0,66,0,7
2019-07,Immigration,all,3336,3548,2749,2944,2855,4,75,3,7
2019-08,Immigration,all,2990,3174,3152,3300,3209,1,85,1,4
2019-09,Immigration,all,2776,2896,2962,3167,3055,4,99,1,8
2019-10,Immigration,all,3237,3434,3223,3367,3257,1,99,1,9
2019-11,Immigration,all,2794,2954,2658,2808,2739,2,64,0,3
2019-12,Immigration,all,3035,3199,2659,2804,2737,1,62,1,3
2020-01,Immigration,all,2999,3131,3441,3647,3550,2,92,1,2
2020-02,Immigration,all,3014,3168,2696,2858,2778,7,65,1,7
2020-03,Immigration,all,2236,2316,2724,2821,2738,1,70,3,9
2020-04,Immigration,all,921,961,2042,2091,2033,0,53,1,4
2020-05,Immigration,all,925,978,1340,1433,1388,1,34,1,9
2020-06,Immigration,all,1007,1063,1711,1801,1744,0,54,0,3
2020-07,Immigration,all,1058,1204,1058,1124,1081,0,41,0,2
2020-08,Immigration,all,1035,1114,970,1065,1032,0,31,1,1
2020-09,Immigration,all,1596,1724,1400,1539,1486,0,49,1,3
2020-10,Immigration,all,1790,1957,1439,1537,1514,0,21,1,1
2020-11,Immigration,all,1626,1742,1198,1323,1279,0,42,0,2
2020-12,Immigration,all,1451,1571,1397,1503,1478,0,25,0,0
2021-01,Immigration,all,1273,1367,1524,1592,1566,0,24,1,1
2021-02,Immigration,all,1558,1657,1446,1514,1491,0,21,0,2
2021-03,Immigration,all,1629,1785,1569,1699,1651,0,46,0,2
2021-04,Immigration,all,1610,1778,1647,1770,1734,1,28,2,5
2021-05,Immigration,all,1631,1771,1449,1585,1550,0,29,1,5
2021-06,Immigration,all,1977,2120,1859,2000,1967,0,28,1,4
2021-07,Immigration,all,1416,1566,1603,1707,1659,1,43,0,4
2021-08,Immigration,all,1506,1653,1625,1751,1699,0,51,1,0
2021-09,Immigration,all,1619,1764,1548,1768,1703,0,51,0,14
2021-10,Immigration,all,1304,1414,1511,1658,1613,1,39,2,3
2021-11,Immigration,all,1532,1665,1408,1526,1485,4,35,0,2
2021-12,Immigration,all,1520,1671,1303,1380,1344,1,35,0,0
2022-01,Immigration,all,1002,1071,1324,1415,1369,0,42,0,4
2022-02,Immigration,all,1216,1317,1330,1466,1429,0,34,0,3
2022-03,Immigration,all,1866,1993,1607,1763,1720,0,38,1,4
2022-04,Immigration,all,1684,1833,1515,1617,1565,2,46,0,4
2022-05,Immigration,all,1804,1941,1445,1525,1486,1,35,1,2
2022-06,Immigration,all,2138,2300,1914,2029,1982,0,39,3,5
2022-07,Immigration,all,1509,1604,1823,1929,1891,1,35,1,1
2022-08,Immigration,all,1782,1954,1991,2104,2054,4,39,1,6
2022-09,Immigration,all,1643,1785,1589,1708,1676,1,26,0,5
2022-10,Immigration,all,1532,1697,1662,1786,1735,2,48,0,1
2022-11,Immigration,all,1836,1952,1740,1851,1805,1,41,2,2
2022-12,Immigration,all,1419,1538,1445,1569,1539,0,27,0,3
2023-01,Immigration,all,1127,1225,1692,1826,1789,0,32,0,5
2023-02,Immigration,all,1460,1586,1560,1694,1660,0,28,0,6
2023-03,Immigration,all,2043,2193,1702,1845,1795,0,49,0,1
2023-04,Immigration,all,1550,1685,1475,1616,1576,0,37,0,3
2023-05,Immigration,all,1864,2031,1933,2029,1977,1,42,1,8
2023-06,Immigration,all,1558,1669,1584,1699,1666,0,29,0,4
2023-07,Immigration,all,1320,1437,1412,1542,1494,1,45,0,2
2023-08,Immigration,all,1550,1664,1749,1895,1826,4,56,1,8
2023-09,Immigration,all,1489,1630,1262,1380,1340,0,30,1,9
2023-10,Immigration,all,1492,1595,1689,1782,1753,0,27,0,2
2023-11,Immigration,all,1853,2020,1734,1832,1810,0,21,0,1
2023-12,Immigration,all,1690,1785,1701,1795,1762,1,32,0,0
2024-01,Immigration,all,1603,1704,2113,2219,2149,3,63,0,4
2024-02,Immigration,all,1807,1965,1805,1913,1876,0,31,1,5
2024-03,Immigration,all,1997,2145,1816,1971,1918,0,46,1,6
2024-04,Immigration,all,2247,2412,2033,2161,2119,0,38,0,4
2024-05,Immigration,all,2661,2823,2156,2286,2267,1,15,0,3
2024-06,Immigration,all,2174,2337,1991,2100,2072,1,25,1,1
2024-07,Immigration,all,2406,2511,2492,2793,2572,1,36,1,183
2024-08,Immigration,all,2275,2438,2381,2526,2466,2,56,1,1
2024-09,Immigration,all,2449,2571,2247,2371,2317,0,47,0,7
2024-10,Immigration,all,2851,3043,2858,3001,2960,1,31,2,7
2024-11,Immigration,all,2489,2612,2202,2324,2284,1,36,1,2
2024-12,Immigration,all,2450,2553,2509,2610,2557,1,51,0,1
2025-01,Immigration,all,2257,2360,2682,2805,2750,0,52,0,3
2025-02,Immigration,all,2673,2887,2429,2542,2481,0,49,1,11
2025-03,Immigration,all,2807,2950,2358,2522,2452,2,57,0,11
2025-04,Immigration,all,3297,3473,2704,2889,2828,1,51,0,9
2025-05,Immigration,all,3892,4044,3098,3213,3114,1,88,0,10
2025-06,Immigration,all,3538,3698,2803,2919,2836,3,75,0,5
2025-07,Immigration,all,2821,2956,3889,4088,3967,3,113,1,4
2025-08,Immigration,all,2367,2469,3099,3287,3186,0,94,1,6
2025-09,Immigration,all,3168,3306,2967,3079,2972,2,98,2,5
2025-10,Immigration,all,3607,3795,3260,3403,3304,0,91,0,8
2025-11,Immigration,all,2880,2975,2489,2617,2547,1,60,1,8
2025-12,Immigration,all,3014,3106,2861,2958,2870,1,85,0,2
2026-01,Immigration,all,2477,2564,2743,2875,2762,1,106,0,6
2026-02,Immigration,all,2767,2870,2297,2374,2304,0,63,0,7
2026-03,Immigration,all,3689,3872,2377,2544,2463,1,70,1,9
2026-04,Immigration,all,4376,4514,2343,2435,2343,0,88,0,4
2026-05,Immigration,all,3342,3485,1376,1487,1414,3,61,1,8
2026-06,Immigration,all,3153,3265,898,990,906,3,75,0,6
1994-10,Immigration,primary,227,249,267,312,267,0,42,2,1
1994-11,Immigration,primary,232,248,213,248,232,1,11,2,2
1994-12,Immigration,primary,237,268,191,236,230,1,5,0,0
1995-01,Immigration,primary,246,252,238,289,273,0,13,0,3
1995-02,Immigration,primary,277,307,196,240,212,0,25,1,2
1995-03,Immigration,primary,320,371,276,312,275,1,32,3,1
1995-04,Immigration,primary,256,269,225,257,244,0,13,0,0
1995-05,Immigration,primary,307,422,264,313,296,0,17,0,0
1995-06,Immigration,primary,336,470,270,331,319,1,10,0,1
1995-07,Immigration,primary,297,317,275,316,298,1,17,0,0
1995-08,Immigration,primary,382,452,344,383,365,1,15,0,2
1995-09,Immigration,primary,411,467,264,305,292,0,11,1,1
1995-10,Immigration,primary,415,438,433,470,450,0,15,2,3
1995-11,Immigration,primary,445,479,384,444,431,0,13,0,0
1995-12,Immigration,primary,422,445,345,409,390,0,17,1,1
1996-01,Immigration,primary,532,557,411,463,445,1,13,0,4
1996-02,Immigration,primary,537,582,433,489,468,0,18,1,2
1996-03,Immigration,primary,513,600,465,524,508,1,11,0,4
1996-04,Immigration,primary,521,601,461,528,512,1,13,1,1
1996-05,Immigration,primary,494,523,466,521,505,1,14,1,0
1996-06,Immigration,primary,444,477,442,486,461,1,16,8,0
1996-07,Immigration,primary,513,580,523,579,561,0,17,1,0
1996-08,Immigration,primary,553,606,492,536,520,0,13,1,2
1996-09,Immigration,primary,499,557,500,586,564,2,18,1,1
1996-10,Immigration,primary,559,594,490,528,505,1,21,1,0
1996-11,Immigration,primary,491,521,406,441,421,0,19,0,1
1996-12,Immigration,primary,489,544,450,523,500,0,20,1,2
1997-01,Immigration,primary,606,646,521,563,547,4,11,0,1
1997-02,Immigration,primary,589,661,521,562,533,1,24,2,2
1997-03,Immigration,primary,648,724,551,609,575,1,26,1,6
1997-04,Immigration,primary,646,725,569,629,612,0,14,0,3
1997-05,Immigration,primary,591,705,467,527,502,2,21,1,1
1997-06,Immigration,primary,653,730,545,602,580,0,19,2,1
1997-07,Immigration,primary,626,671,579,636,613,3,19,0,1
1997-08,Immigration,primary,606,665,495,542,521,2,16,3,0
1997-09,Immigration,primary,652,762,576,623,593,0,23,1,6
1997-10,Immigration,primary,758,880,569,609,577,4,27,0,1
1997-11,Immigration,primary,569,624,512,552,527,0,24,1,0
1997-12,Immigration,primary,686,750,603,649,624,2,17,1,5
1998-01,Immigration,primary,698,790,613,669,653,0,12,1,3
1998-02,Immigration,primary,892,1002,668,736,704,0,27,1,4
1998-03,Immigration,primary,966,1095,723,781,744,1,35,1,0
1998-04,Immigration,primary,1037,1132,757,837,816,0,18,1,2
1998-05,Immigration,primary,849,964,762,831,799,0,31,1,0
1998-06,Immigration,primary,891,979,880,968,916,0,46,3,3
1998-07,Immigration,primary,917,1024,895,957,928,1,27,0,1
1998-08,Immigration,primary,943,1011,817,891,868,1,22,0,0
1998-09,Immigration,primary,950,1090,801,897,855,1,37,0,4
1998-10,Immigration,primary,959,1049,878,977,941,3,32,0,1
1998-11,Immigration,primary,856,937,775,846,816,4,25,0,1
1998-12,Immigration,primary,887,1015,769,867,828,1,37,0,1
1999-01,Immigration,primary,779,852,862,921,882,2,34,3,0
1999-02,Immigration,primary,877,988,865,979,948,2,27,0,2
1999-03,Immigration,primary,1053,1207,1057,1179,1136,2,38,1,2
1999-04,Immigration,primary,1051,1157,918,993,954,2,34,1,2
1999-05,Immigration,primary,879,958,869,948,902,2,40,1,3
1999-06,Immigration,primary,1015,1109,892,979,929,1,46,1,2
1999-07,Immigration,primary,925,1032,906,995,951,1,35,1,7
1999-08,Immigration,primary,1145,1312,1021,1118,1082,3,32,0,1
1999-09,Immigration,primary,1128,1223,1066,1162,1123,2,34,3,0
1999-10,Immigration,primary,1061,1140,1026,1113,1069,2,41,0,1
1999-11,Immigration,primary,834,931,929,1024,990,0,31,0,3
1999-12,Immigration,primary,937,1085,953,1061,1026,1,32,0,2
2000-01,Immigration,primary,866,956,1086,1200,1160,0,36,2,2
2000-02,Immigration,primary,1202,1347,984,1065,1032,1,31,1,0
2000-03,Immigration,primary,1417,1533,1133,1214,1153,3,46,0,12
2000-04,Immigration,primary,1163,1250,1039,1119,1076,2,39,0,2
2000-05,Immigration,primary,1263,1400,1068,1170,1117,2,51,0,0
2000-06,Immigration,primary,1249,1378,1147,1247,1195,1,48,0,3
2000-07,Immigration,primary,1084,1173,1078,1176,1131,0,43,2,0
2000-08,Immigration,primary,1194,1308,1153,1238,1194,2,36,0,6
2000-09,Immigration,primary,1090,1193,1188,1284,1220,1,57,2,4
2000-10,Immigration,primary,1030,1120,1089,1206,1150,0,48,1,7
2000-11,Immigration,primary,1127,1222,996,1069,1032,2,34,0,1
2000-12,Immigration,primary,868,947,1001,1067,1029,4,33,0,1
2001-01,Immigration,primary,965,1035,1058,1138,1097,0,39,0,2
2001-02,Immigration,primary,1049,1133,969,1036,1003,0,33,0,0
2001-03,Immigration,primary,1085,1183,969,1047,993,0,51,1,2
2001-04,Immigration,primary,1106,1201,993,1053,993,0,56,2,2
2001-05,Immigration,primary,1217,1314,1007,1077,1034,3,38,1,1
2001-06,Immigration,primary,1002,1126,986,1092,1020,12,60,0,0
2001-07,Immigration,primary,1127,1215,986,1062,1004,1,55,1,1
2001-08,Immigration,primary,1150,1258,1126,1227,1172,5,49,0,1
2001-09,Immigration,primary,919,981,915,1025,982,1,39,2,1
2001-10,Immigration,primary,1098,1175,1039,1151,1102,2,44,1,2
2001-11,Immigration,primary,837,923,1110,1191,1149,1,37,1,3
2001-12,Immigration,primary,826,881,933,1003,964,4,34,0,1
2002-01,Immigration,primary,937,1003,1169,1253,1199,1,52,0,1
2002-02,Immigration,primary,1038,1133,925,976,949,0,25,1,1
2002-03,Immigration,primary,1070,1172,945,1027,988,1,31,4,3
2002-04,Immigration,primary,1322,1448,1075,1149,1110,0,36,2,1
2002-05,Immigration,primary,1319,1448,958,1061,1011,2,48,0,0
2002-06,Immigration,primary,1205,1316,1072,1146,1103,1,39,3,0
2002-07,Immigration,primary,1320,1442,1169,1261,1209,0,49,0,3
2002-08,Immigration,primary,1375,1502,1225,1324,1270,7,42,3,2
2002-09,Immigration,primary,1314,1469,1172,1274,1226,1,44,2,1
2002-10,Immigration,primary,1510,1669,1428,1587,1529,1,52,2,3
2002-11,Immigration,primary,1144,1255,1232,1329,1276,1,45,4,3
2002-12,Immigration,primary,1196,1263,1239,1364,1316,2,43,3,0
2003-01,Immigration,primary,1295,1373,1437,1544,1490,1,52,1,0
2003-02,Immigration,primary,1475,1596,1237,1313,1270,1,40,1,1
2003-03,Immigration,primary,1453,1560,1319,1403,1338,9,54,2,0
2003-04,Immigration,primary,1492,1592,1258,1357,1303,12,40,1,1
2003-05,Immigration,primary,1414,1499,1332,1436,1395,0,34,1,6
2003-06,Immigration,primary,1380,1474,1290,1408,1349,2,56,0,1
2003-07,Immigration,primary,1443,1514,1435,1565,1519,1,41,3,1
2003-08,Immigration,primary,1452,1541,1385,1468,1420,2,45,0,1
2003-09,Immigration,primary,1493,1582,1451,1559,1525,1,31,2,0
2003-10,Immigration,primary,1402,1486,1500,1615,1557,1,53,1,3
2003-11,Immigration,primary,1235,1332,1181,1258,1221,0,33,1,3
2003-12,Immigration,primary,1309,1423,1340,1421,1366,1,50,3,1
2004-01,Immigration,primary,1172,1229,1428,1490,1449,1,38,0,2
2004-02,Immigration,primary,1579,1714,1290,1348,1303,2,42,1,0
2004-03,Immigration,primary,1743,1889,1401,1483,1427,3,51,1,1
2004-04,Immigration,primary,1617,1752,1305,1377,1323,5,48,1,0
2004-05,Immigration,primary,1498,1621,1304,1387,1345,1,40,0,1
2004-06,Immigration,primary,1766,1962,1386,1474,1429,0,43,1,1
2004-07,Immigration,primary,1472,1580,1368,1455,1396,2,54,2,1
2004-08,Immigration,primary,1746,1891,1606,1696,1636,1,58,1,0
2004-09,Immigration,primary,1767,1915,1500,1626,1564,0,60,1,1
2004-10,Immigration,primary,1469,1560,1550,1669,1593,7,64,1,4
2004-11,Immigration,primary,1557,1722,1351,1495,1443,1,50,1,0
2004-12,Immigration,primary,1347,1459,1520,1630,1575,1,52,0,2
2005-01,Immigration,primary,1130,1192,1436,1596,1537,1,54,2,2
2005-02,Immigration,primary,1462,1598,1445,1558,1500,4,52,2,0
2005-03,Immigration,primary,1884,2063,1474,1595,1537,2,52,2,2
2005-04,Immigration,primary,1560,1719,1531,1669,1616,4,48,1,0
2005-05,Immigration,primary,1630,1776,1482,1572,1521,3,46,1,1
2005-06,Immigration,primary,1642,1799,1498,1587,1538,1,45,1,2
2005-07,Immigration,primary,1443,1541,1322,1403,1353,1,46,3,0
2005-08,Immigration,primary,1682,1785,1808,1956,1897,2,56,1,0
2005-09,Immigration,primary,1582,1703,1568,1736,1694,0,35,3,4
2005-10,Immigration,primary,1356,1470,1525,1670,1618,2,50,0,0
2005-11,Immigration,primary,1405,1492,1587,1704,1662,0,40,1,1
2005-12,Immigration,primary,1325,1467,1370,1480,1443,2,34,0,1
2006-01,Immigration,primary,1222,1305,1626,1732,1680,3,48,1,0
2006-02,Immigration,primary,1484,1631,1292,1383,1338,3,39,2,1
2006-03,Immigration,primary,1683,1895,1500,1619,1547,2,65,2,3
2006-04,Immigration,primary,1513,1638,1421,1551,1508,5,37,0,1
2006-05,Immigration,primary,1630,1780,1477,1640,1586,1,53,0,0
2006-06,Immigration,primary,1585,1784,1562,1678,1631,1,44,1,1
2006-07,Immigration,primary,1258,1381,1235,1352,1302,1,46,0,3
2006-08,Immigration,primary,1520,1653,1804,1943,1891,3,47,1,1
2006-09,Immigration,primary,1378,1537,1400,1598,1550,4,41,1,2
2006-10,Immigration,primary,1356,1459,1494,1617,1569,6,40,2,0
2006-11,Immigration,primary,1301,1444,1487,1646,1593,1,41,1,10
2006-12,Immigration,primary,1174,1277,1210,1317,1275,1,39,0,2
2007-01,Immigration,primary,1237,1331,1483,1612,1565,2,38,0,7
2007-02,Immigration,primary,1357,1458,1350,1447,1397,2,41,3,4
2007-03,Immigration,primary,1552,1722,1408,1523,1474,4,40,4,1
2007-04,Immigration,primary,1492,1680,1354,1461,1424,0,34,2,1
2007-05,Immigration,primary,1827,1993,1369,1511,1466,2,40,2,1
2007-06,Immigration,primary,1620,1776,1458,1585,1527,0,56,0,2
2007-07,Immigration,primary,1595,1715,1360,1472,1419,2,46,2,3
2007-08,Immigration,primary,1772,1886,1685,1807,1753,1,50,1,2
2007-09,Immigration,primary,1757,1890,1640,1758,1693,1,61,1,2
2007-10,Immigration,primary,1685,1821,1678,1828,1702,1,123,1,1
2007-11,Immigration,primary,1609,1724,1755,1886,1836,1,46,1,2
2007-12,Immigration,primary,1425,1534,1467,1572,1526,0,41,2,3
2008-01,Immigration,primary,1566,1650,1841,1964,1902,2,59,1,0
2008-02,Immigration,primary,1623,1736,1773,1858,1800,0,57,1,0
2008-03,Immigration,primary,1946,2113,1462,1557,1512,2,40,2,1
2008-04,Immigration,primary,2363,2613,1912,2054,1969,5,78,0,2
2008-05,Immigration,primary,2491,2676,1986,2142,2050,4,82,5,1
2008-06,Immigration,primary,2074,2227,1945,2099,2021,0,74,0,4
2008-07,Immigration,primary,2222,2340,1849,1987,1882,0,100,0,5
2008-08,Immigration,primary,1962,2122,2022,2215,2132,0,75,0,8
2008-09,Immigration,primary,2132,2278,2268,2414,2314,0,95,2,3
2008-10,Immigration,primary,2242,2376,2144,2282,2211,5,59,1,6
2008-11,Immigration,primary,2063,2182,1906,2053,1986,1,61,1,4
2008-12,Immigration,primary,2117,2240,2156,2302,2229,3,67,0,3
2009-01,Immigration,primary,1727,1812,2186,2316,2253,4,58,0,1
2009-02,Immigration,primary,2184,2325,2147,2315,2228,3,84,0,0
2009-03,Immigration,primary,2434,2532,2184,2336,2271,1,62,2,0
2009-04,Immigration,primary,2566,2743,2276,2417,2329,1,83,0,4
2009-05,Immigration,primary,2186,2320,1880,1991,1900,1,85,2,3
2009-06,Immigration,primary,2384,2534,2346,2494,2418,1,72,2,1
2009-07,Immigration,primary,2468,2576,2181,2285,2203,0,82,0,0
2009-08,Immigration,primary,2296,2373,2198,2311,2228,1,74,1,7
2009-09,Immigration,primary,2722,2861,2424,2563,2486,0,71,2,4
2009-10,Immigration,primary,2230,2356,2461,2590,2501,0,87,0,2
2009-11,Immigration,primary,2073,2173,2206,2326,2269,1,54,0,2
2009-12,Immigration,primary,2264,2385,2234,2357,2285,4,67,1,0
2010-01,Immigration,primary,1904,1988,2267,2398,2310,2,84,0,2
2010-02,Immigration,primary,2166,2253,2137,2230,2170,0,57,2,1
2010-03,Immigration,primary,3112,3254,2569,2691,2604,1,77,3,6
2010-04,Immigration,primary,2795,2964,2361,2530,2457,1,69,2,1
2010-05,Immigration,primary,2760,2930,2284,2415,2337,2,72,0,4
2010-06,Immigration,primary,2828,2945,2658,2783,2708,2,69,0,4
2010-07,Immigration,primary,2458,2579,2508,2621,2534,0,86,0,1
2010-08,Immigration,primary,2459,2586,2362,2454,2343,0,110,0,1
2010-09,Immigration,primary,2558,2677,2384,2491,2408,1,81,0,1
2010-10,Immigration,primary,2343,2480,2310,2396,2321,1,71,2,1
2010-11,Immigration,primary,2254,2371,2527,2648,2573,1,72,1,1
2010-12,Immigration,primary,2314,2400,2444,2552,2453,0,96,0,3
2011-01,Immigration,primary,1958,2023,2428,2539,2452,0,86,1,0
2011-02,Immigration,primary,2142,2241,2228,2344,2280,1,60,0,3
2011-03,Immigration,primary,3016,3144,2564,2695,2602,0,88,5,0
2011-04,Immigration,primary,2655,2791,2595,2743,2669,3,70,0,1
2011-05,Immigration,primary,2394,2491,2528,2632,2562,0,67,0,3
2011-06,Immigration,primary,2520,2642,2447,2576,2495,1,75,0,5
2011-07,Immigration,primary,2253,2346,2235,2309,2246,1,58,3,1
2011-08,Immigration,primary,2442,2554,2702,2827,2762,0,65,0,0
2011-09,Immigration,primary,2308,2400,2615,2721,2651,1,64,1,4
2011-10,Immigration,primary,2189,2289,2455,2535,2459,0,71,3,2
2011-11,Immigration,primary,2332,2442,2495,2587,2495,3,83,4,2
2011-12,Immigration,primary,1842,1932,2070,2172,2081,1,88,1,1
2012-01,Immigration,primary,1714,1829,2349,2529,2452,1,74,0,2
2012-02,Immigration,primary,2081,2205,2428,2553,2467,0,81,2,3
2012-03,Immigration,primary,2373,2469,2223,2331,2232,2,94,3,0
2012-04,Immigration,primary,2179,2278,2122,2222,2133,5,82,1,1
2012-05,Immigration,primary,2590,2720,2226,2369,2277,4,87,1,0
2012-06,Immigration,primary,2200,2362,2284,2427,2364,1,62,0,0
2012-07,Immigration,primary,2021,2146,2132,2240,2157,2,80,0,1
2012-08,Immigration,primary,2212,2302,2312,2415,2345,0,68,0,2
2012-09,Immigration,primary,1988,2140,2045,2156,2069,0,81,1,5
2012-10,Immigration,primary,2247,2370,2308,2423,2335,0,82,1,5
2012-11,Immigration,primary,1918,2021,2212,2271,2207,1,61,0,2
2012-12,Immigration,primary,1769,1862,1782,1891,1827,1,60,0,3
2013-01,Immigration,primary,1908,2007,2230,2370,2279,0,88,1,2
2013-02,Immigration,primary,1772,1860,1960,2162,2092,2,63,1,4
2013-03,Immigration,primary,2081,2183,2068,2198,2130,1,65,0,2
2013-04,Immigration,primary,2345,2458,2218,2312,2232,0,77,0,3
2013-05,Immigration,primary,2481,2606,2149,2230,2152,3,74,1,0
2013-06,Immigration,primary,2049,2236,1968,2062,2015,0,47,0,0
2013-07,Immigration,primary,2015,2120,1899,2016,1946,1,67,0,2
2013-08,Immigration,primary,1917,2000,2328,2447,2390,0,48,1,8
2013-09,Immigration,primary,1693,1796,2129,2214,2162,1,50,0,1
2013-10,Immigration,primary,2112,2221,1954,2064,2013,0,49,1,1
2013-11,Immigration,primary,1725,1861,1757,1902,1855,3,43,1,0
2013-12,Immigration,primary,1753,1836,1905,1973,1924,0,49,0,0
2014-01,Immigration,primary,1564,1637,1934,2034,1967,0,65,0,2
2014-02,Immigration,primary,1633,1712,1874,1942,1890,0,46,1,5
2014-03,Immigration,primary,1842,1930,1862,1972,1928,0,41,1,2
2014-04,Immigration,primary,2246,2333,2021,2138,2070,0,61,2,5
2014-05,Immigration,primary,1923,2014,1614,1718,1662,1,52,0,3
2014-06,Immigration,primary,1903,1981,2134,2274,2211,0,60,0,3
2014-07,Immigration,primary,1880,1939,1868,1962,1905,0,53,0,4
2014-08,Immigration,primary,1795,1881,1890,1962,1878,1,81,0,2
2014-09,Immigration,primary,1851,1948,1988,2114,2051,0,60,2,1
2014-10,Immigration,primary,1883,1981,1966,2064,2012,4,47,0,1
2014-11,Immigration,primary,1500,1579,1551,1622,1572,2,46,0,2
2014-12,Immigration,primary,1665,1755,1807,1907,1835,1,68,1,2
2015-01,Immigration,primary,1467,1514,1937,2076,2025,0,48,0,3
2015-02,Immigration,primary,1522,1598,1600,1689,1648,2,37,0,2
2015-03,Immigration,primary,1862,1982,1823,1891,1827,0,59,1,4
2015-04,Immigration,primary,2099,2174,1820,1895,1841,2,48,0,4
2015-05,Immigration,primary,1747,1842,1614,1683,1637,0,44,2,0
2015-06,Immigration,primary,1774,1869,1944,2055,1982,1,70,0,2
2015-07,Immigration,primary,1873,2000,1831,1901,1850,0,49,1,1
2015-08,Immigration,primary,1683,1738,1733,1837,1793,0,43,0,1
2015-09,Immigration,primary,1950,2064,1787,1868,1813,0,54,0,1
2015-10,Immigration,primary,1728,1804,1781,1887,1830,0,52,2,3
2015-11,Immigration,primary,1562,1660,1720,1818,1757,0,53,1,7
2015-12,Immigration,primary,1744,1824,1926,2007,1950,1,51,0,5
2016-01,Immigration,primary,1381,1444,1893,1971,1905,1,58,0,7
2016-02,Immigration,primary,1441,1543,1729,1831,1790,1,38,1,1
2016-03,Immigration,primary,2061,2181,1638,1712,1653,1,56,0,2
2016-04,Immigration,primary,1905,2005,1739,1821,1764,2,53,1,1
2016-05,Immigration,primary,2170,2313,1762,1847,1790,0,55,0,2
2016-06,Immigration,primary,1974,2088,2070,2185,2133,0,48,0,4
2016-07,Immigration,primary,1357,1466,1567,1667,1626,1,37,0,3
2016-08,Immigration,primary,1686,1801,1720,1799,1752,1,43,0,3
2016-09,Immigration,primary,1591,1689,1574,1724,1681,2,35,0,6
2016-10,Immigration,primary,1594,1715,1617,1709,1663,0,45,1,0
2016-11,Immigration,primary,1802,1908,1846,1948,1891,0,48,0,9
2016-12,Immigration,primary,1537,1654,1787,1866,1826,1,37,1,1
2017-01,Immigration,primary,1530,1624,2044,2171,2138,2,29,1,1
2017-02,Immigration,primary,1583,1681,1704,1817,1771,0,40,0,6
2017-03,Immigration,primary,1657,1759,2162,2302,2248,1,48,1,4
2017-04,Immigration,primary,1505,1551,1803,1927,1885,1,39,1,1
2017-05,Immigration,primary,1685,1764,1801,1919,1864,1,50,1,3
2017-06,Immigration,primary,1858,1972,2114,2219,2170,1,48,0,0
2017-07,Immigration,primary,1621,1736,1596,1687,1643,0,42,0,2
2017-08,Immigration,primary,2102,2217,1995,2112,2061,0,49,0,2
2017-09,Immigration,primary,1880,1957,1832,1918,1858,1,56,0,3
2017-10,Immigration,primary,2020,2117,2028,2187,2117,0,65,2,3
2017-11,Immigration,primary,2085,2170,1970,2061,2001,1,46,1,12
2017-12,Immigration,primary,1848,1929,1853,1955,1906,2,46,0,1
2018-01,Immigration,primary,2162,2228,2141,2252,2206,0,44,0,2
2018-02,Immigration,primary,2053,2136,2078,2190,2135,0,51,0,4
2018-03,Immigration,primary,2441,2546,2172,2282,2216,0,61,1,4
2018-04,Immigration,primary,2477,2553,2390,2476,2409,2,60,1,4
2018-05,Immigration,primary,2932,3029,2454,2555,2506,2,44,1,2
2018-06,Immigration,primary,2578,2663,2463,2579,2485,0,88,0,6
2018-07,Immigration,primary,2290,2448,2088,2201,2113,1,87,0,0
2018-08,Immigration,primary,2839,2958,2630,2740,2658,2,77,1,2
2018-09,Immigration,primary,2307,2402,2108,2206,2147,3,49,1,6
2018-10,Immigration,primary,2730,2888,2580,2688,2601,1,77,1,8
2018-11,Immigration,primary,2567,2668,2375,2445,2363,1,79,1,1
2018-12,Immigration,primary,2255,2336,2181,2278,2195,0,80,0,3
2019-01,Immigration,primary,2227,2318,2697,2794,2704,0,85,1,4
2019-02,Immigration,primary,2525,2633,2148,2265,2187,1,68,0,9
2019-03,Immigration,primary,2595,2710,2242,2378,2268,0,98,1,11
2019-04,Immigration,primary,2281,2536,2698,2828,2735,3,85,0,5
2019-05,Immigration,primary,2627,2773,2669,2792,2721,1,65,0,5
2019-06,Immigration,primary,2831,3000,2413,2529,2456,0,66,0,7
2019-07,Immigration,primary,3299,3477,2719,2818,2730,4,74,3,7
2019-08,Immigration,primary,2957,3123,3122,3229,3140,1,83,1,4
2019-09,Immigration,primary,2755,2866,2927,3120,3011,4,96,1,8
2019-10,Immigration,primary,3208,3392,3189,3304,3203,1,90,1,9
2019-11,Immigration,primary,2767,2921,2634,2778,2710,2,63,0,3
2019-12,Immigration,primary,3005,3148,2631,2769,2705,0,60,1,3
2020-01,Immigration,primary,2961,3079,3413,3605,3511,2,90,1,1
2020-02,Immigration,primary,2968,3100,2668,2804,2725,7,64,1,7
2020-03,Immigration,primary,2215,2283,2701,2795,2712,1,70,3,9
2020-04,Immigration,primary,918,958,2029,2078,2021,0,52,1,4
2020-05,Immigration,primary,918,969,1331,1422,1380,1,34,1,6
2020-06,Immigration,primary,992,1032,1696,1782,1725,0,54,0,3
2020-07,Immigration,primary,1036,1153,1043,1107,1064,0,41,0,2
2020-08,Immigration,primary,1021,1076,954,1041,1008,0,31,1,1
2020-09,Immigration,primary,1576,1696,1375,1504,1452,0,49,1,2
2020-10,Immigration,primary,1764,1888,1422,1518,1495,0,21,1,1
2020-11,Immigration,primary,1611,1717,1183,1301,1257,0,42,0,2
2020-12,Immigration,primary,1439,1542,1380,1476,1453,0,23,0,0
2021-01,Immigration,primary,1264,1340,1510,1578,1552,0,24,1,1
2021-02,Immigration,primary,1548,1642,1433,1499,1478,0,20,0,1
2021-03,Immigration,primary,1611,1743,1555,1676,1628,0,46,0,2
2021-04,Immigration,primary,1593,1722,1638,1757,1721,1,28,2,5
2021-05,Immigration,primary,1620,1730,1437,1566,1531,0,29,1,5
2021-06,Immigration,primary,1963,2072,1850,1980,1947,0,28,1,4
2021-07,Immigration,primary,1404,1525,1593,1683,1636,1,42,0,4
2021-08,Immigration,primary,1497,1642,1610,1732,1684,0,47,1,0
2021-09,Immigration,primary,1599,1708,1530,1723,1671,0,50,0,2
2021-10,Immigration,primary,1288,1386,1501,1637,1593,1,38,2,3
2021-11,Immigration,primary,1516,1624,1397,1488,1450,3,33,0,2
2021-12,Immigration,primary,1515,1636,1293,1370,1335,1,34,0,0
2022-01,Immigration,primary,992,1051,1314,1404,1359,0,41,0,4
2022-02,Immigration,primary,1207,1295,1318,1448,1416,0,30,0,2
2022-03,Immigration,primary,1851,1962,1595,1718,1676,0,37,1,4
2022-04,Immigration,primary,1664,1775,1508,1609,1557,2,46,0,4
2022-05,Immigration,primary,1788,1906,1431,1502,1463,1,35,1,2
2022-06,Immigration,primary,2125,2249,1906,2020,1974,0,38,3,5
2022-07,Immigration,primary,1499,1584,1809,1915,1877,1,35,1,1
2022-08,Immigration,primary,1762,1905,1982,2089,2039,4,39,1,6
2022-09,Immigration,primary,1621,1749,1583,1700,1669,1,25,0,5
2022-10,Immigration,primary,1519,1671,1646,1751,1702,2,46,0,1
2022-11,Immigration,primary,1826,1933,1729,1837,1791,1,41,2,2
2022-12,Immigration,primary,1408,1514,1441,1545,1515,0,27,0,3
2023-01,Immigration,primary,1117,1197,1681,1811,1775,0,31,0,5
2023-02,Immigration,primary,1446,1546,1551,1680,1649,0,25,0,6
2023-03,Immigration,primary,2024,2146,1688,1820,1771,0,48,0,1
2023-04,Immigration,primary,1524,1598,1463,1595,1556,0,36,0,3
2023-05,Immigration,primary,1855,2016,1919,2004,1958,1,42,1,2
2023-06,Immigration,primary,1533,1630,1570,1668,1635,0,29,0,4
2023-07,Immigration,primary,1302,1376,1401,1519,1472,1,44,0,2
2023-08,Immigration,primary,1535,1635,1729,1868,1799,4,56,1,8
2023-09,Immigration,primary,1463,1555,1244,1359,1321,0,30,1,7
2023-10,Immigration,primary,1468,1554,1682,1770,1741,0,27,0,2
2023-11,Immigration,primary,1838,1930,1726,1821,1799,0,21,0,1
2023-12,Immigration,primary,1667,1745,1696,1789,1756,1,32,0,0
2024-01,Immigration,primary,1584,1660,2102,2204,2137,2,62,0,3
2024-02,Immigration,primary,1779,1886,1795,1902,1865,0,31,1,5
2024-03,Immigration,primary,1965,2070,1805,1939,1887,0,46,0,6
2024-04,Immigration,primary,2213,2307,2026,2145,2103,0,38,0,4
2024-05,Immigration,primary,2627,2748,2141,2266,2250,1,12,0,3
2024-06,Immigration,primary,2153,2258,1981,2067,2039,1,25,1,1
2024-07,Immigration,primary,2378,2458,2477,2585,2545,1,36,1,2
2024-08,Immigration,primary,2249,2382,2366,2476,2416,2,56,1,1
2024-09,Immigration,primary,2421,2519,2239,2351,2297,0,47,0,7
2024-10,Immigration,primary,2811,2941,2836,2952,2914,1,28,2,7
2024-11,Immigration,primary,2447,2548,2187,2299,2259,1,36,1,2
2024-12,Immigration,primary,2407,2492,2494,2589,2538,1,49,0,1
2025-01,Immigration,primary,2204,2277,2663,2776,2722,0,51,0,3
2025-02,Immigration,primary,2592,2704,2401,2499,2441,0,49,1,8
2025-03,Immigration,primary,2686,2775,2325,2467,2403,2,56,0,6
2025-04,Immigration,primary,3191,3303,2652,2779,2722,1,49,0,7
2025-05,Immigration,primary,3803,3915,3047,3151,3055,1,85,0,10
2025-06,Immigration,primary,3461,3549,2741,2832,2752,3,73,0,4
2025-07,Immigration,primary,2744,2814,3825,3967,3851,3,108,1,4
2025-08,Immigration,primary,2317,2374,3031,3157,3058,0,92,1,6
2025-09,Immigration,primary,3087,3183,2893,2974,2877,2,89,2,4
2025-10,Immigration,primary,3537,3680,3193,3313,3222,0,83,0,8
2025-11,Immigration,primary,2837,2898,2439,2536,2470,1,56,1,8
2025-12,Immigration,primary,2960,3035,2818,2899,2813,1,83,0,2
2026-01,Immigration,primary,2449,2525,2700,2803,2693,0,104,0,6
2026-02,Immigration,primary,2730,2816,2241,2295,2226,0,62,0,7
2026-03,Immigration,primary,3640,3785,2335,2467,2389,1,69,0,8
2026-04,Immigration,primary,4331,4459,2297,2368,2280,0,84,0,4
2026-05,Immigration,primary,3303,3428,1347,1448,1377,2,61,1,7
2026-06,Immigration,primary,3118,3215,880,970,889,2,73,0,6
1994-10,Internal Security Offenses,all,0,0,1,1,1,0,0,0,0
1994-11,Internal Security Offenses,all,0,0,1,1,1,0,0,0,0
1994-12,Internal Security Offenses,all,5,6,2,9,9,0,0,0,0
1995-01,Internal Security Offenses,all,1,1,3,10,3,0,7,0,0
1995-02,Internal Security Offenses,all,0,0,2,3,0,1,2,0,0
1995-03,Internal Security Offenses,all,1,1,4,9,8,0,1,0,0
1995-04,Internal Security Offenses,all,2,2,2,5,5,0,0,0,0
1995-06,Internal Security Offenses,all,2,2,3,3,3,0,0,0,0
1995-07,Internal Security Offenses,all,1,1,0,0,0,0,0,0,0
1995-08,Internal Security Offenses,all,1,1,0,0,0,0,0,0,0
1995-09,Internal Security Offenses,all,1,1,2,2,2,0,0,0,0
1995-11,Internal Security Offenses,all,3,16,0,0,0,0,0,0,0
1995-12,Internal Security Offenses,all,2,12,0,0,0,0,0,0,0
1996-01,Internal Security Offenses,all,3,4,2,2,2,0,0,0,0
1996-02,Internal Security Offenses,all,2,3,3,3,1,0,2,0,0
1996-04,Internal Security Offenses,all,3,5,1,2,0,0,2,0,0
1996-05,Internal Security Offenses,all,2,7,3,4,4,0,0,0,0
1996-06,Internal Security Offenses,all,1,15,0,0,0,0,0,0,0
1996-07,Internal Security Offenses,all,2,3,1,2,2,0,0,0,0
1996-08,Internal Security Offenses,all,2,5,1,1,1,0,0,0,0
1996-09,Internal Security Offenses,all,1,1,1,3,3,0,0,0,0
1996-10,Internal Security Offenses,all,2,2,2,6,6,0,0,0,0
1996-11,Internal Security Offenses,all,2,2,3,3,3,0,0,0,0
1996-12,Internal Security Offenses,all,1,1,0,0,0,0,0,0,0
1997-01,Internal Security Offenses,all,2,2,3,3,3,0,0,0,0
1997-02,Internal Security Offenses,all,2,2,3,11,11,0,0,0,0
1997-03,Internal Security Offenses,all,1,1,0,0,0,0,0,0,0
1997-04,Internal Security Offenses,all,1,5,0,0,0,0,0,0,0
1997-05,Internal Security Offenses,all,2,3,1,1,1,0,0,0,0
1997-06,Internal Security Offenses,all,1,1,0,0,0,0,0,0,0
1997-07,Internal Security Offenses,all,1,2,5,5,5,0,0,0,0
1997-08,Internal Security Offenses,all,0,0,2,3,3,0,0,0,0
1997-09,Internal Security Offenses,all,3,3,3,3,3,0,0,0,0
1997-10,Internal Security Offenses,all,1,1,1,1,1,0,0,0,0
1997-11,Internal Security Offenses,all,4,6,2,4,4,0,0,0,0
1997-12,Internal Security Offenses,all,1,1,0,0,0,0,0,0,0
1998-01,Internal Security Offenses,all,2,2,1,1,1,0,0,0,0
1998-02,Internal Security Offenses,all,1,3,2,2,2,0,0,0,0
1998-03,Internal Security Offenses,all,0,0,2,2,2,0,0,0,0
1998-04,Internal Security Offenses,all,1,1,0,0,0,0,0,0,0
1998-05,Internal Security Offenses,all,1,1,2,2,2,0,0,0,0
1998-07,Internal Security Offenses,all,2,2,3,3,3,0,0,0,0
1998-10,Internal Security Offenses,all,2,2,1,1,0,0,0,1,0
1998-11,Internal Security Offenses,all,3,3,1,5,5,0,0,0,0
1998-12,Internal Security Offenses,all,1,1,1,1,0,1,0,0,0
1999-01,Internal Security Offenses,all,1,1,1,3,3,0,0,0,0
1999-02,Internal Security Offenses,all,2,2,3,5,5,0,0,0,0
1999-03,Internal Security Offenses,all,0,0,1,2,2,0,0,0,0
1999-04,Internal Security Offenses,all,3,3,2,2,1,0,1,0,0
1999-05,Internal Security Offenses,all,5,5,0,0,0,0,0,0,0
1999-06,Internal Security Offenses,all,1,1,1,1,1,0,0,0,0
1999-07,Internal Security Offenses,all,3,3,2,2,2,0,0,0,0
1999-08,Internal Security Offenses,all,2,2,2,7,7,0,0,0,0
1999-09,Internal Security Offenses,all,0,0,2,2,2,0,0,0,0
1999-10,Internal Security Offenses,all,2,3,4,4,4,0,0,0,0
1999-11,Internal Security Offenses,all,0,0,2,2,2,0,0,0,0
1999-12,Internal Security Offenses,all,2,2,0,0,0,0,0,0,0
2000-01,Internal Security Offenses,all,0,0,2,2,2,0,0,0,0
2000-04,Internal Security Offenses,all,1,1,0,0,0,0,0,0,0
2000-05,Internal Security Offenses,all,1,1,0,0,0,0,0,0,0
2000-06,Internal Security Offenses,all,1,1,2,2,2,0,0,0,0
2000-07,Internal Security Offenses,all,0,0,1,2,2,0,0,0,0
2000-08,Internal Security Offenses,all,1,2,1,4,4,0,0,0,0
2000-09,Internal Security Offenses,all,1,1,3,3,3,0,0,0,0
2000-10,Internal Security Offenses,all,1,1,0,0,0,0,0,0,0
2000-11,Internal Security Offenses,all,1,6,0,0,0,0,0,0,0
2001-01,Internal Security Offenses,all,1,1,1,14,14,0,0,0,0
2001-02,Internal Security Offenses,all,1,1,2,2,1,0,1,0,0
2001-03,Internal Security Offenses,all,0,0,2,2,1,0,1,0,0
2001-05,Internal Security Offenses,all,2,2,1,1,1,0,0,0,0
2001-06,Internal Security Offenses,all,1,2,3,3,2,0,0,1,0
2001-07,Internal Security Offenses,all,1,1,2,3,3,0,0,0,0
2001-08,Internal Security Offenses,all,3,6,0,0,0,0,0,0,0
2001-09,Internal Security Offenses,all,1,1,0,0,0,0,0,0,0
2001-10,Internal Security Offenses,all,2,2,3,3,2,0,1,0,0
2001-11,Internal Security Offenses,all,1,1,0,0,0,0,0,0,0
2001-12,Internal Security Offenses,all,2,3,1,6,6,0,0,0,0
2002-01,Internal Security Offenses,all,1,1,2,5,5,0,0,0,0
2002-02,Internal Security Offenses,all,2,2,2,2,1,0,0,1,0
2002-03,Internal Security Offenses,all,1,1,1,1,1,0,0,0,0
2002-04,Internal Security Offenses,all,0,0,4,4,4,0,0,0,0
2002-05,Internal Security Offenses,all,1,1,1,1,1,0,0,0,0
2002-06,Internal Security Offenses,all,1,1,1,1,1,0,0,0,0
2002-07,Internal Security Offenses,all,4,6,1,1,1,0,0,0,0
2002-08,Internal Security Offenses,all,4,4,0,0,0,0,0,0,0
2002-09,Internal Security Offenses,all,1,1,0,0,0,0,0,0,0
2002-10,Internal Security Offenses,all,0,0,1,1,1,0,0,0,0
2002-11,Internal Security Offenses,all,0,0,4,4,3,0,1,0,0
2002-12,Internal Security Offenses,all,3,6,4,5,5,0,0,0,0
2003-01,Internal Security Offenses,all,0,0,1,4,4,0,0,0,0
2003-02,Internal Security Offenses,all,2,5,4,4,4,0,0,0,0
2003-03,Internal Security Offenses,all,1,1,1,1,1,0,0,0,0
2003-04,Internal Security Offenses,all,1,19,0,0,0,0,0,0,0
2003-05,Internal Security Offenses,all,4,4,0,0,0,0,0,0,0
2003-06,Internal Security Offenses,all,1,3,1,1,1,0,0,0,0
2003-07,Internal Security Offenses,all,1,1,1,1,0,0,1,0,0
2003-08,Internal Security Offenses,all,3,3,2,3,3,0,0,0,0
2003-09,Internal Security Offenses,all,1,1,0,0,0,0,0,0,0
2003-10,Internal Security Offenses,all,3,4,0,0,0,0,0,0,0
2003-11,Internal Security Offenses,all,2,3,2,2,2,0,0,0,0
2003-12,Internal Security Offenses,all,1,1,2,3,3,0,0,0,0
2004-01,Internal Security Offenses,all,0,0,4,4,4,0,0,0,0
2004-03,Internal Security Offenses,all,3,6,2,3,1,0,2,0,0
2004-04,Internal Security Offenses,all,9,9,4,4,1,0,3,0,0
2004-05,Internal Security Offenses,all,2,4,5,5,0,0,5,0,0
2004-06,Internal Security Offenses,all,4,6,2,3,2,1,0,0,0
2004-07,Internal Security Offenses,all,2,2,0,0,0,0,0,0,0
2004-08,Internal Security Offenses,all,4,10,1,1,1,0,0,0,0
2004-09,Internal Security Offenses,all,0,0,1,1,1,0,0,0,0
2004-10,Internal Security Offenses,all,0,0,3,5,5,0,0,0,0
2004-11,Internal Security Offenses,all,4,5,3,5,3,2,0,0,0
2004-12,Internal Security Offenses,all,1,3,2,2,2,0,0,0,0
2005-01,Internal Security Offenses,all,2,21,1,1,1,0,0,0,0
2005-02,Internal Security Offenses,all,2,2,0,0,0,0,0,0,0
2005-03,Internal Security Offenses,all,2,2,1,1,1,0,0,0,0
2005-04,Internal Security Offenses,all,0,0,2,20,20,0,0,0,0
2005-05,Internal Security Offenses,all,3,8,1,1,1,0,0,0,0
2005-06,Internal Security Offenses,all,0,0,4,5,5,0,0,0,0
2005-07,Internal Security Offenses,all,0,0,3,4,4,0,0,0,0
2005-09,Internal Security Offenses,all,1,1,1,1,1,0,0,0,0
2005-10,Internal Security Offenses,all,3,6,1,2,0,0,2,0,0
2005-12,Internal Security Offenses,all,2,3,1,1,1,0,0,0,0
2006-01,Internal Security Offenses,all,2,3,2,3,3,0,0,0,0
2006-02,Internal Security Offenses,all,2,2,2,2,2,0,0,0,0
2006-03,Internal Security Offenses,all,1,4,1,1,1,0,0,0,0
2006-04,Internal Security Offenses,all,3,3,0,0,0,0,0,0,0
2006-05,Internal Security Offenses,all,3,3,0,0,0,0,0,0,0
2006-06,Internal Security Offenses,all,1,1,2,2,1,0,1,0,0
2006-07,Internal Security Offenses,all,2,2,0,0,0,0,0,0,0
2006-08,Internal Security Offenses,all,1,1,3,5,5,0,0,0,0
2006-09,Internal Security Offenses,all,2,2,4,5,5,0,0,0,0
2006-10,Internal Security Offenses,all,1,1,3,6,6,0,0,0,0
2006-11,Internal Security Offenses,all,0,0,1,4,0,4,0,0,0
2006-12,Internal Security Offenses,all,2,3,1,1,1,0,0,0,0
2007-01,Internal Security Offenses,all,0,0,2,2,2,0,0,0,0
2007-02,Internal Security Offenses,all,0,0,1,2,2,0,0,0,0
2007-03,Internal Security Offenses,all,4,8,2,7,0,0,7,0,0
2007-04,Internal Security Offenses,all,4,4,1,1,1,0,0,0,0
2007-05,Internal Security Offenses,all,2,2,2,2,1,1,0,0,0
2007-06,Internal Security Offenses,all,1,1,2,3,3,0,0,0,0
2007-07,Internal Security Offenses,all,1,1,4,5,5,0,0,0,0
2007-08,Internal Security Offenses,all,2,2,0,0,0,0,0,0,0
2007-09,Internal Security Offenses,all,2,4,0,0,0,0,0,0,0
2007-10,Internal Security Offenses,all,1,1,3,6,6,0,0,0,0
2007-11,Internal Security Offenses,all,2,2,1,1,0,0,1,0,0
2007-12,Internal Security Offenses,all,2,2,3,5,5,0,0,0,0
2008-01,Internal Security Offenses,all,3,3,0,0,0,0,0,0,0
2008-02,Internal Security Offenses,all,0,0,2,4,4,0,0,0,0
2008-03,Internal Security Offenses,all,6,23,2,2,2,0,0,0,0
2008-04,Internal Security Offenses,all,0,0,5,5,5,0,0,0,0
2008-05,Internal Security Offenses,all,1,2,1,1,1,0,0,0,0
2008-06,Internal Security Offenses,all,0,0,3,5,5,0,0,0,0
2008-07,Internal Security Offenses,all,0,0,2,2,2,0,0,0,0
2008-08,Internal Security Offenses,all,3,5,2,3,3,0,0,0,0
2008-09,Internal Security Offenses,all,4,4,1,1,1,0,0,0,0
2008-10,Internal Security Offenses,all,1,1,0,0,0,0,0,0,0
2008-11,Internal Security Offenses,all,1,1,1,1,1,0,0,0,0
2008-12,Internal Security Offenses,all,2,2,1,1,1,0,0,0,0
2009-01,Internal Security Offenses,all,6,8,0,0,0,0,0,0,0
2009-02,Internal Security Offenses,all,1,3,2,2,1,1,0,0,0
2009-03,Internal Security Offenses,all,4,6,1,1,1,0,0,0,0
2009-04,Internal Security Offenses,all,2,2,1,1,1,0,0,0,0
2009-05,Internal Security Offenses,all,0,0,2,4,4,0,0,0,0
2009-06,Internal Security Offenses,all,4,5,3,3,2,0,1,0,0
2009-07,Internal Security Offenses,all,3,3,2,2,2,0,0,0,0
2009-08,Internal Security Offenses,all,1,1,0,0,0,0,0,0,0
2009-09,Internal Security Offenses,all,3,3,2,3,3,0,0,0,0
2009-10,Internal Security Offenses,all,1,1,2,2,1,0,1,0,0
2009-12,Internal Security Offenses,all,1,1,0,0,0,0,0,0,0
2010-01,Internal Security Offenses,all,2,3,4,5,5,0,0,0,0
2010-02,Internal Security Offenses,all,1,1,2,4,4,0,0,0,0
2010-03,Internal Security Offenses,all,1,1,0,0,0,0,0,0,0
2010-04,Internal Security Offenses,all,2,3,2,2,1,0,1,0,0
2010-05,Internal Security Offenses,all,0,0,3,3,3,0,0,0,0
2010-06,Internal Security Offenses,all,4,4,1,1,0,1,0,0,0
2010-07,Internal Security Offenses,all,1,11,0,0,0,0,0,0,0
2010-08,Internal Security Offenses,all,2,2,1,2,2,0,0,0,0
2010-09,Internal Security Offenses,all,2,13,3,3,3,0,0,0,0
2010-10,Internal Security Offenses,all,1,1,2,2,2,0,0,0,0
2010-11,Internal Security Offenses,all,1,9,0,0,0,0,0,0,0
2010-12,Internal Security Offenses,all,2,3,1,1,1,0,0,0,0
2011-01,Internal Security Offenses,all,2,2,4,6,5,0,1,0,0
2011-02,Internal Security Offenses,all,3,3,0,0,0,0,0,0,0
2011-03,Internal Security Offenses,all,1,1,2,2,2,0,0,0,0
2011-04,Internal Security Offenses,all,2,2,1,1,1,0,0,0,0
2011-05,Internal Security Offenses,all,4,5,0,0,0,0,0,0,0
2011-06,Internal Security Offenses,all,1,1,1,1,1,0,0,0,0
2011-07,Internal Security Offenses,all,1,1,2,2,2,0,0,0,0
2011-08,Internal Security Offenses,all,0,0,2,2,1,0,1,0,0
2011-09,Internal Security Offenses,all,0,0,1,1,1,0,0,0,0
2011-10,Internal Security Offenses,all,0,0,1,2,2,0,0,0,0
2011-11,Internal Security Offenses,all,2,2,1,1,1,0,0,0,0
2011-12,Internal Security Offenses,all,1,1,1,1,1,0,0,0,0
2012-01,Internal Security Offenses,all,1,1,0,0,0,0,0,0,0
2012-02,Internal Security Offenses,all,0,0,1,1,1,0,0,0,0
2012-03,Internal Security Offenses,all,0,0,2,2,2,0,0,0,0
2012-04,Internal Security Offenses,all,4,6,3,3,2,0,1,0,0
2012-05,Internal Security Offenses,all,1,1,1,1,1,0,0,0,0
2012-06,Internal Security Offenses,all,1,1,1,1,1,0,0,0,0
2012-07,Internal Security Offenses,all,1,1,2,2,2,0,0,0,0
2012-08,Internal Security Offenses,all,2,2,1,1,1,0,0,0,0
2012-09,Internal Security Offenses,all,0,0,1,1,1,0,0,0,0
2012-10,Internal Security Offenses,all,5,5,2,2,2,0,0,0,0
2012-11,Internal Security Offenses,all,2,3,0,0,0,0,0,0,0
2012-12,Internal Security Offenses,all,3,3,0,0,0,0,0,0,0
2013-01,Internal Security Offenses,all,0,0,4,4,3,1,0,0,0
2013-02,Internal Security Offenses,all,1,1,2,2,2,0,0,0,0
2013-03,Internal Security Offenses,all,2,5,0,0,0,0,0,0,0
2013-04,Internal Security Offenses,all,1,1,2,3,3,0,0,0,0
2013-05,Internal Security Offenses,all,4,6,2,10,10,0,0,0,0
2013-06,Internal Security Offenses,all,2,2,1,3,3,0,0,0,0
2013-07,Internal Security Offenses,all,1,1,1,1,0,0,1,0,0
2013-08,Internal Security Offenses,all,0,0,1,1,1,0,0,0,0
2013-09,Internal Security Offenses,all,2,2,1,1,1,0,0,0,0
2013-10,Internal Security Offenses,all,2,2,1,1,0,0,1,0,0
2013-11,Internal Security Offenses,all,2,3,2,2,2,0,0,0,0
2013-12,Internal Security Offenses,all,3,6,1,1,1,0,0,0,0
2014-01,Internal Security Offenses,all,1,1,2,5,5,0,0,0,0
2014-02,Internal Security Offenses,all,1,2,4,5,5,0,0,0,0
2014-03,Internal Security Offenses,all,2,2,3,4,4,0,0,0,0
2014-04,Internal Security Offenses,all,0,0,2,2,1,0,1,0,0
2014-05,Internal Security Offenses,all,0,0,3,4,4,0,0,0,0
2014-07,Internal Security Offenses,all,0,0,2,2,2,0,0,0,0
2014-08,Internal Security Offenses,all,2,3,1,1,1,0,0,0,0
2014-09,Internal Security Offenses,all,2,2,4,5,5,0,0,0,0
2014-10,Internal Security Offenses,all,4,7,1,1,1,0,0,0,0
2014-11,Internal Security Offenses,all,3,3,1,1,1,0,0,0,0
2014-12,Internal Security Offenses,all,3,3,0,0,0,0,0,0,0
2015-01,Internal Security Offenses,all,0,0,2,4,4,0,0,0,0
2015-02,Internal Security Offenses,all,2,2,3,3,3,0,0,0,0
2015-03,Internal Security Offenses,all,1,1,1,1,1,0,0,0,0
2015-04,Internal Security Offenses,all,1,1,0,0,0,0,0,0,0
2015-05,Internal Security Offenses,all,1,2,2,2,1,1,0,0,0
2015-06,Internal Security Offenses,all,0,0,2,2,1,1,0,0,0
2015-07,Internal Security Offenses,all,4,4,1,1,1,0,0,0,0
2015-08,Internal Security Offenses,all,1,3,1,1,1,0,0,0,0
2015-10,Internal Security Offenses,all,0,0,4,5,5,0,0,0,0
2015-11,Internal Security Offenses,all,1,2,1,1,1,0,0,0,0
2015-12,Internal Security Offenses,all,2,7,0,0,0,0,0,0,0
2016-01,Internal Security Offenses,all,2,2,5,7,7,0,0,0,0
2016-02,Internal Security Offenses,all,1,1,1,4,4,0,0,0,0
2016-03,Internal Security Offenses,all,0,0,3,6,6,0,0,0,0
2016-05,Internal Security Offenses,all,1,1,2,5,5,0,0,0,0
2016-06,Internal Security Offenses,all,1,5,0,0,0,0,0,0,0
2016-07,Internal Security Offenses,all,0,0,2,2,1,0,1,0,0
2016-08,Internal Security Offenses,all,3,4,1,4,4,0,0,0,0
2016-09,Internal Security Offenses,all,0,0,2,2,2,0,0,0,0
2016-10,Internal Security Offenses,all,2,10,2,14,14,0,0,0,0
2016-11,Internal Security Offenses,all,0,0,1,1,1,0,0,0,0
2016-12,Internal Security Offenses,all,0,0,1,1,1,0,0,0,0
2017-01,Internal Security Offenses,all,1,1,3,3,3,0,0,0,0
2017-02,Internal Security Offenses,all,3,4,0,0,0,0,0,0,0
2017-03,Internal Security Offenses,all,1,1,0,0,0,0,0,0,0
2017-04,Internal Security Offenses,all,1,1,0,0,0,0,0,0,0
2017-06,Internal Security Offenses,all,2,2,1,1,1,0,0,0,0
2017-07,Internal Security Offenses,all,2,2,1,1,1,0,0,0,0
2017-09,Internal Security Offenses,all,2,2,1,1,1,0,0,0,0
2017-10,Internal Security Offenses,all,1,1,0,0,0,0,0,0,0
2017-11,Internal Security Offenses,all,3,5,1,1,1,0,0,0,0
2017-12,Internal Security Offenses,all,0,0,1,1,1,0,0,0,0
2018-01,Internal Security Offenses,all,0,0,2,3,3,0,0,0,0
2018-03,Internal Security Offenses,all,2,2,1,1,1,0,0,0,0
2018-04,Internal Security Offenses,all,4,5,0,0,0,0,0,0,0
2018-05,Internal Security Offenses,all,3,5,1,2,2,0,0,0,0
2018-06,Internal Security Offenses,all,3,3,1,1,1,0,0,0,0
2018-07,Internal Security Offenses,all,3,3,1,1,1,0,0,0,0
2018-08,Internal Security Offenses,all,2,28,2,2,2,0,0,0,0
2018-09,Internal Security Offenses,all,3,5,1,1,1,0,0,0,0
2018-10,Internal Security Offenses,all,4,4,1,1,0,0,1,0,0
2018-11,Internal Security Offenses,all,1,1,1,1,1,0,0,0,0
2018-12,Internal Security Offenses,all,2,3,0,0,0,0,0,0,0
2019-01,Internal Security Offenses,all,3,8,1,1,1,0,0,0,0
2019-02,Internal Security Offenses,all,2,2,1,1,1,0,0,0,0
2019-03,Internal Security Offenses,all,5,6,0,0,0,0,0,0,0
2019-04,Internal Security Offenses,all,3,4,3,4,4,0,0,0,0
2019-05,Internal Security Offenses,all,2,2,2,2,2,0,0,0,0
2019-06,Internal Security Offenses,all,2,2,1,1,1,0,0,0,0
2019-07,Internal Security Offenses,all,2,2,4,5,4,1,0,0,0
2019-08,Internal Security Offenses,all,2,3,1,1,1,0,0,0,0
2019-09,Internal Security Offenses,all,2,2,2,2,1,1,0,0,0
2019-10,Internal Security Offenses,all,2,7,3,29,26,0,1,2,0
2019-11,Internal Security Offenses,all,3,7,3,3,3,0,0,0,0
2019-12,Internal Security Offenses,all,2,9,4,4,3,1,0,0,0
2020-01,Internal Security Offenses,all,2,2,5,12,12,0,0,0,0
2020-02,Internal Security Offenses,all,0,0,3,3,3,0,0,0,0
2020-03,Internal Security Offenses,all,1,1,1,1,1,0,0,0,0
2020-04,Internal Security Offenses,all,1,1,0,0,0,0,0,0,0
2020-05,Internal Security Offenses,all,2,2,1,1,1,0,0,0,0
2020-06,Internal Security Offenses,all,5,5,0,0,0,0,0,0,0
2020-07,Internal Security Offenses,all,3,3,3,3,2,0,1,0,0
2020-08,Internal Security Offenses,all,6,6,5,5,2,0,1,1,1
2020-09,Internal Security Offenses,all,3,4,0,0,0,0,0,0,0
2020-10,Internal Security Offenses,all,5,9,1,2,2,0,0,0,0
2020-11,Internal Security Offenses,all,1,1,1,1,1,0,0,0,0
2020-12,Internal Security Offenses,all,5,9,1,1,0,0,1,0,0
2021-01,Internal Security Offenses,all,15,56,1,1,1,0,0,0,0
2021-02,Internal Security Offenses,all,55,67,5,21,3,0,4,0,14
2021-03,Internal Security Offenses,all,52,81,4,12,10,0,2,0,0
2021-04,Internal Security Offenses,all,49,68,2,2,2,0,0,0,0
2021-05,Internal Security Offenses,all,30,45,1,1,1,0,0,0,0
2021-06,Internal Security Offenses,all,40,48,5,5,4,0,0,0,1
2021-07,Internal Security Offenses,all,29,40,10,12,5,0,7,0,0
2021-08,Internal Security Offenses,all,31,40,2,4,4,0,0,0,0
2021-09,Internal Security Offenses,all,38,54,10,11,7,0,3,0,1
2021-10,Internal Security Offenses,all,24,29,13,17,17,0,0,0,0
2021-11,Internal Security Offenses,all,25,28,14,15,14,0,1,0,0
2021-12,Internal Security Offenses,all,29,37,16,19,19,0,0,0,0
2022-01,Internal Security Offenses,all,23,43,13,16,11,0,3,0,2
2022-02,Internal Security Offenses,all,17,22,8,10,10,0,0,0,0
2022-03,Internal Security Offenses,all,20,25,19,26,24,1,0,0,1
2022-04,Internal Security Offenses,all,19,29,19,24,23,1,0,0,0
2022-05,Internal Security Offenses,all,16,21,10,11,11,0,0,0,0
2022-06,Internal Security Offenses,all,16,23,16,19,19,0,0,0,0
2022-07,Internal Security Offenses,all,11,23,17,25,25,0,0,0,0
2022-08,Internal Security Offenses,all,11,13,19,21,21,0,0,0,0
2022-09,Internal Security Offenses,all,21,30,20,26,26,0,0,0,0
2022-10,Internal Security Offenses,all,14,21,11,20,19,0,0,1,0
2022-11,Internal Security Offenses,all,13,19,15,20,18,1,1,0,0
2022-12,Internal Security Offenses,all,7,8,20,29,27,0,1,0,1
2023-01,Internal Security Offenses,all,23,27,20,24,23,0,1,0,0
2023-02,Internal Security Offenses,all,16,26,23,29,26,0,2,0,1
2023-03,Internal Security Offenses,all,26,32,20,27,25,0,2,0,0
2023-04,Internal Security Offenses,all,12,20,23,26,26,0,0,0,0
2023-05,Internal Security Offenses,all,24,29,21,33,29,0,1,0,3
2023-06,Internal Security Offenses,all,14,20,31,39,34,1,2,0,2
2023-07,Internal Security Offenses,all,31,40,24,31,30,0,1,0,0
2023-08,Internal Security Offenses,all,34,43,13,19,19,0,0,0,0
2023-09,Internal Security Offenses,all,20,23,40,52,51,0,1,0,0
2023-10,Internal Security Offenses,all,17,19,19,24,20,0,2,0,2
2023-11,Internal Security Offenses,all,15,26,16,20,19,0,1,0,0
2023-12,Internal Security Offenses,all,24,35,12,13,12,0,1,0,0
2024-01,Internal Security Offenses,all,23,24,23,29,29,0,0,0,0
2024-02,Internal Security Offenses,all,34,44,30,37,37,0,0,0,0
2024-03,Internal Security Offenses,all,26,34,16,22,22,0,0,0,0
2024-04,Internal Security Offenses,all,27,35,33,39,39,0,0,0,0
2024-05,Internal Security Offenses,all,27,31,19,30,27,0,2,1,0
2024-06,Internal Security Offenses,all,24,27,17,20,19,0,1,0,0
2024-07,Internal Security Offenses,all,24,28,21,24,24,0,0,0,0
2024-08,Internal Security Offenses,all,28,38,16,18,18,0,0,0,0
2024-09,Internal Security Offenses,all,21,25,9,13,12,1,0,0,0
2024-10,Internal Security Offenses,all,25,30,10,17,17,0,0,0,0
2024-11,Internal Security Offenses,all,29,35,12,15,15,0,0,0,0
2024-12,Internal Security Offenses,all,14,17,12,30,30,0,0,0,0
2025-01,Internal Security Offenses,all,15,16,22,25,9,0,16,0,0
2025-02,Internal Security Offenses,all,8,11,4,5,2,2,1,0,0
2025-03,Internal Security Offenses,all,6,7,4,4,3,0,1,0,0
2025-04,Internal Security Offenses,all,3,3,3,4,2,0,2,0,0
2025-05,Internal Security Offenses,all,1,3,1,1,1,0,0,0,0
2025-06,Internal Security Offenses,all,10,19,5,5,3,0,2,0,0
2025-07,Internal Security Offenses,all,5,7,2,2,1,0,1,0,0
2025-08,Internal Security Offenses,all,4,4,2,2,2,0,0,0,0
2025-09,Internal Security Offenses,all,2,2,5,6,6,0,0,0,0
2025-10,Internal Security Offenses,all,3,3,7,9,7,0,2,0,0
2025-11,Internal Security Offenses,all,5,6,2,2,2,0,0,0,0
2025-12,Internal Security Offenses,all,7,7,3,3,3,0,0,0,0
2026-01,Internal Security Offenses,all,5,15,0,0,0,0,0,0,0
2026-02,Internal Security Offenses,all,1,1,3,3,3,0,0,0,0
2026-03,Internal Security Offenses,all,5,8,6,7,6,0,1,0,0
2026-04,Internal Security Offenses,all,10,12,2,2,2,0,0,0,0
2026-05,Internal Security Offenses,all,3,3,0,0,0,0,0,0,0
2026-06,Internal Security Offenses,all,5,6,3,3,3,0,0,0,0
1994-10,Internal Security Offenses,primary,0,0,1,1,1,0,0,0,0
1994-11,Internal Security Offenses,primary,0,0,1,1,1,0,0,0,0
1994-12,Internal Security Offenses,primary,5,6,2,9,9,0,0,0,0
1995-01,Internal Security Offenses,primary,1,1,3,10,3,0,7,0,0
1995-02,Internal Security Offenses,primary,0,0,2,3,0,1,2,0,0
1995-03,Internal Security Offenses,primary,1,1,4,9,8,0,1,0,0
1995-04,Internal Security Offenses,primary,2,2,2,5,5,0,0,0,0
1995-06,Internal Security Offenses,primary,2,2,3,3,3,0,0,0,0
1995-07,Internal Security Offenses,primary,1,1,0,0,0,0,0,0,0
1995-08,Internal Security Offenses,primary,1,1,0,0,0,0,0,0,0
1995-09,Internal Security Offenses,primary,1,1,2,2,2,0,0,0,0
1995-11,Internal Security Offenses,primary,3,16,0,0,0,0,0,0,0
1995-12,Internal Security Offenses,primary,2,12,0,0,0,0,0,0,0
1996-01,Internal Security Offenses,primary,2,2,2,2,2,0,0,0,0
1996-02,Internal Security Offenses,primary,2,3,3,3,1,0,2,0,0
1996-04,Internal Security Offenses,primary,3,5,0,0,0,0,0,0,0
1996-05,Internal Security Offenses,primary,2,7,3,4,4,0,0,0,0
1996-07,Internal Security Offenses,primary,2,3,1,2,2,0,0,0,0
1996-08,Internal Security Offenses,primary,2,5,1,1,1,0,0,0,0
1996-09,Internal Security Offenses,primary,1,1,1,3,3,0,0,0,0
1996-10,Internal Security Offenses,primary,2,2,2,6,6,0,0,0,0
1996-11,Internal Security Offenses,primary,2,2,3,3,3,0,0,0,0
1996-12,Internal Security Offenses,primary,1,1,0,0,0,0,0,0,0
1997-01,Internal Security Offenses,primary,2,2,3,3,3,0,0,0,0
1997-02,Internal Security Offenses,primary,2,2,3,11,11,0,0,0,0
1997-03,Internal Security Offenses,primary,1,1,0,0,0,0,0,0,0
1997-04,Internal Security Offenses,primary,1,5,0,0,0,0,0,0,0
1997-05,Internal Security Offenses,primary,2,3,1,1,1,0,0,0,0
1997-06,Internal Security Offenses,primary,1,1,0,0,0,0,0,0,0
1997-07,Internal Security Offenses,primary,1,2,5,5,5,0,0,0,0
1997-08,Internal Security Offenses,primary,0,0,1,1,1,0,0,0,0
1997-09,Internal Security Offenses,primary,3,3,3,3,3,0,0,0,0
1997-10,Internal Security Offenses,primary,1,1,1,1,1,0,0,0,0
1997-11,Internal Security Offenses,primary,4,6,2,4,4,0,0,0,0
1997-12,Internal Security Offenses,primary,1,1,0,0,0,0,0,0,0
1998-01,Internal Security Offenses,primary,2,2,1,1,1,0,0,0,0
1998-02,Internal Security Offenses,primary,1,3,2,2,2,0,0,0,0
1998-03,Internal Security Offenses,primary,0,0,2,2,2,0,0,0,0
1998-04,Internal Security Offenses,primary,1,1,0,0,0,0,0,0,0
1998-05,Internal Security Offenses,primary,1,1,2,2,2,0,0,0,0
1998-07,Internal Security Offenses,primary,2,2,3,3,3,0,0,0,0
1998-10,Internal Security Offenses,primary,2,2,1,1,0,0,0,1,0
1998-11,Internal Security Offenses,primary,3,3,1,5,5,0,0,0,0
1998-12,Internal Security Offenses,primary,1,1,1,1,0,1,0,0,0
1999-01,Internal Security Offenses,primary,1,1,1,3,3,0,0,0,0
1999-02,Internal Security Offenses,primary,2,2,3,5,5,0,0,0,0
1999-03,Internal Security Offenses,primary,0,0,1,2,2,0,0,0,0
1999-04,Internal Security Offenses,primary,3,3,2,2,1,0,1,0,0
1999-05,Internal Security Offenses,primary,5,5,0,0,0,0,0,0,0
1999-06,Internal Security Offenses,primary,1,1,1,1,1,0,0,0,0
1999-07,Internal Security Offenses,primary,3,3,2,2,2,0,0,0,0
1999-08,Internal Security Offenses,primary,2,2,2,7,7,0,0,0,0
1999-09,Internal Security Offenses,primary,0,0,2,2,2,0,0,0,0
1999-10,Internal Security Offenses,primary,2,3,4,4,4,0,0,0,0
1999-11,Internal Security Offenses,primary,0,0,2,2,2,0,0,0,0
1999-12,Internal Security Offenses,primary,2,2,0,0,0,0,0,0,0
2000-01,Internal Security Offenses,primary,0,0,2,2,2,0,0,0,0
2000-04,Internal Security Offenses,primary,1,1,0,0,0,0,0,0,0
2000-05,Internal Security Offenses,primary,1,1,0,0,0,0,0,0,0
2000-06,Internal Security Offenses,primary,1,1,2,2,2,0,0,0,0
2000-07,Internal Security Offenses,primary,0,0,1,2,2,0,0,0,0
2000-08,Internal Security Offenses,primary,1,2,1,4,4,0,0,0,0
2000-09,Internal Security Offenses,primary,1,1,3,3,3,0,0,0,0
2000-10,Internal Security Offenses,primary,1,1,0,0,0,0,0,0,0
2001-01,Internal Security Offenses,primary,1,1,1,14,14,0,0,0,0
2001-02,Internal Security Offenses,primary,1,1,2,2,1,0,1,0,0
2001-03,Internal Security Offenses,primary,0,0,2,2,1,0,1,0,0
2001-05,Internal Security Offenses,primary,2,2,1,1,1,0,0,0,0
2001-06,Internal Security Offenses,primary,1,2,3,3,2,0,0,1,0
2001-07,Internal Security Offenses,primary,1,1,2,3,3,0,0,0,0
2001-08,Internal Security Offenses,primary,2,4,0,0,0,0,0,0,0
2001-10,Internal Security Offenses,primary,2,2,3,3,2,0,1,0,0
2001-11,Internal Security Offenses,primary,1,1,0,0,0,0,0,0,0
2001-12,Internal Security Offenses,primary,2,3,0,0,0,0,0,0,0
2002-01,Internal Security Offenses,primary,1,1,2,5,5,0,0,0,0
2002-02,Internal Security Offenses,primary,1,1,2,2,1,0,0,1,0
2002-03,Internal Security Offenses,primary,1,1,1,1,1,0,0,0,0
2002-04,Internal Security Offenses,primary,0,0,3,3,3,0,0,0,0
2002-05,Internal Security Offenses,primary,1,1,1,1,1,0,0,0,0
2002-06,Internal Security Offenses,primary,1,1,1,1,1,0,0,0,0
2002-07,Internal Security Offenses,primary,1,2,1,1,1,0,0,0,0
2002-08,Internal Security Offenses,primary,4,4,0,0,0,0,0,0,0
2002-09,Internal Security Offenses,primary,1,1,0,0,0,0,0,0,0
2002-10,Internal Security Offenses,primary,0,0,1,1,1,0,0,0,0
2002-11,Internal Security Offenses,primary,0,0,4,4,3,0,1,0,0
2002-12,Internal Security Offenses,primary,3,6,3,4,4,0,0,0,0
2003-01,Internal Security Offenses,primary,0,0,1,4,4,0,0,0,0
2003-02,Internal Security Offenses,primary,1,2,2,2,2,0,0,0,0
2003-03,Internal Security Offenses,primary,1,1,1,1,1,0,0,0,0
2003-04,Internal Security Offenses,primary,1,19,0,0,0,0,0,0,0
2003-05,Internal Security Offenses,primary,3,3,0,0,0,0,0,0,0
2003-06,Internal Security Offenses,primary,1,3,1,1,1,0,0,0,0
2003-07,Internal Security Offenses,primary,1,1,1,1,0,0,1,0,0
2003-08,Internal Security Offenses,primary,3,3,2,3,3,0,0,0,0
2003-09,Internal Security Offenses,primary,1,1,0,0,0,0,0,0,0
2003-10,Internal Security Offenses,primary,3,4,0,0,0,0,0,0,0
2003-11,Internal Security Offenses,primary,2,3,2,2,2,0,0,0,0
2003-12,Internal Security Offenses,primary,1,1,1,1,1,0,0,0,0
2004-01,Internal Security Offenses,primary,0,0,4,4,4,0,0,0,0
2004-03,Internal Security Offenses,primary,3,6,2,3,1,0,2,0,0
2004-04,Internal Security Offenses,primary,9,9,4,4,1,0,3,0,0
2004-05,Internal Security Offenses,primary,2,4,5,5,0,0,5,0,0
2004-06,Internal Security Offenses,primary,4,6,1,1,0,1,0,0,0
2004-07,Internal Security Offenses,primary,2,2,0,0,0,0,0,0,0
2004-08,Internal Security Offenses,primary,3,3,1,1,1,0,0,0,0
2004-09,Internal Security Offenses,primary,0,0,1,1,1,0,0,0,0
2004-10,Internal Security Offenses,primary,0,0,3,5,5,0,0,0,0
2004-11,Internal Security Offenses,primary,3,3,3,5,3,2,0,0,0
2004-12,Internal Security Offenses,primary,1,3,2,2,2,0,0,0,0
2005-01,Internal Security Offenses,primary,2,21,1,1,1,0,0,0,0
2005-02,Internal Security Offenses,primary,2,2,0,0,0,0,0,0,0
2005-03,Internal Security Offenses,primary,2,2,1,1,1,0,0,0,0
2005-04,Internal Security Offenses,primary,0,0,2,20,20,0,0,0,0
2005-05,Internal Security Offenses,primary,3,8,1,1,1,0,0,0,0
2005-06,Internal Security Offenses,primary,0,0,4,5,5,0,0,0,0
2005-07,Internal Security Offenses,primary,0,0,1,1,1,0,0,0,0
2005-09,Internal Security Offenses,primary,1,1,1,1,1,0,0,0,0
2005-10,Internal Security Offenses,primary,3,6,1,2,0,0,2,0,0
2005-12,Internal Security Offenses,primary,2,3,1,1,1,0,0,0,0
2006-01,Internal Security Offenses,primary,2,3,2,3,3,0,0,0,0
2006-02,Internal Security Offenses,primary,2,2,2,2,2,0,0,0,0
2006-03,Internal Security Offenses,primary,1,4,1,1,1,0,0,0,0
2006-04,Internal Security Offenses,primary,3,3,0,0,0,0,0,0,0
2006-05,Internal Security Offenses,primary,3,3,0,0,0,0,0,0,0
2006-06,Internal Security Offenses,primary,1,1,2,2,1,0,1,0,0
2006-07,Internal Security Offenses,primary,2,2,0,0,0,0,0,0,0
2006-08,Internal Security Offenses,primary,1,1,3,5,5,0,0,0,0
2006-09,Internal Security Offenses,primary,1,1,4,5,5,0,0,0,0
2006-10,Internal Security Offenses,primary,1,1,3,6,6,0,0,0,0
2006-11,Internal Security Offenses,primary,0,0,1,4,0,4,0,0,0
2006-12,Internal Security Offenses,primary,2,3,1,1,1,0,0,0,0
2007-01,Internal Security Offenses,primary,0,0,1,1,1,0,0,0,0
2007-02,Internal Security Offenses,primary,0,0,1,2,2,0,0,0,0
2007-03,Internal Security Offenses,primary,4,8,2,7,0,0,7,0,0
2007-04,Internal Security Offenses,primary,4,4,1,1,1,0,0,0,0
2007-05,Internal Security Offenses,primary,2,2,2,2,1,1,0,0,0
2007-06,Internal Security Offenses,primary,1,1,2,3,3,0,0,0,0
2007-07,Internal Security Offenses,primary,1,1,4,5,5,0,0,0,0
2007-08,Internal Security Offenses,primary,2,2,0,0,0,0,0,0,0
2007-09,Internal Security Offenses,primary,2,4,0,0,0,0,0,0,0
2007-10,Internal Security Offenses,primary,1,1,3,6,6,0,0,0,0
2007-11,Internal Security Offenses,primary,2,2,1,1,0,0,1,0,0
2007-12,Internal Security Offenses,primary,2,2,3,5,5,0,0,0,0
2008-01,Internal Security Offenses,primary,3,3,0,0,0,0,0,0,0
2008-02,Internal Security Offenses,primary,0,0,2,4,4,0,0,0,0
2008-03,Internal Security Offenses,primary,6,23,2,2,2,0,0,0,0
2008-04,Internal Security Offenses,primary,0,0,5,5,5,0,0,0,0
2008-05,Internal Security Offenses,primary,1,2,1,1,1,0,0,0,0
2008-06,Internal Security Offenses,primary,0,0,3,5,5,0,0,0,0
2008-07,Internal Security Offenses,primary,0,0,2,2,2,0,0,0,0
2008-08,Internal Security Offenses,primary,3,5,2,3,3,0,0,0,0
2008-09,Internal Security Offenses,primary,4,4,1,1,1,0,0,0,0
2008-10,Internal Security Offenses,primary,1,1,0,0,0,0,0,0,0
2008-11,Internal Security Offenses,primary,0,0,1,1,1,0,0,0,0
2008-12,Internal Security Offenses,primary,2,2,1,1,1,0,0,0,0
2009-01,Internal Security Offenses,primary,6,8,0,0,0,0,0,0,0
2009-02,Internal Security Offenses,primary,1,3,2,2,1,1,0,0,0
2009-03,Internal Security Offenses,primary,4,6,1,1,1,0,0,0,0
2009-04,Internal Security Offenses,primary,1,1,1,1,1,0,0,0,0
2009-05,Internal Security Offenses,primary,0,0,1,3,3,0,0,0,0
2009-06,Internal Security Offenses,primary,4,5,3,3,2,0,1,0,0
2009-07,Internal Security Offenses,primary,2,2,2,2,2,0,0,0,0
2009-08,Internal Security Offenses,primary,1,1,0,0,0,0,0,0,0
2009-09,Internal Security Offenses,primary,3,3,2,3,3,0,0,0,0
2009-10,Internal Security Offenses,primary,0,0,2,2,1,0,1,0,0
2009-12,Internal Security Offenses,primary,1,1,0,0,0,0,0,0,0
2010-01,Internal Security Offenses,primary,2,3,3,4,4,0,0,0,0
2010-02,Internal Security Offenses,primary,0,0,1,3,3,0,0,0,0
2010-03,Internal Security Offenses,primary,1,1,0,0,0,0,0,0,0
2010-04,Internal Security Offenses,primary,2,3,2,2,1,0,1,0,0
2010-05,Internal Security Offenses,primary,0,0,3,3,3,0,0,0,0
2010-06,Internal Security Offenses,primary,4,4,0,0,0,0,0,0,0
2010-07,Internal Security Offenses,primary,1,11,0,0,0,0,0,0,0
2010-08,Internal Security Offenses,primary,2,2,1,2,2,0,0,0,0
2010-09,Internal Security Offenses,primary,2,13,3,3,3,0,0,0,0
2010-10,Internal Security Offenses,primary,1,1,2,2,2,0,0,0,0
2010-11,Internal Security Offenses,primary,1,9,0,0,0,0,0,0,0
2010-12,Internal Security Offenses,primary,2,3,1,1,1,0,0,0,0
2011-01,Internal Security Offenses,primary,2,2,4,6,5,0,1,0,0
2011-02,Internal Security Offenses,primary,3,3,0,0,0,0,0,0,0
2011-03,Internal Security Offenses,primary,1,1,2,2,2,0,0,0,0
2011-04,Internal Security Offenses,primary,1,1,1,1,1,0,0,0,0
2011-05,Internal Security Offenses,primary,4,5,0,0,0,0,0,0,0
2011-06,Internal Security Offenses,primary,1,1,1,1,1,0,0,0,0
2011-07,Internal Security Offenses,primary,0,0,2,2,2,0,0,0,0
2011-08,Internal Security Offenses,primary,0,0,2,2,1,0,1,0,0
2011-09,Internal Security Offenses,primary,0,0,1,1,1,0,0,0,0
2011-10,Internal Security Offenses,primary,0,0,1,2,2,0,0,0,0
2011-11,Internal Security Offenses,primary,2,2,1,1,1,0,0,0,0
2011-12,Internal Security Offenses,primary,1,1,1,1,1,0,0,0,0
2012-01,Internal Security Offenses,primary,1,1,0,0,0,0,0,0,0
2012-02,Internal Security Offenses,primary,0,0,1,1,1,0,0,0,0
2012-03,Internal Security Offenses,primary,0,0,1,1,1,0,0,0,0
2012-04,Internal Security Offenses,primary,3,3,3,3,2,0,1,0,0
2012-05,Internal Security Offenses,primary,1,1,0,0,0,0,0,0,0
2012-06,Internal Security Offenses,primary,1,1,1,1,1,0,0,0,0
2012-07,Internal Security Offenses,primary,0,0,2,2,2,0,0,0,0
2012-08,Internal Security Offenses,primary,2,2,1,1,1,0,0,0,0
2012-09,Internal Security Offenses,primary,0,0,1,1,1,0,0,0,0
2012-10,Internal Security Offenses,primary,5,5,2,2,2,0,0,0,0
2012-11,Internal Security Offenses,primary,2,3,0,0,0,0,0,0,0
2012-12,Internal Security Offenses,primary,2,2,0,0,0,0,0,0,0
2013-01,Internal Security Offenses,primary,0,0,4,4,3,1,0,0,0
2013-02,Internal Security Offenses,primary,1,1,1,1,1,0,0,0,0
2013-03,Internal Security Offenses,primary,2,5,0,0,0,0,0,0,0
2013-04,Internal Security Offenses,primary,1,1,2,3,3,0,0,0,0
2013-05,Internal Security Offenses,primary,4,6,2,10,10,0,0,0,0
2013-06,Internal Security Offenses,primary,2,2,0,0,0,0,0,0,0
2013-07,Internal Security Offenses,primary,1,1,1,1,0,0,1,0,0
2013-08,Internal Security Offenses,primary,0,0,1,1,1,0,0,0,0
2013-09,Internal Security Offenses,primary,1,1,1,1,1,0,0,0,0
2013-10,Internal Security Offenses,primary,2,2,0,0,0,0,0,0,0
2013-11,Internal Security Offenses,primary,2,3,2,2,2,0,0,0,0
2013-12,Internal Security Offenses,primary,3,6,1,1,1,0,0,0,0
2014-01,Internal Security Offenses,primary,1,1,2,5,5,0,0,0,0
2014-02,Internal Security Offenses,primary,1,2,4,5,5,0,0,0,0
2014-03,Internal Security Offenses,primary,2,2,3,4,4,0,0,0,0
2014-04,Internal Security Offenses,primary,0,0,2,2,1,0,1,0,0
2014-05,Internal Security Offenses,primary,0,0,3,4,4,0,0,0,0
2014-07,Internal Security Offenses,primary,0,0,2,2,2,0,0,0,0
2014-08,Internal Security Offenses,primary,2,3,1,1,1,0,0,0,0
2014-09,Internal Security Offenses,primary,2,2,4,5,5,0,0,0,0
2014-10,Internal Security Offenses,primary,4,7,0,0,0,0,0,0,0
2014-11,Internal Security Offenses,primary,0,0,1,1,1,0,0,0,0
2015-01,Internal Security Offenses,primary,0,0,2,4,4,0,0,0,0
2015-02,Internal Security Offenses,primary,1,1,3,3,3,0,0,0,0
2015-03,Internal Security Offenses,primary,1,1,0,0,0,0,0,0,0
2015-05,Internal Security Offenses,primary,0,0,2,2,1,1,0,0,0
2015-06,Internal Security Offenses,primary,0,0,2,2,1,1,0,0,0
2015-07,Internal Security Offenses,primary,3,3,0,0,0,0,0,0,0
2015-08,Internal Security Offenses,primary,1,3,0,0,0,0,0,0,0
2015-10,Internal Security Offenses,primary,0,0,3,4,4,0,0,0,0
2015-11,Internal Security Offenses,primary,1,2,1,1,1,0,0,0,0
2015-12,Internal Security Offenses,primary,1,3,0,0,0,0,0,0,0
2016-01,Internal Security Offenses,primary,2,2,3,5,5,0,0,0,0
2016-03,Internal Security Offenses,primary,0,0,3,6,6,0,0,0,0
2016-05,Internal Security Offenses,primary,1,1,1,3,3,0,0,0,0
2016-06,Internal Security Offenses,primary,1,5,0,0,0,0,0,0,0
2016-07,Internal Security Offenses,primary,0,0,1,1,0,0,1,0,0
2016-08,Internal Security Offenses,primary,3,4,1,4,4,0,0,0,0
2016-09,Internal Security Offenses,primary,0,0,2,2,2,0,0,0,0
2016-10,Internal Security Offenses,primary,2,10,2,14,14,0,0,0,0
2016-12,Internal Security Offenses,primary,0,0,1,1,1,0,0,0,0
2017-01,Internal Security Offenses,primary,1,1,3,3,3,0,0,0,0
2017-02,Internal Security Offenses,primary,2,3,0,0,0,0,0,0,0
2017-03,Internal Security Offenses,primary,1,1,0,0,0,0,0,0,0
2017-04,Internal Security Offenses,primary,1,1,0,0,0,0,0,0,0
2017-06,Internal Security Offenses,primary,2,2,1,1,1,0,0,0,0
2017-07,Internal Security Offenses,primary,1,1,0,0,0,0,0,0,0
2017-09,Internal Security Offenses,primary,2,2,1,1,1,0,0,0,0
2017-10,Internal Security Offenses,primary,1,1,0,0,0,0,0,0,0
2017-11,Internal Security Offenses,primary,2,2,1,1,1,0,0,0,0
2017-12,Internal Security Offenses,primary,0,0,1,1,1,0,0,0,0
2018-01,Internal Security Offenses,primary,0,0,2,3,3,0,0,0,0
2018-03,Internal Security Offenses,primary,2,2,1,1,1,0,0,0,0
2018-04,Internal Security Offenses,primary,2,2,0,0,0,0,0,0,0
2018-05,Internal Security Offenses,primary,3,5,1,2,2,0,0,0,0
2018-06,Internal Security Offenses,primary,2,2,0,0,0,0,0,0,0
2018-07,Internal Security Offenses,primary,2,2,1,1,1,0,0,0,0
2018-08,Internal Security Offenses,primary,1,26,1,1,1,0,0,0,0
2018-09,Internal Security Offenses,primary,3,5,1,1,1,0,0,0,0
2018-10,Internal Security Offenses,primary,2,2,1,1,0,0,1,0,0
2018-12,Internal Security Offenses,primary,1,2,0,0,0,0,0,0,0
2019-01,Internal Security Offenses,primary,2,7,0,0,0,0,0,0,0
2019-02,Internal Security Offenses,primary,0,0,1,1,1,0,0,0,0
2019-03,Internal Security Offenses,primary,5,6,0,0,0,0,0,0,0
2019-04,Internal Security Offenses,primary,3,4,3,4,4,0,0,0,0
2019-05,Internal Security Offenses,primary,2,2,2,2,2,0,0,0,0
2019-06,Internal Security Offenses,primary,2,2,1,1,1,0,0,0,0
2019-07,Internal Security Offenses,primary,2,2,4,5,4,1,0,0,0
2019-08,Internal Security Offenses,primary,2,3,1,1,1,0,0,0,0
2019-09,Internal Security Offenses,primary,2,2,1,1,0,1,0,0,0
2019-10,Internal Security Offenses,primary,2,7,3,29,26,0,1,2,0
2019-11,Internal Security Offenses,primary,3,7,3,3,3,0,0,0,0
2019-12,Internal Security Offenses,primary,1,1,3,3,2,1,0,0,0
2020-01,Internal Security Offenses,primary,1,1,2,7,7,0,0,0,0
2020-02,Internal Security Offenses,primary,0,0,3,3,3,0,0,0,0
2020-03,Internal Security Offenses,primary,1,1,0,0,0,0,0,0,0
2020-04,Internal Security Offenses,primary,1,1,0,0,0,0,0,0,0
2020-05,Internal Security Offenses,primary,2,2,1,1,1,0,0,0,0
2020-06,Internal Security Offenses,primary,3,3,0,0,0,0,0,0,0
2020-07,Internal Security Offenses,primary,3,3,2,2,1,0,1,0,0
2020-08,Internal Security Offenses,primary,5,5,5,5,2,0,1,1,1
2020-09,Internal Security Offenses,primary,2,2,0,0,0,0,0,0,0
2020-10,Internal Security Offenses,primary,5,9,1,2,2,0,0,0,0
2020-11,Internal Security Offenses,primary,0,0,1,1,1,0,0,0,0
2020-12,Internal Security Offenses,primary,5,9,1,1,0,0,1,0,0
2021-01,Internal Security Offenses,primary,4,4,0,0,0,0,0,0,0
2021-02,Internal Security Offenses,primary,3,3,3,6,2,0,4,0,0
2021-03,Internal Security Offenses,primary,4,13,1,9,9,0,0,0,0
2021-04,Internal Security Offenses,primary,3,3,2,2,2,0,0,0,0
2021-05,Internal Security Offenses,primary,5,16,1,1,1,0,0,0,0
2021-06,Internal Security Offenses,primary,2,2,1,1,1,0,0,0,0
2021-07,Internal Security Offenses,primary,2,2,7,9,2,0,7,0,0
2021-08,Internal Security Offenses,primary,2,2,0,0,0,0,0,0,0
2021-09,Internal Security Offenses,primary,5,5,3,3,3,0,0,0,0
2021-10,Internal Security Offenses,primary,0,0,5,8,8,0,0,0,0
2021-11,Internal Security Offenses,primary,3,3,4,4,3,0,1,0,0
2021-12,Internal Security Offenses,primary,1,1,2,2,2,0,0,0,0
2022-01,Internal Security Offenses,primary,2,2,2,2,0,0,2,0,0
2022-02,Internal Security Offenses,primary,3,3,1,1,1,0,0,0,0
2022-03,Internal Security Offenses,primary,1,1,4,9,8,1,0,0,0
2022-04,Internal Security Offenses,primary,6,15,3,5,5,0,0,0,0
2022-05,Internal Security Offenses,primary,1,1,0,0,0,0,0,0,0
2022-06,Internal Security Offenses,primary,3,3,1,1,1,0,0,0,0
2022-08,Internal Security Offenses,primary,4,6,2,2,2,0,0,0,0
2022-09,Internal Security Offenses,primary,8,11,0,0,0,0,0,0,0
2022-10,Internal Security Offenses,primary,7,12,3,5,5,0,0,0,0
2022-11,Internal Security Offenses,primary,2,2,2,2,1,1,0,0,0
2023-01,Internal Security Offenses,primary,8,9,3,3,2,0,1,0,0
2023-02,Internal Security Offenses,primary,1,1,4,5,3,0,2,0,0
2023-03,Internal Security Offenses,primary,4,5,4,4,4,0,0,0,0
2023-04,Internal Security Offenses,primary,1,1,4,4,4,0,0,0,0
2023-05,Internal Security Offenses,primary,6,9,3,4,3,0,1,0,0
2023-06,Internal Security Offenses,primary,3,3,6,8,6,1,1,0,0
2023-07,Internal Security Offenses,primary,2,2,4,5,4,0,1,0,0
2023-08,Internal Security Offenses,primary,4,5,0,0,0,0,0,0,0
2023-09,Internal Security Offenses,primary,0,0,2,4,4,0,0,0,0
2023-10,Internal Security Offenses,primary,1,2,5,6,4,0,0,0,2
2023-11,Internal Security Offenses,primary,0,0,1,1,0,0,1,0,0
2023-12,Internal Security Offenses,primary,3,3,2,2,2,0,0,0,0
2024-01,Internal Security Offenses,primary,1,1,0,0,0,0,0,0,0
2024-02,Internal Security Offenses,primary,4,5,3,3,3,0,0,0,0
2024-03,Internal Security Offenses,primary,4,4,0,0,0,0,0,0,0
2024-04,Internal Security Offenses,primary,4,5,8,10,10,0,0,0,0
2024-05,Internal Security Offenses,primary,5,6,3,4,1,0,2,1,0
2024-06,Internal Security Offenses,primary,5,5,3,3,2,0,1,0,0
2024-07,Internal Security Offenses,primary,5,6,6,7,7,0,0,0,0
2024-08,Internal Security Offenses,primary,2,4,4,5,5,0,0,0,0
2024-09,Internal Security Offenses,primary,5,5,0,0,0,0,0,0,0
2024-10,Internal Security Offenses,primary,4,6,4,9,9,0,0,0,0
2024-11,Internal Security Offenses,primary,7,9,2,4,4,0,0,0,0
2024-12,Internal Security Offenses,primary,5,6,1,1,1,0,0,0,0
2025-01,Internal Security Offenses,primary,2,2,5,5,5,0,0,0,0
2025-02,Internal Security Offenses,primary,7,10,2,3,1,2,0,0,0
2025-03,Internal Security Offenses,primary,6,7,2,2,2,0,0,0,0
2025-04,Internal Security Offenses,primary,3,3,3,4,2,0,2,0,0
2025-05,Internal Security Offenses,primary,1,3,1,1,1,0,0,0,0
2025-06,Internal Security Offenses,primary,9,17,5,5,3,0,2,0,0
2025-07,Internal Security Offenses,primary,5,7,1,1,0,0,1,0,0
2025-08,Internal Security Offenses,primary,4,4,1,1,1,0,0,0,0
2025-09,Internal Security Offenses,primary,2,2,5,6,6,0,0,0,0
2025-10,Internal Security Offenses,primary,3,3,6,8,6,0,2,0,0
2025-11,Internal Security Offenses,primary,4,5,2,2,2,0,0,0,0
2025-12,Internal Security Offenses,primary,6,6,2,2,2,0,0,0,0
2026-01,Internal Security Offenses,primary,5,15,0,0,0,0,0,0,0
2026-02,Internal Security Offenses,primary,1,1,3,3,3,0,0,0,0
2026-03,Internal Security Offenses,primary,4,4,5,5,4,0,1,0,0
2026-04,Internal Security Offenses,primary,9,11,2,2,2,0,0,0,0
2026-05,Internal Security Offenses,primary,3,3,0,0,0,0,0,0,0
2026-06,Internal Security Offenses,primary,5,6,3,3,3,0,0,0,0
1994-10,Interstate Theft,all,22,34,15,32,31,0,1,0,0
1994-11,Interstate Theft,all,23,46,20,44,40,0,3,1,0
1994-12,Interstate Theft,all,24,57,14,26,23,1,2,0,0
1995-01,Interstate Theft,all,17,27,29,50,43,0,7,0,0
1995-02,Interstate Theft,all,36,52,30,65,57,4,3,1,0
1995-03,Interstate Theft,all,23,50,32,60,55,0,5,0,0
1995-04,Interstate Theft,all,26,45,26,57,47,0,10,0,0
1995-05,Interstate Theft,all,31,49,29,62,61,0,0,1,0
1995-06,Interstate Theft,all,29,59,30,60,51,5,0,3,1
1995-07,Interstate Theft,all,24,39,19,26,24,0,1,1,0
1995-08,Interstate Theft,all,30,56,22,33,27,0,4,2,0
1995-09,Interstate Theft,all,26,44,29,70,69,0,1,0,0
1995-10,Interstate Theft,all,24,30,27,40,36,0,3,1,0
1995-11,Interstate Theft,all,21,36,26,41,36,0,5,0,0
1995-12,Interstate Theft,all,28,91,20,40,38,0,2,0,0
1996-01,Interstate Theft,all,20,30,17,26,24,0,2,0,0
1996-02,Interstate Theft,all,32,58,18,35,31,0,0,4,0
1996-03,Interstate Theft,all,44,121,22,40,36,0,4,0,0
1996-04,Interstate Theft,all,24,37,23,35,31,0,2,1,1
1996-05,Interstate Theft,all,28,58,28,46,38,4,1,3,0
1996-06,Interstate Theft,all,26,37,30,56,46,1,9,0,0
1996-07,Interstate Theft,all,30,56,23,28,26,0,1,1,0
1996-08,Interstate Theft,all,25,45,18,21,20,0,0,1,0
1996-09,Interstate Theft,all,69,124,31,43,40,0,1,2,0
1996-10,Interstate Theft,all,14,19,27,51,46,0,3,2,0
1996-11,Interstate Theft,all,18,33,21,31,27,1,1,2,0
1996-12,Interstate Theft,all,25,44,28,52,44,2,3,3,0
1997-01,Interstate Theft,all,26,47,32,61,54,0,3,4,0
1997-02,Interstate Theft,all,22,46,26,46,44,0,1,0,1
1997-03,Interstate Theft,all,31,62,17,22,18,0,3,1,0
1997-04,Interstate Theft,all,26,55,25,40,39,0,1,0,0
1997-05,Interstate Theft,all,24,44,22,43,39,0,3,1,0
1997-06,Interstate Theft,all,25,44,24,62,39,0,18,5,0
1997-07,Interstate Theft,all,23,34,27,43,41,0,0,1,1
1997-08,Interstate Theft,all,20,27,12,20,16,2,1,1,0
1997-09,Interstate Theft,all,21,36,17,39,26,0,1,2,10
1997-10,Interstate Theft,all,30,60,29,63,58,0,5,0,0
1997-11,Interstate Theft,all,20,36,18,26,22,1,3,0,0
1997-12,Interstate Theft,all,22,52,21,43,42,0,1,0,0
1998-01,Interstate Theft,all,14,23,25,64,61,0,2,1,0
1998-02,Interstate Theft,all,12,26,23,43,36,0,6,1,0
1998-03,Interstate Theft,all,17,48,21,50,48,0,2,0,0
1998-04,Interstate Theft,all,11,22,21,36,35,1,0,0,0
1998-05,Interstate Theft,all,21,30,24,44,39,0,3,2,0
1998-06,Interstate Theft,all,25,58,20,41,40,0,0,0,1
1998-07,Interstate Theft,all,31,60,14,25,23,0,2,0,0
1998-08,Interstate Theft,all,20,32,17,38,37,0,0,1,0
1998-09,Interstate Theft,all,29,40,17,29,29,0,0,0,0
1998-10,Interstate Theft,all,10,20,21,46,42,0,4,0,0
1998-11,Interstate Theft,all,27,55,19,37,35,0,2,0,0
1998-12,Interstate Theft,all,20,50,23,45,42,1,0,2,0
1999-01,Interstate Theft,all,22,51,19,42,34,0,8,0,0
1999-02,Interstate Theft,all,30,57,22,48,46,1,0,1,0
1999-03,Interstate Theft,all,20,39,20,34,33,0,0,1,0
1999-04,Interstate Theft,all,33,66,30,59,51,2,4,2,0
1999-05,Interstate Theft,all,18,33,15,24,23,1,0,0,0
1999-06,Interstate Theft,all,18,27,32,57,54,0,2,1,0
1999-07,Interstate Theft,all,23,46,24,47,45,0,2,0,0
1999-08,Interstate Theft,all,17,51,26,40,36,0,1,0,3
1999-09,Interstate Theft,all,22,44,15,27,26,0,1,0,0
1999-10,Interstate Theft,all,12,19,19,61,58,0,2,1,0
1999-11,Interstate Theft,all,15,39,26,47,46,0,0,0,1
1999-12,Interstate Theft,all,24,46,24,52,51,0,1,0,0
2000-01,Interstate Theft,all,18,28,11,17,16,0,0,1,0
2000-02,Interstate Theft,all,20,43,18,28,24,0,3,1,0
2000-03,Interstate Theft,all,22,41,12,23,20,0,3,0,0
2000-04,Interstate Theft,all,17,29,26,41,38,0,0,3,0
2000-05,Interstate Theft,all,13,21,20,51,50,0,0,1,0
2000-06,Interstate Theft,all,18,63,16,46,46,0,0,0,0
2000-07,Interstate Theft,all,23,43,21,35,35,0,0,0,0
2000-08,Interstate Theft,all,27,58,19,32,27,0,4,1,0
2000-09,Interstate Theft,all,20,47,17,32,32,0,0,0,0
2000-10,Interstate Theft,all,18,58,14,21,20,0,1,0,0
2000-11,Interstate Theft,all,21,46,13,30,28,0,2,0,0
2000-12,Interstate Theft,all,16,44,26,34,32,0,0,2,0
2001-01,Interstate Theft,all,9,22,25,40,38,0,2,0,0
2001-02,Interstate Theft,all,18,55,16,25,23,0,2,0,0
2001-03,Interstate Theft,all,23,56,20,45,43,2,0,0,0
2001-04,Interstate Theft,all,16,47,19,35,31,0,4,0,0
2001-05,Interstate Theft,all,18,28,16,38,36,1,0,1,0
2001-06,Interstate Theft,all,14,25,20,34,33,0,1,0,0
2001-07,Interstate Theft,all,17,39,20,39,33,0,1,5,0
2001-08,Interstate Theft,all,20,52,17,39,37,0,2,0,0
2001-09,Interstate Theft,all,19,31,13,35,28,0,7,0,0
2001-10,Interstate Theft,all,22,51,15,32,30,0,1,1,0
2001-11,Interstate Theft,all,19,31,17,26,24,2,0,0,0
2001-12,Interstate Theft,all,13,22,16,36,36,0,0,0,0
2002-01,Interstate Theft,all,16,28,19,38,38,0,0,0,0
2002-02,Interstate Theft,all,14,27,15,20,19,0,1,0,0
2002-03,Interstate Theft,all,20,58,15,23,22,0,1,0,0
2002-04,Interstate Theft,all,19,49,17,32,23,1,8,0,0
2002-05,Interstate Theft,all,14,23,9,30,28,0,1,1,0
2002-06,Interstate Theft,all,11,35,19,50,50,0,0,0,0
2002-07,Interstate Theft,all,14,30,25,47,46,0,1,0,0
2002-08,Interstate Theft,all,12,21,17,54,54,0,0,0,0
2002-09,Interstate Theft,all,21,69,18,44,41,0,3,0,0
2002-10,Interstate Theft,all,11,19,21,52,51,1,0,0,0
2002-11,Interstate Theft,all,30,66,16,44,44,0,0,0,0
2002-12,Interstate Theft,all,12,29,13,27,24,0,3,0,0
2003-01,Interstate Theft,all,16,35,16,31,30,0,1,0,0
2003-02,Interstate Theft,all,14,25,22,51,44,0,7,0,0
2003-03,Interstate Theft,all,13,17,19,41,37,0,0,3,1
2003-04,Interstate Theft,all,10,18,14,24,22,0,2,0,0
2003-05,Interstate Theft,all,18,33,15,30,30,0,0,0,0
2003-06,Interstate Theft,all,13,21,21,54,53,0,0,1,0
2003-07,Interstate Theft,all,18,45,7,7,5,1,1,0,0
2003-08,Interstate Theft,all,7,7,12,18,16,0,1,1,0
2003-09,Interstate Theft,all,13,32,18,51,51,0,0,0,0
2003-10,Interstate Theft,all,13,41,21,34,30,0,4,0,0
2003-11,Interstate Theft,all,12,15,13,34,34,0,0,0,0
2003-12,Interstate Theft,all,9,15,18,52,51,1,0,0,0
2004-01,Interstate Theft,all,13,24,11,18,18,0,0,0,0
2004-02,Interstate Theft,all,16,35,13,20,18,0,2,0,0
2004-03,Interstate Theft,all,14,24,16,33,28,0,5,0,0
2004-04,Interstate Theft,all,16,35,9,15,13,0,2,0,0
2004-05,Interstate Theft,all,9,22,18,34,32,0,2,0,0
2004-06,Interstate Theft,all,13,38,15,21,19,0,0,2,0
2004-07,Interstate Theft,all,6,12,12,18,17,0,1,0,0
2004-08,Interstate Theft,all,6,6,13,15,15,0,0,0,0
2004-09,Interstate Theft,all,12,28,15,45,45,0,0,0,0
2004-10,Interstate Theft,all,11,15,10,25,25,0,0,0,0
2004-11,Interstate Theft,all,10,24,7,16,14,0,2,0,0
2004-12,Interstate Theft,all,7,14,16,27,23,0,4,0,0
2005-01,Interstate Theft,all,9,22,8,15,14,0,1,0,0
2005-02,Interstate Theft,all,6,14,7,10,8,0,0,2,0
2005-03,Interstate Theft,all,13,34,14,25,25,0,0,0,0
2005-04,Interstate Theft,all,19,29,7,7,6,0,0,1,0
2005-05,Interstate Theft,all,8,13,11,19,18,1,0,0,0
2005-06,Interstate Theft,all,4,9,8,23,22,0,0,1,0
2005-07,Interstate Theft,all,6,14,13,24,24,0,0,0,0
2005-08,Interstate Theft,all,17,68,11,22,22,0,0,0,0
2005-09,Interstate Theft,all,4,8,17,24,24,0,0,0,0
2005-10,Interstate Theft,all,7,25,7,32,32,0,0,0,0
2005-11,Interstate Theft,all,9,15,9,37,37,0,0,0,0
2005-12,Interstate Theft,all,9,16,7,28,28,0,0,0,0
2006-01,Interstate Theft,all,9,15,12,22,20,0,1,1,0
2006-02,Interstate Theft,all,5,18,7,8,8,0,0,0,0
2006-03,Interstate Theft,all,7,14,6,8,8,0,0,0,0
2006-04,Interstate Theft,all,11,17,4,25,25,0,0,0,0
2006-05,Interstate Theft,all,10,27,15,49,47,0,2,0,0
2006-06,Interstate Theft,all,8,36,10,26,22,0,4,0,0
2006-07,Interstate Theft,all,3,7,7,20,18,0,2,0,0
2006-08,Interstate Theft,all,7,7,13,39,39,0,0,0,0
2006-09,Interstate Theft,all,7,21,10,30,30,0,0,0,0
2006-10,Interstate Theft,all,15,40,7,13,11,0,2,0,0
2006-11,Interstate Theft,all,12,39,5,8,7,0,1,0,0
2006-12,Interstate Theft,all,11,17,10,27,26,0,1,0,0
2007-01,Interstate Theft,all,7,12,12,32,28,0,4,0,0
2007-02,Interstate Theft,all,4,8,3,6,6,0,0,0,0
2007-03,Interstate Theft,all,12,28,11,41,39,0,1,0,1
2007-04,Interstate Theft,all,11,18,9,19,19,0,0,0,0
2007-05,Interstate Theft,all,10,12,9,13,13,0,0,0,0
2007-06,Interstate Theft,all,14,24,12,29,29,0,0,0,0
2007-07,Interstate Theft,all,5,9,8,30,29,0,1,0,0
2007-08,Interstate Theft,all,15,30,13,18,17,0,0,1,0
2007-09,Interstate Theft,all,13,20,12,16,15,0,0,1,0
2007-10,Interstate Theft,all,16,40,10,11,11,0,0,0,0
2007-11,Interstate Theft,all,15,22,13,21,21,0,0,0,0
2007-12,Interstate Theft,all,16,30,9,34,33,0,1,0,0
2008-01,Interstate Theft,all,9,12,15,22,19,1,1,1,0
2008-02,Interstate Theft,all,11,23,12,19,18,0,0,1,0
2008-03,Interstate Theft,all,7,20,12,20,19,0,1,0,0
2008-04,Interstate Theft,all,12,24,16,40,40,0,0,0,0
2008-05,Interstate Theft,all,7,16,7,14,13,0,0,1,0
2008-06,Interstate Theft,all,14,35,13,24,24,0,0,0,0
2008-07,Interstate Theft,all,4,9,11,20,20,0,0,0,0
2008-08,Interstate Theft,all,3,3,5,8,5,0,3,0,0
2008-09,Interstate Theft,all,11,35,14,20,18,0,1,1,0
2008-10,Interstate Theft,all,8,18,9,25,25,0,0,0,0
2008-11,Interstate Theft,all,10,26,7,19,18,0,1,0,0
2008-12,Interstate Theft,all,11,21,10,15,14,0,1,0,0
2009-01,Interstate Theft,all,8,32,5,13,13,0,0,0,0
2009-02,Interstate Theft,all,8,14,14,31,31,0,0,0,0
2009-03,Interstate Theft,all,10,29,7,10,8,0,1,1,0
2009-04,Interstate Theft,all,2,2,11,32,32,0,0,0,0
2009-05,Interstate Theft,all,3,4,3,4,4,0,0,0,0
2009-06,Interstate Theft,all,4,12,10,19,18,0,1,0,0
2009-07,Interstate Theft,all,8,13,12,31,31,0,0,0,0
2009-08,Interstate Theft,all,6,9,6,14,13,0,1,0,0
2009-09,Interstate Theft,all,12,27,10,16,16,0,0,0,0
2009-10,Interstate Theft,all,8,14,7,19,19,0,0,0,0
2009-11,Interstate Theft,all,6,11,11,34,34,0,0,0,0
2009-12,Interstate Theft,all,5,8,2,12,12,0,0,0,0
2010-01,Interstate Theft,all,4,4,6,10,10,0,0,0,0
2010-02,Interstate Theft,all,5,9,7,23,18,0,5,0,0
2010-03,Interstate Theft,all,9,24,15,29,29,0,0,0,0
2010-04,Interstate Theft,all,7,13,9,24,21,1,2,0,0
2010-05,Interstate Theft,all,10,38,9,36,35,0,1,0,0
2010-06,Interstate Theft,all,7,17,3,4,4,0,0,0,0
2010-07,Interstate Theft,all,9,23,10,23,23,0,0,0,0
2010-08,Interstate Theft,all,10,16,10,32,28,0,4,0,0
2010-09,Interstate Theft,all,8,15,9,14,14,0,0,0,0
2010-10,Interstate Theft,all,3,4,5,22,22,0,0,0,0
2010-11,Interstate Theft,all,9,20,8,10,9,0,1,0,0
2010-12,Interstate Theft,all,11,17,6,14,10,0,3,1,0
2011-01,Interstate Theft,all,11,14,7,34,14,0,20,0,0
2011-02,Interstate Theft,all,6,21,3,4,4,0,0,0,0
2011-03,Interstate Theft,all,11,24,5,31,30,0,0,1,0
2011-04,Interstate Theft,all,7,12,17,26,25,0,1,0,0
2011-05,Interstate Theft,all,7,15,6,6,5,0,0,1,0
2011-06,Interstate Theft,all,7,11,11,16,16,0,0,0,0
2011-07,Interstate Theft,all,7,15,6,17,14,0,3,0,0
2011-08,Interstate Theft,all,8,30,6,15,13,0,2,0,0
2011-09,Interstate Theft,all,3,14,8,13,11,0,2,0,0
2011-10,Interstate Theft,all,4,4,10,21,21,0,0,0,0
2011-11,Interstate Theft,all,3,9,8,19,17,0,2,0,0
2011-12,Interstate Theft,all,2,8,8,12,12,0,0,0,0
2012-01,Interstate Theft,all,5,6,2,3,3,0,0,0,0
2012-02,Interstate Theft,all,2,7,7,15,14,0,1,0,0
2012-03,Interstate Theft,all,6,13,8,15,15,0,0,0,0
2012-04,Interstate Theft,all,12,35,4,8,8,0,0,0,0
2012-05,Interstate Theft,all,4,9,8,15,15,0,0,0,0
2012-06,Interstate Theft,all,5,19,9,31,31,0,0,0,0
2012-07,Interstate Theft,all,4,7,3,3,3,0,0,0,0
2012-08,Interstate Theft,all,3,8,3,5,5,0,0,0,0
2012-09,Interstate Theft,all,3,3,2,3,3,0,0,0,0
2012-10,Interstate Theft,all,5,5,7,8,7,0,1,0,0
2012-11,Interstate Theft,all,5,9,7,20,19,0,1,0,0
2012-12,Interstate Theft,all,13,43,4,13,13,0,0,0,0
2013-01,Interstate Theft,all,8,14,4,8,8,0,0,0,0
2013-02,Interstate Theft,all,8,18,8,14,13,0,1,0,0
2013-03,Interstate Theft,all,14,40,5,18,17,0,1,0,0
2013-04,Interstate Theft,all,10,17,9,18,18,0,0,0,0
2013-05,Interstate Theft,all,11,30,8,9,7,0,2,0,0
2013-06,Interstate Theft,all,11,18,7,14,12,0,1,0,1
2013-07,Interstate Theft,all,13,52,14,23,23,0,0,0,0
2013-08,Interstate Theft,all,10,20,7,19,19,0,0,0,0
2013-09,Interstate Theft,all,11,14,9,10,8,0,2,0,0
2013-10,Interstate Theft,all,8,15,4,11,11,0,0,0,0
2013-11,Interstate Theft,all,9,15,5,8,8,0,0,0,0
2013-12,Interstate Theft,all,2,2,7,13,13,0,0,0,0
2014-01,Interstate Theft,all,5,10,6,9,9,0,0,0,0
2014-02,Interstate Theft,all,1,1,11,32,30,2,0,0,0
2014-03,Interstate Theft,all,1,3,10,20,20,0,0,0,0
2014-04,Interstate Theft,all,7,20,4,4,4,0,0,0,0
2014-05,Interstate Theft,all,6,34,12,21,17,0,4,0,0
2014-06,Interstate Theft,all,5,8,5,6,6,0,0,0,0
2014-07,Interstate Theft,all,4,4,7,20,19,0,0,1,0
2014-08,Interstate Theft,all,11,44,7,12,7,0,0,0,5
2014-09,Interstate Theft,all,4,12,5,16,16,0,0,0,0
2014-10,Interstate Theft,all,3,3,4,6,5,0,0,0,1
2014-11,Interstate Theft,all,7,11,7,20,20,0,0,0,0
2014-12,Interstate Theft,all,9,21,12,30,30,0,0,0,0
2015-01,Interstate Theft,all,4,6,7,20,20,0,0,0,0
2015-02,Interstate Theft,all,4,6,9,19,14,0,5,0,0
2015-03,Interstate Theft,all,9,17,4,4,3,0,1,0,0
2015-04,Interstate Theft,all,7,14,7,25,24,0,1,0,0
2015-05,Interstate Theft,all,3,10,5,34,34,0,0,0,0
2015-06,Interstate Theft,all,9,16,4,7,7,0,0,0,0
2015-07,Interstate Theft,all,4,12,9,30,30,0,0,0,0
2015-08,Interstate Theft,all,6,10,3,7,7,0,0,0,0
2015-09,Interstate Theft,all,2,2,7,27,27,0,0,0,0
2015-10,Interstate Theft,all,11,41,3,4,4,0,0,0,0
2015-11,Interstate Theft,all,3,4,6,14,13,0,0,1,0
2015-12,Interstate Theft,all,5,12,2,2,2,0,0,0,0
2016-01,Interstate Theft,all,3,3,5,12,12,0,0,0,0
2016-02,Interstate Theft,all,3,5,5,10,10,0,0,0,0
2016-03,Interstate Theft,all,12,26,8,11,11,0,0,0,0
2016-04,Interstate Theft,all,5,11,5,10,8,0,2,0,0
2016-05,Interstate Theft,all,12,43,8,17,9,0,0,8,0
2016-06,Interstate Theft,all,10,22,3,9,9,0,0,0,0
2016-07,Interstate Theft,all,8,21,0,0,0,0,0,0,0
2016-08,Interstate Theft,all,1,1,4,10,10,0,0,0,0
2016-09,Interstate Theft,all,5,9,8,19,19,0,0,0,0
2016-10,Interstate Theft,all,5,12,7,14,14,0,0,0,0
2016-11,Interstate Theft,all,8,13,11,30,30,0,0,0,0
2016-12,Interstate Theft,all,6,13,10,18,18,0,0,0,0
2017-01,Interstate Theft,all,4,12,7,18,17,0,1,0,0
2017-02,Interstate Theft,all,7,12,7,24,24,0,0,0,0
2017-03,Interstate Theft,all,10,24,11,29,28,0,1,0,0
2017-04,Interstate Theft,all,2,9,8,26,26,0,0,0,0
2017-05,Interstate Theft,all,2,6,9,17,16,0,1,0,0
2017-06,Interstate Theft,all,4,7,7,12,11,0,1,0,0
2017-07,Interstate Theft,all,3,9,6,12,12,0,0,0,0
2017-08,Interstate Theft,all,2,6,2,3,3,0,0,0,0
2017-09,Interstate Theft,all,4,13,5,13,13,0,0,0,0
2017-10,Interstate Theft,all,5,7,3,15,15,0,0,0,0
2017-11,Interstate Theft,all,2,4,7,26,26,0,0,0,0
2017-12,Interstate Theft,all,6,9,7,15,15,0,0,0,0
2018-01,Interstate Theft,all,7,13,8,22,21,0,1,0,0
2018-02,Interstate Theft,all,5,19,9,26,26,0,0,0,0
2018-03,Interstate Theft,all,4,11,6,16,16,0,0,0,0
2018-04,Interstate Theft,all,2,7,1,2,2,0,0,0,0
2018-05,Interstate Theft,all,4,5,6,17,17,0,0,0,0
2018-06,Interstate Theft,all,6,10,7,9,9,0,0,0,0
2018-07,Interstate Theft,all,3,5,4,8,8,0,0,0,0
2018-08,Interstate Theft,all,5,8,4,7,7,0,0,0,0
2018-09,Interstate Theft,all,1,4,4,16,16,0,0,0,0
2018-10,Interstate Theft,all,5,12,6,16,16,0,0,0,0
2018-11,Interstate Theft,all,6,8,2,4,4,0,0,0,0
2018-12,Interstate Theft,all,1,1,4,6,6,0,0,0,0
2019-01,Interstate Theft,all,5,11,5,7,7,0,0,0,0
2019-02,Interstate Theft,all,3,6,1,6,6,0,0,0,0
2019-03,Interstate Theft,all,1,1,3,6,5,1,0,0,0
2019-04,Interstate Theft,all,1,1,5,14,14,0,0,0,0
2019-05,Interstate Theft,all,5,8,3,7,6,0,1,0,0
2019-06,Interstate Theft,all,5,10,8,20,19,0,0,0,1
2019-07,Interstate Theft,all,4,4,2,8,8,0,0,0,0
2019-08,Interstate Theft,all,6,12,3,6,6,0,0,0,0
2019-09,Interstate Theft,all,7,16,6,13,9,0,4,0,0
2019-10,Interstate Theft,all,7,14,7,9,8,0,1,0,0
2019-11,Interstate Theft,all,3,10,2,8,8,0,0,0,0
2019-12,Interstate Theft,all,7,23,3,5,4,0,1,0,0
2020-01,Interstate Theft,all,4,11,7,25,24,0,1,0,0
2020-02,Interstate Theft,all,8,13,6,14,14,0,0,0,0
2020-03,Interstate Theft,all,4,9,1,3,3,0,0,0,0
2020-05,Interstate Theft,all,0,0,2,6,6,0,0,0,0
2020-06,Interstate Theft,all,6,11,7,16,15,0,1,0,0
2020-07,Interstate Theft,all,2,3,2,3,3,0,0,0,0
2020-08,Interstate Theft,all,4,4,4,5,4,0,0,1,0
2020-09,Interstate Theft,all,7,15,3,7,7,0,0,0,0
2020-10,Interstate Theft,all,2,2,3,6,6,0,0,0,0
2020-11,Interstate Theft,all,5,19,1,1,1,0,0,0,0
2020-12,Interstate Theft,all,9,19,7,11,8,0,3,0,0
2021-01,Interstate Theft,all,4,10,3,9,9,0,0,0,0
2021-02,Interstate Theft,all,1,2,1,7,7,0,0,0,0
2021-03,Interstate Theft,all,8,22,8,13,13,0,0,0,0
2021-04,Interstate Theft,all,3,5,4,6,6,0,0,0,0
2021-05,Interstate Theft,all,2,2,3,5,5,0,0,0,0
2021-06,Interstate Theft,all,7,15,6,15,15,0,0,0,0
2021-07,Interstate Theft,all,5,15,2,2,2,0,0,0,0
2021-08,Interstate Theft,all,6,15,5,12,12,0,0,0,0
2021-09,Interstate Theft,all,4,9,7,10,9,0,1,0,0
2021-10,Interstate Theft,all,4,10,2,6,6,0,0,0,0
2021-11,Interstate Theft,all,3,29,2,4,4,0,0,0,0
2021-12,Interstate Theft,all,4,4,3,8,8,0,0,0,0
2022-01,Interstate Theft,all,5,8,4,14,14,0,0,0,0
2022-02,Interstate Theft,all,4,4,5,8,8,0,0,0,0
2022-03,Interstate Theft,all,6,17,3,13,13,0,0,0,0
2022-04,Interstate Theft,all,8,26,7,23,23,0,0,0,0
2022-05,Interstate Theft,all,7,15,7,16,15,1,0,0,0
2022-06,Interstate Theft,all,4,11,2,2,2,0,0,0,0
2022-07,Interstate Theft,all,3,3,3,6,6,0,0,0,0
2022-08,Interstate Theft,all,4,6,7,14,13,0,0,1,0
2022-09,Interstate Theft,all,4,8,4,8,8,0,0,0,0
2022-10,Interstate Theft,all,6,40,6,9,9,0,0,0,0
2022-11,Interstate Theft,all,4,8,8,20,20,0,0,0,0
2022-12,Interstate Theft,all,6,23,9,22,21,0,0,0,1
2023-01,Interstate Theft,all,4,9,6,14,13,0,1,0,0
2023-02,Interstate Theft,all,5,24,2,5,5,0,0,0,0
2023-03,Interstate Theft,all,9,12,11,26,26,0,0,0,0
2023-04,Interstate Theft,all,2,3,5,11,11,0,0,0,0
2023-05,Interstate Theft,all,10,26,5,9,8,0,1,0,0
2023-06,Interstate Theft,all,4,13,7,17,17,0,0,0,0
2023-07,Interstate Theft,all,7,18,6,9,9,0,0,0,0
2023-08,Interstate Theft,all,7,13,3,4,4,0,0,0,0
2023-09,Interstate Theft,all,6,10,5,9,6,2,1,0,0
2023-10,Interstate Theft,all,5,13,3,7,7,0,0,0,0
2023-11,Interstate Theft,all,9,20,4,10,8,0,2,0,0
2023-12,Interstate Theft,all,6,22,4,11,11,0,0,0,0
2024-01,Interstate Theft,all,3,8,3,3,3,0,0,0,0
2024-02,Interstate Theft,all,2,3,4,7,7,0,0,0,0
2024-03,Interstate Theft,all,11,20,8,11,11,0,0,0,0
2024-04,Interstate Theft,all,7,18,6,7,7,0,0,0,0
2024-05,Interstate Theft,all,4,9,3,3,0,0,3,0,0
2024-06,Interstate Theft,all,2,3,4,11,11,0,0,0,0
2024-07,Interstate Theft,all,9,16,7,18,18,0,0,0,0
2024-08,Interstate Theft,all,5,11,9,31,27,0,1,0,3
2024-09,Interstate Theft,all,5,16,6,11,11,0,0,0,0
2024-10,Interstate Theft,all,4,7,6,18,17,0,1,0,0
2024-11,Interstate Theft,all,5,14,1,1,1,0,0,0,0
2024-12,Interstate Theft,all,9,28,5,8,8,0,0,0,0
2025-01,Interstate Theft,all,4,9,3,6,6,0,0,0,0
2025-02,Interstate Theft,all,7,25,4,8,8,0,0,0,0
2025-03,Interstate Theft,all,5,12,6,7,5,0,1,0,1
2025-04,Interstate Theft,all,6,13,4,5,5,0,0,0,0
2025-05,Interstate Theft,all,11,25,10,40,40,0,0,0,0
2025-06,Interstate Theft,all,4,6,6,9,9,0,0,0,0
2025-07,Interstate Theft,all,3,11,4,6,6,0,0,0,0
2025-08,Interstate Theft,all,10,28,7,13,12,0,1,0,0
2025-09,Interstate Theft,all,10,32,7,11,10,0,1,0,0
2025-10,Interstate Theft,all,7,11,6,6,6,0,0,0,0
2025-11,Interstate Theft,all,9,35,7,21,21,0,0,0,0
2025-12,Interstate Theft,all,10,36,2,7,7,0,0,0,0
2026-01,Interstate Theft,all,12,17,7,20,20,0,0,0,0
2026-02,Interstate Theft,all,5,19,5,5,5,0,0,0,0
2026-03,Interstate Theft,all,8,17,2,8,8,0,0,0,0
2026-04,Interstate Theft,all,0,0,1,7,7,0,0,0,0
2026-05,Interstate Theft,all,3,18,2,9,9,0,0,0,0
2026-06,Interstate Theft,all,9,9,1,1,1,0,0,0,0
1994-10,Interstate Theft,primary,21,31,15,32,31,0,1,0,0
1994-11,Interstate Theft,primary,23,46,20,44,40,0,3,1,0
1994-12,Interstate Theft,primary,24,57,14,26,23,1,2,0,0
1995-01,Interstate Theft,primary,16,26,29,50,43,0,7,0,0
1995-02,Interstate Theft,primary,36,52,30,65,57,4,3,1,0
1995-03,Interstate Theft,primary,23,50,32,60,55,0,5,0,0
1995-04,Interstate Theft,primary,26,45,25,56,46,0,10,0,0
1995-05,Interstate Theft,primary,31,49,29,62,61,0,0,1,0
1995-06,Interstate Theft,primary,28,58,30,60,51,5,0,3,1
1995-07,Interstate Theft,primary,24,39,17,24,23,0,0,1,0
1995-08,Interstate Theft,primary,29,52,22,33,27,0,4,2,0
1995-09,Interstate Theft,primary,26,44,29,70,69,0,1,0,0
1995-10,Interstate Theft,primary,24,30,27,40,36,0,3,1,0
1995-11,Interstate Theft,primary,20,35,26,41,36,0,5,0,0
1995-12,Interstate Theft,primary,27,89,19,37,35,0,2,0,0
1996-01,Interstate Theft,primary,20,30,17,26,24,0,2,0,0
1996-02,Interstate Theft,primary,32,58,18,35,31,0,0,4,0
1996-03,Interstate Theft,primary,44,121,21,36,32,0,4,0,0
1996-04,Interstate Theft,primary,24,37,23,35,31,0,2,1,1
1996-05,Interstate Theft,primary,28,58,27,45,37,4,1,3,0
1996-06,Interstate Theft,primary,26,37,29,55,45,1,9,0,0
1996-07,Interstate Theft,primary,30,56,23,28,26,0,1,1,0
1996-08,Interstate Theft,primary,25,45,18,21,20,0,0,1,0
1996-09,Interstate Theft,primary,69,124,31,43,40,0,1,2,0
1996-10,Interstate Theft,primary,14,19,27,51,46,0,3,2,0
1996-11,Interstate Theft,primary,18,33,21,31,27,1,1,2,0
1996-12,Interstate Theft,primary,25,44,28,52,44,2,3,3,0
1997-01,Interstate Theft,primary,26,47,32,61,54,0,3,4,0
1997-02,Interstate Theft,primary,22,46,26,46,44,0,1,0,1
1997-03,Interstate Theft,primary,31,62,17,22,18,0,3,1,0
1997-04,Interstate Theft,primary,26,55,25,40,39,0,1,0,0
1997-05,Interstate Theft,primary,23,43,22,43,39,0,3,1,0
1997-06,Interstate Theft,primary,23,42,23,61,39,0,18,4,0
1997-07,Interstate Theft,primary,23,34,27,43,41,0,0,1,1
1997-08,Interstate Theft,primary,20,27,12,20,16,2,1,1,0
1997-09,Interstate Theft,primary,21,36,17,39,26,0,1,2,10
1997-10,Interstate Theft,primary,30,60,29,63,58,0,5,0,0
1997-11,Interstate Theft,primary,20,36,18,26,22,1,3,0,0
1997-12,Interstate Theft,primary,22,52,20,42,41,0,1,0,0
1998-01,Interstate Theft,primary,14,23,25,64,61,0,2,1,0
1998-02,Interstate Theft,primary,12,26,22,41,34,0,6,1,0
1998-03,Interstate Theft,primary,17,48,21,50,48,0,2,0,0
1998-04,Interstate Theft,primary,10,19,21,36,35,1,0,0,0
1998-05,Interstate Theft,primary,18,25,24,44,39,0,3,2,0
1998-06,Interstate Theft,primary,24,56,20,41,40,0,0,0,1
1998-07,Interstate Theft,primary,30,55,13,24,22,0,2,0,0
1998-08,Interstate Theft,primary,20,32,17,38,37,0,0,1,0
1998-09,Interstate Theft,primary,28,39,17,29,29,0,0,0,0
1998-10,Interstate Theft,primary,10,20,21,46,42,0,4,0,0
1998-11,Interstate Theft,primary,26,53,18,36,34,0,2,0,0
1998-12,Interstate Theft,primary,19,48,20,39,36,1,0,2,0
1999-01,Interstate Theft,primary,21,42,19,42,34,0,8,0,0
1999-02,Interstate Theft,primary,30,57,21,46,44,1,0,1,0
1999-03,Interstate Theft,primary,20,39,20,34,33,0,0,1,0
1999-04,Interstate Theft,primary,31,56,29,57,49,2,4,2,0
1999-05,Interstate Theft,primary,17,32,15,24,23,1,0,0,0
1999-06,Interstate Theft,primary,18,27,30,50,47,0,2,1,0
1999-07,Interstate Theft,primary,22,44,24,47,45,0,2,0,0
1999-08,Interstate Theft,primary,17,51,26,40,36,0,1,0,3
1999-09,Interstate Theft,primary,22,44,15,27,26,0,1,0,0
1999-10,Interstate Theft,primary,12,19,17,56,53,0,2,1,0
1999-11,Interstate Theft,primary,14,32,26,47,46,0,0,0,1
1999-12,Interstate Theft,primary,23,42,24,52,51,0,1,0,0
2000-01,Interstate Theft,primary,18,28,11,17,16,0,0,1,0
2000-02,Interstate Theft,primary,20,43,18,28,24,0,3,1,0
2000-03,Interstate Theft,primary,22,41,12,23,20,0,3,0,0
2000-04,Interstate Theft,primary,16,28,26,41,38,0,0,3,0
2000-05,Interstate Theft,primary,13,21,20,51,50,0,0,1,0
2000-06,Interstate Theft,primary,18,63,16,46,46,0,0,0,0
2000-07,Interstate Theft,primary,22,37,21,35,35,0,0,0,0
2000-08,Interstate Theft,primary,27,58,18,30,25,0,4,1,0
2000-09,Interstate Theft,primary,19,46,17,32,32,0,0,0,0
2000-10,Interstate Theft,primary,17,57,14,21,20,0,1,0,0
2000-11,Interstate Theft,primary,21,46,12,21,19,0,2,0,0
2000-12,Interstate Theft,primary,16,44,25,33,31,0,0,2,0
2001-01,Interstate Theft,primary,9,22,24,36,34,0,2,0,0
2001-02,Interstate Theft,primary,16,51,16,25,23,0,2,0,0
2001-03,Interstate Theft,primary,22,51,20,45,43,2,0,0,0
2001-04,Interstate Theft,primary,15,44,19,35,31,0,4,0,0
2001-05,Interstate Theft,primary,16,26,16,38,36,1,0,1,0
2001-06,Interstate Theft,primary,12,23,20,34,33,0,1,0,0
2001-07,Interstate Theft,primary,17,39,20,39,33,0,1,5,0
2001-08,Interstate Theft,primary,18,46,16,36,34,0,2,0,0
2001-09,Interstate Theft,primary,19,31,11,29,22,0,7,0,0
2001-10,Interstate Theft,primary,22,51,15,32,30,0,1,1,0
2001-11,Interstate Theft,primary,19,31,17,26,24,2,0,0,0
2001-12,Interstate Theft,primary,13,22,16,36,36,0,0,0,0
2002-01,Interstate Theft,primary,16,28,17,31,31,0,0,0,0
2002-02,Interstate Theft,primary,14,27,15,20,19,0,1,0,0
2002-03,Interstate Theft,primary,20,58,15,23,22,0,1,0,0
2002-04,Interstate Theft,primary,19,49,17,32,23,1,8,0,0
2002-05,Interstate Theft,primary,14,23,9,30,28,0,1,1,0
2002-06,Interstate Theft,primary,10,20,17,42,42,0,0,0,0
2002-07,Interstate Theft,primary,14,30,25,47,46,0,1,0,0
2002-08,Interstate Theft,primary,12,21,16,53,53,0,0,0,0
2002-09,Interstate Theft,primary,20,68,18,44,41,0,3,0,0
2002-10,Interstate Theft,primary,9,14,20,51,50,1,0,0,0
2002-11,Interstate Theft,primary,28,47,16,44,44,0,0,0,0
2002-12,Interstate Theft,primary,12,29,13,27,24,0,3,0,0
2003-01,Interstate Theft,primary,14,31,16,31,30,0,1,0,0
2003-02,Interstate Theft,primary,13,24,21,45,38,0,7,0,0
2003-03,Interstate Theft,primary,13,17,17,39,35,0,0,3,1
2003-04,Interstate Theft,primary,9,16,12,21,21,0,0,0,0
2003-05,Interstate Theft,primary,16,27,15,30,30,0,0,0,0
2003-06,Interstate Theft,primary,12,20,21,54,53,0,0,1,0
2003-07,Interstate Theft,primary,15,35,7,7,5,1,1,0,0
2003-08,Interstate Theft,primary,6,6,11,17,15,0,1,1,0
2003-09,Interstate Theft,primary,13,32,17,47,47,0,0,0,0
2003-10,Interstate Theft,primary,11,36,20,32,28,0,4,0,0
2003-11,Interstate Theft,primary,12,15,12,33,33,0,0,0,0
2003-12,Interstate Theft,primary,8,12,18,52,51,1,0,0,0
2004-01,Interstate Theft,primary,12,20,9,14,14,0,0,0,0
2004-02,Interstate Theft,primary,14,33,12,19,17,0,2,0,0
2004-03,Interstate Theft,primary,11,19,16,33,28,0,5,0,0
2004-04,Interstate Theft,primary,15,34,9,15,13,0,2,0,0
2004-05,Interstate Theft,primary,9,22,17,33,31,0,2,0,0
2004-06,Interstate Theft,primary,12,19,12,15,15,0,0,0,0
2004-07,Interstate Theft,primary,5,11,12,18,17,0,1,0,0
2004-08,Interstate Theft,primary,6,6,13,15,15,0,0,0,0
2004-09,Interstate Theft,primary,10,23,12,39,39,0,0,0,0
2004-10,Interstate Theft,primary,9,12,9,22,22,0,0,0,0
2004-11,Interstate Theft,primary,10,24,7,16,14,0,2,0,0
2004-12,Interstate Theft,primary,7,14,13,20,16,0,4,0,0
2005-01,Interstate Theft,primary,9,22,8,15,14,0,1,0,0
2005-02,Interstate Theft,primary,6,14,6,9,7,0,0,2,0
2005-03,Interstate Theft,primary,12,30,10,17,17,0,0,0,0
2005-04,Interstate Theft,primary,18,28,7,7,6,0,0,1,0
2005-05,Interstate Theft,primary,8,13,11,19,18,1,0,0,0
2005-06,Interstate Theft,primary,3,7,8,23,22,0,0,1,0
2005-07,Interstate Theft,primary,6,14,13,24,24,0,0,0,0
2005-08,Interstate Theft,primary,16,64,11,22,22,0,0,0,0
2005-09,Interstate Theft,primary,3,7,17,24,24,0,0,0,0
2005-10,Interstate Theft,primary,7,25,6,13,13,0,0,0,0
2005-11,Interstate Theft,primary,9,15,9,37,37,0,0,0,0
2005-12,Interstate Theft,primary,8,13,6,13,13,0,0,0,0
2006-01,Interstate Theft,primary,9,15,11,20,18,0,1,1,0
2006-02,Interstate Theft,primary,5,18,6,7,7,0,0,0,0
2006-03,Interstate Theft,primary,7,14,6,8,8,0,0,0,0
2006-04,Interstate Theft,primary,11,17,3,22,22,0,0,0,0
2006-05,Interstate Theft,primary,9,26,14,48,47,0,1,0,0
2006-06,Interstate Theft,primary,5,6,10,26,22,0,4,0,0
2006-07,Interstate Theft,primary,3,7,7,20,18,0,2,0,0
2006-08,Interstate Theft,primary,7,7,12,36,36,0,0,0,0
2006-09,Interstate Theft,primary,7,21,9,29,29,0,0,0,0
2006-10,Interstate Theft,primary,14,33,7,13,11,0,2,0,0
2006-11,Interstate Theft,primary,11,36,4,4,3,0,1,0,0
2006-12,Interstate Theft,primary,11,17,10,27,26,0,1,0,0
2007-01,Interstate Theft,primary,7,12,11,28,24,0,4,0,0
2007-02,Interstate Theft,primary,4,8,2,2,2,0,0,0,0
2007-03,Interstate Theft,primary,11,26,11,41,39,0,1,0,1
2007-04,Interstate Theft,primary,10,15,9,19,19,0,0,0,0
2007-05,Interstate Theft,primary,10,12,9,13,13,0,0,0,0
2007-06,Interstate Theft,primary,12,21,8,15,15,0,0,0,0
2007-07,Interstate Theft,primary,5,9,8,30,29,0,1,0,0
2007-08,Interstate Theft,primary,15,30,12,15,14,0,0,1,0
2007-09,Interstate Theft,primary,13,20,11,15,14,0,0,1,0
2007-10,Interstate Theft,primary,16,40,10,11,11,0,0,0,0
2007-11,Interstate Theft,primary,15,22,12,19,19,0,0,0,0
2007-12,Interstate Theft,primary,16,30,9,34,33,0,1,0,0
2008-01,Interstate Theft,primary,9,12,14,20,17,1,1,1,0
2008-02,Interstate Theft,primary,11,23,12,19,18,0,0,1,0
2008-03,Interstate Theft,primary,7,20,12,20,19,0,1,0,0
2008-04,Interstate Theft,primary,11,23,15,23,23,0,0,0,0
2008-05,Interstate Theft,primary,7,16,7,14,13,0,0,1,0
2008-06,Interstate Theft,primary,13,34,13,24,24,0,0,0,0
2008-07,Interstate Theft,primary,4,9,10,16,16,0,0,0,0
2008-08,Interstate Theft,primary,3,3,5,8,5,0,3,0,0
2008-09,Interstate Theft,primary,10,23,14,20,18,0,1,1,0
2008-10,Interstate Theft,primary,6,14,9,25,25,0,0,0,0
2008-11,Interstate Theft,primary,10,26,7,19,18,0,1,0,0
2008-12,Interstate Theft,primary,9,11,9,14,13,0,1,0,0
2009-01,Interstate Theft,primary,8,32,5,13,13,0,0,0,0
2009-02,Interstate Theft,primary,7,13,13,29,29,0,0,0,0
2009-03,Interstate Theft,primary,9,28,7,10,8,0,1,1,0
2009-04,Interstate Theft,primary,2,2,11,32,32,0,0,0,0
2009-05,Interstate Theft,primary,3,4,2,3,3,0,0,0,0
2009-06,Interstate Theft,primary,4,12,9,18,17,0,1,0,0
2009-07,Interstate Theft,primary,8,13,12,31,31,0,0,0,0
2009-08,Interstate Theft,primary,4,6,6,14,13,0,1,0,0
2009-09,Interstate Theft,primary,11,26,9,15,15,0,0,0,0
2009-10,Interstate Theft,primary,7,13,7,19,19,0,0,0,0
2009-11,Interstate Theft,primary,5,9,10,31,31,0,0,0,0
2009-12,Interstate Theft,primary,4,7,1,11,11,0,0,0,0
2010-01,Interstate Theft,primary,4,4,6,10,10,0,0,0,0
2010-02,Interstate Theft,primary,5,9,6,21,16,0,5,0,0
2010-03,Interstate Theft,primary,9,24,14,28,28,0,0,0,0
2010-04,Interstate Theft,primary,6,12,7,13,12,1,0,0,0
2010-05,Interstate Theft,primary,10,38,7,22,21,0,1,0,0
2010-06,Interstate Theft,primary,6,15,2,3,3,0,0,0,0
2010-07,Interstate Theft,primary,9,23,10,23,23,0,0,0,0
2010-08,Interstate Theft,primary,9,15,8,30,26,0,4,0,0
2010-09,Interstate Theft,primary,7,14,8,10,10,0,0,0,0
2010-10,Interstate Theft,primary,3,4,5,22,22,0,0,0,0
2010-11,Interstate Theft,primary,8,19,7,9,9,0,0,0,0
2010-12,Interstate Theft,primary,10,14,6,14,10,0,3,1,0
2011-01,Interstate Theft,primary,9,12,7,34,14,0,20,0,0
2011-02,Interstate Theft,primary,4,17,3,4,4,0,0,0,0
2011-03,Interstate Theft,primary,10,18,4,6,5,0,0,1,0
2011-04,Interstate Theft,primary,6,10,15,22,21,0,1,0,0
2011-05,Interstate Theft,primary,5,11,5,5,4,0,0,1,0
2011-06,Interstate Theft,primary,7,11,11,16,16,0,0,0,0
2011-07,Interstate Theft,primary,6,14,6,17,14,0,3,0,0
2011-08,Interstate Theft,primary,8,30,4,7,5,0,2,0,0
2011-09,Interstate Theft,primary,3,14,8,13,11,0,2,0,0
2011-10,Interstate Theft,primary,4,4,9,18,18,0,0,0,0
2011-11,Interstate Theft,primary,3,9,8,19,17,0,2,0,0
2011-12,Interstate Theft,primary,2,8,8,12,12,0,0,0,0
2012-01,Interstate Theft,primary,5,6,2,3,3,0,0,0,0
2012-02,Interstate Theft,primary,2,7,5,13,13,0,0,0,0
2012-03,Interstate Theft,primary,5,12,7,14,14,0,0,0,0
2012-04,Interstate Theft,primary,9,31,4,8,8,0,0,0,0
2012-05,Interstate Theft,primary,3,8,7,14,14,0,0,0,0
2012-06,Interstate Theft,primary,5,19,6,25,25,0,0,0,0
2012-07,Interstate Theft,primary,4,7,3,3,3,0,0,0,0
2012-08,Interstate Theft,primary,3,8,3,5,5,0,0,0,0
2012-09,Interstate Theft,primary,3,3,2,3,3,0,0,0,0
2012-10,Interstate Theft,primary,5,5,4,4,4,0,0,0,0
2012-11,Interstate Theft,primary,4,6,6,19,18,0,1,0,0
2012-12,Interstate Theft,primary,12,40,4,13,13,0,0,0,0
2013-01,Interstate Theft,primary,8,14,4,8,8,0,0,0,0
2013-02,Interstate Theft,primary,7,17,8,14,13,0,1,0,0
2013-03,Interstate Theft,primary,12,36,5,18,17,0,1,0,0
2013-04,Interstate Theft,primary,8,13,8,17,17,0,0,0,0
2013-05,Interstate Theft,primary,10,29,7,8,6,0,2,0,0
2013-06,Interstate Theft,primary,10,14,7,14,12,0,1,0,1
2013-07,Interstate Theft,primary,12,41,13,22,22,0,0,0,0
2013-08,Interstate Theft,primary,8,15,7,19,19,0,0,0,0
2013-09,Interstate Theft,primary,11,14,9,10,8,0,2,0,0
2013-10,Interstate Theft,primary,8,15,4,11,11,0,0,0,0
2013-11,Interstate Theft,primary,9,15,4,7,7,0,0,0,0
2013-12,Interstate Theft,primary,1,1,7,13,13,0,0,0,0
2014-01,Interstate Theft,primary,4,8,6,9,9,0,0,0,0
2014-02,Interstate Theft,primary,1,1,11,32,30,2,0,0,0
2014-03,Interstate Theft,primary,1,3,9,18,18,0,0,0,0
2014-04,Interstate Theft,primary,7,20,3,3,3,0,0,0,0
2014-05,Interstate Theft,primary,6,34,11,20,17,0,3,0,0
2014-06,Interstate Theft,primary,3,4,5,6,6,0,0,0,0
2014-07,Interstate Theft,primary,4,4,6,19,18,0,0,1,0
2014-08,Interstate Theft,primary,8,15,7,12,7,0,0,0,5
2014-09,Interstate Theft,primary,4,12,5,16,16,0,0,0,0
2014-10,Interstate Theft,primary,3,3,3,4,3,0,0,0,1
2014-11,Interstate Theft,primary,6,10,7,20,20,0,0,0,0
2014-12,Interstate Theft,primary,9,21,10,27,27,0,0,0,0
2015-01,Interstate Theft,primary,3,5,5,15,15,0,0,0,0
2015-02,Interstate Theft,primary,4,6,8,16,11,0,5,0,0
2015-03,Interstate Theft,primary,9,17,4,4,3,0,1,0,0
2015-04,Interstate Theft,primary,6,13,6,22,21,0,1,0,0
2015-05,Interstate Theft,primary,3,10,4,32,32,0,0,0,0
2015-06,Interstate Theft,primary,7,14,3,4,4,0,0,0,0
2015-07,Interstate Theft,primary,3,11,5,26,26,0,0,0,0
2015-08,Interstate Theft,primary,6,10,3,7,7,0,0,0,0
2015-09,Interstate Theft,primary,2,2,5,13,13,0,0,0,0
2015-10,Interstate Theft,primary,8,33,3,4,4,0,0,0,0
2015-11,Interstate Theft,primary,2,3,5,13,12,0,0,1,0
2015-12,Interstate Theft,primary,4,10,2,2,2,0,0,0,0
2016-01,Interstate Theft,primary,2,2,4,8,8,0,0,0,0
2016-02,Interstate Theft,primary,3,5,5,10,10,0,0,0,0
2016-03,Interstate Theft,primary,10,23,7,10,10,0,0,0,0
2016-04,Interstate Theft,primary,5,11,3,6,4,0,2,0,0
2016-05,Interstate Theft,primary,11,41,7,15,7,0,0,8,0
2016-06,Interstate Theft,primary,7,16,3,9,9,0,0,0,0
2016-07,Interstate Theft,primary,8,21,0,0,0,0,0,0,0
2016-08,Interstate Theft,primary,1,1,4,10,10,0,0,0,0
2016-09,Interstate Theft,primary,5,9,8,19,19,0,0,0,0
2016-10,Interstate Theft,primary,5,12,6,13,13,0,0,0,0
2016-11,Interstate Theft,primary,7,11,10,25,25,0,0,0,0
2016-12,Interstate Theft,primary,6,13,9,17,17,0,0,0,0
2017-01,Interstate Theft,primary,3,11,7,18,17,0,1,0,0
2017-02,Interstate Theft,primary,7,12,7,24,24,0,0,0,0
2017-03,Interstate Theft,primary,10,24,10,27,26,0,1,0,0
2017-04,Interstate Theft,primary,2,9,7,24,24,0,0,0,0
2017-05,Interstate Theft,primary,2,6,8,16,15,0,1,0,0
2017-06,Interstate Theft,primary,3,4,7,12,11,0,1,0,0
2017-07,Interstate Theft,primary,3,9,6,12,12,0,0,0,0
2017-08,Interstate Theft,primary,2,6,2,3,3,0,0,0,0
2017-09,Interstate Theft,primary,2,8,4,11,11,0,0,0,0
2017-10,Interstate Theft,primary,4,5,2,13,13,0,0,0,0
2017-11,Interstate Theft,primary,1,3,6,25,25,0,0,0,0
2017-12,Interstate Theft,primary,5,8,7,15,15,0,0,0,0
2018-01,Interstate Theft,primary,5,11,8,22,21,0,1,0,0
2018-02,Interstate Theft,primary,4,18,7,23,23,0,0,0,0
2018-03,Interstate Theft,primary,3,6,4,12,12,0,0,0,0
2018-04,Interstate Theft,primary,2,7,1,2,2,0,0,0,0
2018-05,Interstate Theft,primary,4,5,5,16,16,0,0,0,0
2018-06,Interstate Theft,primary,6,10,6,8,8,0,0,0,0
2018-07,Interstate Theft,primary,3,5,3,7,7,0,0,0,0
2018-08,Interstate Theft,primary,5,8,2,3,3,0,0,0,0
2018-09,Interstate Theft,primary,1,4,4,16,16,0,0,0,0
2018-10,Interstate Theft,primary,3,5,6,16,16,0,0,0,0
2018-11,Interstate Theft,primary,6,8,2,4,4,0,0,0,0
2018-12,Interstate Theft,primary,1,1,4,6,6,0,0,0,0
2019-01,Interstate Theft,primary,5,11,4,5,5,0,0,0,0
2019-02,Interstate Theft,primary,1,3,1,6,6,0,0,0,0
2019-03,Interstate Theft,primary,1,1,3,6,5,1,0,0,0
2019-04,Interstate Theft,primary,1,1,5,14,14,0,0,0,0
2019-05,Interstate Theft,primary,4,7,3,7,6,0,1,0,0
2019-06,Interstate Theft,primary,5,10,8,20,19,0,0,0,1
2019-07,Interstate Theft,primary,3,3,2,8,8,0,0,0,0
2019-08,Interstate Theft,primary,6,12,2,4,4,0,0,0,0
2019-09,Interstate Theft,primary,5,14,6,13,9,0,4,0,0
2019-10,Interstate Theft,primary,7,14,5,7,6,0,1,0,0
2019-11,Interstate Theft,primary,3,10,2,8,8,0,0,0,0
2019-12,Interstate Theft,primary,5,18,2,2,1,0,1,0,0
2020-01,Interstate Theft,primary,3,10,6,23,22,0,1,0,0
2020-02,Interstate Theft,primary,5,10,4,8,8,0,0,0,0
2020-03,Interstate Theft,primary,3,4,1,3,3,0,0,0,0
2020-05,Interstate Theft,primary,0,0,2,6,6,0,0,0,0
2020-06,Interstate Theft,primary,4,9,4,9,8,0,1,0,0
2020-07,Interstate Theft,primary,2,3,1,2,2,0,0,0,0
2020-08,Interstate Theft,primary,4,4,4,5,4,0,0,1,0
2020-09,Interstate Theft,primary,4,11,3,7,7,0,0,0,0
2020-10,Interstate Theft,primary,1,1,3,6,6,0,0,0,0
2020-11,Interstate Theft,primary,4,17,1,1,1,0,0,0,0
2020-12,Interstate Theft,primary,4,7,6,10,7,0,3,0,0
2021-01,Interstate Theft,primary,2,6,2,8,8,0,0,0,0
2021-02,Interstate Theft,primary,1,2,1,7,7,0,0,0,0
2021-03,Interstate Theft,primary,7,20,7,12,12,0,0,0,0
2021-04,Interstate Theft,primary,3,5,3,5,5,0,0,0,0
2021-05,Interstate Theft,primary,1,1,3,5,5,0,0,0,0
2021-06,Interstate Theft,primary,6,8,4,13,13,0,0,0,0
2021-07,Interstate Theft,primary,4,12,2,2,2,0,0,0,0
2021-08,Interstate Theft,primary,5,11,4,10,10,0,0,0,0
2021-09,Interstate Theft,primary,2,3,4,5,4,0,1,0,0
2021-10,Interstate Theft,primary,1,2,1,4,4,0,0,0,0
2021-11,Interstate Theft,primary,2,2,2,4,4,0,0,0,0
2021-12,Interstate Theft,primary,3,3,3,8,8,0,0,0,0
2022-01,Interstate Theft,primary,5,8,3,12,12,0,0,0,0
2022-02,Interstate Theft,primary,2,2,3,5,5,0,0,0,0
2022-03,Interstate Theft,primary,4,13,3,13,13,0,0,0,0
2022-04,Interstate Theft,primary,6,24,5,20,20,0,0,0,0
2022-05,Interstate Theft,primary,5,8,4,11,11,0,0,0,0
2022-06,Interstate Theft,primary,1,1,2,2,2,0,0,0,0
2022-07,Interstate Theft,primary,3,3,1,1,1,0,0,0,0
2022-08,Interstate Theft,primary,3,5,6,10,9,0,0,1,0
2022-09,Interstate Theft,primary,1,1,2,5,5,0,0,0,0
2022-10,Interstate Theft,primary,4,5,5,7,7,0,0,0,0
2022-11,Interstate Theft,primary,3,6,6,18,18,0,0,0,0
2022-12,Interstate Theft,primary,3,14,6,18,17,0,0,0,1
2023-01,Interstate Theft,primary,4,9,5,9,8,0,1,0,0
2023-02,Interstate Theft,primary,4,18,1,1,1,0,0,0,0
2023-03,Interstate Theft,primary,8,10,11,26,26,0,0,0,0
2023-04,Interstate Theft,primary,2,3,4,4,4,0,0,0,0
2023-05,Interstate Theft,primary,9,17,4,7,6,0,1,0,0
2023-06,Interstate Theft,primary,3,11,5,5,5,0,0,0,0
2023-07,Interstate Theft,primary,6,7,5,8,8,0,0,0,0
2023-08,Interstate Theft,primary,5,9,3,4,4,0,0,0,0
2023-09,Interstate Theft,primary,6,10,4,6,3,2,1,0,0
2023-10,Interstate Theft,primary,4,12,3,7,7,0,0,0,0
2023-11,Interstate Theft,primary,8,19,3,6,4,0,2,0,0
2023-12,Interstate Theft,primary,5,17,2,8,8,0,0,0,0
2024-01,Interstate Theft,primary,2,2,2,2,2,0,0,0,0
2024-02,Interstate Theft,primary,1,1,4,7,7,0,0,0,0
2024-03,Interstate Theft,primary,8,12,7,8,8,0,0,0,0
2024-04,Interstate Theft,primary,6,17,6,7,7,0,0,0,0
2024-05,Interstate Theft,primary,4,9,3,3,0,0,3,0,0
2024-06,Interstate Theft,primary,1,1,1,2,2,0,0,0,0
2024-07,Interstate Theft,primary,7,14,5,15,15,0,0,0,0
2024-08,Interstate Theft,primary,3,6,3,3,2,0,1,0,0
2024-09,Interstate Theft,primary,3,14,3,7,7,0,0,0,0
2024-10,Interstate Theft,primary,4,7,4,5,4,0,1,0,0
2024-11,Interstate Theft,primary,4,13,0,0,0,0,0,0,0
2024-12,Interstate Theft,primary,7,22,4,7,7,0,0,0,0
2025-01,Interstate Theft,primary,3,7,1,2,2,0,0,0,0
2025-02,Interstate Theft,primary,3,18,3,7,7,0,0,0,0
2025-03,Interstate Theft,primary,5,12,4,4,2,0,1,0,1
2025-04,Interstate Theft,primary,2,8,1,1,1,0,0,0,0
2025-05,Interstate Theft,primary,10,21,6,6,6,0,0,0,0
2025-06,Interstate Theft,primary,2,3,6,9,9,0,0,0,0
2025-07,Interstate Theft,primary,3,11,3,5,5,0,0,0,0
2025-08,Interstate Theft,primary,8,24,7,13,12,0,1,0,0
2025-09,Interstate Theft,primary,8,29,5,9,8,0,1,0,0
2025-10,Interstate Theft,primary,7,11,4,4,4,0,0,0,0
2025-11,Interstate Theft,primary,8,27,7,21,21,0,0,0,0
2025-12,Interstate Theft,primary,8,32,2,7,7,0,0,0,0
2026-01,Interstate Theft,primary,9,11,7,20,20,0,0,0,0
2026-02,Interstate Theft,primary,5,19,5,5,5,0,0,0,0
2026-03,Interstate Theft,primary,6,10,2,8,8,0,0,0,0
2026-04,Interstate Theft,primary,0,0,1,7,7,0,0,0,0
2026-05,Interstate Theft,primary,1,1,2,9,9,0,0,0,0
2026-06,Interstate Theft,primary,9,9,1,1,1,0,0,0,0
1994-10,Labor Management Offenses,all,7,16,9,10,10,0,0,0,0
1994-11,Labor Management Offenses,all,12,16,9,17,16,0,1,0,0
1994-12,Labor Management Offenses,all,14,20,10,16,15,0,1,0,0
1995-01,Labor Management Offenses,all,12,19,6,9,9,0,0,0,0
1995-02,Labor Management Offenses,all,9,9,6,10,10,0,0,0,0
1995-03,Labor Management Offenses,all,11,15,10,20,20,0,0,0,0
1995-04,Labor Management Offenses,all,6,8,21,24,19,0,3,2,0
1995-05,Labor Management Offenses,all,7,7,12,14,13,0,1,0,0
1995-06,Labor Management Offenses,all,10,11,7,8,7,0,1,0,0
1995-07,Labor Management Offenses,all,4,4,8,23,22,0,1,0,0
1995-08,Labor Management Offenses,all,11,14,9,12,11,0,1,0,0
1995-09,Labor Management Offenses,all,17,17,17,21,21,0,0,0,0
1995-10,Labor Management Offenses,all,8,11,4,7,7,0,0,0,0
1995-11,Labor Management Offenses,all,4,7,17,24,18,0,5,0,1
1995-12,Labor Management Offenses,all,4,5,9,10,9,0,1,0,0
1996-01,Labor Management Offenses,all,10,11,9,10,10,0,0,0,0
1996-02,Labor Management Offenses,all,3,11,7,9,4,0,5,0,0
1996-03,Labor Management Offenses,all,13,31,5,9,8,0,0,1,0
1996-04,Labor Management Offenses,all,13,24,10,13,11,1,1,0,0
1996-05,Labor Management Offenses,all,21,29,11,24,24,0,0,0,0
1996-06,Labor Management Offenses,all,12,17,12,19,18,0,1,0,0
1996-07,Labor Management Offenses,all,15,20,16,16,15,1,0,0,0
1996-08,Labor Management Offenses,all,5,5,5,5,5,0,0,0,0
1996-09,Labor Management Offenses,all,26,33,13,16,15,1,0,0,0
1996-10,Labor Management Offenses,all,5,5,7,10,9,0,1,0,0
1996-11,Labor Management Offenses,all,8,10,10,11,10,1,0,0,0
1996-12,Labor Management Offenses,all,10,13,6,15,15,0,0,0,0
1997-01,Labor Management Offenses,all,6,8,14,18,17,0,1,0,0
1997-02,Labor Management Offenses,all,12,14,15,15,13,0,1,0,1
1997-03,Labor Management Offenses,all,16,17,8,9,7,0,2,0,0
1997-04,Labor Management Offenses,all,6,8,13,13,12,0,0,1,0
1997-05,Labor Management Offenses,all,13,16,16,21,21,0,0,0,0
1997-06,Labor Management Offenses,all,16,21,16,19,16,0,0,2,1
1997-07,Labor Management Offenses,all,10,10,6,11,10,1,0,0,0
1997-08,Labor Management Offenses,all,8,9,2,2,2,0,0,0,0
1997-09,Labor Management Offenses,all,18,21,5,5,3,0,1,0,1
1997-10,Labor Management Offenses,all,6,8,9,9,7,0,1,1,0
1997-11,Labor Management Offenses,all,8,9,13,31,30,0,1,0,0
1997-12,Labor Management Offenses,all,7,12,8,14,10,4,0,0,0
1998-01,Labor Management Offenses,all,9,9,8,8,7,0,0,0,1
1998-02,Labor Management Offenses,all,13,13,11,11,10,0,1,0,0
1998-03,Labor Management Offenses,all,12,13,6,6,6,0,0,0,0
1998-04,Labor Management Offenses,all,14,15,14,21,21,0,0,0,0
1998-05,Labor Management Offenses,all,25,27,9,10,9,0,0,1,0
1998-06,Labor Management Offenses,all,15,28,9,13,12,0,1,0,0
1998-07,Labor Management Offenses,all,10,13,19,23,23,0,0,0,0
1998-08,Labor Management Offenses,all,15,16,13,18,16,0,2,0,0
1998-09,Labor Management Offenses,all,13,17,15,15,15,0,0,0,0
1998-10,Labor Management Offenses,all,6,7,20,20,20,0,0,0,0
1998-11,Labor Management Offenses,all,10,17,13,18,18,0,0,0,0
1998-12,Labor Management Offenses,all,15,19,10,13,13,0,0,0,0
1999-01,Labor Management Offenses,all,9,9,6,10,8,0,2,0,0
1999-02,Labor Management Offenses,all,5,14,16,17,16,1,0,0,0
1999-03,Labor Management Offenses,all,8,9,10,10,8,0,1,1,0
1999-04,Labor Management Offenses,all,5,6,11,16,16,0,0,0,0
1999-05,Labor Management Offenses,all,10,11,12,14,14,0,0,0,0
1999-06,Labor Management Offenses,all,8,16,17,21,21,0,0,0,0
1999-07,Labor Management Offenses,all,3,3,11,12,12,0,0,0,0
1999-08,Labor Management Offenses,all,5,8,7,11,11,0,0,0,0
1999-09,Labor Management Offenses,all,9,15,5,5,5,0,0,0,0
1999-10,Labor Management Offenses,all,7,9,5,5,5,0,0,0,0
1999-11,Labor Management Offenses,all,7,9,7,8,7,0,1,0,0
1999-12,Labor Management Offenses,all,7,76,4,4,4,0,0,0,0
2000-01,Labor Management Offenses,all,14,17,8,9,9,0,0,0,0
2000-02,Labor Management Offenses,all,7,11,5,6,6,0,0,0,0
2000-03,Labor Management Offenses,all,11,17,8,14,14,0,0,0,0
2000-04,Labor Management Offenses,all,9,13,9,13,12,0,0,1,0
2000-05,Labor Management Offenses,all,9,12,13,28,28,0,0,0,0
2000-06,Labor Management Offenses,all,7,11,11,12,11,0,1,0,0
2000-07,Labor Management Offenses,all,4,5,7,11,11,0,0,0,0
2000-08,Labor Management Offenses,all,6,6,8,11,11,0,0,0,0
2000-09,Labor Management Offenses,all,15,19,11,15,14,0,1,0,0
2000-10,Labor Management Offenses,all,1,2,8,15,15,0,0,0,0
2000-11,Labor Management Offenses,all,12,19,9,9,8,0,1,0,0
2000-12,Labor Management Offenses,all,6,8,7,10,5,0,4,1,0
2001-01,Labor Management Offenses,all,10,17,4,4,4,0,0,0,0
2001-02,Labor Management Offenses,all,6,9,5,7,6,0,1,0,0
2001-03,Labor Management Offenses,all,11,24,10,16,16,0,0,0,0
2001-04,Labor Management Offenses,all,6,7,2,2,2,0,0,0,0
2001-05,Labor Management Offenses,all,13,17,4,5,5,0,0,0,0
2001-06,Labor Management Offenses,all,7,8,12,16,15,0,1,0,0
2001-07,Labor Management Offenses,all,5,7,8,13,13,0,0,0,0
2001-08,Labor Management Offenses,all,8,8,9,23,23,0,0,0,0
2001-09,Labor Management Offenses,all,28,30,9,11,10,0,0,1,0
2001-10,Labor Management Offenses,all,5,5,7,11,11,0,0,0,0
2001-11,Labor Management Offenses,all,12,14,6,7,7,0,0,0,0
2001-12,Labor Management Offenses,all,7,13,7,10,9,0,0,1,0
2002-01,Labor Management Offenses,all,5,12,6,8,8,0,0,0,0
2002-02,Labor Management Offenses,all,10,18,9,10,7,0,1,0,2
2002-03,Labor Management Offenses,all,4,5,10,11,11,0,0,0,0
2002-04,Labor Management Offenses,all,14,20,12,12,11,0,0,1,0
2002-05,Labor Management Offenses,all,11,14,12,17,16,0,0,1,0
2002-06,Labor Management Offenses,all,11,14,8,9,7,0,1,1,0
2002-07,Labor Management Offenses,all,9,13,6,75,6,0,69,0,0
2002-08,Labor Management Offenses,all,4,5,3,3,3,0,0,0,0
2002-09,Labor Management Offenses,all,10,16,8,10,10,0,0,0,0
2002-10,Labor Management Offenses,all,6,7,13,17,16,0,0,1,0
2002-11,Labor Management Offenses,all,8,11,9,15,15,0,0,0,0
2002-12,Labor Management Offenses,all,4,7,5,7,7,0,0,0,0
2003-01,Labor Management Offenses,all,16,29,3,5,5,0,0,0,0
2003-02,Labor Management Offenses,all,11,35,14,20,19,0,1,0,0
2003-03,Labor Management Offenses,all,6,10,9,9,9,0,0,0,0
2003-04,Labor Management Offenses,all,10,14,7,9,8,0,1,0,0
2003-05,Labor Management Offenses,all,8,8,9,20,20,0,0,0,0
2003-06,Labor Management Offenses,all,10,13,10,12,10,0,2,0,0
2003-07,Labor Management Offenses,all,6,12,11,17,15,0,2,0,0
2003-08,Labor Management Offenses,all,11,12,13,21,17,0,4,0,0
2003-09,Labor Management Offenses,all,13,27,10,10,7,0,3,0,0
2003-10,Labor Management Offenses,all,9,9,11,20,16,0,3,1,0
2003-11,Labor Management Offenses,all,4,9,8,10,9,0,0,1,0
2003-12,Labor Management Offenses,all,6,6,8,10,10,0,0,0,0
2004-01,Labor Management Offenses,all,2,2,5,5,5,0,0,0,0
2004-02,Labor Management Offenses,all,11,11,5,5,5,0,0,0,0
2004-03,Labor Management Offenses,all,2,2,7,7,5,1,0,1,0
2004-04,Labor Management Offenses,all,10,12,5,5,5,0,0,0,0
2004-05,Labor Management Offenses,all,5,7,5,5,5,0,0,0,0
2004-06,Labor Management Offenses,all,4,4,6,6,5,0,1,0,0
2004-07,Labor Management Offenses,all,9,12,10,14,14,0,0,0,0
2004-08,Labor Management Offenses,all,5,5,7,8,6,0,2,0,0
2004-09,Labor Management Offenses,all,5,5,9,17,16,0,0,0,1
2004-10,Labor Management Offenses,all,7,8,6,7,5,0,2,0,0
2004-11,Labor Management Offenses,all,10,11,5,5,5,0,0,0,0
2004-12,Labor Management Offenses,all,12,13,8,8,6,0,1,0,1
2005-01,Labor Management Offenses,all,5,25,10,13,13,0,0,0,0
2005-02,Labor Management Offenses,all,8,8,8,10,8,0,2,0,0
2005-03,Labor Management Offenses,all,13,13,8,8,7,0,1,0,0
2005-04,Labor Management Offenses,all,6,6,8,10,9,0,1,0,0
2005-05,Labor Management Offenses,all,6,7,5,7,7,0,0,0,0
2005-06,Labor Management Offenses,all,7,11,6,6,6,0,0,0,0
2005-07,Labor Management Offenses,all,8,24,7,10,10,0,0,0,0
2005-08,Labor Management Offenses,all,4,4,9,9,9,0,0,0,0
2005-09,Labor Management Offenses,all,13,16,7,10,10,0,0,0,0
2005-10,Labor Management Offenses,all,5,5,5,5,5,0,0,0,0
2005-11,Labor Management Offenses,all,8,8,3,4,4,0,0,0,0
2005-12,Labor Management Offenses,all,8,9,4,4,4,0,0,0,0
2006-01,Labor Management Offenses,all,5,6,10,11,11,0,0,0,0
2006-02,Labor Management Offenses,all,4,5,11,11,10,1,0,0,0
2006-03,Labor Management Offenses,all,12,14,12,12,10,0,2,0,0
2006-04,Labor Management Offenses,all,6,6,3,3,3,0,0,0,0
2006-05,Labor Management Offenses,all,9,12,14,32,30,0,2,0,0
2006-06,Labor Management Offenses,all,7,7,15,18,18,0,0,0,0
2006-07,Labor Management Offenses,all,6,6,9,12,12,0,0,0,0
2006-08,Labor Management Offenses,all,6,8,6,6,6,0,0,0,0
2006-09,Labor Management Offenses,all,9,13,5,6,6,0,0,0,0
2006-10,Labor Management Offenses,all,9,11,8,19,16,0,3,0,0
2006-11,Labor Management Offenses,all,8,9,7,9,9,0,0,0,0
2006-12,Labor Management Offenses,all,5,6,6,6,6,0,0,0,0
2007-01,Labor Management Offenses,all,7,7,8,15,14,0,1,0,0
2007-02,Labor Management Offenses,all,2,2,6,7,7,0,0,0,0
2007-03,Labor Management Offenses,all,4,5,10,12,12,0,0,0,0
2007-04,Labor Management Offenses,all,11,19,10,17,17,0,0,0,0
2007-05,Labor Management Offenses,all,3,3,4,4,4,0,0,0,0
2007-06,Labor Management Offenses,all,3,3,12,12,12,0,0,0,0
2007-07,Labor Management Offenses,all,7,10,3,3,3,0,0,0,0
2007-08,Labor Management Offenses,all,8,9,6,6,5,0,0,1,0
2007-09,Labor Management Offenses,all,10,11,2,2,1,0,1,0,0
2007-10,Labor Management Offenses,all,7,7,4,5,4,0,1,0,0
2007-11,Labor Management Offenses,all,5,5,6,8,8,0,0,0,0
2007-12,Labor Management Offenses,all,7,23,6,8,7,0,1,0,0
2008-01,Labor Management Offenses,all,9,9,7,7,4,0,2,1,0
2008-02,Labor Management Offenses,all,9,10,8,9,8,0,0,0,1
2008-03,Labor Management Offenses,all,10,13,5,8,7,0,1,0,0
2008-04,Labor Management Offenses,all,3,3,3,3,3,0,0,0,0
2008-05,Labor Management Offenses,all,12,16,12,15,9,0,3,0,3
2008-06,Labor Management Offenses,all,8,12,10,12,11,0,1,0,0
2008-07,Labor Management Offenses,all,10,13,13,15,15,0,0,0,0
2008-08,Labor Management Offenses,all,5,5,4,4,3,0,1,0,0
2008-09,Labor Management Offenses,all,6,22,6,11,11,0,0,0,0
2008-10,Labor Management Offenses,all,7,8,4,5,4,0,1,0,0
2008-11,Labor Management Offenses,all,10,10,4,4,4,0,0,0,0
2008-12,Labor Management Offenses,all,9,10,9,12,8,4,0,0,0
2009-01,Labor Management Offenses,all,4,4,13,15,12,1,1,1,0
2009-02,Labor Management Offenses,all,4,4,12,15,15,0,0,0,0
2009-03,Labor Management Offenses,all,7,9,12,17,17,0,0,0,0
2009-04,Labor Management Offenses,all,9,12,11,22,21,0,1,0,0
2009-05,Labor Management Offenses,all,8,11,8,9,7,0,2,0,0
2009-06,Labor Management Offenses,all,9,14,4,5,5,0,0,0,0
2009-07,Labor Management Offenses,all,11,33,6,21,21,0,0,0,0
2009-08,Labor Management Offenses,all,6,6,10,12,12,0,0,0,0
2009-09,Labor Management Offenses,all,4,5,5,5,4,0,1,0,0
2009-10,Labor Management Offenses,all,6,6,8,13,13,0,0,0,0
2009-11,Labor Management Offenses,all,3,3,3,4,4,0,0,0,0
2009-12,Labor Management Offenses,all,5,9,5,8,7,0,1,0,0
2010-01,Labor Management Offenses,all,8,10,5,6,6,0,0,0,0
2010-02,Labor Management Offenses,all,7,9,6,7,7,0,0,0,0
2010-03,Labor Management Offenses,all,14,23,6,6,5,0,1,0,0
2010-04,Labor Management Offenses,all,11,13,7,8,7,0,1,0,0
2010-05,Labor Management Offenses,all,12,13,6,8,8,0,0,0,0
2010-06,Labor Management Offenses,all,7,10,5,6,5,0,1,0,0
2010-07,Labor Management Offenses,all,4,5,14,18,16,0,1,1,0
2010-08,Labor Management Offenses,all,10,12,5,5,5,0,0,0,0
2010-09,Labor Management Offenses,all,6,11,8,9,9,0,0,0,0
2010-10,Labor Management Offenses,all,6,8,6,7,6,1,0,0,0
2010-11,Labor Management Offenses,all,4,4,6,9,5,0,4,0,0
2010-12,Labor Management Offenses,all,6,24,7,7,6,0,1,0,0
2011-01,Labor Management Offenses,all,9,10,9,20,20,0,0,0,0
2011-02,Labor Management Offenses,all,2,5,6,9,9,0,0,0,0
2011-03,Labor Management Offenses,all,10,10,4,5,5,0,0,0,0
2011-04,Labor Management Offenses,all,14,19,5,5,5,0,0,0,0
2011-05,Labor Management Offenses,all,11,11,8,11,10,0,1,0,0
2011-06,Labor Management Offenses,all,10,11,10,26,26,0,0,0,0
2011-07,Labor Management Offenses,all,1,1,7,7,7,0,0,0,0
2011-08,Labor Management Offenses,all,4,4,6,6,5,0,1,0,0
2011-09,Labor Management Offenses,all,9,10,14,18,18,0,0,0,0
2011-10,Labor Management Offenses,all,3,6,6,6,5,0,1,0,0
2011-11,Labor Management Offenses,all,6,9,7,7,7,0,0,0,0
2011-12,Labor Management Offenses,all,9,13,6,7,7,0,0,0,0
2012-01,Labor Management Offenses,all,6,6,7,7,7,0,0,0,0
2012-02,Labor Management Offenses,all,13,15,7,8,5,2,1,0,0
2012-03,Labor Management Offenses,all,6,6,6,7,7,0,0,0,0
2012-04,Labor Management Offenses,all,6,8,9,50,47,0,3,0,0
2012-05,Labor Management Offenses,all,6,8,11,16,13,0,2,0,1
2012-06,Labor Management Offenses,all,7,7,5,8,8,0,0,0,0
2012-07,Labor Management Offenses,all,3,4,13,13,12,0,1,0,0
2012-08,Labor Management Offenses,all,4,4,2,2,2,0,0,0,0
2012-09,Labor Management Offenses,all,4,7,6,6,6,0,0,0,0
2012-10,Labor Management Offenses,all,3,5,11,13,11,0,2,0,0
2012-11,Labor Management Offenses,all,7,16,6,7,6,0,1,0,0
2012-12,Labor Management Offenses,all,4,4,7,12,12,0,0,0,0
2013-01,Labor Management Offenses,all,3,4,6,7,6,0,1,0,0
2013-02,Labor Management Offenses,all,5,7,2,2,2,0,0,0,0
2013-03,Labor Management Offenses,all,6,7,4,5,4,0,1,0,0
2013-04,Labor Management Offenses,all,6,16,4,6,4,0,2,0,0
2013-05,Labor Management Offenses,all,10,10,8,10,9,0,1,0,0
2013-06,Labor Management Offenses,all,3,3,8,11,10,0,1,0,0
2013-07,Labor Management Offenses,all,3,5,6,6,6,0,0,0,0
2013-08,Labor Management Offenses,all,3,3,6,15,15,0,0,0,0
2013-09,Labor Management Offenses,all,8,9,9,11,11,0,0,0,0
2013-10,Labor Management Offenses,all,7,8,6,8,8,0,0,0,0
2013-11,Labor Management Offenses,all,3,3,5,6,6,0,0,0,0
2013-12,Labor Management Offenses,all,3,3,2,2,2,0,0,0,0
2014-01,Labor Management Offenses,all,6,9,5,7,4,0,3,0,0
2014-02,Labor Management Offenses,all,5,14,4,4,4,0,0,0,0
2014-03,Labor Management Offenses,all,7,17,5,5,4,0,1,0,0
2014-04,Labor Management Offenses,all,4,7,8,8,6,0,2,0,0
2014-05,Labor Management Offenses,all,4,4,6,6,6,0,0,0,0
2014-06,Labor Management Offenses,all,4,5,3,3,3,0,0,0,0
2014-07,Labor Management Offenses,all,9,14,8,9,9,0,0,0,0
2014-08,Labor Management Offenses,all,5,5,4,6,6,0,0,0,0
2014-09,Labor Management Offenses,all,7,25,5,9,8,0,1,0,0
2014-10,Labor Management Offenses,all,5,7,8,11,11,0,0,0,0
2014-11,Labor Management Offenses,all,3,3,2,3,3,0,0,0,0
2014-12,Labor Management Offenses,all,1,1,1,1,1,0,0,0,0
2015-01,Labor Management Offenses,all,4,4,6,6,5,0,1,0,0
2015-02,Labor Management Offenses,all,4,6,5,7,7,0,0,0,0
2015-03,Labor Management Offenses,all,3,4,6,9,4,0,5,0,0
2015-04,Labor Management Offenses,all,2,2,6,7,7,0,0,0,0
2015-05,Labor Management Offenses,all,2,2,5,5,5,0,0,0,0
2015-06,Labor Management Offenses,all,5,11,7,8,8,0,0,0,0
2015-07,Labor Management Offenses,all,5,6,7,19,19,0,0,0,0
2015-08,Labor Management Offenses,all,9,14,3,4,4,0,0,0,0
2015-09,Labor Management Offenses,all,5,7,3,4,4,0,0,0,0
2015-10,Labor Management Offenses,all,3,3,4,23,23,0,0,0,0
2015-11,Labor Management Offenses,all,6,9,2,2,2,0,0,0,0
2015-12,Labor Management Offenses,all,5,7,4,4,3,0,1,0,0
2016-01,Labor Management Offenses,all,3,7,6,7,7,0,0,0,0
2016-02,Labor Management Offenses,all,2,2,4,5,4,0,1,0,0
2016-03,Labor Management Offenses,all,2,3,3,6,6,0,0,0,0
2016-04,Labor Management Offenses,all,9,12,6,30,29,0,1,0,0
2016-05,Labor Management Offenses,all,2,11,5,7,6,0,1,0,0
2016-06,Labor Management Offenses,all,4,7,2,3,3,0,0,0,0
2016-07,Labor Management Offenses,all,6,7,6,8,8,0,0,0,0
2016-08,Labor Management Offenses,all,6,6,5,5,5,0,0,0,0
2016-09,Labor Management Offenses,all,7,7,5,11,11,0,0,0,0
2016-10,Labor Management Offenses,all,3,4,2,4,4,0,0,0,0
2016-11,Labor Management Offenses,all,2,2,3,3,3,0,0,0,0
2016-12,Labor Management Offenses,all,6,6,7,45,45,0,0,0,0
2017-01,Labor Management Offenses,all,2,2,9,11,11,0,0,0,0
2017-02,Labor Management Offenses,all,4,17,1,1,1,0,0,0,0
2017-03,Labor Management Offenses,all,7,7,10,12,12,0,0,0,0
2017-04,Labor Management Offenses,all,2,2,3,3,2,0,1,0,0
2017-05,Labor Management Offenses,all,4,4,6,9,9,0,0,0,0
2017-06,Labor Management Offenses,all,6,15,3,3,3,0,0,0,0
2017-07,Labor Management Offenses,all,2,3,5,15,14,0,1,0,0
2017-08,Labor Management Offenses,all,3,3,7,8,7,0,1,0,0
2017-09,Labor Management Offenses,all,2,9,2,3,3,0,0,0,0
2017-10,Labor Management Offenses,all,4,4,6,6,5,1,0,0,0
2017-11,Labor Management Offenses,all,5,6,5,5,5,0,0,0,0
2017-12,Labor Management Offenses,all,4,11,2,3,3,0,0,0,0
2018-01,Labor Management Offenses,all,2,2,3,4,4,0,0,0,0
2018-02,Labor Management Offenses,all,3,3,3,3,3,0,0,0,0
2018-03,Labor Management Offenses,all,2,2,2,2,2,0,0,0,0
2018-04,Labor Management Offenses,all,3,7,1,1,0,0,0,0,1
2018-05,Labor Management Offenses,all,2,2,5,6,6,0,0,0,0
2018-06,Labor Management Offenses,all,4,5,6,7,6,0,1,0,0
2018-07,Labor Management Offenses,all,0,0,3,10,9,0,1,0,0
2018-08,Labor Management Offenses,all,1,1,2,11,11,0,0,0,0
2018-09,Labor Management Offenses,all,4,4,2,2,2,0,0,0,0
2018-10,Labor Management Offenses,all,2,5,4,6,4,0,2,0,0
2018-11,Labor Management Offenses,all,1,1,2,2,2,0,0,0,0
2018-12,Labor Management Offenses,all,2,2,1,1,1,0,0,0,0
2019-01,Labor Management Offenses,all,2,3,1,2,2,0,0,0,0
2019-02,Labor Management Offenses,all,5,5,3,3,3,0,0,0,0
2019-03,Labor Management Offenses,all,2,2,0,0,0,0,0,0,0
2019-04,Labor Management Offenses,all,3,3,3,3,2,0,1,0,0
2019-05,Labor Management Offenses,all,2,2,1,12,12,0,0,0,0
2019-06,Labor Management Offenses,all,2,4,3,4,4,0,0,0,0
2019-07,Labor Management Offenses,all,3,3,2,5,4,0,1,0,0
2019-08,Labor Management Offenses,all,10,16,1,1,1,0,0,0,0
2019-09,Labor Management Offenses,all,4,7,5,8,4,0,0,0,4
2019-10,Labor Management Offenses,all,5,7,1,1,1,0,0,0,0
2019-11,Labor Management Offenses,all,2,2,4,4,3,0,0,0,1
2019-12,Labor Management Offenses,all,1,1,3,6,6,0,0,0,0
2020-01,Labor Management Offenses,all,1,1,1,1,1,0,0,0,0
2020-02,Labor Management Offenses,all,2,2,8,10,10,0,0,0,0
2020-03,Labor Management Offenses,all,2,2,5,15,14,0,1,0,0
2020-05,Labor Management Offenses,all,0,0,2,2,1,0,1,0,0
2020-06,Labor Management Offenses,all,2,2,2,2,2,0,0,0,0
2020-07,Labor Management Offenses,all,3,6,0,0,0,0,0,0,0
2020-08,Labor Management Offenses,all,3,4,1,1,1,0,0,0,0
2020-09,Labor Management Offenses,all,4,10,4,4,4,0,0,0,0
2020-10,Labor Management Offenses,all,2,2,3,3,3,0,0,0,0
2020-11,Labor Management Offenses,all,2,3,1,1,1,0,0,0,0
2021-01,Labor Management Offenses,all,4,4,3,4,3,0,1,0,0
2021-02,Labor Management Offenses,all,1,1,1,1,1,0,0,0,0
2021-03,Labor Management Offenses,all,4,5,3,3,2,0,0,1,0
2021-04,Labor Management Offenses,all,2,2,3,6,6,0,0,0,0
2021-05,Labor Management Offenses,all,2,2,1,1,1,0,0,0,0
2021-06,Labor Management Offenses,all,2,2,4,4,2,0,2,0,0
2021-07,Labor Management Offenses,all,3,3,4,6,6,0,0,0,0
2021-08,Labor Management Offenses,all,0,0,2,2,2,0,0,0,0
2021-09,Labor Management Offenses,all,1,1,0,0,0,0,0,0,0
2021-10,Labor Management Offenses,all,3,12,4,7,4,0,0,0,3
2021-11,Labor Management Offenses,all,6,6,2,2,2,0,0,0,0
2021-12,Labor Management Offenses,all,5,7,1,1,1,0,0,0,0
2022-01,Labor Management Offenses,all,0,0,2,2,2,0,0,0,0
2022-02,Labor Management Offenses,all,1,1,2,2,2,0,0,0,0
2022-03,Labor Management Offenses,all,1,1,2,2,1,0,1,0,0
2022-04,Labor Management Offenses,all,4,5,2,2,2,0,0,0,0
2022-05,Labor Management Offenses,all,2,3,3,4,4,0,0,0,0
2022-06,Labor Management Offenses,all,2,3,2,2,2,0,0,0,0
2022-07,Labor Management Offenses,all,3,5,6,17,9,0,2,0,6
2022-08,Labor Management Offenses,all,5,13,1,1,1,0,0,0,0
2022-09,Labor Management Offenses,all,7,7,1,1,1,0,0,0,0
2022-10,Labor Management Offenses,all,0,0,4,7,7,0,0,0,0
2022-11,Labor Management Offenses,all,2,4,4,8,7,0,0,1,0
2022-12,Labor Management Offenses,all,0,0,3,3,3,0,0,0,0
2023-01,Labor Management Offenses,all,2,2,2,3,3,0,0,0,0
2023-02,Labor Management Offenses,all,3,3,6,6,6,0,0,0,0
2023-03,Labor Management Offenses,all,0,0,1,1,1,0,0,0,0
2023-04,Labor Management Offenses,all,1,1,1,2,2,0,0,0,0
2023-05,Labor Management Offenses,all,2,2,2,4,4,0,0,0,0
2023-06,Labor Management Offenses,all,1,2,3,3,3,0,0,0,0
2023-07,Labor Management Offenses,all,1,1,0,0,0,0,0,0,0
2023-08,Labor Management Offenses,all,2,2,1,1,1,0,0,0,0
2023-09,Labor Management Offenses,all,5,6,3,8,8,0,0,0,0
2023-10,Labor Management Offenses,all,1,1,2,4,4,0,0,0,0
2023-11,Labor Management Offenses,all,2,11,1,1,1,0,0,0,0
2023-12,Labor Management Offenses,all,2,10,1,2,2,0,0,0,0
2024-01,Labor Management Offenses,all,2,2,2,2,2,0,0,0,0
2024-02,Labor Management Offenses,all,0,0,1,1,1,0,0,0,0
2024-03,Labor Management Offenses,all,0,0,4,4,4,0,0,0,0
2024-04,Labor Management Offenses,all,0,0,2,2,2,0,0,0,0
2024-05,Labor Management Offenses,all,1,1,1,1,1,0,0,0,0
2024-06,Labor Management Offenses,all,1,2,2,4,4,0,0,0,0
2024-07,Labor Management Offenses,all,1,4,1,1,1,0,0,0,0
2024-08,Labor Management Offenses,all,2,8,2,2,2,0,0,0,0
2024-09,Labor Management Offenses,all,4,4,3,4,3,0,1,0,0
2024-10,Labor Management Offenses,all,2,2,4,4,4,0,0,0,0
2024-11,Labor Management Offenses,all,3,4,1,1,1,0,0,0,0
2024-12,Labor Management Offenses,all,1,2,0,0,0,0,0,0,0
2025-01,Labor Management Offenses,all,3,4,2,9,9,0,0,0,0
2025-02,Labor Management Offenses,all,2,2,0,0,0,0,0,0,0
2025-03,Labor Management Offenses,all,1,4,3,7,6,0,1,0,0
2025-04,Labor Management Offenses,all,3,7,1,4,4,0,0,0,0
2025-05,Labor Management Offenses,all,1,2,3,4,2,0,2,0,0
2025-06,Labor Management Offenses,all,1,1,0,0,0,0,0,0,0
2025-07,Labor Management Offenses,all,3,5,3,3,2,0,1,0,0
2025-08,Labor Management Offenses,all,1,1,0,0,0,0,0,0,0
2025-09,Labor Management Offenses,all,5,5,5,13,13,0,0,0,0
2025-10,Labor Management Offenses,all,1,5,2,2,2,0,0,0,0
2025-11,Labor Management Offenses,all,2,5,1,2,2,0,0,0,0
2025-12,Labor Management Offenses,all,1,2,1,2,2,0,0,0,0
2026-01,Labor Management Offenses,all,4,4,1,2,2,0,0,0,0
2026-02,Labor Management Offenses,all,2,6,0,0,0,0,0,0,0
2026-03,Labor Management Offenses,all,1,1,1,1,0,0,1,0,0
2026-04,Labor Management Offenses,all,2,2,1,4,0,0,0,0,4
2026-05,Labor Management Offenses,all,1,1,0,0,0,0,0,0,0
2026-06,Labor Management Offenses,all,0,0,2,2,2,0,0,0,0
1994-10,Labor Management Offenses,primary,7,16,9,10,10,0,0,0,0
1994-11,Labor Management Offenses,primary,12,16,9,17,16,0,1,0,0
1994-12,Labor Management Offenses,primary,14,20,10,16,15,0,1,0,0
1995-01,Labor Management Offenses,primary,12,19,6,9,9,0,0,0,0
1995-02,Labor Management Offenses,primary,9,9,6,10,10,0,0,0,0
1995-03,Labor Management Offenses,primary,11,15,10,20,20,0,0,0,0
1995-04,Labor Management Offenses,primary,6,8,21,24,19,0,3,2,0
1995-05,Labor Management Offenses,primary,7,7,12,14,13,0,1,0,0
1995-06,Labor Management Offenses,primary,10,11,7,8,7,0,1,0,0
1995-07,Labor Management Offenses,primary,4,4,8,23,22,0,1,0,0
1995-08,Labor Management Offenses,primary,11,14,9,12,11,0,1,0,0
1995-09,Labor Management Offenses,primary,17,17,17,21,21,0,0,0,0
1995-10,Labor Management Offenses,primary,8,11,4,7,7,0,0,0,0
1995-11,Labor Management Offenses,primary,4,7,17,24,18,0,5,0,1
1995-12,Labor Management Offenses,primary,4,5,9,10,9,0,1,0,0
1996-01,Labor Management Offenses,primary,10,11,9,10,10,0,0,0,0
1996-02,Labor Management Offenses,primary,3,11,7,9,4,0,5,0,0
1996-03,Labor Management Offenses,primary,13,31,5,9,8,0,0,1,0
1996-04,Labor Management Offenses,primary,13,24,10,13,11,1,1,0,0
1996-05,Labor Management Offenses,primary,21,29,11,24,24,0,0,0,0
1996-06,Labor Management Offenses,primary,12,17,12,19,18,0,1,0,0
1996-07,Labor Management Offenses,primary,15,20,16,16,15,1,0,0,0
1996-08,Labor Management Offenses,primary,5,5,5,5,5,0,0,0,0
1996-09,Labor Management Offenses,primary,26,33,13,16,15,1,0,0,0
1996-10,Labor Management Offenses,primary,5,5,7,10,9,0,1,0,0
1996-11,Labor Management Offenses,primary,8,10,10,11,10,1,0,0,0
1996-12,Labor Management Offenses,primary,10,13,6,15,15,0,0,0,0
1997-01,Labor Management Offenses,primary,6,8,14,18,17,0,1,0,0
1997-02,Labor Management Offenses,primary,12,14,15,15,13,0,1,0,1
1997-03,Labor Management Offenses,primary,16,17,8,9,7,0,2,0,0
1997-04,Labor Management Offenses,primary,6,8,13,13,12,0,0,1,0
1997-05,Labor Management Offenses,primary,13,16,16,21,21,0,0,0,0
1997-06,Labor Management Offenses,primary,16,21,16,19,16,0,0,2,1
1997-07,Labor Management Offenses,primary,10,10,6,11,10,1,0,0,0
1997-08,Labor Management Offenses,primary,8,9,2,2,2,0,0,0,0
1997-09,Labor Management Offenses,primary,18,21,5,5,3,0,1,0,1
1997-10,Labor Management Offenses,primary,6,8,9,9,7,0,1,1,0
1997-11,Labor Management Offenses,primary,8,9,13,31,30,0,1,0,0
1997-12,Labor Management Offenses,primary,7,12,8,14,10,4,0,0,0
1998-01,Labor Management Offenses,primary,9,9,8,8,7,0,0,0,1
1998-02,Labor Management Offenses,primary,12,12,11,11,10,0,1,0,0
1998-03,Labor Management Offenses,primary,12,13,6,6,6,0,0,0,0
1998-04,Labor Management Offenses,primary,14,15,14,21,21,0,0,0,0
1998-05,Labor Management Offenses,primary,25,27,9,10,9,0,0,1,0
1998-06,Labor Management Offenses,primary,15,28,9,13,12,0,1,0,0
1998-07,Labor Management Offenses,primary,10,13,18,22,22,0,0,0,0
1998-08,Labor Management Offenses,primary,15,16,13,18,16,0,2,0,0
1998-09,Labor Management Offenses,primary,13,17,15,15,15,0,0,0,0
1998-10,Labor Management Offenses,primary,6,7,20,20,20,0,0,0,0
1998-11,Labor Management Offenses,primary,10,17,13,18,18,0,0,0,0
1998-12,Labor Management Offenses,primary,15,19,10,13,13,0,0,0,0
1999-01,Labor Management Offenses,primary,9,9,6,10,8,0,2,0,0
1999-02,Labor Management Offenses,primary,5,14,16,17,16,1,0,0,0
1999-03,Labor Management Offenses,primary,8,9,10,10,8,0,1,1,0
1999-04,Labor Management Offenses,primary,5,6,11,16,16,0,0,0,0
1999-05,Labor Management Offenses,primary,10,11,12,14,14,0,0,0,0
1999-06,Labor Management Offenses,primary,8,16,17,21,21,0,0,0,0
1999-07,Labor Management Offenses,primary,3,3,11,12,12,0,0,0,0
1999-08,Labor Management Offenses,primary,5,8,7,11,11,0,0,0,0
1999-09,Labor Management Offenses,primary,9,15,5,5,5,0,0,0,0
1999-10,Labor Management Offenses,primary,7,9,5,5,5,0,0,0,0
1999-11,Labor Management Offenses,primary,7,9,7,8,7,0,1,0,0
1999-12,Labor Management Offenses,primary,7,76,4,4,4,0,0,0,0
2000-01,Labor Management Offenses,primary,14,17,8,9,9,0,0,0,0
2000-02,Labor Management Offenses,primary,6,8,5,6,6,0,0,0,0
2000-03,Labor Management Offenses,primary,11,17,8,14,14,0,0,0,0
2000-04,Labor Management Offenses,primary,9,13,9,13,12,0,0,1,0
2000-05,Labor Management Offenses,primary,9,12,13,28,28,0,0,0,0
2000-06,Labor Management Offenses,primary,7,11,11,12,11,0,1,0,0
2000-07,Labor Management Offenses,primary,4,5,7,11,11,0,0,0,0
2000-08,Labor Management Offenses,primary,6,6,8,11,11,0,0,0,0
2000-09,Labor Management Offenses,primary,15,19,10,12,11,0,1,0,0
2000-10,Labor Management Offenses,primary,1,2,8,15,15,0,0,0,0
2000-11,Labor Management Offenses,primary,12,19,9,9,8,0,1,0,0
2000-12,Labor Management Offenses,primary,6,8,7,10,5,0,4,1,0
2001-01,Labor Management Offenses,primary,10,17,4,4,4,0,0,0,0
2001-02,Labor Management Offenses,primary,6,9,5,7,6,0,1,0,0
2001-03,Labor Management Offenses,primary,11,24,10,16,16,0,0,0,0
2001-04,Labor Management Offenses,primary,6,7,2,2,2,0,0,0,0
2001-05,Labor Management Offenses,primary,13,17,4,5,5,0,0,0,0
2001-06,Labor Management Offenses,primary,7,8,12,16,15,0,1,0,0
2001-07,Labor Management Offenses,primary,5,7,8,13,13,0,0,0,0
2001-08,Labor Management Offenses,primary,8,8,9,23,23,0,0,0,0
2001-09,Labor Management Offenses,primary,28,30,9,11,10,0,0,1,0
2001-10,Labor Management Offenses,primary,5,5,7,11,11,0,0,0,0
2001-11,Labor Management Offenses,primary,12,14,6,7,7,0,0,0,0
2001-12,Labor Management Offenses,primary,7,13,7,10,9,0,0,1,0
2002-01,Labor Management Offenses,primary,5,12,6,8,8,0,0,0,0
2002-02,Labor Management Offenses,primary,10,18,9,10,7,0,1,0,2
2002-03,Labor Management Offenses,primary,4,5,10,11,11,0,0,0,0
2002-04,Labor Management Offenses,primary,14,20,12,12,11,0,0,1,0
2002-05,Labor Management Offenses,primary,11,14,12,17,16,0,0,1,0
2002-06,Labor Management Offenses,primary,11,14,8,9,7,0,1,1,0
2002-07,Labor Management Offenses,primary,9,13,6,75,6,0,69,0,0
2002-08,Labor Management Offenses,primary,4,5,3,3,3,0,0,0,0
2002-09,Labor Management Offenses,primary,10,16,8,10,10,0,0,0,0
2002-10,Labor Management Offenses,primary,6,7,13,17,16,0,0,1,0
2002-11,Labor Management Offenses,primary,7,8,9,15,15,0,0,0,0
2002-12,Labor Management Offenses,primary,4,7,5,7,7,0,0,0,0
2003-01,Labor Management Offenses,primary,16,29,3,5,5,0,0,0,0
2003-02,Labor Management Offenses,primary,11,35,14,20,19,0,1,0,0
2003-03,Labor Management Offenses,primary,6,10,9,9,9,0,0,0,0
2003-04,Labor Management Offenses,primary,9,13,7,9,8,0,1,0,0
2003-05,Labor Management Offenses,primary,8,8,9,20,20,0,0,0,0
2003-06,Labor Management Offenses,primary,9,10,10,12,10,0,2,0,0
2003-07,Labor Management Offenses,primary,6,12,11,17,15,0,2,0,0
2003-08,Labor Management Offenses,primary,11,12,13,21,17,0,4,0,0
2003-09,Labor Management Offenses,primary,13,27,10,10,7,0,3,0,0
2003-10,Labor Management Offenses,primary,9,9,11,20,16,0,3,1,0
2003-11,Labor Management Offenses,primary,4,9,8,10,9,0,0,1,0
2003-12,Labor Management Offenses,primary,6,6,8,10,10,0,0,0,0
2004-01,Labor Management Offenses,primary,2,2,5,5,5,0,0,0,0
2004-02,Labor Management Offenses,primary,11,11,5,5,5,0,0,0,0
2004-03,Labor Management Offenses,primary,2,2,7,7,5,1,0,1,0
2004-04,Labor Management Offenses,primary,10,12,5,5,5,0,0,0,0
2004-05,Labor Management Offenses,primary,5,7,4,4,4,0,0,0,0
2004-06,Labor Management Offenses,primary,4,4,6,6,5,0,1,0,0
2004-07,Labor Management Offenses,primary,9,12,10,14,14,0,0,0,0
2004-08,Labor Management Offenses,primary,5,5,7,8,6,0,2,0,0
2004-09,Labor Management Offenses,primary,5,5,9,17,16,0,0,0,1
2004-10,Labor Management Offenses,primary,7,8,6,7,5,0,2,0,0
2004-11,Labor Management Offenses,primary,10,11,5,5,5,0,0,0,0
2004-12,Labor Management Offenses,primary,12,13,8,8,6,0,1,0,1
2005-01,Labor Management Offenses,primary,5,25,10,13,13,0,0,0,0
2005-02,Labor Management Offenses,primary,8,8,8,10,8,0,2,0,0
2005-03,Labor Management Offenses,primary,13,13,8,8,7,0,1,0,0
2005-04,Labor Management Offenses,primary,5,5,8,10,9,0,1,0,0
2005-05,Labor Management Offenses,primary,6,7,5,7,7,0,0,0,0
2005-06,Labor Management Offenses,primary,7,11,6,6,6,0,0,0,0
2005-07,Labor Management Offenses,primary,8,24,7,10,10,0,0,0,0
2005-08,Labor Management Offenses,primary,4,4,9,9,9,0,0,0,0
2005-09,Labor Management Offenses,primary,13,16,7,10,10,0,0,0,0
2005-10,Labor Management Offenses,primary,5,5,5,5,5,0,0,0,0
2005-11,Labor Management Offenses,primary,8,8,3,4,4,0,0,0,0
2005-12,Labor Management Offenses,primary,8,9,4,4,4,0,0,0,0
2006-01,Labor Management Offenses,primary,5,6,10,11,11,0,0,0,0
2006-02,Labor Management Offenses,primary,4,5,11,11,10,1,0,0,0
2006-03,Labor Management Offenses,primary,12,14,12,12,10,0,2,0,0
2006-04,Labor Management Offenses,primary,6,6,3,3,3,0,0,0,0
2006-05,Labor Management Offenses,primary,9,12,14,32,30,0,2,0,0
2006-06,Labor Management Offenses,primary,7,7,15,18,18,0,0,0,0
2006-07,Labor Management Offenses,primary,6,6,9,12,12,0,0,0,0
2006-08,Labor Management Offenses,primary,6,8,6,6,6,0,0,0,0
2006-09,Labor Management Offenses,primary,9,13,5,6,6,0,0,0,0
2006-10,Labor Management Offenses,primary,9,11,8,19,16,0,3,0,0
2006-11,Labor Management Offenses,primary,8,9,7,9,9,0,0,0,0
2006-12,Labor Management Offenses,primary,5,6,6,6,6,0,0,0,0
2007-01,Labor Management Offenses,primary,7,7,8,15,14,0,1,0,0
2007-02,Labor Management Offenses,primary,2,2,6,7,7,0,0,0,0
2007-03,Labor Management Offenses,primary,4,5,10,12,12,0,0,0,0
2007-04,Labor Management Offenses,primary,11,19,9,16,16,0,0,0,0
2007-05,Labor Management Offenses,primary,3,3,4,4,4,0,0,0,0
2007-06,Labor Management Offenses,primary,3,3,12,12,12,0,0,0,0
2007-07,Labor Management Offenses,primary,7,10,3,3,3,0,0,0,0
2007-08,Labor Management Offenses,primary,8,9,6,6,5,0,0,1,0
2007-09,Labor Management Offenses,primary,10,11,2,2,1,0,1,0,0
2007-10,Labor Management Offenses,primary,7,7,4,5,4,0,1,0,0
2007-11,Labor Management Offenses,primary,4,4,6,8,8,0,0,0,0
2007-12,Labor Management Offenses,primary,7,23,6,8,7,0,1,0,0
2008-01,Labor Management Offenses,primary,9,9,6,6,4,0,2,0,0
2008-02,Labor Management Offenses,primary,9,10,8,9,8,0,0,0,1
2008-03,Labor Management Offenses,primary,10,13,5,8,7,0,1,0,0
2008-04,Labor Management Offenses,primary,3,3,3,3,3,0,0,0,0
2008-05,Labor Management Offenses,primary,12,16,12,15,9,0,3,0,3
2008-06,Labor Management Offenses,primary,8,12,10,12,11,0,1,0,0
2008-07,Labor Management Offenses,primary,10,13,13,15,15,0,0,0,0
2008-08,Labor Management Offenses,primary,5,5,4,4,3,0,1,0,0
2008-09,Labor Management Offenses,primary,6,22,6,11,11,0,0,0,0
2008-10,Labor Management Offenses,primary,6,6,4,5,4,0,1,0,0
2008-11,Labor Management Offenses,primary,10,10,4,4,4,0,0,0,0
2008-12,Labor Management Offenses,primary,9,10,9,12,8,4,0,0,0
2009-01,Labor Management Offenses,primary,4,4,13,15,12,1,1,1,0
2009-02,Labor Management Offenses,primary,4,4,12,15,15,0,0,0,0
2009-03,Labor Management Offenses,primary,7,9,11,15,15,0,0,0,0
2009-04,Labor Management Offenses,primary,9,12,11,22,21,0,1,0,0
2009-05,Labor Management Offenses,primary,7,9,8,9,7,0,2,0,0
2009-06,Labor Management Offenses,primary,9,14,4,5,5,0,0,0,0
2009-07,Labor Management Offenses,primary,11,33,6,21,21,0,0,0,0
2009-08,Labor Management Offenses,primary,6,6,10,12,12,0,0,0,0
2009-09,Labor Management Offenses,primary,3,4,5,5,4,0,1,0,0
2009-10,Labor Management Offenses,primary,4,4,8,13,13,0,0,0,0
2009-11,Labor Management Offenses,primary,3,3,3,4,4,0,0,0,0
2009-12,Labor Management Offenses,primary,3,4,3,3,2,0,1,0,0
2010-01,Labor Management Offenses,primary,7,9,5,6,6,0,0,0,0
2010-02,Labor Management Offenses,primary,7,9,6,7,7,0,0,0,0
2010-03,Labor Management Offenses,primary,12,12,5,5,4,0,1,0,0
2010-04,Labor Management Offenses,primary,11,13,7,8,7,0,1,0,0
2010-05,Labor Management Offenses,primary,12,13,6,8,8,0,0,0,0
2010-06,Labor Management Offenses,primary,7,10,5,6,5,0,1,0,0
2010-07,Labor Management Offenses,primary,4,5,14,18,16,0,1,1,0
2010-08,Labor Management Offenses,primary,10,12,5,5,5,0,0,0,0
2010-09,Labor Management Offenses,primary,6,11,7,8,8,0,0,0,0
2010-10,Labor Management Offenses,primary,6,8,6,7,6,1,0,0,0
2010-11,Labor Management Offenses,primary,3,3,6,9,5,0,4,0,0
2010-12,Labor Management Offenses,primary,5,23,7,7,6,0,1,0,0
2011-01,Labor Management Offenses,primary,9,10,8,16,16,0,0,0,0
2011-02,Labor Management Offenses,primary,2,5,6,9,9,0,0,0,0
2011-03,Labor Management Offenses,primary,9,9,4,5,5,0,0,0,0
2011-04,Labor Management Offenses,primary,14,19,5,5,5,0,0,0,0
2011-05,Labor Management Offenses,primary,10,10,6,9,9,0,0,0,0
2011-06,Labor Management Offenses,primary,10,11,10,26,26,0,0,0,0
2011-07,Labor Management Offenses,primary,1,1,7,7,7,0,0,0,0
2011-08,Labor Management Offenses,primary,4,4,6,6,5,0,1,0,0
2011-09,Labor Management Offenses,primary,7,8,13,17,17,0,0,0,0
2011-10,Labor Management Offenses,primary,3,6,6,6,5,0,1,0,0
2011-11,Labor Management Offenses,primary,5,7,7,7,7,0,0,0,0
2011-12,Labor Management Offenses,primary,9,13,5,6,6,0,0,0,0
2012-01,Labor Management Offenses,primary,5,5,6,6,6,0,0,0,0
2012-02,Labor Management Offenses,primary,13,15,7,8,5,2,1,0,0
2012-03,Labor Management Offenses,primary,6,6,5,6,6,0,0,0,0
2012-04,Labor Management Offenses,primary,6,8,9,50,47,0,3,0,0
2012-05,Labor Management Offenses,primary,6,8,10,15,12,0,2,0,1
2012-06,Labor Management Offenses,primary,7,7,5,8,8,0,0,0,0
2012-07,Labor Management Offenses,primary,3,4,12,12,11,0,1,0,0
2012-08,Labor Management Offenses,primary,4,4,2,2,2,0,0,0,0
2012-09,Labor Management Offenses,primary,4,7,5,5,5,0,0,0,0
2012-10,Labor Management Offenses,primary,3,5,11,13,11,0,2,0,0
2012-11,Labor Management Offenses,primary,6,7,6,7,6,0,1,0,0
2012-12,Labor Management Offenses,primary,4,4,7,12,12,0,0,0,0
2013-01,Labor Management Offenses,primary,3,4,6,7,6,0,1,0,0
2013-02,Labor Management Offenses,primary,4,5,2,2,2,0,0,0,0
2013-03,Labor Management Offenses,primary,5,6,3,3,2,0,1,0,0
2013-04,Labor Management Offenses,primary,6,16,4,6,4,0,2,0,0
2013-05,Labor Management Offenses,primary,10,10,8,10,9,0,1,0,0
2013-06,Labor Management Offenses,primary,3,3,7,8,7,0,1,0,0
2013-07,Labor Management Offenses,primary,3,5,5,5,5,0,0,0,0
2013-08,Labor Management Offenses,primary,3,3,6,15,15,0,0,0,0
2013-09,Labor Management Offenses,primary,7,8,7,9,9,0,0,0,0
2013-10,Labor Management Offenses,primary,7,8,6,8,8,0,0,0,0
2013-11,Labor Management Offenses,primary,3,3,5,6,6,0,0,0,0
2013-12,Labor Management Offenses,primary,3,3,2,2,2,0,0,0,0
2014-01,Labor Management Offenses,primary,6,9,5,7,4,0,3,0,0
2014-02,Labor Management Offenses,primary,3,12,3,3,3,0,0,0,0
2014-03,Labor Management Offenses,primary,6,6,5,5,4,0,1,0,0
2014-04,Labor Management Offenses,primary,3,6,8,8,6,0,2,0,0
2014-05,Labor Management Offenses,primary,4,4,6,6,6,0,0,0,0
2014-06,Labor Management Offenses,primary,4,5,3,3,3,0,0,0,0
2014-07,Labor Management Offenses,primary,9,14,7,7,7,0,0,0,0
2014-08,Labor Management Offenses,primary,5,5,4,6,6,0,0,0,0
2014-09,Labor Management Offenses,primary,6,9,4,8,7,0,1,0,0
2014-10,Labor Management Offenses,primary,5,7,8,11,11,0,0,0,0
2014-11,Labor Management Offenses,primary,3,3,2,3,3,0,0,0,0
2014-12,Labor Management Offenses,primary,1,1,1,1,1,0,0,0,0
2015-01,Labor Management Offenses,primary,4,4,5,5,4,0,1,0,0
2015-02,Labor Management Offenses,primary,4,6,5,7,7,0,0,0,0
2015-03,Labor Management Offenses,primary,3,4,6,9,4,0,5,0,0
2015-04,Labor Management Offenses,primary,2,2,6,7,7,0,0,0,0
2015-05,Labor Management Offenses,primary,2,2,4,4,4,0,0,0,0
2015-06,Labor Management Offenses,primary,5,11,7,8,8,0,0,0,0
2015-07,Labor Management Offenses,primary,5,6,7,19,19,0,0,0,0
2015-08,Labor Management Offenses,primary,9,14,3,4,4,0,0,0,0
2015-09,Labor Management Offenses,primary,5,7,3,4,4,0,0,0,0
2015-10,Labor Management Offenses,primary,3,3,4,23,23,0,0,0,0
2015-11,Labor Management Offenses,primary,6,9,2,2,2,0,0,0,0
2015-12,Labor Management Offenses,primary,3,3,4,4,3,0,1,0,0
2016-01,Labor Management Offenses,primary,3,7,6,7,7,0,0,0,0
2016-02,Labor Management Offenses,primary,2,2,4,5,4,0,1,0,0
2016-03,Labor Management Offenses,primary,2,3,3,6,6,0,0,0,0
2016-04,Labor Management Offenses,primary,8,10,5,27,26,0,1,0,0
2016-05,Labor Management Offenses,primary,2,11,5,7,6,0,1,0,0
2016-06,Labor Management Offenses,primary,4,7,2,3,3,0,0,0,0
2016-07,Labor Management Offenses,primary,6,7,6,8,8,0,0,0,0
2016-08,Labor Management Offenses,primary,6,6,5,5,5,0,0,0,0
2016-09,Labor Management Offenses,primary,7,7,4,10,10,0,0,0,0
2016-10,Labor Management Offenses,primary,3,4,2,4,4,0,0,0,0
2016-11,Labor Management Offenses,primary,2,2,3,3,3,0,0,0,0
2016-12,Labor Management Offenses,primary,5,5,6,29,29,0,0,0,0
2017-01,Labor Management Offenses,primary,2,2,8,9,9,0,0,0,0
2017-02,Labor Management Offenses,primary,3,5,1,1,1,0,0,0,0
2017-03,Labor Management Offenses,primary,6,6,10,12,12,0,0,0,0
2017-04,Labor Management Offenses,primary,1,1,2,2,1,0,1,0,0
2017-05,Labor Management Offenses,primary,4,4,6,9,9,0,0,0,0
2017-06,Labor Management Offenses,primary,6,15,3,3,3,0,0,0,0
2017-07,Labor Management Offenses,primary,2,3,4,5,4,0,1,0,0
2017-08,Labor Management Offenses,primary,3,3,6,7,6,0,1,0,0
2017-09,Labor Management Offenses,primary,2,9,2,3,3,0,0,0,0
2017-10,Labor Management Offenses,primary,4,4,6,6,5,1,0,0,0
2017-11,Labor Management Offenses,primary,5,6,4,4,4,0,0,0,0
2017-12,Labor Management Offenses,primary,3,5,2,3,3,0,0,0,0
2018-01,Labor Management Offenses,primary,2,2,3,4,4,0,0,0,0
2018-02,Labor Management Offenses,primary,3,3,3,3,3,0,0,0,0
2018-03,Labor Management Offenses,primary,2,2,2,2,2,0,0,0,0
2018-04,Labor Management Offenses,primary,3,7,1,1,0,0,0,0,1
2018-05,Labor Management Offenses,primary,2,2,5,6,6,0,0,0,0
2018-06,Labor Management Offenses,primary,3,4,6,7,6,0,1,0,0
2018-07,Labor Management Offenses,primary,0,0,3,10,9,0,1,0,0
2018-08,Labor Management Offenses,primary,0,0,2,11,11,0,0,0,0
2018-09,Labor Management Offenses,primary,2,2,2,2,2,0,0,0,0
2018-10,Labor Management Offenses,primary,2,5,4,6,4,0,2,0,0
2018-11,Labor Management Offenses,primary,1,1,2,2,2,0,0,0,0
2018-12,Labor Management Offenses,primary,2,2,1,1,1,0,0,0,0
2019-01,Labor Management Offenses,primary,2,3,1,2,2,0,0,0,0
2019-02,Labor Management Offenses,primary,5,5,3,3,3,0,0,0,0
2019-03,Labor Management Offenses,primary,2,2,0,0,0,0,0,0,0
2019-04,Labor Management Offenses,primary,3,3,1,1,1,0,0,0,0
2019-05,Labor Management Offenses,primary,2,2,0,0,0,0,0,0,0
2019-06,Labor Management Offenses,primary,2,4,3,4,4,0,0,0,0
2019-07,Labor Management Offenses,primary,3,3,2,5,4,0,1,0,0
2019-08,Labor Management Offenses,primary,9,15,1,1,1,0,0,0,0
2019-09,Labor Management Offenses,primary,3,3,4,7,3,0,0,0,4
2019-10,Labor Management Offenses,primary,5,7,1,1,1,0,0,0,0
2019-11,Labor Management Offenses,primary,2,2,4,4,3,0,0,0,1
2019-12,Labor Management Offenses,primary,1,1,3,6,6,0,0,0,0
2020-01,Labor Management Offenses,primary,1,1,0,0,0,0,0,0,0
2020-02,Labor Management Offenses,primary,2,2,8,10,10,0,0,0,0
2020-03,Labor Management Offenses,primary,1,1,3,3,2,0,1,0,0
2020-05,Labor Management Offenses,primary,0,0,2,2,1,0,1,0,0
2020-06,Labor Management Offenses,primary,2,2,2,2,2,0,0,0,0
2020-07,Labor Management Offenses,primary,2,5,0,0,0,0,0,0,0
2020-08,Labor Management Offenses,primary,2,2,1,1,1,0,0,0,0
2020-09,Labor Management Offenses,primary,3,5,4,4,4,0,0,0,0
2020-10,Labor Management Offenses,primary,2,2,2,2,2,0,0,0,0
2020-11,Labor Management Offenses,primary,1,2,1,1,1,0,0,0,0
2021-01,Labor Management Offenses,primary,4,4,3,4,3,0,1,0,0
2021-02,Labor Management Offenses,primary,0,0,1,1,1,0,0,0,0
2021-03,Labor Management Offenses,primary,4,5,3,3,2,0,0,1,0
2021-04,Labor Management Offenses,primary,1,1,2,2,2,0,0,0,0
2021-05,Labor Management Offenses,primary,2,2,1,1,1,0,0,0,0
2021-06,Labor Management Offenses,primary,1,1,4,4,2,0,2,0,0
2021-07,Labor Management Offenses,primary,3,3,4,6,6,0,0,0,0
2021-08,Labor Management Offenses,primary,0,0,2,2,2,0,0,0,0
2021-09,Labor Management Offenses,primary,1,1,0,0,0,0,0,0,0
2021-10,Labor Management Offenses,primary,2,3,4,7,4,0,0,0,3
2021-11,Labor Management Offenses,primary,4,4,2,2,2,0,0,0,0
2021-12,Labor Management Offenses,primary,4,6,1,1,1,0,0,0,0
2022-01,Labor Management Offenses,primary,0,0,2,2,2,0,0,0,0
2022-02,Labor Management Offenses,primary,1,1,2,2,2,0,0,0,0
2022-03,Labor Management Offenses,primary,1,1,1,1,0,0,1,0,0
2022-04,Labor Management Offenses,primary,4,5,2,2,2,0,0,0,0
2022-05,Labor Management Offenses,primary,2,3,3,4,4,0,0,0,0
2022-06,Labor Management Offenses,primary,1,1,2,2,2,0,0,0,0
2022-07,Labor Management Offenses,primary,3,5,5,15,9,0,0,0,6
2022-08,Labor Management Offenses,primary,2,2,1,1,1,0,0,0,0
2022-09,Labor Management Offenses,primary,7,7,1,1,1,0,0,0,0
2022-10,Labor Management Offenses,primary,0,0,3,6,6,0,0,0,0
2022-11,Labor Management Offenses,primary,2,4,3,3,2,0,0,1,0
2022-12,Labor Management Offenses,primary,0,0,3,3,3,0,0,0,0
2023-01,Labor Management Offenses,primary,2,2,1,1,1,0,0,0,0
2023-02,Labor Management Offenses,primary,2,2,3,3,3,0,0,0,0
2023-03,Labor Management Offenses,primary,0,0,1,1,1,0,0,0,0
2023-04,Labor Management Offenses,primary,1,1,1,2,2,0,0,0,0
2023-05,Labor Management Offenses,primary,2,2,2,4,4,0,0,0,0
2023-06,Labor Management Offenses,primary,0,0,3,3,3,0,0,0,0
2023-07,Labor Management Offenses,primary,1,1,0,0,0,0,0,0,0
2023-08,Labor Management Offenses,primary,2,2,1,1,1,0,0,0,0
2023-09,Labor Management Offenses,primary,3,4,1,1,1,0,0,0,0
2023-10,Labor Management Offenses,primary,0,0,2,4,4,0,0,0,0
2023-11,Labor Management Offenses,primary,1,1,1,1,1,0,0,0,0
2023-12,Labor Management Offenses,primary,1,6,1,2,2,0,0,0,0
2024-02,Labor Management Offenses,primary,0,0,1,1,1,0,0,0,0
2024-03,Labor Management Offenses,primary,0,0,2,2,2,0,0,0,0
2024-05,Labor Management Offenses,primary,1,1,1,1,1,0,0,0,0
2024-06,Labor Management Offenses,primary,1,2,2,4,4,0,0,0,0
2024-07,Labor Management Offenses,primary,0,0,1,1,1,0,0,0,0
2024-08,Labor Management Offenses,primary,2,8,2,2,2,0,0,0,0
2024-09,Labor Management Offenses,primary,4,4,3,4,3,0,1,0,0
2024-10,Labor Management Offenses,primary,2,2,4,4,4,0,0,0,0
2024-11,Labor Management Offenses,primary,2,2,1,1,1,0,0,0,0
2024-12,Labor Management Offenses,primary,1,2,0,0,0,0,0,0,0
2025-01,Labor Management Offenses,primary,2,3,1,2,2,0,0,0,0
2025-02,Labor Management Offenses,primary,1,1,0,0,0,0,0,0,0
2025-03,Labor Management Offenses,primary,1,4,1,2,2,0,0,0,0
2025-05,Labor Management Offenses,primary,0,0,3,4,2,0,2,0,0
2025-06,Labor Management Offenses,primary,1,1,0,0,0,0,0,0,0
2025-07,Labor Management Offenses,primary,1,1,1,1,1,0,0,0,0
2025-08,Labor Management Offenses,primary,1,1,0,0,0,0,0,0,0
2025-09,Labor Management Offenses,primary,4,4,4,4,4,0,0,0,0
2025-10,Labor Management Offenses,primary,0,0,1,1,1,0,0,0,0
2025-11,Labor Management Offenses,primary,1,4,0,0,0,0,0,0,0
2025-12,Labor Management Offenses,primary,1,2,0,0,0,0,0,0,0
2026-01,Labor Management Offenses,primary,3,3,1,2,2,0,0,0,0
2026-03,Labor Management Offenses,primary,1,1,1,1,0,0,1,0,0
2026-04,Labor Management Offenses,primary,2,2,0,0,0,0,0,0,0
2026-05,Labor Management Offenses,primary,1,1,0,0,0,0,0,0,0
2026-06,Labor Management Offenses,primary,0,0,1,1,1,0,0,0,0
1994-10,Non-violent Crime in Indian Country,all,33,43,40,56,52,0,3,0,1
1994-11,Non-violent Crime in Indian Country,all,44,51,43,56,51,1,3,1,0
1994-12,Non-violent Crime in Indian Country,all,49,56,30,35,32,0,3,0,0
1995-01,Non-violent Crime in Indian Country,all,44,58,44,58,53,1,4,0,0
1995-02,Non-violent Crime in Indian Country,all,40,44,34,40,31,4,4,0,1
1995-03,Non-violent Crime in Indian Country,all,52,66,39,42,37,0,4,0,1
1995-04,Non-violent Crime in Indian Country,all,38,51,41,45,38,0,7,0,0
1995-05,Non-violent Crime in Indian Country,all,53,60,45,48,40,2,5,1,0
1995-06,Non-violent Crime in Indian Country,all,43,57,35,44,40,0,2,0,2
1995-07,Non-violent Crime in Indian Country,all,49,58,39,44,38,2,3,1,0
1995-08,Non-violent Crime in Indian Country,all,53,54,36,45,41,1,2,1,0
1995-09,Non-violent Crime in Indian Country,all,62,70,45,65,55,3,5,0,2
1995-10,Non-violent Crime in Indian Country,all,66,89,36,41,32,2,6,0,1
1995-11,Non-violent Crime in Indian Country,all,47,62,65,78,67,2,8,0,1
1995-12,Non-violent Crime in Indian Country,all,51,63,34,50,46,0,4,0,0
1996-01,Non-violent Crime in Indian Country,all,60,68,60,72,64,3,5,0,0
1996-02,Non-violent Crime in Indian Country,all,58,76,45,58,51,3,4,0,0
1996-03,Non-violent Crime in Indian Country,all,64,79,48,51,41,3,7,0,0
1996-04,Non-violent Crime in Indian Country,all,60,77,72,83,71,3,9,0,0
1996-05,Non-violent Crime in Indian Country,all,43,62,60,71,61,2,8,0,0
1996-06,Non-violent Crime in Indian Country,all,48,60,56,73,55,4,12,0,2
1996-07,Non-violent Crime in Indian Country,all,59,72,64,82,68,7,7,0,0
1996-08,Non-violent Crime in Indian Country,all,61,85,66,81,69,5,6,0,1
1996-09,Non-violent Crime in Indian Country,all,55,57,35,47,38,2,7,0,0
1996-10,Non-violent Crime in Indian Country,all,51,54,51,61,57,3,1,0,0
1996-11,Non-violent Crime in Indian Country,all,48,63,49,58,52,1,4,0,1
1996-12,Non-violent Crime in Indian Country,all,48,57,54,83,74,0,7,1,1
1997-01,Non-violent Crime in Indian Country,all,60,68,60,81,73,3,5,0,0
1997-02,Non-violent Crime in Indian Country,all,55,64,48,59,53,3,3,0,0
1997-03,Non-violent Crime in Indian Country,all,51,55,40,46,36,5,5,0,0
1997-04,Non-violent Crime in Indian Country,all,42,47,40,47,41,2,4,0,0
1997-05,Non-violent Crime in Indian Country,all,49,52,52,65,55,2,8,0,0
1997-06,Non-violent Crime in Indian Country,all,79,104,56,65,56,0,9,0,0
1997-07,Non-violent Crime in Indian Country,all,67,73,59,70,58,2,10,0,0
1997-08,Non-violent Crime in Indian Country,all,52,66,52,59,50,2,7,0,0
1997-09,Non-violent Crime in Indian Country,all,65,79,56,65,53,3,9,0,0
1997-10,Non-violent Crime in Indian Country,all,69,80,74,94,75,2,17,0,0
1997-11,Non-violent Crime in Indian Country,all,40,57,53,58,50,1,6,0,1
1997-12,Non-violent Crime in Indian Country,all,46,60,58,81,72,1,6,0,2
1998-01,Non-violent Crime in Indian Country,all,39,48,49,58,56,0,1,1,0
1998-02,Non-violent Crime in Indian Country,all,54,68,64,81,72,2,7,0,0
1998-03,Non-violent Crime in Indian Country,all,59,79,38,45,42,0,3,0,0
1998-04,Non-violent Crime in Indian Country,all,59,67,43,68,60,1,7,0,0
1998-05,Non-violent Crime in Indian Country,all,58,69,43,56,53,1,2,0,0
1998-06,Non-violent Crime in Indian Country,all,44,48,55,67,57,1,9,0,0
1998-07,Non-violent Crime in Indian Country,all,61,74,34,44,40,1,3,0,0
1998-08,Non-violent Crime in Indian Country,all,56,72,52,62,55,0,6,1,0
1998-09,Non-violent Crime in Indian Country,all,51,60,61,68,58,2,7,0,1
1998-10,Non-violent Crime in Indian Country,all,45,60,54,82,68,9,4,0,1
1998-11,Non-violent Crime in Indian Country,all,54,68,49,58,49,6,2,1,0
1998-12,Non-violent Crime in Indian Country,all,47,55,55,70,61,3,5,0,1
1999-01,Non-violent Crime in Indian Country,all,44,54,62,79,68,2,9,0,0
1999-02,Non-violent Crime in Indian Country,all,49,55,46,53,48,1,3,1,0
1999-03,Non-violent Crime in Indian Country,all,62,71,62,75,67,2,6,0,0
1999-04,Non-violent Crime in Indian Country,all,54,62,48,60,53,0,7,0,0
1999-05,Non-violent Crime in Indian Country,all,47,61,37,41,37,1,3,0,0
1999-06,Non-violent Crime in Indian Country,all,48,63,53,70,62,0,7,0,1
1999-07,Non-violent Crime in Indian Country,all,37,42,51,54,51,1,2,0,0
1999-08,Non-violent Crime in Indian Country,all,52,63,59,70,63,0,6,0,1
1999-09,Non-violent Crime in Indian Country,all,35,49,50,56,48,1,7,0,0
1999-10,Non-violent Crime in Indian Country,all,54,67,61,71,64,2,5,0,0
1999-11,Non-violent Crime in Indian Country,all,59,73,37,56,53,1,2,0,0
1999-12,Non-violent Crime in Indian Country,all,50,71,33,39,31,2,5,0,1
2000-01,Non-violent Crime in Indian Country,all,48,56,53,62,53,4,5,0,0
2000-02,Non-violent Crime in Indian Country,all,46,56,54,63,45,3,14,0,1
2000-03,Non-violent Crime in Indian Country,all,52,60,44,54,42,2,10,0,0
2000-04,Non-violent Crime in Indian Country,all,56,89,45,58,47,3,7,0,1
2000-05,Non-violent Crime in Indian Country,all,54,64,34,45,40,0,5,0,0
2000-06,Non-violent Crime in Indian Country,all,50,55,53,69,57,2,10,0,0
2000-07,Non-violent Crime in Indian Country,all,44,51,51,64,59,0,5,0,0
2000-08,Non-violent Crime in Indian Country,all,54,55,46,55,47,1,7,0,0
2000-09,Non-violent Crime in Indian Country,all,49,59,46,46,43,0,1,2,0
2000-10,Non-violent Crime in Indian Country,all,55,87,52,65,61,1,1,2,0
2000-11,Non-violent Crime in Indian Country,all,40,49,49,61,53,1,7,0,0
2000-12,Non-violent Crime in Indian Country,all,43,52,44,47,34,4,9,0,0
2001-01,Non-violent Crime in Indian Country,all,57,68,43,52,39,2,11,0,0
2001-02,Non-violent Crime in Indian Country,all,34,36,46,59,51,2,6,0,0
2001-03,Non-violent Crime in Indian Country,all,41,56,43,69,58,4,7,0,0
2001-04,Non-violent Crime in Indian Country,all,54,72,39,41,36,0,5,0,0
2001-05,Non-violent Crime in Indian Country,all,52,65,47,55,50,2,3,0,0
2001-06,Non-violent Crime in Indian Country,all,53,67,57,64,57,3,4,0,0
2001-07,Non-violent Crime in Indian Country,all,43,57,60,94,87,1,6,0,0
2001-08,Non-violent Crime in Indian Country,all,43,49,46,51,46,1,4,0,0
2001-09,Non-violent Crime in Indian Country,all,37,42,52,78,71,3,4,0,0
2001-10,Non-violent Crime in Indian Country,all,40,41,60,90,85,1,4,0,0
2001-11,Non-violent Crime in Indian Country,all,36,39,36,45,42,0,3,0,0
2001-12,Non-violent Crime in Indian Country,all,36,41,35,46,41,1,4,0,0
2002-01,Non-violent Crime in Indian Country,all,54,62,51,63,50,1,12,0,0
2002-02,Non-violent Crime in Indian Country,all,45,52,51,65,55,3,7,0,0
2002-03,Non-violent Crime in Indian Country,all,47,54,46,55,50,3,2,0,0
2002-04,Non-violent Crime in Indian Country,all,64,98,56,62,55,2,5,0,0
2002-05,Non-violent Crime in Indian Country,all,33,46,27,30,27,1,2,0,0
2002-06,Non-violent Crime in Indian Country,all,70,87,36,38,33,1,4,0,0
2002-07,Non-violent Crime in Indian Country,all,44,57,54,63,57,2,4,0,0
2002-08,Non-violent Crime in Indian Country,all,27,32,43,45,36,1,6,0,2
2002-09,Non-violent Crime in Indian Country,all,57,65,46,50,45,0,3,2,0
2002-10,Non-violent Crime in Indian Country,all,44,55,37,44,38,0,6,0,0
2002-11,Non-violent Crime in Indian Country,all,46,71,42,56,52,1,2,1,0
2002-12,Non-violent Crime in Indian Country,all,38,57,38,47,45,1,1,0,0
2003-01,Non-violent Crime in Indian Country,all,42,48,45,57,52,3,2,0,0
2003-02,Non-violent Crime in Indian Country,all,31,41,49,60,52,2,6,0,0
2003-03,Non-violent Crime in Indian Country,all,41,63,49,72,64,1,7,0,0
2003-04,Non-violent Crime in Indian Country,all,35,39,73,90,84,2,4,0,0
2003-05,Non-violent Crime in Indian Country,all,17,31,38,45,41,3,0,0,1
2003-06,Non-violent Crime in Indian Country,all,56,72,43,54,51,2,1,0,0
2003-07,Non-violent Crime in Indian Country,all,36,45,55,69,65,0,4,0,0
2003-08,Non-violent Crime in Indian Country,all,30,38,43,48,42,3,3,0,0
2003-09,Non-violent Crime in Indian Country,all,29,38,41,52,44,1,7,0,0
2003-10,Non-violent Crime in Indian Country,all,27,39,40,54,50,3,1,0,0
2003-11,Non-violent Crime in Indian Country,all,21,35,31,41,38,1,2,0,0
2003-12,Non-violent Crime in Indian Country,all,22,34,43,54,53,0,1,0,0
2004-01,Non-violent Crime in Indian Country,all,20,27,33,41,39,0,1,0,1
2004-02,Non-violent Crime in Indian Country,all,43,73,22,38,35,1,2,0,0
2004-03,Non-violent Crime in Indian Country,all,19,27,26,35,29,0,5,0,1
2004-04,Non-violent Crime in Indian Country,all,27,42,22,35,31,3,1,0,0
2004-05,Non-violent Crime in Indian Country,all,9,11,24,33,33,0,0,0,0
2004-06,Non-violent Crime in Indian Country,all,16,22,23,30,28,1,1,0,0
2004-07,Non-violent Crime in Indian Country,all,18,22,22,24,21,2,1,0,0
2004-08,Non-violent Crime in Indian Country,all,13,19,32,45,43,1,1,0,0
2004-09,Non-violent Crime in Indian Country,all,21,28,17,25,19,3,3,0,0
2004-10,Non-violent Crime in Indian Country,all,15,16,20,41,22,1,18,0,0
2004-11,Non-violent Crime in Indian Country,all,10,15,22,28,21,1,6,0,0
2004-12,Non-violent Crime in Indian Country,all,12,19,14,25,24,0,1,0,0
2005-01,Non-violent Crime in Indian Country,all,12,17,27,38,37,0,1,0,0
2005-02,Non-violent Crime in Indian Country,all,14,20,22,40,36,0,4,0,0
2005-03,Non-violent Crime in Indian Country,all,13,16,15,17,16,1,0,0,0
2005-04,Non-violent Crime in Indian Country,all,23,31,25,40,40,0,0,0,0
2005-05,Non-violent Crime in Indian Country,all,14,46,9,11,9,1,1,0,0
2005-06,Non-violent Crime in Indian Country,all,3,4,15,19,17,0,2,0,0
2005-07,Non-violent Crime in Indian Country,all,17,18,11,19,17,0,2,0,0
2005-08,Non-violent Crime in Indian Country,all,9,14,14,24,22,1,0,1,0
2005-09,Non-violent Crime in Indian Country,all,16,20,10,13,8,2,3,0,0
2005-10,Non-violent Crime in Indian Country,all,18,31,10,13,12,0,1,0,0
2005-11,Non-violent Crime in Indian Country,all,16,27,15,22,17,0,5,0,0
2005-12,Non-violent Crime in Indian Country,all,15,16,13,20,18,0,2,0,0
2006-01,Non-violent Crime in Indian Country,all,18,27,18,32,32,0,0,0,0
2006-02,Non-violent Crime in Indian Country,all,12,26,7,14,7,0,7,0,0
2006-03,Non-violent Crime in Indian Country,all,11,17,11,14,14,0,0,0,0
2006-04,Non-violent Crime in Indian Country,all,12,15,13,15,15,0,0,0,0
2006-05,Non-violent Crime in Indian Country,all,25,68,19,25,19,2,4,0,0
2006-06,Non-violent Crime in Indian Country,all,18,29,20,45,44,0,1,0,0
2006-07,Non-violent Crime in Indian Country,all,15,25,12,12,9,0,3,0,0
2006-08,Non-violent Crime in Indian Country,all,20,44,17,30,29,0,1,0,0
2006-09,Non-violent Crime in Indian Country,all,11,48,13,26,25,0,1,0,0
2006-10,Non-violent Crime in Indian Country,all,11,19,21,25,22,0,3,0,0
2006-11,Non-violent Crime in Indian Country,all,23,47,19,30,29,0,1,0,0
2006-12,Non-violent Crime in Indian Country,all,31,78,12,32,31,0,1,0,0
2007-01,Non-violent Crime in Indian Country,all,22,37,17,32,31,1,0,0,0
2007-02,Non-violent Crime in Indian Country,all,25,47,10,11,10,0,1,0,0
2007-03,Non-violent Crime in Indian Country,all,33,72,11,22,21,0,1,0,0
2007-04,Non-violent Crime in Indian Country,all,32,48,20,23,23,0,0,0,0
2007-05,Non-violent Crime in Indian Country,all,22,49,21,34,33,0,0,0,1
2007-06,Non-violent Crime in Indian Country,all,24,37,20,33,32,0,1,0,0
2007-07,Non-violent Crime in Indian Country,all,15,40,21,31,30,0,1,0,0
2007-08,Non-violent Crime in Indian Country,all,20,31,32,43,42,0,1,0,0
2007-09,Non-violent Crime in Indian Country,all,16,33,29,57,52,2,3,0,0
2007-10,Non-violent Crime in Indian Country,all,13,27,22,35,32,0,3,0,0
2007-11,Non-violent Crime in Indian Country,all,10,11,24,36,36,0,0,0,0
2007-12,Non-violent Crime in Indian Country,all,14,28,11,15,14,0,1,0,0
2008-01,Non-violent Crime in Indian Country,all,35,39,25,46,45,1,0,0,0
2008-02,Non-violent Crime in Indian Country,all,19,22,20,48,46,0,2,0,0
2008-03,Non-violent Crime in Indian Country,all,26,45,16,39,37,0,2,0,0
2008-04,Non-violent Crime in Indian Country,all,25,36,17,31,29,0,1,1,0
2008-05,Non-violent Crime in Indian Country,all,18,40,17,28,23,0,5,0,0
2008-06,Non-violent Crime in Indian Country,all,21,34,20,21,19,0,1,1,0
2008-07,Non-violent Crime in Indian Country,all,28,40,17,24,23,0,1,0,0
2008-08,Non-violent Crime in Indian Country,all,10,13,27,41,41,0,0,0,0
2008-09,Non-violent Crime in Indian Country,all,26,37,24,54,53,0,1,0,0
2008-10,Non-violent Crime in Indian Country,all,13,13,20,31,31,0,0,0,0
2008-11,Non-violent Crime in Indian Country,all,16,59,20,43,42,0,1,0,0
2008-12,Non-violent Crime in Indian Country,all,22,31,23,46,43,1,2,0,0
2009-01,Non-violent Crime in Indian Country,all,23,30,27,41,40,0,1,0,0
2009-02,Non-violent Crime in Indian Country,all,41,67,16,23,23,0,0,0,0
2009-03,Non-violent Crime in Indian Country,all,29,69,19,31,30,0,1,0,0
2009-04,Non-violent Crime in Indian Country,all,18,39,21,32,32,0,0,0,0
2009-05,Non-violent Crime in Indian Country,all,13,52,25,53,53,0,0,0,0
2009-06,Non-violent Crime in Indian Country,all,14,21,27,40,40,0,0,0,0
2009-07,Non-violent Crime in Indian Country,all,14,28,27,35,33,1,1,0,0
2009-08,Non-violent Crime in Indian Country,all,17,37,27,41,41,0,0,0,0
2009-09,Non-violent Crime in Indian Country,all,14,16,23,70,68,1,1,0,0
2009-10,Non-violent Crime in Indian Country,all,17,31,17,35,34,0,1,0,0
2009-11,Non-violent Crime in Indian Country,all,13,19,22,32,30,0,1,1,0
2009-12,Non-violent Crime in Indian Country,all,17,24,13,27,27,0,0,0,0
2010-01,Non-violent Crime in Indian Country,all,12,39,18,28,28,0,0,0,0
2010-02,Non-violent Crime in Indian Country,all,18,34,12,17,17,0,0,0,0
2010-03,Non-violent Crime in Indian Country,all,17,31,22,34,34,0,0,0,0
2010-04,Non-violent Crime in Indian Country,all,20,28,10,12,11,0,1,0,0
2010-05,Non-violent Crime in Indian Country,all,13,16,17,22,22,0,0,0,0
2010-06,Non-violent Crime in Indian Country,all,17,22,15,21,21,0,0,0,0
2010-07,Non-violent Crime in Indian Country,all,23,52,15,18,16,0,2,0,0
2010-08,Non-violent Crime in Indian Country,all,19,21,13,42,42,0,0,0,0
2010-09,Non-violent Crime in Indian Country,all,15,20,11,13,13,0,0,0,0
2010-10,Non-violent Crime in Indian Country,all,29,42,17,27,26,0,1,0,0
2010-11,Non-violent Crime in Indian Country,all,26,53,13,33,33,0,0,0,0
2010-12,Non-violent Crime in Indian Country,all,43,69,17,23,21,0,1,1,0
2011-01,Non-violent Crime in Indian Country,all,23,42,23,33,28,0,4,0,1
2011-02,Non-violent Crime in Indian Country,all,41,62,21,28,26,0,2,0,0
2011-03,Non-violent Crime in Indian Country,all,64,100,16,21,20,0,1,0,0
2011-04,Non-violent Crime in Indian Country,all,37,73,34,48,48,0,0,0,0
2011-05,Non-violent Crime in Indian Country,all,34,53,35,56,55,0,1,0,0
2011-06,Non-violent Crime in Indian Country,all,31,62,34,57,56,0,1,0,0
2011-07,Non-violent Crime in Indian Country,all,25,35,23,44,43,0,1,0,0
2011-08,Non-violent Crime in Indian Country,all,31,57,34,53,52,0,1,0,0
2011-09,Non-violent Crime in Indian Country,all,20,27,36,45,44,0,1,0,0
2011-10,Non-violent Crime in Indian Country,all,25,39,35,78,77,0,1,0,0
2011-11,Non-violent Crime in Indian Country,all,41,63,36,59,58,1,0,0,0
2011-12,Non-violent Crime in Indian Country,all,57,100,31,52,51,0,1,0,0
2012-01,Non-violent Crime in Indian Country,all,49,87,25,39,39,0,0,0,0
2012-02,Non-violent Crime in Indian Country,all,60,113,26,36,36,0,0,0,0
2012-03,Non-violent Crime in Indian Country,all,39,72,36,48,47,0,1,0,0
2012-04,Non-violent Crime in Indian Country,all,29,55,48,68,67,1,0,0,0
2012-05,Non-violent Crime in Indian Country,all,40,47,52,105,105,0,0,0,0
2012-06,Non-violent Crime in Indian Country,all,40,47,54,124,124,0,0,0,0
2012-07,Non-violent Crime in Indian Country,all,38,52,35,65,64,0,1,0,0
2012-08,Non-violent Crime in Indian Country,all,21,35,50,83,82,0,1,0,0
2012-09,Non-violent Crime in Indian Country,all,17,26,22,31,30,0,1,0,0
2012-10,Non-violent Crime in Indian Country,all,33,37,33,53,50,0,3,0,0
2012-11,Non-violent Crime in Indian Country,all,23,24,28,38,38,0,0,0,0
2012-12,Non-violent Crime in Indian Country,all,27,44,29,41,40,0,0,1,0
2013-01,Non-violent Crime in Indian Country,all,29,43,28,33,32,0,1,0,0
2013-02,Non-violent Crime in Indian Country,all,32,42,31,35,33,1,1,0,0
2013-03,Non-violent Crime in Indian Country,all,30,79,27,32,30,0,1,1,0
2013-04,Non-violent Crime in Indian Country,all,32,44,28,37,35,0,1,0,1
2013-05,Non-violent Crime in Indian Country,all,30,36,33,49,46,0,3,0,0
2013-06,Non-violent Crime in Indian Country,all,18,20,30,32,30,0,2,0,0
2013-07,Non-violent Crime in Indian Country,all,28,40,22,35,29,0,6,0,0
2013-08,Non-violent Crime in Indian Country,all,26,45,28,56,55,0,1,0,0
2013-09,Non-violent Crime in Indian Country,all,27,35,23,29,29,0,0,0,0
2013-10,Non-violent Crime in Indian Country,all,26,56,28,34,27,0,7,0,0
2013-11,Non-violent Crime in Indian Country,all,21,27,19,25,25,0,0,0,0
2013-12,Non-violent Crime in Indian Country,all,23,35,34,42,39,0,2,0,1
2014-01,Non-violent Crime in Indian Country,all,18,21,34,47,45,0,2,0,0
2014-02,Non-violent Crime in Indian Country,all,29,32,17,20,17,0,3,0,0
2014-03,Non-violent Crime in Indian Country,all,27,39,33,59,57,0,2,0,0
2014-04,Non-violent Crime in Indian Country,all,30,41,36,52,51,0,1,0,0
2014-05,Non-violent Crime in Indian Country,all,23,30,32,36,31,0,4,1,0
2014-06,Non-violent Crime in Indian Country,all,30,34,29,30,30,0,0,0,0
2014-07,Non-violent Crime in Indian Country,all,34,49,28,42,38,0,4,0,0
2014-08,Non-violent Crime in Indian Country,all,35,52,37,55,53,0,1,0,1
2014-09,Non-violent Crime in Indian Country,all,36,44,27,31,30,0,1,0,0
2014-10,Non-violent Crime in Indian Country,all,35,53,38,75,73,0,2,0,0
2014-11,Non-violent Crime in Indian Country,all,41,55,24,36,35,0,1,0,0
2014-12,Non-violent Crime in Indian Country,all,35,42,25,30,28,0,2,0,0
2015-01,Non-violent Crime in Indian Country,all,27,35,27,31,29,0,2,0,0
2015-02,Non-violent Crime in Indian Country,all,33,46,31,50,46,3,1,0,0
2015-03,Non-violent Crime in Indian Country,all,45,54,47,62,57,1,4,0,0
2015-04,Non-violent Crime in Indian Country,all,25,31,26,34,32,0,2,0,0
2015-05,Non-violent Crime in Indian Country,all,25,81,32,58,56,0,2,0,0
2015-06,Non-violent Crime in Indian Country,all,26,37,34,57,55,0,2,0,0
2015-07,Non-violent Crime in Indian Country,all,30,35,40,60,57,0,2,1,0
2015-08,Non-violent Crime in Indian Country,all,20,29,30,52,49,0,3,0,0
2015-09,Non-violent Crime in Indian Country,all,27,37,37,43,40,0,3,0,0
2015-10,Non-violent Crime in Indian Country,all,25,35,26,47,43,0,3,1,0
2015-11,Non-violent Crime in Indian Country,all,11,13,25,29,27,0,2,0,0
2015-12,Non-violent Crime in Indian Country,all,36,47,26,38,31,1,5,1,0
2016-01,Non-violent Crime in Indian Country,all,20,32,19,31,29,0,2,0,0
2016-02,Non-violent Crime in Indian Country,all,36,55,30,37,36,0,1,0,0
2016-03,Non-violent Crime in Indian Country,all,29,51,26,36,33,0,3,0,0
2016-04,Non-violent Crime in Indian Country,all,52,80,27,33,32,0,0,0,1
2016-05,Non-violent Crime in Indian Country,all,35,40,25,37,35,0,2,0,0
2016-06,Non-violent Crime in Indian Country,all,28,40,28,59,54,1,4,0,0
2016-07,Non-violent Crime in Indian Country,all,25,33,21,34,34,0,0,0,0
2016-08,Non-violent Crime in Indian Country,all,31,49,37,50,49,0,1,0,0
2016-09,Non-violent Crime in Indian Country,all,20,24,29,35,33,0,2,0,0
2016-10,Non-violent Crime in Indian Country,all,44,61,32,37,31,0,6,0,0
2016-11,Non-violent Crime in Indian Country,all,47,72,26,30,29,0,1,0,0
2016-12,Non-violent Crime in Indian Country,all,29,51,20,24,21,0,3,0,0
2017-01,Non-violent Crime in Indian Country,all,30,52,30,57,51,0,1,0,5
2017-02,Non-violent Crime in Indian Country,all,34,59,30,37,34,0,3,0,0
2017-03,Non-violent Crime in Indian Country,all,34,46,32,48,42,0,6,0,0
2017-04,Non-violent Crime in Indian Country,all,17,20,27,33,31,0,2,0,0
2017-05,Non-violent Crime in Indian Country,all,12,12,41,63,62,0,1,0,0
2017-06,Non-violent Crime in Indian Country,all,22,54,39,56,54,0,2,0,0
2017-07,Non-violent Crime in Indian Country,all,15,16,12,18,16,0,2,0,0
2017-08,Non-violent Crime in Indian Country,all,25,33,30,42,40,0,2,0,0
2017-09,Non-violent Crime in Indian Country,all,21,28,27,38,36,0,2,0,0
2017-10,Non-violent Crime in Indian Country,all,27,35,29,42,41,0,1,0,0
2017-11,Non-violent Crime in Indian Country,all,25,35,24,89,88,0,1,0,0
2017-12,Non-violent Crime in Indian Country,all,17,20,24,39,36,1,2,0,0
2018-01,Non-violent Crime in Indian Country,all,17,19,26,50,48,1,1,0,0
2018-02,Non-violent Crime in Indian Country,all,28,41,19,56,56,0,0,0,0
2018-03,Non-violent Crime in Indian Country,all,31,52,24,35,27,0,8,0,0
2018-04,Non-violent Crime in Indian Country,all,15,29,24,25,21,0,3,0,1
2018-05,Non-violent Crime in Indian Country,all,36,50,25,33,31,0,2,0,0
2018-06,Non-violent Crime in Indian Country,all,23,35,19,21,19,1,1,0,0
2018-07,Non-violent Crime in Indian Country,all,19,30,21,60,60,0,0,0,0
2018-08,Non-violent Crime in Indian Country,all,23,36,25,35,34,0,1,0,0
2018-09,Non-violent Crime in Indian Country,all,21,27,20,45,45,0,0,0,0
2018-10,Non-violent Crime in Indian Country,all,21,38,28,52,44,0,7,0,1
2018-11,Non-violent Crime in Indian Country,all,25,28,29,56,54,0,2,0,0
2018-12,Non-violent Crime in Indian Country,all,18,28,15,24,22,0,2,0,0
2019-01,Non-violent Crime in Indian Country,all,20,28,15,21,19,1,0,0,1
2019-02,Non-violent Crime in Indian Country,all,23,50,24,31,28,2,1,0,0
2019-03,Non-violent Crime in Indian Country,all,31,37,17,19,18,0,1,0,0
2019-04,Non-violent Crime in Indian Country,all,28,36,24,39,35,0,4,0,0
2019-05,Non-violent Crime in Indian Country,all,22,31,17,25,25,0,0,0,0
2019-06,Non-violent Crime in Indian Country,all,19,46,19,30,29,0,1,0,0
2019-07,Non-violent Crime in Indian Country,all,20,29,18,27,27,0,0,0,0
2019-08,Non-violent Crime in Indian Country,all,24,35,24,30,28,0,2,0,0
2019-09,Non-violent Crime in Indian Country,all,17,26,29,36,35,0,1,0,0
2019-10,Non-violent Crime in Indian Country,all,18,20,30,46,45,0,1,0,0
2019-11,Non-violent Crime in Indian Country,all,15,20,24,48,45,0,2,1,0
2019-12,Non-violent Crime in Indian Country,all,31,39,23,29,26,0,3,0,0
2020-01,Non-violent Crime in Indian Country,all,20,29,22,37,36,0,1,0,0
2020-02,Non-violent Crime in Indian Country,all,80,105,26,35,34,0,1,0,0
2020-03,Non-violent Crime in Indian Country,all,44,49,14,20,19,0,1,0,0
2020-04,Non-violent Crime in Indian Country,all,5,6,6,6,6,0,0,0,0
2020-05,Non-violent Crime in Indian Country,all,24,27,43,56,55,0,1,0,0
2020-06,Non-violent Crime in Indian Country,all,44,47,53,65,63,0,2,0,0
2020-07,Non-violent Crime in Indian Country,all,35,46,39,63,60,0,3,0,0
2020-08,Non-violent Crime in Indian Country,all,62,72,28,33,31,0,2,0,0
2020-09,Non-violent Crime in Indian Country,all,94,103,38,55,54,0,1,0,0
2020-10,Non-violent Crime in Indian Country,all,87,109,44,50,48,0,2,0,0
2020-11,Non-violent Crime in Indian Country,all,55,70,36,45,42,0,2,0,1
2020-12,Non-violent Crime in Indian Country,all,31,36,55,59,58,0,1,0,0
2021-01,Non-violent Crime in Indian Country,all,17,18,47,50,50,0,0,0,0
2021-02,Non-violent Crime in Indian Country,all,39,41,53,56,55,0,1,0,0
2021-03,Non-violent Crime in Indian Country,all,45,52,43,45,41,0,3,1,0
2021-04,Non-violent Crime in Indian Country,all,59,73,54,60,58,0,2,0,0
2021-05,Non-violent Crime in Indian Country,all,48,62,42,50,49,0,1,0,0
2021-06,Non-violent Crime in Indian Country,all,55,61,62,74,72,0,1,0,1
2021-07,Non-violent Crime in Indian Country,all,64,72,45,56,53,0,3,0,0
2021-08,Non-violent Crime in Indian Country,all,62,76,49,53,47,1,2,0,3
2021-09,Non-violent Crime in Indian Country,all,64,77,59,64,61,1,2,0,0
2021-10,Non-violent Crime in Indian Country,all,51,65,47,54,53,0,0,1,0
2021-11,Non-violent Crime in Indian Country,all,41,42,52,60,58,0,2,0,0
2021-12,Non-violent Crime in Indian Country,all,54,66,40,55,53,1,1,0,0
2022-01,Non-violent Crime in Indian Country,all,17,17,51,58,56,0,2,0,0
2022-02,Non-violent Crime in Indian Country,all,36,48,37,41,40,0,1,0,0
2022-03,Non-violent Crime in Indian Country,all,77,81,47,65,62,0,0,0,3
2022-04,Non-violent Crime in Indian Country,all,57,72,58,67,60,2,5,0,0
2022-05,Non-violent Crime in Indian Country,all,34,36,41,53,51,1,1,0,0
2022-06,Non-violent Crime in Indian Country,all,40,40,53,69,65,0,4,0,0
2022-07,Non-violent Crime in Indian Country,all,23,24,47,50,48,0,2,0,0
2022-08,Non-violent Crime in Indian Country,all,35,56,54,71,68,0,3,0,0
2022-09,Non-violent Crime in Indian Country,all,24,33,42,49,48,0,1,0,0
2022-10,Non-violent Crime in Indian Country,all,43,50,41,48,45,0,2,0,1
2022-11,Non-violent Crime in Indian Country,all,31,35,30,33,31,0,2,0,0
2022-12,Non-violent Crime in Indian Country,all,25,32,31,35,30,2,2,0,1
2023-01,Non-violent Crime in Indian Country,all,17,21,43,46,45,0,1,0,0
2023-02,Non-violent Crime in Indian Country,all,30,35,30,34,32,0,2,0,0
2023-03,Non-violent Crime in Indian Country,all,31,39,30,37,36,0,1,0,0
2023-04,Non-violent Crime in Indian Country,all,25,45,39,42,39,0,3,0,0
2023-05,Non-violent Crime in Indian Country,all,25,27,26,33,31,0,2,0,0
2023-06,Non-violent Crime in Indian Country,all,29,50,20,21,20,0,1,0,0
2023-07,Non-violent Crime in Indian Country,all,19,26,26,32,29,0,3,0,0
2023-08,Non-violent Crime in Indian Country,all,26,45,29,39,37,0,2,0,0
2023-09,Non-violent Crime in Indian Country,all,18,30,29,36,34,0,2,0,0
2023-10,Non-violent Crime in Indian Country,all,21,35,32,36,34,0,2,0,0
2023-11,Non-violent Crime in Indian Country,all,34,57,24,45,43,0,2,0,0
2023-12,Non-violent Crime in Indian Country,all,18,22,23,35,35,0,0,0,0
2024-01,Non-violent Crime in Indian Country,all,22,47,39,50,46,0,3,0,1
2024-02,Non-violent Crime in Indian Country,all,37,63,29,37,37,0,0,0,0
2024-03,Non-violent Crime in Indian Country,all,39,104,31,40,39,0,0,0,1
2024-04,Non-violent Crime in Indian Country,all,41,64,22,23,23,0,0,0,0
2024-05,Non-violent Crime in Indian Country,all,57,74,40,44,43,1,0,0,0
2024-06,Non-violent Crime in Indian Country,all,66,79,62,65,63,0,2,0,0
2024-07,Non-violent Crime in Indian Country,all,82,89,74,82,80,0,1,0,1
2024-08,Non-violent Crime in Indian Country,all,81,88,65,74,73,0,1,0,0
2024-09,Non-violent Crime in Indian Country,all,100,109,79,85,84,0,1,0,0
2024-10,Non-violent Crime in Indian Country,all,118,127,121,129,127,0,2,0,0
2024-11,Non-violent Crime in Indian Country,all,82,96,72,73,72,1,0,0,0
2024-12,Non-violent Crime in Indian Country,all,54,73,45,51,48,0,3,0,0
2025-01,Non-violent Crime in Indian Country,all,50,57,53,58,56,0,2,0,0
2025-02,Non-violent Crime in Indian Country,all,72,83,96,110,107,0,3,0,0
2025-03,Non-violent Crime in Indian Country,all,56,70,71,83,82,0,1,0,0
2025-04,Non-violent Crime in Indian Country,all,99,123,93,107,101,2,4,0,0
2025-05,Non-violent Crime in Indian Country,all,96,109,99,108,106,0,2,0,0
2025-06,Non-violent Crime in Indian Country,all,97,105,94,104,103,0,1,0,0
2025-07,Non-violent Crime in Indian Country,all,79,84,89,105,103,0,2,0,0
2025-08,Non-violent Crime in Indian Country,all,68,72,71,124,124,0,0,0,0
2025-09,Non-violent Crime in Indian Country,all,74,80,82,90,90,0,0,0,0
2025-10,Non-violent Crime in Indian Country,all,126,135,117,134,133,0,1,0,0
2025-11,Non-violent Crime in Indian Country,all,122,131,91,99,99,0,0,0,0
2025-12,Non-violent Crime in Indian Country,all,86,100,85,89,88,0,1,0,0
2026-01,Non-violent Crime in Indian Country,all,81,85,85,100,95,0,5,0,0
2026-02,Non-violent Crime in Indian Country,all,118,131,106,135,131,1,2,0,1
2026-03,Non-violent Crime in Indian Country,all,150,157,139,148,147,0,1,0,0
2026-04,Non-violent Crime in Indian Country,all,208,218,161,166,165,0,1,0,0
2026-05,Non-violent Crime in Indian Country,all,183,191,77,84,80,0,3,0,1
2026-06,Non-violent Crime in Indian Country,all,189,196,17,19,17,0,2,0,0
1994-10,Non-violent Crime in Indian Country,primary,33,43,39,55,51,0,3,0,1
1994-11,Non-violent Crime in Indian Country,primary,43,50,43,56,51,1,3,1,0
1994-12,Non-violent Crime in Indian Country,primary,48,55,30,35,32,0,3,0,0
1995-01,Non-violent Crime in Indian Country,primary,42,56,44,58,53,1,4,0,0
1995-02,Non-violent Crime in Indian Country,primary,40,44,34,40,31,4,4,0,1
1995-03,Non-violent Crime in Indian Country,primary,52,66,39,42,37,0,4,0,1
1995-04,Non-violent Crime in Indian Country,primary,38,51,41,45,38,0,7,0,0
1995-05,Non-violent Crime in Indian Country,primary,53,60,43,46,39,1,5,1,0
1995-06,Non-violent Crime in Indian Country,primary,43,57,35,44,40,0,2,0,2
1995-07,Non-violent Crime in Indian Country,primary,49,58,39,44,38,2,3,1,0
1995-08,Non-violent Crime in Indian Country,primary,53,54,36,45,41,1,2,1,0
1995-09,Non-violent Crime in Indian Country,primary,62,70,44,64,54,3,5,0,2
1995-10,Non-violent Crime in Indian Country,primary,64,86,36,41,32,2,6,0,1
1995-11,Non-violent Crime in Indian Country,primary,46,56,65,78,67,2,8,0,1
1995-12,Non-violent Crime in Indian Country,primary,49,61,34,50,46,0,4,0,0
1996-01,Non-violent Crime in Indian Country,primary,59,67,58,70,64,2,4,0,0
1996-02,Non-violent Crime in Indian Country,primary,57,75,44,52,45,3,4,0,0
1996-03,Non-violent Crime in Indian Country,primary,64,79,48,51,41,3,7,0,0
1996-04,Non-violent Crime in Indian Country,primary,59,76,72,83,71,3,9,0,0
1996-05,Non-violent Crime in Indian Country,primary,41,60,56,66,56,2,8,0,0
1996-06,Non-violent Crime in Indian Country,primary,47,59,56,73,55,4,12,0,2
1996-07,Non-violent Crime in Indian Country,primary,57,70,62,80,66,7,7,0,0
1996-08,Non-violent Crime in Indian Country,primary,61,85,66,81,69,5,6,0,1
1996-09,Non-violent Crime in Indian Country,primary,55,57,33,43,34,2,7,0,0
1996-10,Non-violent Crime in Indian Country,primary,51,54,50,60,56,3,1,0,0
1996-11,Non-violent Crime in Indian Country,primary,48,63,49,58,52,1,4,0,1
1996-12,Non-violent Crime in Indian Country,primary,48,57,52,81,72,0,7,1,1
1997-01,Non-violent Crime in Indian Country,primary,59,67,60,81,73,3,5,0,0
1997-02,Non-violent Crime in Indian Country,primary,53,59,47,58,52,3,3,0,0
1997-03,Non-violent Crime in Indian Country,primary,49,53,40,46,36,5,5,0,0
1997-04,Non-violent Crime in Indian Country,primary,40,44,40,47,41,2,4,0,0
1997-05,Non-violent Crime in Indian Country,primary,48,51,52,65,55,2,8,0,0
1997-06,Non-violent Crime in Indian Country,primary,77,102,56,65,56,0,9,0,0
1997-07,Non-violent Crime in Indian Country,primary,65,70,58,69,57,2,10,0,0
1997-08,Non-violent Crime in Indian Country,primary,48,61,51,57,48,2,7,0,0
1997-09,Non-violent Crime in Indian Country,primary,65,79,54,61,49,3,9,0,0
1997-10,Non-violent Crime in Indian Country,primary,69,80,72,92,73,2,17,0,0
1997-11,Non-violent Crime in Indian Country,primary,40,57,53,58,50,1,6,0,1
1997-12,Non-violent Crime in Indian Country,primary,42,54,58,81,72,1,6,0,2
1998-01,Non-violent Crime in Indian Country,primary,37,45,48,56,54,0,1,1,0
1998-02,Non-violent Crime in Indian Country,primary,51,63,62,79,70,2,7,0,0
1998-03,Non-violent Crime in Indian Country,primary,57,77,37,44,41,0,3,0,0
1998-04,Non-violent Crime in Indian Country,primary,57,65,42,67,59,1,7,0,0
1998-05,Non-violent Crime in Indian Country,primary,54,65,42,55,52,1,2,0,0
1998-06,Non-violent Crime in Indian Country,primary,41,45,53,63,54,1,8,0,0
1998-07,Non-violent Crime in Indian Country,primary,60,66,31,40,36,1,3,0,0
1998-08,Non-violent Crime in Indian Country,primary,55,71,51,61,54,0,6,1,0
1998-09,Non-violent Crime in Indian Country,primary,47,55,59,66,56,2,7,0,1
1998-10,Non-violent Crime in Indian Country,primary,40,53,53,81,67,9,4,0,1
1998-11,Non-violent Crime in Indian Country,primary,52,64,44,52,43,6,2,1,0
1998-12,Non-violent Crime in Indian Country,primary,43,49,53,68,59,3,5,0,1
1999-01,Non-violent Crime in Indian Country,primary,41,51,61,78,67,2,9,0,0
1999-02,Non-violent Crime in Indian Country,primary,49,55,44,51,46,1,3,1,0
1999-03,Non-violent Crime in Indian Country,primary,58,65,57,68,60,2,6,0,0
1999-04,Non-violent Crime in Indian Country,primary,52,60,44,55,48,0,7,0,0
1999-05,Non-violent Crime in Indian Country,primary,46,57,34,36,32,1,3,0,0
1999-06,Non-violent Crime in Indian Country,primary,46,60,48,62,54,0,7,0,1
1999-07,Non-violent Crime in Indian Country,primary,35,40,48,51,49,1,1,0,0
1999-08,Non-violent Crime in Indian Country,primary,46,54,58,68,61,0,6,0,1
1999-09,Non-violent Crime in Indian Country,primary,34,48,49,55,47,1,7,0,0
1999-10,Non-violent Crime in Indian Country,primary,53,66,57,66,59,2,5,0,0
1999-11,Non-violent Crime in Indian Country,primary,56,66,33,42,39,1,2,0,0
1999-12,Non-violent Crime in Indian Country,primary,48,69,32,38,30,2,5,0,1
2000-01,Non-violent Crime in Indian Country,primary,43,49,49,57,48,4,5,0,0
2000-02,Non-violent Crime in Indian Country,primary,32,37,51,60,42,3,14,0,1
2000-03,Non-violent Crime in Indian Country,primary,48,56,41,48,36,2,10,0,0
2000-04,Non-violent Crime in Indian Country,primary,50,78,42,54,43,3,7,0,1
2000-05,Non-violent Crime in Indian Country,primary,53,63,32,42,37,0,5,0,0
2000-06,Non-violent Crime in Indian Country,primary,45,49,51,66,54,2,10,0,0
2000-07,Non-violent Crime in Indian Country,primary,40,43,49,62,57,0,5,0,0
2000-08,Non-violent Crime in Indian Country,primary,49,50,45,54,46,1,7,0,0
2000-09,Non-violent Crime in Indian Country,primary,48,58,43,43,40,0,1,2,0
2000-10,Non-violent Crime in Indian Country,primary,51,81,46,58,54,1,1,2,0
2000-11,Non-violent Crime in Indian Country,primary,38,47,44,53,46,1,6,0,0
2000-12,Non-violent Crime in Indian Country,primary,38,47,42,45,34,2,9,0,0
2001-01,Non-violent Crime in Indian Country,primary,54,64,39,45,36,2,7,0,0
2001-02,Non-violent Crime in Indian Country,primary,31,33,38,48,42,1,5,0,0
2001-03,Non-violent Crime in Indian Country,primary,40,55,42,68,57,4,7,0,0
2001-04,Non-violent Crime in Indian Country,primary,47,60,36,37,34,0,3,0,0
2001-05,Non-violent Crime in Indian Country,primary,51,64,45,53,48,2,3,0,0
2001-06,Non-violent Crime in Indian Country,primary,51,65,52,55,48,3,4,0,0
2001-07,Non-violent Crime in Indian Country,primary,40,50,59,93,86,1,6,0,0
2001-08,Non-violent Crime in Indian Country,primary,41,45,42,47,42,1,4,0,0
2001-09,Non-violent Crime in Indian Country,primary,36,41,46,71,67,3,1,0,0
2001-10,Non-violent Crime in Indian Country,primary,38,39,54,80,75,1,4,0,0
2001-11,Non-violent Crime in Indian Country,primary,34,37,32,39,36,0,3,0,0
2001-12,Non-violent Crime in Indian Country,primary,31,32,32,38,33,1,4,0,0
2002-01,Non-violent Crime in Indian Country,primary,53,60,49,60,48,1,11,0,0
2002-02,Non-violent Crime in Indian Country,primary,44,51,47,55,45,3,7,0,0
2002-03,Non-violent Crime in Indian Country,primary,39,45,43,49,45,3,1,0,0
2002-04,Non-violent Crime in Indian Country,primary,50,55,55,61,54,2,5,0,0
2002-05,Non-violent Crime in Indian Country,primary,33,46,24,26,23,1,2,0,0
2002-06,Non-violent Crime in Indian Country,primary,62,76,35,37,32,1,4,0,0
2002-07,Non-violent Crime in Indian Country,primary,38,46,49,54,49,2,3,0,0
2002-08,Non-violent Crime in Indian Country,primary,25,30,41,43,34,1,6,0,2
2002-09,Non-violent Crime in Indian Country,primary,54,62,42,46,41,0,3,2,0
2002-10,Non-violent Crime in Indian Country,primary,39,48,31,36,30,0,6,0,0
2002-11,Non-violent Crime in Indian Country,primary,42,62,40,53,49,1,2,1,0
2002-12,Non-violent Crime in Indian Country,primary,30,42,37,46,44,1,1,0,0
2003-01,Non-violent Crime in Indian Country,primary,35,41,38,49,44,3,2,0,0
2003-02,Non-violent Crime in Indian Country,primary,25,33,43,52,44,2,6,0,0
2003-03,Non-violent Crime in Indian Country,primary,35,44,42,55,47,1,7,0,0
2003-04,Non-violent Crime in Indian Country,primary,29,32,66,78,73,2,3,0,0
2003-05,Non-violent Crime in Indian Country,primary,14,15,34,40,36,3,0,0,1
2003-06,Non-violent Crime in Indian Country,primary,43,52,38,42,39,2,1,0,0
2003-07,Non-violent Crime in Indian Country,primary,30,37,45,57,54,0,3,0,0
2003-08,Non-violent Crime in Indian Country,primary,23,24,39,44,38,3,3,0,0
2003-09,Non-violent Crime in Indian Country,primary,22,26,37,47,40,1,6,0,0
2003-10,Non-violent Crime in Indian Country,primary,23,32,37,50,46,3,1,0,0
2003-11,Non-violent Crime in Indian Country,primary,16,28,24,31,29,1,1,0,0
2003-12,Non-violent Crime in Indian Country,primary,17,28,40,51,51,0,0,0,0
2004-01,Non-violent Crime in Indian Country,primary,15,19,27,28,27,0,1,0,0
2004-02,Non-violent Crime in Indian Country,primary,24,32,14,16,13,1,2,0,0
2004-03,Non-violent Crime in Indian Country,primary,15,17,23,31,25,0,5,0,1
2004-04,Non-violent Crime in Indian Country,primary,20,26,20,32,28,3,1,0,0
2004-05,Non-violent Crime in Indian Country,primary,6,8,19,27,27,0,0,0,0
2004-06,Non-violent Crime in Indian Country,primary,7,9,16,20,18,1,1,0,0
2004-07,Non-violent Crime in Indian Country,primary,15,17,16,16,14,2,0,0,0
2004-08,Non-violent Crime in Indian Country,primary,10,16,24,32,30,1,1,0,0
2004-09,Non-violent Crime in Indian Country,primary,14,20,10,15,12,0,3,0,0
2004-10,Non-violent Crime in Indian Country,primary,12,13,15,20,18,1,1,0,0
2004-11,Non-violent Crime in Indian Country,primary,9,14,12,16,13,1,2,0,0
2004-12,Non-violent Crime in Indian Country,primary,8,11,7,11,11,0,0,0,0
2005-01,Non-violent Crime in Indian Country,primary,9,13,20,28,27,0,1,0,0
2005-02,Non-violent Crime in Indian Country,primary,7,8,14,17,13,0,4,0,0
2005-03,Non-violent Crime in Indian Country,primary,6,7,11,12,12,0,0,0,0
2005-04,Non-violent Crime in Indian Country,primary,13,18,15,23,23,0,0,0,0
2005-05,Non-violent Crime in Indian Country,primary,7,8,7,9,8,1,0,0,0
2005-06,Non-violent Crime in Indian Country,primary,2,3,10,14,13,0,1,0,0
2005-07,Non-violent Crime in Indian Country,primary,15,16,10,15,13,0,2,0,0
2005-08,Non-violent Crime in Indian Country,primary,6,11,6,9,8,0,0,1,0
2005-09,Non-violent Crime in Indian Country,primary,10,11,5,6,3,2,1,0,0
2005-10,Non-violent Crime in Indian Country,primary,12,16,6,8,7,0,1,0,0
2005-11,Non-violent Crime in Indian Country,primary,10,12,11,15,10,0,5,0,0
2005-12,Non-violent Crime in Indian Country,primary,12,13,10,10,8,0,2,0,0
2006-01,Non-violent Crime in Indian Country,primary,11,14,12,18,18,0,0,0,0
2006-02,Non-violent Crime in Indian Country,primary,11,25,4,6,6,0,0,0,0
2006-03,Non-violent Crime in Indian Country,primary,10,14,5,5,5,0,0,0,0
2006-04,Non-violent Crime in Indian Country,primary,8,11,7,8,8,0,0,0,0
2006-05,Non-violent Crime in Indian Country,primary,7,8,15,19,14,2,3,0,0
2006-06,Non-violent Crime in Indian Country,primary,9,11,15,18,17,0,1,0,0
2006-07,Non-violent Crime in Indian Country,primary,6,9,8,8,6,0,2,0,0
2006-08,Non-violent Crime in Indian Country,primary,8,16,14,22,22,0,0,0,0
2006-09,Non-violent Crime in Indian Country,primary,7,43,7,9,8,0,1,0,0
2006-10,Non-violent Crime in Indian Country,primary,7,8,13,16,14,0,2,0,0
2006-11,Non-violent Crime in Indian Country,primary,10,13,8,10,10,0,0,0,0
2006-12,Non-violent Crime in Indian Country,primary,9,10,7,16,15,0,1,0,0
2007-01,Non-violent Crime in Indian Country,primary,6,8,6,7,6,1,0,0,0
2007-02,Non-violent Crime in Indian Country,primary,8,11,6,7,6,0,1,0,0
2007-03,Non-violent Crime in Indian Country,primary,10,21,7,8,7,0,1,0,0
2007-04,Non-violent Crime in Indian Country,primary,13,16,13,15,15,0,0,0,0
2007-05,Non-violent Crime in Indian Country,primary,6,8,10,14,14,0,0,0,0
2007-06,Non-violent Crime in Indian Country,primary,5,10,6,6,5,0,1,0,0
2007-07,Non-violent Crime in Indian Country,primary,3,13,8,8,7,0,1,0,0
2007-08,Non-violent Crime in Indian Country,primary,4,6,14,19,18,0,1,0,0
2007-09,Non-violent Crime in Indian Country,primary,2,2,9,14,9,2,3,0,0
2007-10,Non-violent Crime in Indian Country,primary,7,10,10,15,12,0,3,0,0
2007-11,Non-violent Crime in Indian Country,primary,4,5,6,7,7,0,0,0,0
2007-12,Non-violent Crime in Indian Country,primary,3,6,7,9,8,0,1,0,0
2008-01,Non-violent Crime in Indian Country,primary,10,10,8,13,12,1,0,0,0
2008-02,Non-violent Crime in Indian Country,primary,4,4,5,5,3,0,2,0,0
2008-03,Non-violent Crime in Indian Country,primary,7,14,4,5,5,0,0,0,0
2008-04,Non-violent Crime in Indian Country,primary,7,8,8,16,16,0,0,0,0
2008-05,Non-violent Crime in Indian Country,primary,10,20,7,14,10,0,4,0,0
2008-06,Non-violent Crime in Indian Country,primary,12,17,8,8,7,0,1,0,0
2008-07,Non-violent Crime in Indian Country,primary,7,7,9,14,13,0,1,0,0
2008-08,Non-violent Crime in Indian Country,primary,1,1,1,1,1,0,0,0,0
2008-09,Non-violent Crime in Indian Country,primary,9,17,4,5,5,0,0,0,0
2008-10,Non-violent Crime in Indian Country,primary,7,7,9,9,9,0,0,0,0
2008-11,Non-violent Crime in Indian Country,primary,6,10,6,8,7,0,1,0,0
2008-12,Non-violent Crime in Indian Country,primary,6,8,10,29,29,0,0,0,0
2009-01,Non-violent Crime in Indian Country,primary,6,7,8,11,10,0,1,0,0
2009-02,Non-violent Crime in Indian Country,primary,16,26,6,10,10,0,0,0,0
2009-03,Non-violent Crime in Indian Country,primary,4,4,9,12,11,0,1,0,0
2009-04,Non-violent Crime in Indian Country,primary,3,7,5,10,10,0,0,0,0
2009-05,Non-violent Crime in Indian Country,primary,5,6,6,18,18,0,0,0,0
2009-06,Non-violent Crime in Indian Country,primary,9,14,8,18,18,0,0,0,0
2009-07,Non-violent Crime in Indian Country,primary,7,11,11,12,10,1,1,0,0
2009-08,Non-violent Crime in Indian Country,primary,6,9,8,9,9,0,0,0,0
2009-09,Non-violent Crime in Indian Country,primary,9,11,7,42,41,0,1,0,0
2009-10,Non-violent Crime in Indian Country,primary,7,9,6,9,9,0,0,0,0
2009-11,Non-violent Crime in Indian Country,primary,7,8,9,14,12,0,1,1,0
2009-12,Non-violent Crime in Indian Country,primary,5,6,3,3,3,0,0,0,0
2010-01,Non-violent Crime in Indian Country,primary,4,5,6,7,7,0,0,0,0
2010-02,Non-violent Crime in Indian Country,primary,8,8,6,8,8,0,0,0,0
2010-03,Non-violent Crime in Indian Country,primary,7,8,8,11,11,0,0,0,0
2010-04,Non-violent Crime in Indian Country,primary,9,10,6,8,7,0,1,0,0
2010-05,Non-violent Crime in Indian Country,primary,5,6,5,6,6,0,0,0,0
2010-06,Non-violent Crime in Indian Country,primary,8,9,8,8,8,0,0,0,0
2010-07,Non-violent Crime in Indian Country,primary,9,33,9,11,9,0,2,0,0
2010-08,Non-violent Crime in Indian Country,primary,3,4,4,4,4,0,0,0,0
2010-09,Non-violent Crime in Indian Country,primary,4,5,5,5,5,0,0,0,0
2010-10,Non-violent Crime in Indian Country,primary,8,9,7,10,10,0,0,0,0
2010-11,Non-violent Crime in Indian Country,primary,7,14,3,5,5,0,0,0,0
2010-12,Non-violent Crime in Indian Country,primary,10,14,2,2,1,0,1,0,0
2011-01,Non-violent Crime in Indian Country,primary,9,11,12,20,18,0,1,0,1
2011-02,Non-violent Crime in Indian Country,primary,9,13,9,10,8,0,2,0,0
2011-03,Non-violent Crime in Indian Country,primary,7,14,3,3,2,0,1,0,0
2011-04,Non-violent Crime in Indian Country,primary,12,12,9,11,11,0,0,0,0
2011-05,Non-violent Crime in Indian Country,primary,9,11,5,15,15,0,0,0,0
2011-06,Non-violent Crime in Indian Country,primary,8,10,11,19,19,0,0,0,0
2011-07,Non-violent Crime in Indian Country,primary,11,14,6,12,12,0,0,0,0
2011-08,Non-violent Crime in Indian Country,primary,6,7,4,4,4,0,0,0,0
2011-09,Non-violent Crime in Indian Country,primary,5,5,10,11,11,0,0,0,0
2011-10,Non-violent Crime in Indian Country,primary,8,10,7,9,8,0,1,0,0
2011-11,Non-violent Crime in Indian Country,primary,8,9,9,12,12,0,0,0,0
2011-12,Non-violent Crime in Indian Country,primary,11,13,6,7,7,0,0,0,0
2012-01,Non-violent Crime in Indian Country,primary,11,16,9,9,9,0,0,0,0
2012-02,Non-violent Crime in Indian Country,primary,20,26,3,3,3,0,0,0,0
2012-03,Non-violent Crime in Indian Country,primary,8,13,7,11,10,0,1,0,0
2012-04,Non-violent Crime in Indian Country,primary,12,19,11,14,14,0,0,0,0
2012-05,Non-violent Crime in Indian Country,primary,14,18,8,8,8,0,0,0,0
2012-06,Non-violent Crime in Indian Country,primary,6,7,9,16,16,0,0,0,0
2012-07,Non-violent Crime in Indian Country,primary,14,16,11,19,19,0,0,0,0
2012-08,Non-violent Crime in Indian Country,primary,8,13,14,25,24,0,1,0,0
2012-09,Non-violent Crime in Indian Country,primary,8,10,12,15,14,0,1,0,0
2012-10,Non-violent Crime in Indian Country,primary,13,16,15,23,20,0,3,0,0
2012-11,Non-violent Crime in Indian Country,primary,10,10,12,13,13,0,0,0,0
2012-12,Non-violent Crime in Indian Country,primary,11,19,6,10,9,0,0,1,0
2013-01,Non-violent Crime in Indian Country,primary,12,16,7,8,8,0,0,0,0
2013-02,Non-violent Crime in Indian Country,primary,12,15,11,13,12,0,1,0,0
2013-03,Non-violent Crime in Indian Country,primary,13,28,11,13,11,0,1,1,0
2013-04,Non-violent Crime in Indian Country,primary,7,8,7,7,6,0,0,0,1
2013-05,Non-violent Crime in Indian Country,primary,12,18,6,10,7,0,3,0,0
2013-06,Non-violent Crime in Indian Country,primary,9,10,13,14,13,0,1,0,0
2013-07,Non-violent Crime in Indian Country,primary,13,22,9,14,10,0,4,0,0
2013-08,Non-violent Crime in Indian Country,primary,14,23,13,21,20,0,1,0,0
2013-09,Non-violent Crime in Indian Country,primary,12,12,9,10,10,0,0,0,0
2013-10,Non-violent Crime in Indian Country,primary,10,13,13,17,10,0,7,0,0
2013-11,Non-violent Crime in Indian Country,primary,8,8,9,10,10,0,0,0,0
2013-12,Non-violent Crime in Indian Country,primary,11,17,17,20,18,0,1,0,1
2014-01,Non-violent Crime in Indian Country,primary,6,8,12,21,19,0,2,0,0
2014-02,Non-violent Crime in Indian Country,primary,11,12,7,7,4,0,3,0,0
2014-03,Non-violent Crime in Indian Country,primary,7,16,13,24,22,0,2,0,0
2014-04,Non-violent Crime in Indian Country,primary,6,11,16,22,21,0,1,0,0
2014-05,Non-violent Crime in Indian Country,primary,9,11,14,14,11,0,2,1,0
2014-06,Non-violent Crime in Indian Country,primary,8,10,12,12,12,0,0,0,0
2014-07,Non-violent Crime in Indian Country,primary,7,11,9,16,16,0,0,0,0
2014-08,Non-violent Crime in Indian Country,primary,12,14,12,15,14,0,0,0,1
2014-09,Non-violent Crime in Indian Country,primary,11,12,9,10,9,0,1,0,0
2014-10,Non-violent Crime in Indian Country,primary,10,14,6,6,6,0,0,0,0
2014-11,Non-violent Crime in Indian Country,primary,14,18,11,17,16,0,1,0,0
2014-12,Non-violent Crime in Indian Country,primary,8,9,7,7,7,0,0,0,0
2015-01,Non-violent Crime in Indian Country,primary,10,12,3,3,2,0,1,0,0
2015-02,Non-violent Crime in Indian Country,primary,15,17,9,13,12,1,0,0,0
2015-03,Non-violent Crime in Indian Country,primary,15,15,12,14,12,0,2,0,0
2015-04,Non-violent Crime in Indian Country,primary,9,9,8,10,8,0,2,0,0
2015-05,Non-violent Crime in Indian Country,primary,11,12,12,17,16,0,1,0,0
2015-06,Non-violent Crime in Indian Country,primary,12,15,18,28,28,0,0,0,0
2015-07,Non-violent Crime in Indian Country,primary,12,12,10,20,17,0,2,1,0
2015-08,Non-violent Crime in Indian Country,primary,8,8,11,11,9,0,2,0,0
2015-09,Non-violent Crime in Indian Country,primary,9,13,15,18,15,0,3,0,0
2015-10,Non-violent Crime in Indian Country,primary,11,21,12,22,22,0,0,0,0
2015-11,Non-violent Crime in Indian Country,primary,5,7,10,11,11,0,0,0,0
2015-12,Non-violent Crime in Indian Country,primary,15,16,10,17,12,0,4,1,0
2016-01,Non-violent Crime in Indian Country,primary,6,12,9,9,7,0,2,0,0
2016-02,Non-violent Crime in Indian Country,primary,13,18,14,14,13,0,1,0,0
2016-03,Non-violent Crime in Indian Country,primary,12,18,6,7,6,0,1,0,0
2016-04,Non-violent Crime in Indian Country,primary,29,44,11,15,15,0,0,0,0
2016-05,Non-violent Crime in Indian Country,primary,10,11,9,10,8,0,2,0,0
2016-06,Non-violent Crime in Indian Country,primary,10,14,9,9,8,0,1,0,0
2016-07,Non-violent Crime in Indian Country,primary,12,18,7,15,15,0,0,0,0
2016-08,Non-violent Crime in Indian Country,primary,9,12,19,27,26,0,1,0,0
2016-09,Non-violent Crime in Indian Country,primary,10,12,14,16,15,0,1,0,0
2016-10,Non-violent Crime in Indian Country,primary,20,24,15,17,13,0,4,0,0
2016-11,Non-violent Crime in Indian Country,primary,13,15,10,12,12,0,0,0,0
2016-12,Non-violent Crime in Indian Country,primary,14,28,10,13,10,0,3,0,0
2017-01,Non-violent Crime in Indian Country,primary,18,27,12,17,11,0,1,0,5
2017-02,Non-violent Crime in Indian Country,primary,14,23,17,21,18,0,3,0,0
2017-03,Non-violent Crime in Indian Country,primary,11,20,15,19,15,0,4,0,0
2017-04,Non-violent Crime in Indian Country,primary,5,5,5,6,5,0,1,0,0
2017-05,Non-violent Crime in Indian Country,primary,5,5,14,21,21,0,0,0,0
2017-06,Non-violent Crime in Indian Country,primary,3,5,17,21,19,0,2,0,0
2017-07,Non-violent Crime in Indian Country,primary,9,9,6,11,9,0,2,0,0
2017-08,Non-violent Crime in Indian Country,primary,11,15,16,24,22,0,2,0,0
2017-09,Non-violent Crime in Indian Country,primary,9,12,13,17,15,0,2,0,0
2017-10,Non-violent Crime in Indian Country,primary,11,11,13,20,19,0,1,0,0
2017-11,Non-violent Crime in Indian Country,primary,9,12,10,16,15,0,1,0,0
2017-12,Non-violent Crime in Indian Country,primary,3,3,8,15,14,0,1,0,0
2018-01,Non-violent Crime in Indian Country,primary,9,10,9,20,20,0,0,0,0
2018-02,Non-violent Crime in Indian Country,primary,13,19,5,6,6,0,0,0,0
2018-03,Non-violent Crime in Indian Country,primary,17,31,10,14,8,0,6,0,0
2018-04,Non-violent Crime in Indian Country,primary,5,6,7,7,4,0,2,0,1
2018-05,Non-violent Crime in Indian Country,primary,19,25,15,20,19,0,1,0,0
2018-06,Non-violent Crime in Indian Country,primary,7,10,9,10,8,1,1,0,0
2018-07,Non-violent Crime in Indian Country,primary,10,13,10,14,14,0,0,0,0
2018-08,Non-violent Crime in Indian Country,primary,14,24,8,8,7,0,1,0,0
2018-09,Non-violent Crime in Indian Country,primary,9,9,7,12,12,0,0,0,0
2018-10,Non-violent Crime in Indian Country,primary,13,28,11,12,11,0,1,0,0
2018-11,Non-violent Crime in Indian Country,primary,17,19,17,39,38,0,1,0,0
2018-12,Non-violent Crime in Indian Country,primary,8,9,7,9,8,0,1,0,0
2019-01,Non-violent Crime in Indian Country,primary,13,17,5,6,4,1,0,0,1
2019-02,Non-violent Crime in Indian Country,primary,6,14,11,14,12,2,0,0,0
2019-03,Non-violent Crime in Indian Country,primary,12,15,12,13,12,0,1,0,0
2019-04,Non-violent Crime in Indian Country,primary,13,17,9,12,10,0,2,0,0
2019-05,Non-violent Crime in Indian Country,primary,5,6,14,20,20,0,0,0,0
2019-06,Non-violent Crime in Indian Country,primary,5,10,9,12,11,0,1,0,0
2019-07,Non-violent Crime in Indian Country,primary,2,2,8,12,12,0,0,0,0
2019-08,Non-violent Crime in Indian Country,primary,9,19,10,10,9,0,1,0,0
2019-09,Non-violent Crime in Indian Country,primary,6,13,14,18,17,0,1,0,0
2019-10,Non-violent Crime in Indian Country,primary,5,5,9,9,8,0,1,0,0
2019-11,Non-violent Crime in Indian Country,primary,7,11,7,12,11,0,0,1,0
2019-12,Non-violent Crime in Indian Country,primary,10,11,9,14,12,0,2,0,0
2020-01,Non-violent Crime in Indian Country,primary,8,12,4,9,8,0,1,0,0
2020-02,Non-violent Crime in Indian Country,primary,5,5,8,9,8,0,1,0,0
2020-03,Non-violent Crime in Indian Country,primary,4,5,4,8,8,0,0,0,0
2020-04,Non-violent Crime in Indian Country,primary,1,1,1,1,1,0,0,0,0
2020-05,Non-violent Crime in Indian Country,primary,1,1,5,7,6,0,1,0,0
2020-06,Non-violent Crime in Indian Country,primary,9,10,5,5,5,0,0,0,0
2020-07,Non-violent Crime in Indian Country,primary,6,7,4,6,5,0,1,0,0
2020-08,Non-violent Crime in Indian Country,primary,18,19,4,5,3,0,2,0,0
2020-09,Non-violent Crime in Indian Country,primary,36,37,5,9,8,0,1,0,0
2020-10,Non-violent Crime in Indian Country,primary,19,22,8,8,8,0,0,0,0
2020-11,Non-violent Crime in Indian Country,primary,13,14,7,9,8,0,1,0,0
2020-12,Non-violent Crime in Indian Country,primary,9,9,9,9,8,0,1,0,0
2021-01,Non-violent Crime in Indian Country,primary,3,3,9,11,11,0,0,0,0
2021-02,Non-violent Crime in Indian Country,primary,17,18,18,19,18,0,1,0,0
2021-03,Non-violent Crime in Indian Country,primary,10,12,12,13,10,0,2,1,0
2021-04,Non-violent Crime in Indian Country,primary,9,9,15,16,15,0,1,0,0
2021-05,Non-violent Crime in Indian Country,primary,11,15,15,17,16,0,1,0,0
2021-06,Non-violent Crime in Indian Country,primary,5,11,8,9,8,0,0,0,1
2021-07,Non-violent Crime in Indian Country,primary,10,11,10,21,20,0,1,0,0
2021-08,Non-violent Crime in Indian Country,primary,6,7,15,16,13,1,2,0,0
2021-09,Non-violent Crime in Indian Country,primary,8,10,8,8,6,1,1,0,0
2021-10,Non-violent Crime in Indian Country,primary,10,11,9,13,12,0,0,1,0
2021-11,Non-violent Crime in Indian Country,primary,10,11,13,16,15,0,1,0,0
2021-12,Non-violent Crime in Indian Country,primary,10,13,10,13,11,1,1,0,0
2022-01,Non-violent Crime in Indian Country,primary,4,4,8,10,8,0,2,0,0
2022-02,Non-violent Crime in Indian Country,primary,14,20,7,10,10,0,0,0,0
2022-03,Non-violent Crime in Indian Country,primary,7,8,9,9,9,0,0,0,0
2022-04,Non-violent Crime in Indian Country,primary,12,14,16,25,20,0,5,0,0
2022-05,Non-violent Crime in Indian Country,primary,8,10,10,13,13,0,0,0,0
2022-06,Non-violent Crime in Indian Country,primary,5,5,14,24,20,0,4,0,0
2022-07,Non-violent Crime in Indian Country,primary,6,7,7,9,7,0,2,0,0
2022-08,Non-violent Crime in Indian Country,primary,10,12,11,14,12,0,2,0,0
2022-09,Non-violent Crime in Indian Country,primary,8,8,10,10,10,0,0,0,0
2022-10,Non-violent Crime in Indian Country,primary,12,12,6,7,6,0,0,0,1
2022-11,Non-violent Crime in Indian Country,primary,7,7,6,7,7,0,0,0,0
2022-12,Non-violent Crime in Indian Country,primary,4,4,10,10,9,0,1,0,0
2023-01,Non-violent Crime in Indian Country,primary,3,5,9,9,9,0,0,0,0
2023-02,Non-violent Crime in Indian Country,primary,14,18,5,5,3,0,2,0,0
2023-03,Non-violent Crime in Indian Country,primary,9,10,5,7,6,0,1,0,0
2023-04,Non-violent Crime in Indian Country,primary,6,6,8,8,7,0,1,0,0
2023-05,Non-violent Crime in Indian Country,primary,5,6,8,12,11,0,1,0,0
2023-06,Non-violent Crime in Indian Country,primary,10,12,4,4,4,0,0,0,0
2023-07,Non-violent Crime in Indian Country,primary,2,3,11,15,12,0,3,0,0
2023-08,Non-violent Crime in Indian Country,primary,8,18,8,13,12,0,1,0,0
2023-09,Non-violent Crime in Indian Country,primary,5,6,15,17,15,0,2,0,0
2023-10,Non-violent Crime in Indian Country,primary,5,7,6,7,7,0,0,0,0
2023-11,Non-violent Crime in Indian Country,primary,7,18,7,7,5,0,2,0,0
2023-12,Non-violent Crime in Indian Country,primary,3,3,7,8,8,0,0,0,0
2024-01,Non-violent Crime in Indian Country,primary,3,3,8,12,11,0,1,0,0
2024-02,Non-violent Crime in Indian Country,primary,4,4,9,10,10,0,0,0,0
2024-03,Non-violent Crime in Indian Country,primary,4,6,6,7,7,0,0,0,0
2024-04,Non-violent Crime in Indian Country,primary,7,14,4,4,4,0,0,0,0
2024-05,Non-violent Crime in Indian Country,primary,4,4,6,6,6,0,0,0,0
2024-06,Non-violent Crime in Indian Country,primary,13,23,8,8,8,0,0,0,0
2024-07,Non-violent Crime in Indian Country,primary,4,5,3,3,2,0,1,0,0
2024-08,Non-violent Crime in Indian Country,primary,14,18,6,8,7,0,1,0,0
2024-09,Non-violent Crime in Indian Country,primary,11,16,2,2,2,0,0,0,0
2024-10,Non-violent Crime in Indian Country,primary,6,7,9,14,14,0,0,0,0
2024-11,Non-violent Crime in Indian Country,primary,5,6,4,4,4,0,0,0,0
2024-12,Non-violent Crime in Indian Country,primary,9,12,7,8,6,0,2,0,0
2025-01,Non-violent Crime in Indian Country,primary,4,5,9,12,10,0,2,0,0
2025-02,Non-violent Crime in Indian Country,primary,2,2,7,10,10,0,0,0,0
2025-03,Non-violent Crime in Indian Country,primary,2,7,3,5,5,0,0,0,0
2025-04,Non-violent Crime in Indian Country,primary,7,7,10,11,11,0,0,0,0
2025-05,Non-violent Crime in Indian Country,primary,7,8,8,13,13,0,0,0,0
2025-06,Non-violent Crime in Indian Country,primary,3,4,4,5,5,0,0,0,0
2025-07,Non-violent Crime in Indian Country,primary,4,5,5,7,6,0,1,0,0
2025-08,Non-violent Crime in Indian Country,primary,8,9,6,12,12,0,0,0,0
2025-09,Non-violent Crime in Indian Country,primary,4,8,9,14,14,0,0,0,0
2025-10,Non-violent Crime in Indian Country,primary,5,6,6,7,7,0,0,0,0
2025-11,Non-violent Crime in Indian Country,primary,2,2,2,2,2,0,0,0,0
2025-12,Non-violent Crime in Indian Country,primary,6,13,2,2,2,0,0,0,0
2026-01,Non-violent Crime in Indian Country,primary,2,3,5,5,5,0,0,0,0
2026-02,Non-violent Crime in Indian Country,primary,2,2,1,1,1,0,0,0,0
2026-03,Non-violent Crime in Indian Country,primary,3,6,1,1,1,0,0,0,0
2026-04,Non-violent Crime in Indian Country,primary,6,8,4,6,6,0,0,0,0
2026-05,Non-violent Crime in Indian Country,primary,2,2,2,2,1,0,1,0,0
2026-06,Non-violent Crime in Indian Country,primary,4,6,3,3,2,0,1,0,0
1994-10,Official Corruption,all,37,62,33,41,36,3,2,0,0
1994-11,Official Corruption,all,35,50,21,29,27,0,1,1,0
1994-12,Official Corruption,all,39,59,28,37,31,1,5,0,0
1995-01,Official Corruption,all,44,67,40,56,49,0,7,0,0
1995-02,Official Corruption,all,35,52,47,79,67,7,5,0,0
1995-03,Official Corruption,all,61,84,37,58,47,7,3,1,0
1995-04,Official Corruption,all,36,50,37,65,50,2,13,0,0
1995-05,Official Corruption,all,44,61,49,80,63,6,6,2,3
1995-06,Official Corruption,all,50,70,29,47,45,1,1,0,0
1995-07,Official Corruption,all,33,72,32,61,42,1,16,0,2
1995-08,Official Corruption,all,35,57,37,71,64,0,3,0,4
1995-09,Official Corruption,all,45,56,44,70,65,3,2,0,0
1995-10,Official Corruption,all,31,45,37,63,53,1,4,2,3
1995-11,Official Corruption,all,43,58,33,47,44,1,2,0,0
1995-12,Official Corruption,all,50,91,50,56,51,1,3,0,1
1996-01,Official Corruption,all,32,52,48,63,54,2,7,0,0
1996-02,Official Corruption,all,44,65,32,56,47,3,6,0,0
1996-03,Official Corruption,all,58,118,29,38,31,3,2,2,0
1996-04,Official Corruption,all,52,81,49,73,67,0,5,0,1
1996-05,Official Corruption,all,40,84,48,86,80,1,5,0,0
1996-06,Official Corruption,all,40,61,45,84,60,19,4,1,0
1996-07,Official Corruption,all,38,49,38,54,46,0,8,0,0
1996-08,Official Corruption,all,38,67,33,40,35,1,3,0,1
1996-09,Official Corruption,all,49,80,38,48,47,0,0,1,0
1996-10,Official Corruption,all,47,79,40,63,60,0,3,0,0
1996-11,Official Corruption,all,48,85,46,73,61,2,6,0,4
1996-12,Official Corruption,all,29,51,37,63,50,11,2,0,0
1997-01,Official Corruption,all,39,50,50,63,57,0,5,1,0
1997-02,Official Corruption,all,36,56,36,53,49,0,4,0,0
1997-03,Official Corruption,all,30,41,43,66,57,1,7,1,0
1997-04,Official Corruption,all,48,88,36,44,40,0,3,1,0
1997-05,Official Corruption,all,33,40,39,65,62,1,1,0,1
1997-06,Official Corruption,all,52,86,27,54,51,0,3,0,0
1997-07,Official Corruption,all,35,55,20,30,25,1,3,0,1
1997-08,Official Corruption,all,32,43,18,26,25,0,0,1,0
1997-09,Official Corruption,all,72,129,30,54,35,0,2,2,15
1997-10,Official Corruption,all,38,67,51,107,94,5,8,0,0
1997-11,Official Corruption,all,33,50,31,49,48,0,1,0,0
1997-12,Official Corruption,all,42,72,34,53,49,1,2,0,1
1998-01,Official Corruption,all,53,99,45,79,74,0,5,0,0
1998-02,Official Corruption,all,34,97,46,76,64,5,5,0,2
1998-03,Official Corruption,all,59,147,44,55,44,3,5,2,1
1998-04,Official Corruption,all,63,90,41,67,64,2,1,0,0
1998-05,Official Corruption,all,41,75,43,62,58,1,3,0,0
1998-06,Official Corruption,all,39,43,34,45,39,2,4,0,0
1998-07,Official Corruption,all,45,65,38,61,59,0,2,0,0
1998-08,Official Corruption,all,45,90,44,119,116,0,3,0,0
1998-09,Official Corruption,all,43,80,46,70,60,0,8,0,2
1998-10,Official Corruption,all,59,103,40,69,64,1,4,0,0
1998-11,Official Corruption,all,34,71,37,49,43,2,3,0,1
1998-12,Official Corruption,all,40,68,44,54,47,2,5,0,0
1999-01,Official Corruption,all,38,49,44,112,107,4,1,0,0
1999-02,Official Corruption,all,23,38,35,46,46,0,0,0,0
1999-03,Official Corruption,all,50,79,45,54,46,1,4,3,0
1999-04,Official Corruption,all,51,93,35,59,54,0,5,0,0
1999-05,Official Corruption,all,38,57,41,55,51,2,1,0,1
1999-06,Official Corruption,all,55,80,42,63,56,3,3,1,0
1999-07,Official Corruption,all,43,68,58,114,106,0,2,1,5
1999-08,Official Corruption,all,43,70,41,85,80,1,1,3,0
1999-09,Official Corruption,all,66,105,38,59,57,0,1,1,0
1999-10,Official Corruption,all,62,87,41,60,52,1,2,4,1
1999-11,Official Corruption,all,42,57,39,66,62,2,0,2,0
1999-12,Official Corruption,all,46,69,51,77,74,0,1,0,2
2000-01,Official Corruption,all,31,37,55,70,64,0,5,1,0
2000-02,Official Corruption,all,32,56,52,70,57,3,7,0,3
2000-03,Official Corruption,all,52,66,45,69,66,0,2,0,1
2000-04,Official Corruption,all,39,67,52,109,106,2,1,0,0
2000-05,Official Corruption,all,40,53,50,60,58,1,1,0,0
2000-06,Official Corruption,all,47,78,37,67,64,0,3,0,0
2000-07,Official Corruption,all,42,65,35,48,46,1,1,0,0
2000-08,Official Corruption,all,25,66,33,56,53,0,1,0,2
2000-09,Official Corruption,all,47,64,46,77,76,0,1,0,0
2000-10,Official Corruption,all,50,78,62,111,106,0,4,1,0
2000-11,Official Corruption,all,45,59,42,66,49,6,9,2,0
2000-12,Official Corruption,all,35,63,41,56,54,0,1,0,1
2001-01,Official Corruption,all,26,47,50,68,62,1,4,1,0
2001-02,Official Corruption,all,43,48,53,73,70,0,2,1,0
2001-03,Official Corruption,all,35,50,47,74,72,1,1,0,0
2001-04,Official Corruption,all,39,61,38,56,55,0,1,0,0
2001-05,Official Corruption,all,65,101,35,52,43,2,5,0,2
2001-06,Official Corruption,all,39,48,38,43,41,0,2,0,0
2001-07,Official Corruption,all,20,23,39,55,53,0,2,0,0
2001-08,Official Corruption,all,44,90,35,51,47,0,4,0,0
2001-09,Official Corruption,all,31,51,46,76,74,0,2,0,0
2001-10,Official Corruption,all,44,67,40,72,69,2,1,0,0
2001-11,Official Corruption,all,41,69,34,67,60,0,7,0,0
2001-12,Official Corruption,all,33,44,27,40,36,2,2,0,0
2002-01,Official Corruption,all,48,89,48,61,61,0,0,0,0
2002-02,Official Corruption,all,36,70,32,61,58,1,2,0,0
2002-03,Official Corruption,all,42,61,32,47,42,1,4,0,0
2002-04,Official Corruption,all,48,70,44,67,64,0,1,2,0
2002-05,Official Corruption,all,42,65,37,50,46,1,1,1,1
2002-06,Official Corruption,all,38,66,33,43,40,1,2,0,0
2002-07,Official Corruption,all,71,105,38,53,50,0,2,1,0
2002-08,Official Corruption,all,30,54,35,44,40,0,3,1,0
2002-09,Official Corruption,all,43,49,54,75,74,0,1,0,0
2002-10,Official Corruption,all,51,79,47,77,71,0,3,0,3
2002-11,Official Corruption,all,42,47,45,75,67,1,6,1,0
2002-12,Official Corruption,all,32,52,30,39,37,0,2,0,0
2003-01,Official Corruption,all,30,55,49,82,65,0,17,0,0
2003-02,Official Corruption,all,33,41,35,50,43,2,2,2,1
2003-03,Official Corruption,all,58,134,39,89,87,1,1,0,0
2003-04,Official Corruption,all,48,91,44,73,70,1,2,0,0
2003-05,Official Corruption,all,50,86,43,55,53,1,1,0,0
2003-06,Official Corruption,all,37,74,28,35,29,1,4,1,0
2003-07,Official Corruption,all,39,82,53,73,60,0,2,1,10
2003-08,Official Corruption,all,39,74,39,69,69,0,0,0,0
2003-09,Official Corruption,all,41,93,43,76,74,0,2,0,0
2003-10,Official Corruption,all,34,57,32,49,45,2,0,0,2
2003-11,Official Corruption,all,35,54,35,63,59,0,4,0,0
2003-12,Official Corruption,all,40,69,36,61,60,1,0,0,0
2004-01,Official Corruption,all,47,80,35,67,65,0,0,0,2
2004-02,Official Corruption,all,43,109,43,64,61,0,2,1,0
2004-03,Official Corruption,all,62,95,43,73,64,2,2,0,5
2004-04,Official Corruption,all,52,71,39,51,48,0,2,1,0
2004-05,Official Corruption,all,45,75,35,55,49,3,3,0,0
2004-06,Official Corruption,all,47,107,32,65,65,0,0,0,0
2004-07,Official Corruption,all,45,78,39,44,44,0,0,0,0
2004-08,Official Corruption,all,44,79,35,73,70,0,3,0,0
2004-09,Official Corruption,all,45,64,35,48,47,1,0,0,0
2004-10,Official Corruption,all,41,66,36,50,46,1,3,0,0
2004-11,Official Corruption,all,29,56,37,55,55,0,0,0,0
2004-12,Official Corruption,all,28,42,29,42,38,1,2,1,0
2005-01,Official Corruption,all,40,71,54,84,78,3,3,0,0
2005-02,Official Corruption,all,34,73,44,102,100,0,0,2,0
2005-03,Official Corruption,all,41,54,58,109,105,2,2,0,0
2005-04,Official Corruption,all,25,32,35,72,68,0,4,0,0
2005-05,Official Corruption,all,34,51,34,70,69,0,1,0,0
2005-06,Official Corruption,all,37,52,51,76,74,0,2,0,0
2005-07,Official Corruption,all,48,107,33,51,44,0,7,0,0
2005-08,Official Corruption,all,49,84,38,60,57,1,2,0,0
2005-09,Official Corruption,all,49,84,35,85,80,3,2,0,0
2005-10,Official Corruption,all,34,55,39,64,63,1,0,0,0
2005-11,Official Corruption,all,32,65,34,65,64,1,0,0,0
2005-12,Official Corruption,all,35,78,41,93,91,0,2,0,0
2006-01,Official Corruption,all,44,78,50,84,82,0,2,0,0
2006-02,Official Corruption,all,48,76,41,62,59,0,3,0,0
2006-03,Official Corruption,all,48,72,40,106,103,0,3,0,0
2006-04,Official Corruption,all,39,74,27,34,33,0,1,0,0
2006-05,Official Corruption,all,33,75,44,64,61,1,2,0,0
2006-06,Official Corruption,all,51,107,39,70,68,0,1,1,0
2006-07,Official Corruption,all,40,77,47,55,52,0,3,0,0
2006-08,Official Corruption,all,49,72,43,69,65,0,4,0,0
2006-09,Official Corruption,all,38,56,43,88,79,1,8,0,0
2006-10,Official Corruption,all,48,104,60,94,91,3,0,0,0
2006-11,Official Corruption,all,28,44,30,47,44,2,1,0,0
2006-12,Official Corruption,all,22,34,34,51,49,0,0,2,0
2007-01,Official Corruption,all,37,48,46,92,91,0,0,0,1
2007-02,Official Corruption,all,35,47,36,52,51,0,1,0,0
2007-03,Official Corruption,all,49,83,38,73,66,5,2,0,0
2007-04,Official Corruption,all,37,77,36,74,72,0,2,0,0
2007-05,Official Corruption,all,53,105,48,84,70,0,14,0,0
2007-06,Official Corruption,all,33,52,34,64,62,1,1,0,0
2007-07,Official Corruption,all,37,60,30,46,39,1,6,0,0
2007-08,Official Corruption,all,38,53,39,64,62,0,2,0,0
2007-09,Official Corruption,all,38,71,49,89,86,1,2,0,0
2007-10,Official Corruption,all,51,99,38,57,57,0,0,0,0
2007-11,Official Corruption,all,42,56,41,79,76,3,0,0,0
2007-12,Official Corruption,all,35,63,35,52,50,1,1,0,0
2008-01,Official Corruption,all,54,86,48,77,73,1,2,1,0
2008-02,Official Corruption,all,51,104,50,125,113,0,12,0,0
2008-03,Official Corruption,all,38,47,33,55,54,0,0,0,1
2008-04,Official Corruption,all,46,90,40,53,48,2,3,0,0
2008-05,Official Corruption,all,40,59,39,56,52,3,1,0,0
2008-06,Official Corruption,all,49,74,25,43,37,0,6,0,0
2008-07,Official Corruption,all,50,97,38,55,50,3,2,0,0
2008-08,Official Corruption,all,42,61,48,140,136,1,3,0,0
2008-09,Official Corruption,all,52,75,49,99,96,2,1,0,0
2008-10,Official Corruption,all,40,132,55,99,95,2,2,0,0
2008-11,Official Corruption,all,39,71,31,53,48,4,1,0,0
2008-12,Official Corruption,all,31,43,59,88,84,0,3,1,0
2009-01,Official Corruption,all,39,60,45,71,65,0,5,1,0
2009-02,Official Corruption,all,37,47,35,44,44,0,0,0,0
2009-03,Official Corruption,all,48,95,55,75,71,0,4,0,0
2009-04,Official Corruption,all,33,74,42,61,58,1,2,0,0
2009-05,Official Corruption,all,45,68,41,69,65,1,3,0,0
2009-06,Official Corruption,all,36,148,49,144,137,4,2,0,1
2009-07,Official Corruption,all,60,91,56,75,71,0,4,0,0
2009-08,Official Corruption,all,48,67,31,41,40,0,1,0,0
2009-09,Official Corruption,all,52,72,57,88,83,2,2,0,1
2009-10,Official Corruption,all,60,112,48,75,73,0,2,0,0
2009-11,Official Corruption,all,41,50,43,59,53,2,1,0,3
2009-12,Official Corruption,all,57,76,32,56,54,0,2,0,0
2010-01,Official Corruption,all,57,93,46,88,83,1,4,0,0
2010-02,Official Corruption,all,49,81,42,65,62,1,1,0,1
2010-03,Official Corruption,all,31,47,51,96,91,5,0,0,0
2010-04,Official Corruption,all,66,132,52,83,75,2,4,1,1
2010-05,Official Corruption,all,48,114,33,52,40,1,1,0,10
2010-06,Official Corruption,all,49,71,63,97,91,3,3,0,0
2010-07,Official Corruption,all,44,67,46,66,61,0,5,0,0
2010-08,Official Corruption,all,25,35,54,92,90,1,1,0,0
2010-09,Official Corruption,all,61,94,54,87,84,0,3,0,0
2010-10,Official Corruption,all,42,86,33,56,52,2,2,0,0
2010-11,Official Corruption,all,31,41,49,79,75,2,2,0,0
2010-12,Official Corruption,all,37,55,45,65,55,3,3,1,3
2011-01,Official Corruption,all,34,60,47,73,72,0,1,0,0
2011-02,Official Corruption,all,39,88,34,51,51,0,0,0,0
2011-03,Official Corruption,all,56,109,36,71,68,2,1,0,0
2011-04,Official Corruption,all,50,79,45,78,78,0,0,0,0
2011-05,Official Corruption,all,50,69,29,51,48,0,2,1,0
2011-06,Official Corruption,all,58,114,52,95,94,0,1,0,0
2011-07,Official Corruption,all,39,52,23,33,30,0,1,0,2
2011-08,Official Corruption,all,36,50,40,62,60,1,1,0,0
2011-09,Official Corruption,all,51,94,50,84,83,0,1,0,0
2011-10,Official Corruption,all,49,76,54,71,66,1,4,0,0
2011-11,Official Corruption,all,37,47,51,70,65,0,4,1,0
2011-12,Official Corruption,all,46,69,40,66,65,0,1,0,0
2012-01,Official Corruption,all,48,76,53,85,82,0,3,0,0
2012-02,Official Corruption,all,42,72,42,49,43,0,6,0,0
2012-03,Official Corruption,all,52,90,50,123,92,26,3,0,2
2012-04,Official Corruption,all,48,106,56,88,70,0,7,0,11
2012-05,Official Corruption,all,50,83,51,119,118,0,1,0,0
2012-06,Official Corruption,all,41,64,47,63,61,1,1,0,0
2012-07,Official Corruption,all,46,72,29,39,33,1,3,0,2
2012-08,Official Corruption,all,38,65,53,95,91,3,1,0,0
2012-09,Official Corruption,all,44,61,40,95,92,1,2,0,0
2012-10,Official Corruption,all,54,95,51,73,67,0,6,0,0
2012-11,Official Corruption,all,32,45,42,71,71,0,0,0,0
2012-12,Official Corruption,all,30,49,39,74,73,0,1,0,0
2013-01,Official Corruption,all,39,67,51,80,76,2,0,1,1
2013-02,Official Corruption,all,40,87,32,49,44,3,0,2,0
2013-03,Official Corruption,all,58,93,48,82,79,0,3,0,0
2013-04,Official Corruption,all,49,73,38,66,64,0,2,0,0
2013-05,Official Corruption,all,43,65,42,78,73,0,4,1,0
2013-06,Official Corruption,all,35,63,42,66,65,0,1,0,0
2013-07,Official Corruption,all,37,48,37,51,47,0,4,0,0
2013-08,Official Corruption,all,32,59,37,53,45,1,7,0,0
2013-09,Official Corruption,all,42,64,42,65,60,1,4,0,0
2013-10,Official Corruption,all,48,83,43,78,78,0,0,0,0
2013-11,Official Corruption,all,33,49,42,60,57,1,2,0,0
2013-12,Official Corruption,all,30,54,45,59,53,2,4,0,0
2014-01,Official Corruption,all,29,52,48,76,71,1,4,0,0
2014-02,Official Corruption,all,33,70,43,82,77,0,5,0,0
2014-03,Official Corruption,all,46,75,35,43,41,0,2,0,0
2014-04,Official Corruption,all,48,58,43,93,92,0,1,0,0
2014-05,Official Corruption,all,42,73,32,50,47,0,3,0,0
2014-06,Official Corruption,all,44,71,53,74,70,1,3,0,0
2014-07,Official Corruption,all,28,53,40,71,68,1,1,0,1
2014-08,Official Corruption,all,41,85,41,63,58,1,4,0,0
2014-09,Official Corruption,all,44,70,40,68,67,0,1,0,0
2014-10,Official Corruption,all,46,116,39,99,97,2,0,0,0
2014-11,Official Corruption,all,27,41,31,69,68,0,1,0,0
2014-12,Official Corruption,all,32,50,48,99,95,1,3,0,0
2015-01,Official Corruption,all,23,30,43,90,87,0,3,0,0
2015-02,Official Corruption,all,36,71,33,57,53,3,1,0,0
2015-03,Official Corruption,all,46,68,48,81,73,0,8,0,0
2015-04,Official Corruption,all,40,90,52,85,84,0,1,0,0
2015-05,Official Corruption,all,36,55,23,31,30,0,1,0,0
2015-06,Official Corruption,all,31,44,34,45,42,0,3,0,0
2015-07,Official Corruption,all,36,72,46,77,76,0,1,0,0
2015-08,Official Corruption,all,30,45,37,54,51,0,3,0,0
2015-09,Official Corruption,all,55,99,43,90,89,0,1,0,0
2015-10,Official Corruption,all,44,67,40,96,89,1,6,0,0
2015-11,Official Corruption,all,30,55,46,80,77,0,3,0,0
2015-12,Official Corruption,all,34,62,36,52,51,0,1,0,0
2016-01,Official Corruption,all,41,128,30,50,49,0,1,0,0
2016-02,Official Corruption,all,36,71,46,67,64,0,3,0,0
2016-03,Official Corruption,all,40,76,46,69,64,2,2,1,0
2016-04,Official Corruption,all,59,88,46,82,77,4,1,0,0
2016-05,Official Corruption,all,36,59,43,90,63,24,2,0,1
2016-06,Official Corruption,all,35,56,36,64,62,0,1,1,0
2016-07,Official Corruption,all,32,73,40,66,63,1,2,0,0
2016-08,Official Corruption,all,37,57,37,80,78,0,2,0,0
2016-09,Official Corruption,all,42,178,39,69,62,1,6,0,0
2016-10,Official Corruption,all,27,50,41,57,57,0,0,0,0
2016-11,Official Corruption,all,34,72,40,59,55,0,3,0,1
2016-12,Official Corruption,all,26,53,36,82,80,2,0,0,0
2017-01,Official Corruption,all,32,58,32,45,43,0,2,0,0
2017-02,Official Corruption,all,26,32,40,67,67,0,0,0,0
2017-03,Official Corruption,all,44,70,43,77,71,1,2,0,3
2017-04,Official Corruption,all,40,63,36,57,55,0,1,0,1
2017-05,Official Corruption,all,46,74,40,106,102,4,0,0,0
2017-06,Official Corruption,all,42,95,36,59,55,0,0,0,4
2017-07,Official Corruption,all,30,56,40,57,57,0,0,0,0
2017-08,Official Corruption,all,25,49,23,30,25,2,3,0,0
2017-09,Official Corruption,all,28,40,27,46,42,2,2,0,0
2017-10,Official Corruption,all,33,64,35,66,66,0,0,0,0
2017-11,Official Corruption,all,32,60,37,58,58,0,0,0,0
2017-12,Official Corruption,all,22,74,20,47,45,1,1,0,0
2018-01,Official Corruption,all,25,44,26,45,39,1,3,0,2
2018-02,Official Corruption,all,32,51,30,74,68,0,6,0,0
2018-03,Official Corruption,all,32,70,40,78,75,1,1,0,1
2018-04,Official Corruption,all,43,66,29,48,46,0,1,0,1
2018-05,Official Corruption,all,31,48,34,55,48,0,1,0,6
2018-06,Official Corruption,all,27,38,31,52,44,4,4,0,0
2018-07,Official Corruption,all,22,43,26,43,39,1,3,0,0
2018-08,Official Corruption,all,31,71,32,78,69,5,4,0,0
2018-09,Official Corruption,all,50,117,33,71,68,1,0,1,1
2018-10,Official Corruption,all,38,59,35,62,58,0,3,0,1
2018-11,Official Corruption,all,30,47,25,64,62,0,1,0,1
2018-12,Official Corruption,all,25,43,23,45,44,0,1,0,0
2019-01,Official Corruption,all,36,54,25,37,36,1,0,0,0
2019-02,Official Corruption,all,45,68,35,64,56,0,0,0,8
2019-03,Official Corruption,all,32,83,38,107,105,1,1,0,0
2019-04,Official Corruption,all,33,45,44,84,77,1,5,0,1
2019-05,Official Corruption,all,42,66,37,62,60,0,1,0,1
2019-06,Official Corruption,all,26,41,29,44,42,1,0,0,1
2019-07,Official Corruption,all,35,60,33,51,51,0,0,0,0
2019-08,Official Corruption,all,30,48,28,52,52,0,0,0,0
2019-09,Official Corruption,all,31,38,44,84,75,0,6,0,3
2019-10,Official Corruption,all,34,64,35,48,43,0,1,4,0
2019-11,Official Corruption,all,41,62,32,55,53,0,1,0,1
2019-12,Official Corruption,all,17,28,24,40,38,0,2,0,0
2020-01,Official Corruption,all,26,47,35,89,89,0,0,0,0
2020-02,Official Corruption,all,30,64,20,79,77,2,0,0,0
2020-03,Official Corruption,all,20,32,13,64,62,0,0,2,0
2020-04,Official Corruption,all,10,19,5,8,6,0,2,0,0
2020-05,Official Corruption,all,9,19,8,17,17,0,0,0,0
2020-06,Official Corruption,all,28,45,19,37,33,0,4,0,0
2020-07,Official Corruption,all,26,52,17,29,26,0,3,0,0
2020-08,Official Corruption,all,41,84,34,59,48,10,1,0,0
2020-09,Official Corruption,all,32,47,21,36,36,0,0,0,0
2020-10,Official Corruption,all,33,61,22,31,29,0,2,0,0
2020-11,Official Corruption,all,43,104,30,43,41,0,2,0,0
2020-12,Official Corruption,all,28,41,21,33,31,0,1,0,1
2021-01,Official Corruption,all,28,49,19,32,31,0,1,0,0
2021-02,Official Corruption,all,32,64,24,26,22,0,4,0,0
2021-03,Official Corruption,all,36,52,27,36,35,0,1,0,0
2021-04,Official Corruption,all,29,41,31,42,34,2,6,0,0
2021-05,Official Corruption,all,47,64,36,62,60,0,2,0,0
2021-06,Official Corruption,all,31,49,25,48,46,0,2,0,0
2021-07,Official Corruption,all,24,46,22,77,77,0,0,0,0
2021-08,Official Corruption,all,30,49,39,59,57,0,2,0,0
2021-09,Official Corruption,all,28,49,23,28,24,1,2,0,1
2021-10,Official Corruption,all,40,70,18,32,30,0,2,0,0
2021-11,Official Corruption,all,44,94,27,45,39,1,5,0,0
2021-12,Official Corruption,all,25,44,30,51,47,2,2,0,0
2022-01,Official Corruption,all,17,27,24,40,38,0,2,0,0
2022-02,Official Corruption,all,26,59,21,29,29,0,0,0,0
2022-03,Official Corruption,all,35,66,34,57,51,0,6,0,0
2022-04,Official Corruption,all,35,53,30,53,49,1,2,1,0
2022-05,Official Corruption,all,31,52,29,46,44,0,1,1,0
2022-06,Official Corruption,all,31,47,30,70,68,0,2,0,0
2022-07,Official Corruption,all,26,47,28,43,41,0,2,0,0
2022-08,Official Corruption,all,22,32,24,55,51,0,4,0,0
2022-09,Official Corruption,all,32,62,41,54,54,0,0,0,0
2022-10,Official Corruption,all,25,125,37,65,62,2,1,0,0
2022-11,Official Corruption,all,19,31,28,45,40,0,5,0,0
2022-12,Official Corruption,all,25,36,27,55,54,0,1,0,0
2023-01,Official Corruption,all,24,35,30,64,59,1,3,0,1
2023-02,Official Corruption,all,28,79,35,145,142,0,2,0,1
2023-03,Official Corruption,all,27,32,27,40,39,0,1,0,0
2023-04,Official Corruption,all,22,43,30,54,53,0,1,0,0
2023-05,Official Corruption,all,24,34,38,63,55,3,5,0,0
2023-06,Official Corruption,all,20,26,22,52,50,0,2,0,0
2023-07,Official Corruption,all,10,12,18,37,27,0,6,0,4
2023-08,Official Corruption,all,23,55,34,50,47,0,2,0,1
2023-09,Official Corruption,all,17,24,24,40,37,0,2,1,0
2023-10,Official Corruption,all,25,44,28,38,37,0,0,0,1
2023-11,Official Corruption,all,26,46,25,47,47,0,0,0,0
2023-12,Official Corruption,all,18,28,24,41,38,0,3,0,0
2024-01,Official Corruption,all,16,34,26,34,31,1,2,0,0
2024-02,Official Corruption,all,19,32,20,35,35,0,0,0,0
2024-03,Official Corruption,all,24,30,18,37,37,0,0,0,0
2024-04,Official Corruption,all,44,68,34,76,74,2,0,0,0
2024-05,Official Corruption,all,41,55,44,94,94,0,0,0,0
2024-06,Official Corruption,all,26,32,17,21,21,0,0,0,0
2024-07,Official Corruption,all,21,27,27,44,40,0,3,0,1
2024-08,Official Corruption,all,22,30,22,37,36,0,1,0,0
2024-09,Official Corruption,all,31,50,26,40,28,8,4,0,0
2024-10,Official Corruption,all,24,37,31,49,46,0,3,0,0
2024-11,Official Corruption,all,18,43,24,33,30,1,2,0,0
2024-12,Official Corruption,all,23,32,21,39,35,0,4,0,0
2025-01,Official Corruption,all,30,40,30,42,40,0,2,0,0
2025-02,Official Corruption,all,25,37,29,71,70,0,1,0,0
2025-03,Official Corruption,all,24,38,23,58,56,0,2,0,0
2025-04,Official Corruption,all,30,52,25,54,41,0,13,0,0
2025-05,Official Corruption,all,23,35,26,46,45,0,1,0,0
2025-06,Official Corruption,all,26,44,25,44,42,0,2,0,0
2025-07,Official Corruption,all,21,37,26,37,36,0,1,0,0
2025-08,Official Corruption,all,15,36,21,26,22,0,3,0,1
2025-09,Official Corruption,all,21,32,28,45,41,1,3,0,0
2025-10,Official Corruption,all,27,65,19,32,31,0,1,0,0
2025-11,Official Corruption,all,24,33,14,24,23,1,0,0,0
2025-12,Official Corruption,all,20,63,15,22,16,3,3,0,0
2026-01,Official Corruption,all,16,25,17,34,27,0,7,0,0
2026-02,Official Corruption,all,17,26,14,24,24,0,0,0,0
2026-03,Official Corruption,all,31,50,10,19,16,1,2,0,0
2026-04,Official Corruption,all,15,54,11,49,47,1,0,0,1
2026-05,Official Corruption,all,17,32,9,17,14,0,3,0,0
2026-06,Official Corruption,all,15,23,4,6,4,0,2,0,0
1994-10,Official Corruption,primary,36,56,33,41,36,3,2,0,0
1994-11,Official Corruption,primary,35,50,21,29,27,0,1,1,0
1994-12,Official Corruption,primary,39,59,28,37,31,1,5,0,0
1995-01,Official Corruption,primary,44,67,40,56,49,0,7,0,0
1995-02,Official Corruption,primary,35,52,47,79,67,7,5,0,0
1995-03,Official Corruption,primary,61,84,37,58,47,7,3,1,0
1995-04,Official Corruption,primary,36,50,37,65,50,2,13,0,0
1995-05,Official Corruption,primary,44,61,49,80,63,6,6,2,3
1995-06,Official Corruption,primary,49,68,29,47,45,1,1,0,0
1995-07,Official Corruption,primary,33,72,32,61,42,1,16,0,2
1995-08,Official Corruption,primary,35,57,37,71,64,0,3,0,4
1995-09,Official Corruption,primary,45,56,44,70,65,3,2,0,0
1995-10,Official Corruption,primary,31,45,37,63,53,1,4,2,3
1995-11,Official Corruption,primary,43,58,33,47,44,1,2,0,0
1995-12,Official Corruption,primary,50,91,50,56,51,1,3,0,1
1996-01,Official Corruption,primary,32,52,48,63,54,2,7,0,0
1996-02,Official Corruption,primary,44,65,32,56,47,3,6,0,0
1996-03,Official Corruption,primary,58,118,29,38,31,3,2,2,0
1996-04,Official Corruption,primary,52,81,49,73,67,0,5,0,1
1996-05,Official Corruption,primary,40,84,48,86,80,1,5,0,0
1996-06,Official Corruption,primary,40,61,45,84,60,19,4,1,0
1996-07,Official Corruption,primary,38,49,38,54,46,0,8,0,0
1996-08,Official Corruption,primary,38,67,33,40,35,1,3,0,1
1996-09,Official Corruption,primary,49,80,38,48,47,0,0,1,0
1996-10,Official Corruption,primary,47,79,39,61,58,0,3,0,0
1996-11,Official Corruption,primary,48,85,46,73,61,2,6,0,4
1996-12,Official Corruption,primary,29,51,36,57,44,11,2,0,0
1997-01,Official Corruption,primary,39,50,50,63,57,0,5,1,0
1997-02,Official Corruption,primary,36,56,36,53,49,0,4,0,0
1997-03,Official Corruption,primary,30,41,43,66,57,1,7,1,0
1997-04,Official Corruption,primary,48,88,36,44,40,0,3,1,0
1997-05,Official Corruption,primary,33,40,39,65,62,1,1,0,1
1997-06,Official Corruption,primary,52,86,27,54,51,0,3,0,0
1997-07,Official Corruption,primary,35,55,20,30,25,1,3,0,1
1997-08,Official Corruption,primary,32,43,18,26,25,0,0,1,0
1997-09,Official Corruption,primary,71,128,30,54,35,0,2,2,15
1997-10,Official Corruption,primary,36,50,51,107,94,5,8,0,0
1997-11,Official Corruption,primary,32,49,31,49,48,0,1,0,0
1997-12,Official Corruption,primary,41,58,34,53,49,1,2,0,1
1998-01,Official Corruption,primary,51,91,45,79,74,0,5,0,0
1998-02,Official Corruption,primary,34,97,45,74,62,5,5,0,2
1998-03,Official Corruption,primary,58,138,43,54,43,3,5,2,1
1998-04,Official Corruption,primary,60,87,41,67,64,2,1,0,0
1998-05,Official Corruption,primary,39,70,43,62,58,1,3,0,0
1998-06,Official Corruption,primary,39,43,34,45,39,2,4,0,0
1998-07,Official Corruption,primary,44,63,37,60,58,0,2,0,0
1998-08,Official Corruption,primary,44,88,42,115,112,0,3,0,0
1998-09,Official Corruption,primary,40,68,46,70,60,0,8,0,2
1998-10,Official Corruption,primary,57,100,38,63,58,1,4,0,0
1998-11,Official Corruption,primary,34,71,37,49,43,2,3,0,1
1998-12,Official Corruption,primary,39,62,44,54,47,2,5,0,0
1999-01,Official Corruption,primary,36,47,40,85,80,4,1,0,0
1999-02,Official Corruption,primary,23,38,35,46,46,0,0,0,0
1999-03,Official Corruption,primary,49,78,45,54,46,1,4,3,0
1999-04,Official Corruption,primary,51,93,35,59,54,0,5,0,0
1999-05,Official Corruption,primary,38,57,39,52,49,2,1,0,0
1999-06,Official Corruption,primary,54,75,42,63,56,3,3,1,0
1999-07,Official Corruption,primary,43,68,56,112,104,0,2,1,5
1999-08,Official Corruption,primary,41,45,41,85,80,1,1,3,0
1999-09,Official Corruption,primary,53,89,37,58,56,0,1,1,0
1999-10,Official Corruption,primary,61,86,40,59,51,1,2,4,1
1999-11,Official Corruption,primary,41,56,36,63,59,2,0,2,0
1999-12,Official Corruption,primary,46,69,51,77,74,0,1,0,2
2000-01,Official Corruption,primary,30,36,55,70,64,0,5,1,0
2000-02,Official Corruption,primary,32,56,50,66,53,3,7,0,3
2000-03,Official Corruption,primary,49,62,43,63,60,0,2,0,1
2000-04,Official Corruption,primary,38,63,50,102,99,2,1,0,0
2000-05,Official Corruption,primary,40,53,49,59,57,1,1,0,0
2000-06,Official Corruption,primary,47,78,37,67,64,0,3,0,0
2000-07,Official Corruption,primary,41,62,32,42,40,1,1,0,0
2000-08,Official Corruption,primary,23,64,32,55,52,0,1,0,2
2000-09,Official Corruption,primary,46,63,45,76,75,0,1,0,0
2000-10,Official Corruption,primary,45,67,59,105,100,0,4,1,0
2000-11,Official Corruption,primary,44,58,41,65,48,6,9,2,0
2000-12,Official Corruption,primary,35,63,41,56,54,0,1,0,1
2001-01,Official Corruption,primary,25,42,46,64,58,1,4,1,0
2001-02,Official Corruption,primary,42,47,51,71,69,0,1,1,0
2001-03,Official Corruption,primary,32,47,46,73,71,1,1,0,0
2001-04,Official Corruption,primary,39,61,37,55,55,0,0,0,0
2001-05,Official Corruption,primary,63,99,35,52,43,2,5,0,2
2001-06,Official Corruption,primary,36,44,35,40,39,0,1,0,0
2001-07,Official Corruption,primary,19,22,37,50,48,0,2,0,0
2001-08,Official Corruption,primary,42,86,32,47,43,0,4,0,0
2001-09,Official Corruption,primary,29,45,44,73,71,0,2,0,0
2001-10,Official Corruption,primary,43,66,39,71,68,2,1,0,0
2001-11,Official Corruption,primary,38,61,33,57,50,0,7,0,0
2001-12,Official Corruption,primary,32,43,27,40,36,2,2,0,0
2002-01,Official Corruption,primary,47,88,46,59,59,0,0,0,0
2002-02,Official Corruption,primary,32,66,32,61,58,1,2,0,0
2002-03,Official Corruption,primary,39,58,31,46,41,1,4,0,0
2002-04,Official Corruption,primary,40,62,42,65,62,0,1,2,0
2002-05,Official Corruption,primary,39,62,34,47,43,1,1,1,1
2002-06,Official Corruption,primary,35,63,30,40,37,1,2,0,0
2002-07,Official Corruption,primary,68,97,36,47,44,0,2,1,0
2002-08,Official Corruption,primary,29,53,32,41,38,0,2,1,0
2002-09,Official Corruption,primary,38,44,53,74,73,0,1,0,0
2002-10,Official Corruption,primary,48,76,45,67,61,0,3,0,3
2002-11,Official Corruption,primary,40,45,42,70,62,1,6,1,0
2002-12,Official Corruption,primary,30,50,28,37,35,0,2,0,0
2003-01,Official Corruption,primary,29,54,44,61,61,0,0,0,0
2003-02,Official Corruption,primary,32,40,32,46,39,2,2,2,1
2003-03,Official Corruption,primary,57,133,34,84,83,1,0,0,0
2003-04,Official Corruption,primary,45,88,40,69,67,1,1,0,0
2003-05,Official Corruption,primary,48,84,40,52,50,1,1,0,0
2003-06,Official Corruption,primary,29,39,24,31,28,1,1,1,0
2003-07,Official Corruption,primary,38,81,49,69,56,0,2,1,10
2003-08,Official Corruption,primary,38,72,38,68,68,0,0,0,0
2003-09,Official Corruption,primary,36,88,42,75,73,0,2,0,0
2003-10,Official Corruption,primary,33,48,30,47,43,2,0,0,2
2003-11,Official Corruption,primary,33,52,34,62,58,0,4,0,0
2003-12,Official Corruption,primary,35,47,34,59,58,1,0,0,0
2004-01,Official Corruption,primary,26,34,34,66,64,0,0,0,2
2004-02,Official Corruption,primary,42,106,37,51,48,0,2,1,0
2004-03,Official Corruption,primary,61,94,41,71,62,2,2,0,5
2004-04,Official Corruption,primary,51,70,35,46,44,0,2,0,0
2004-05,Official Corruption,primary,44,74,32,47,41,3,3,0,0
2004-06,Official Corruption,primary,46,106,30,59,59,0,0,0,0
2004-07,Official Corruption,primary,44,73,37,42,42,0,0,0,0
2004-08,Official Corruption,primary,40,66,27,37,34,0,3,0,0
2004-09,Official Corruption,primary,33,48,33,45,44,1,0,0,0
2004-10,Official Corruption,primary,38,62,32,45,41,1,3,0,0
2004-11,Official Corruption,primary,29,56,35,52,52,0,0,0,0
2004-12,Official Corruption,primary,28,42,27,36,32,1,2,1,0
2005-01,Official Corruption,primary,38,69,52,81,75,3,3,0,0
2005-02,Official Corruption,primary,30,68,43,100,98,0,0,2,0
2005-03,Official Corruption,primary,38,51,51,78,74,2,2,0,0
2005-04,Official Corruption,primary,23,28,35,72,68,0,4,0,0
2005-05,Official Corruption,primary,33,50,30,48,47,0,1,0,0
2005-06,Official Corruption,primary,36,51,46,71,70,0,1,0,0
2005-07,Official Corruption,primary,41,70,31,48,41,0,7,0,0
2005-08,Official Corruption,primary,46,81,36,55,52,1,2,0,0
2005-09,Official Corruption,primary,49,84,35,85,80,3,2,0,0
2005-10,Official Corruption,primary,31,50,37,62,61,1,0,0,0
2005-11,Official Corruption,primary,31,58,33,64,63,1,0,0,0
2005-12,Official Corruption,primary,34,75,37,58,56,0,2,0,0
2006-01,Official Corruption,primary,40,71,47,80,78,0,2,0,0
2006-02,Official Corruption,primary,48,76,38,59,58,0,1,0,0
2006-03,Official Corruption,primary,45,69,38,100,97,0,3,0,0
2006-04,Official Corruption,primary,39,74,26,33,32,0,1,0,0
2006-05,Official Corruption,primary,33,75,41,59,56,1,2,0,0
2006-06,Official Corruption,primary,49,103,37,68,66,0,1,1,0
2006-07,Official Corruption,primary,36,72,45,53,50,0,3,0,0
2006-08,Official Corruption,primary,47,70,41,59,55,0,4,0,0
2006-09,Official Corruption,primary,36,54,40,81,72,1,8,0,0
2006-10,Official Corruption,primary,44,99,57,86,83,3,0,0,0
2006-11,Official Corruption,primary,27,43,30,47,44,2,1,0,0
2006-12,Official Corruption,primary,21,33,33,50,48,0,0,2,0
2007-01,Official Corruption,primary,34,45,45,91,90,0,0,0,1
2007-02,Official Corruption,primary,33,45,34,48,47,0,1,0,0
2007-03,Official Corruption,primary,44,78,36,70,65,3,2,0,0
2007-04,Official Corruption,primary,37,77,34,71,69,0,2,0,0
2007-05,Official Corruption,primary,52,104,43,79,66,0,13,0,0
2007-06,Official Corruption,primary,30,49,31,61,60,0,1,0,0
2007-07,Official Corruption,primary,37,60,28,44,37,1,6,0,0
2007-08,Official Corruption,primary,37,52,38,63,62,0,1,0,0
2007-09,Official Corruption,primary,34,67,48,87,84,1,2,0,0
2007-10,Official Corruption,primary,47,93,38,57,57,0,0,0,0
2007-11,Official Corruption,primary,39,53,38,76,73,3,0,0,0
2007-12,Official Corruption,primary,34,62,33,50,48,1,1,0,0
2008-01,Official Corruption,primary,53,85,42,71,69,1,1,0,0
2008-02,Official Corruption,primary,50,103,44,117,105,0,12,0,0
2008-03,Official Corruption,primary,37,46,31,53,52,0,0,0,1
2008-04,Official Corruption,primary,45,86,37,50,45,2,3,0,0
2008-05,Official Corruption,primary,38,57,36,51,47,3,1,0,0
2008-06,Official Corruption,primary,47,71,24,42,36,0,6,0,0
2008-07,Official Corruption,primary,42,76,37,54,50,3,1,0,0
2008-08,Official Corruption,primary,42,61,43,132,128,1,3,0,0
2008-09,Official Corruption,primary,48,67,47,97,94,2,1,0,0
2008-10,Official Corruption,primary,40,132,53,97,93,2,2,0,0
2008-11,Official Corruption,primary,36,62,31,53,48,4,1,0,0
2008-12,Official Corruption,primary,29,41,54,71,67,0,3,1,0
2009-01,Official Corruption,primary,37,57,43,69,64,0,4,1,0
2009-02,Official Corruption,primary,30,38,34,43,43,0,0,0,0
2009-03,Official Corruption,primary,45,92,52,72,68,0,4,0,0
2009-04,Official Corruption,primary,31,71,39,58,55,1,2,0,0
2009-05,Official Corruption,primary,42,63,38,66,62,1,3,0,0
2009-06,Official Corruption,primary,35,125,45,134,127,4,2,0,1
2009-07,Official Corruption,primary,56,84,52,68,65,0,3,0,0
2009-08,Official Corruption,primary,46,64,25,31,31,0,0,0,0
2009-09,Official Corruption,primary,49,68,54,84,79,2,2,0,1
2009-10,Official Corruption,primary,56,108,47,74,72,0,2,0,0
2009-11,Official Corruption,primary,39,48,39,53,47,2,1,0,3
2009-12,Official Corruption,primary,54,72,29,52,50,0,2,0,0
2010-01,Official Corruption,primary,49,84,44,85,80,1,4,0,0
2010-02,Official Corruption,primary,46,77,39,61,58,1,1,0,1
2010-03,Official Corruption,primary,27,43,47,91,86,5,0,0,0
2010-04,Official Corruption,primary,60,123,50,80,74,0,4,1,1
2010-05,Official Corruption,primary,46,98,31,49,37,1,1,0,10
2010-06,Official Corruption,primary,45,67,61,95,89,3,3,0,0
2010-07,Official Corruption,primary,41,63,42,61,57,0,4,0,0
2010-08,Official Corruption,primary,24,34,47,84,83,1,0,0,0
2010-09,Official Corruption,primary,57,86,51,81,78,0,3,0,0
2010-10,Official Corruption,primary,39,70,29,46,42,2,2,0,0
2010-11,Official Corruption,primary,25,31,48,76,72,2,2,0,0
2010-12,Official Corruption,primary,33,46,45,65,55,3,3,1,3
2011-01,Official Corruption,primary,32,58,46,72,71,0,1,0,0
2011-02,Official Corruption,primary,37,81,30,47,47,0,0,0,0
2011-03,Official Corruption,primary,51,101,30,49,46,2,1,0,0
2011-04,Official Corruption,primary,45,68,41,74,74,0,0,0,0
2011-05,Official Corruption,primary,46,62,26,46,43,0,2,1,0
2011-06,Official Corruption,primary,57,113,45,83,82,0,1,0,0
2011-07,Official Corruption,primary,37,49,22,32,29,0,1,0,2
2011-08,Official Corruption,primary,35,49,39,59,57,1,1,0,0
2011-09,Official Corruption,primary,48,75,48,82,81,0,1,0,0
2011-10,Official Corruption,primary,43,64,53,70,65,1,4,0,0
2011-11,Official Corruption,primary,36,46,49,68,63,0,4,1,0
2011-12,Official Corruption,primary,42,55,38,64,63,0,1,0,0
2012-01,Official Corruption,primary,44,72,51,79,76,0,3,0,0
2012-02,Official Corruption,primary,39,68,40,46,40,0,6,0,0
2012-03,Official Corruption,primary,49,82,46,117,88,26,1,0,2
2012-04,Official Corruption,primary,42,95,55,87,69,0,7,0,11
2012-05,Official Corruption,primary,47,80,47,115,114,0,1,0,0
2012-06,Official Corruption,primary,39,61,40,52,50,1,1,0,0
2012-07,Official Corruption,primary,44,70,27,37,31,1,3,0,2
2012-08,Official Corruption,primary,36,62,48,86,82,3,1,0,0
2012-09,Official Corruption,primary,44,61,36,91,89,0,2,0,0
2012-10,Official Corruption,primary,48,89,48,69,63,0,6,0,0
2012-11,Official Corruption,primary,29,39,42,71,71,0,0,0,0
2012-12,Official Corruption,primary,30,49,39,74,73,0,1,0,0
2013-01,Official Corruption,primary,38,66,47,71,67,2,0,1,1
2013-02,Official Corruption,primary,36,82,31,48,43,3,0,2,0
2013-03,Official Corruption,primary,55,87,44,73,70,0,3,0,0
2013-04,Official Corruption,primary,43,65,33,51,49,0,2,0,0
2013-05,Official Corruption,primary,40,56,39,71,68,0,2,1,0
2013-06,Official Corruption,primary,34,62,38,59,58,0,1,0,0
2013-07,Official Corruption,primary,34,45,36,50,46,0,4,0,0
2013-08,Official Corruption,primary,29,56,33,49,41,1,7,0,0
2013-09,Official Corruption,primary,41,62,40,60,55,1,4,0,0
2013-10,Official Corruption,primary,43,72,41,75,75,0,0,0,0
2013-11,Official Corruption,primary,31,47,38,55,52,1,2,0,0
2013-12,Official Corruption,primary,26,48,40,49,43,2,4,0,0
2014-01,Official Corruption,primary,27,46,44,71,68,1,2,0,0
2014-02,Official Corruption,primary,31,54,41,58,54,0,4,0,0
2014-03,Official Corruption,primary,40,52,32,39,37,0,2,0,0
2014-04,Official Corruption,primary,44,52,37,84,83,0,1,0,0
2014-05,Official Corruption,primary,41,72,30,48,45,0,3,0,0
2014-06,Official Corruption,primary,38,63,49,69,65,1,3,0,0
2014-07,Official Corruption,primary,26,51,38,65,62,1,1,0,1
2014-08,Official Corruption,primary,39,83,37,56,51,1,4,0,0
2014-09,Official Corruption,primary,43,69,39,67,66,0,1,0,0
2014-10,Official Corruption,primary,42,70,36,96,94,2,0,0,0
2014-11,Official Corruption,primary,24,36,30,55,54,0,1,0,0
2014-12,Official Corruption,primary,30,48,47,98,94,1,3,0,0
2015-01,Official Corruption,primary,22,28,40,87,84,0,3,0,0
2015-02,Official Corruption,primary,30,65,29,51,48,2,1,0,0
2015-03,Official Corruption,primary,45,64,44,69,61,0,8,0,0
2015-04,Official Corruption,primary,39,83,49,78,77,0,1,0,0
2015-05,Official Corruption,primary,34,53,20,22,21,0,1,0,0
2015-06,Official Corruption,primary,27,38,28,38,35,0,3,0,0
2015-07,Official Corruption,primary,31,63,44,75,74,0,1,0,0
2015-08,Official Corruption,primary,28,43,37,54,51,0,3,0,0
2015-09,Official Corruption,primary,51,91,41,83,82,0,1,0,0
2015-10,Official Corruption,primary,39,51,36,68,61,1,6,0,0
2015-11,Official Corruption,primary,27,50,41,70,67,0,3,0,0
2015-12,Official Corruption,primary,33,61,34,50,49,0,1,0,0
2016-01,Official Corruption,primary,38,124,28,34,33,0,1,0,0
2016-02,Official Corruption,primary,28,58,41,56,53,0,3,0,0
2016-03,Official Corruption,primary,38,70,45,68,63,2,2,1,0
2016-04,Official Corruption,primary,54,79,42,78,73,4,1,0,0
2016-05,Official Corruption,primary,36,59,40,81,54,24,2,0,1
2016-06,Official Corruption,primary,34,55,32,58,57,0,0,1,0
2016-07,Official Corruption,primary,30,70,36,58,55,1,2,0,0
2016-08,Official Corruption,primary,33,53,35,78,76,0,2,0,0
2016-09,Official Corruption,primary,36,86,37,67,60,1,6,0,0
2016-10,Official Corruption,primary,20,41,37,52,52,0,0,0,0
2016-11,Official Corruption,primary,31,68,37,54,50,0,3,0,1
2016-12,Official Corruption,primary,24,49,34,58,56,2,0,0,0
2017-01,Official Corruption,primary,26,43,23,28,27,0,1,0,0
2017-02,Official Corruption,primary,24,30,37,64,64,0,0,0,0
2017-03,Official Corruption,primary,40,66,42,76,70,1,2,0,3
2017-04,Official Corruption,primary,36,58,33,43,41,0,1,0,1
2017-05,Official Corruption,primary,43,65,39,105,101,4,0,0,0
2017-06,Official Corruption,primary,39,85,32,51,51,0,0,0,0
2017-07,Official Corruption,primary,26,48,36,50,50,0,0,0,0
2017-08,Official Corruption,primary,24,48,20,26,22,2,2,0,0
2017-09,Official Corruption,primary,28,40,26,45,41,2,2,0,0
2017-10,Official Corruption,primary,28,59,31,57,57,0,0,0,0
2017-11,Official Corruption,primary,31,59,30,44,44,0,0,0,0
2017-12,Official Corruption,primary,17,54,19,46,44,1,1,0,0
2018-01,Official Corruption,primary,24,43,20,36,31,1,2,0,2
2018-02,Official Corruption,primary,30,47,28,66,60,0,6,0,0
2018-03,Official Corruption,primary,27,59,37,61,59,0,1,0,1
2018-04,Official Corruption,primary,42,65,27,46,45,0,0,0,1
2018-05,Official Corruption,primary,23,34,27,42,37,0,1,0,4
2018-06,Official Corruption,primary,25,35,28,48,40,4,4,0,0
2018-07,Official Corruption,primary,20,40,24,39,35,1,3,0,0
2018-08,Official Corruption,primary,25,64,29,70,61,5,4,0,0
2018-09,Official Corruption,primary,44,83,29,64,61,1,0,1,1
2018-10,Official Corruption,primary,31,47,30,56,52,0,3,0,1
2018-11,Official Corruption,primary,25,42,22,59,58,0,0,0,1
2018-12,Official Corruption,primary,23,41,21,42,41,0,1,0,0
2019-01,Official Corruption,primary,33,48,23,35,34,1,0,0,0
2019-02,Official Corruption,primary,41,64,31,60,52,0,0,0,8
2019-03,Official Corruption,primary,28,77,32,96,94,1,1,0,0
2019-04,Official Corruption,primary,29,39,37,74,68,0,5,0,1
2019-05,Official Corruption,primary,36,58,34,55,53,0,1,0,1
2019-06,Official Corruption,primary,22,36,28,43,41,1,0,0,1
2019-07,Official Corruption,primary,30,55,32,49,49,0,0,0,0
2019-08,Official Corruption,primary,30,48,26,50,50,0,0,0,0
2019-09,Official Corruption,primary,28,35,39,75,67,0,6,0,2
2019-10,Official Corruption,primary,27,47,30,43,38,0,1,4,0
2019-11,Official Corruption,primary,36,56,29,48,46,0,1,0,1
2019-12,Official Corruption,primary,11,21,20,36,35,0,1,0,0
2020-01,Official Corruption,primary,20,37,28,42,42,0,0,0,0
2020-02,Official Corruption,primary,28,57,17,76,74,2,0,0,0
2020-03,Official Corruption,primary,20,32,10,14,12,0,0,2,0
2020-04,Official Corruption,primary,10,19,4,7,6,0,1,0,0
2020-05,Official Corruption,primary,8,16,5,11,11,0,0,0,0
2020-06,Official Corruption,primary,25,35,16,28,24,0,4,0,0
2020-07,Official Corruption,primary,22,44,14,23,23,0,0,0,0
2020-08,Official Corruption,primary,36,73,30,54,43,10,1,0,0
2020-09,Official Corruption,primary,28,39,16,26,26,0,0,0,0
2020-10,Official Corruption,primary,27,55,18,27,25,0,2,0,0
2020-11,Official Corruption,primary,38,98,27,40,38,0,2,0,0
2020-12,Official Corruption,primary,27,39,21,33,31,0,1,0,1
2021-01,Official Corruption,primary,22,32,17,30,29,0,1,0,0
2021-02,Official Corruption,primary,27,49,22,24,20,0,4,0,0
2021-03,Official Corruption,primary,28,35,24,28,28,0,0,0,0
2021-04,Official Corruption,primary,27,39,26,37,29,2,6,0,0
2021-05,Official Corruption,primary,40,52,32,55,53,0,2,0,0
2021-06,Official Corruption,primary,24,36,23,46,44,0,2,0,0
2021-07,Official Corruption,primary,18,30,16,58,58,0,0,0,0
2021-08,Official Corruption,primary,28,42,32,52,50,0,2,0,0
2021-09,Official Corruption,primary,22,42,18,22,19,0,2,0,1
2021-10,Official Corruption,primary,31,60,17,31,29,0,2,0,0
2021-11,Official Corruption,primary,41,77,16,24,20,1,3,0,0
2021-12,Official Corruption,primary,24,43,28,49,46,2,1,0,0
2022-01,Official Corruption,primary,15,25,23,37,35,0,2,0,0
2022-02,Official Corruption,primary,15,23,18,26,26,0,0,0,0
2022-03,Official Corruption,primary,30,60,32,55,51,0,4,0,0
2022-04,Official Corruption,primary,32,50,27,45,41,1,2,1,0
2022-05,Official Corruption,primary,28,43,26,42,41,0,1,0,0
2022-06,Official Corruption,primary,27,42,28,63,61,0,2,0,0
2022-07,Official Corruption,primary,20,35,24,36,35,0,1,0,0
2022-08,Official Corruption,primary,20,30,19,48,44,0,4,0,0
2022-09,Official Corruption,primary,25,32,36,47,47,0,0,0,0
2022-10,Official Corruption,primary,20,105,31,58,55,2,1,0,0
2022-11,Official Corruption,primary,17,29,24,41,37,0,4,0,0
2022-12,Official Corruption,primary,20,27,24,45,44,0,1,0,0
2023-01,Official Corruption,primary,20,31,25,54,49,1,3,0,1
2023-02,Official Corruption,primary,24,52,25,113,112,0,0,0,1
2023-03,Official Corruption,primary,25,30,24,37,36,0,1,0,0
2023-04,Official Corruption,primary,18,36,28,52,51,0,1,0,0
2023-05,Official Corruption,primary,21,28,33,54,48,3,3,0,0
2023-06,Official Corruption,primary,15,17,19,48,47,0,1,0,0
2023-07,Official Corruption,primary,9,10,16,35,25,0,6,0,4
2023-08,Official Corruption,primary,14,24,27,39,36,0,2,0,1
2023-09,Official Corruption,primary,14,21,18,26,23,0,2,1,0
2023-10,Official Corruption,primary,20,30,26,36,35,0,0,0,1
2023-11,Official Corruption,primary,25,44,20,40,40,0,0,0,0
2023-12,Official Corruption,primary,14,20,24,41,38,0,3,0,0
2024-01,Official Corruption,primary,14,31,19,22,19,1,2,0,0
2024-02,Official Corruption,primary,16,25,18,31,31,0,0,0,0
2024-03,Official Corruption,primary,23,29,16,33,33,0,0,0,0
2024-04,Official Corruption,primary,38,59,30,47,45,2,0,0,0
2024-05,Official Corruption,primary,38,52,33,71,71,0,0,0,0
2024-06,Official Corruption,primary,26,32,16,20,20,0,0,0,0
2024-07,Official Corruption,primary,18,22,24,41,37,0,3,0,1
2024-08,Official Corruption,primary,21,28,18,31,30,0,1,0,0
2024-09,Official Corruption,primary,25,40,23,37,25,8,4,0,0
2024-10,Official Corruption,primary,24,37,27,44,41,0,3,0,0
2024-11,Official Corruption,primary,14,29,21,24,21,1,2,0,0
2024-12,Official Corruption,primary,21,30,19,33,29,0,4,0,0
2025-01,Official Corruption,primary,25,33,26,31,29,0,2,0,0
2025-02,Official Corruption,primary,19,30,24,59,58,0,1,0,0
2025-03,Official Corruption,primary,20,33,18,47,45,0,2,0,0
2025-04,Official Corruption,primary,25,38,22,50,37,0,13,0,0
2025-05,Official Corruption,primary,18,26,25,45,44,0,1,0,0
2025-06,Official Corruption,primary,24,33,22,41,39,0,2,0,0
2025-07,Official Corruption,primary,17,28,22,31,30,0,1,0,0
2025-08,Official Corruption,primary,13,28,21,26,22,0,3,0,1
2025-09,Official Corruption,primary,18,26,24,38,34,1,3,0,0
2025-10,Official Corruption,primary,23,60,19,32,31,0,1,0,0
2025-11,Official Corruption,primary,18,22,14,24,23,1,0,0,0
2025-12,Official Corruption,primary,16,21,13,19,13,3,3,0,0
2026-01,Official Corruption,primary,15,23,17,34,27,0,7,0,0
2026-02,Official Corruption,primary,14,17,12,19,19,0,0,0,0
2026-03,Official Corruption,primary,30,48,9,18,15,1,2,0,0
2026-04,Official Corruption,primary,11,38,10,11,9,1,0,0,1
2026-05,Official Corruption,primary,13,23,8,13,10,0,3,0,0
2026-06,Official Corruption,primary,14,22,4,6,4,0,2,0,0
1994-10,Organized Crime,all,20,74,16,40,32,0,8,0,0
1994-11,Organized Crime,all,31,101,14,19,19,0,0,0,0
1994-12,Organized Crime,all,17,46,14,25,24,0,1,0,0
1995-01,Organized Crime,all,21,208,19,27,26,1,0,0,0
1995-02,Organized Crime,all,30,81,15,30,28,0,0,2,0
1995-03,Organized Crime,all,34,71,17,33,29,0,0,0,4
1995-04,Organized Crime,all,31,58,18,35,35,0,0,0,0
1995-05,Organized Crime,all,38,100,37,86,56,3,27,0,0
1995-06,Organized Crime,all,25,177,29,51,49,0,0,0,2
1995-07,Organized Crime,all,22,108,28,155,142,0,1,0,12
1995-08,Organized Crime,all,23,83,20,50,49,0,1,0,0
1995-09,Organized Crime,all,34,136,17,76,71,0,5,0,0
1995-10,Organized Crime,all,18,27,19,56,55,0,1,0,0
1995-11,Organized Crime,all,11,34,16,62,60,0,1,1,0
1995-12,Organized Crime,all,28,52,11,27,27,0,0,0,0
1996-01,Organized Crime,all,28,67,11,21,20,0,0,1,0
1996-02,Organized Crime,all,27,160,21,68,55,0,11,1,1
1996-03,Organized Crime,all,23,99,22,63,58,0,1,0,4
1996-04,Organized Crime,all,19,70,17,45,37,1,6,0,1
1996-05,Organized Crime,all,37,87,20,51,45,4,0,0,2
1996-06,Organized Crime,all,36,123,20,55,51,0,0,0,4
1996-07,Organized Crime,all,29,99,18,66,47,5,13,1,0
1996-08,Organized Crime,all,17,47,17,41,33,1,7,0,0
1996-09,Organized Crime,all,37,98,20,48,45,1,0,0,2
1996-10,Organized Crime,all,29,59,23,64,64,0,0,0,0
1996-11,Organized Crime,all,12,87,19,123,25,0,0,0,98
1996-12,Organized Crime,all,19,57,22,49,46,1,1,1,0
1997-01,Organized Crime,all,24,78,27,83,75,0,6,0,2
1997-02,Organized Crime,all,10,18,18,65,58,2,4,1,0
1997-03,Organized Crime,all,14,49,17,27,22,0,2,2,1
1997-04,Organized Crime,all,26,76,22,75,75,0,0,0,0
1997-05,Organized Crime,all,23,74,19,32,30,0,1,1,0
1997-06,Organized Crime,all,23,43,7,54,53,0,0,1,0
1997-07,Organized Crime,all,12,50,14,30,30,0,0,0,0
1997-08,Organized Crime,all,23,62,22,44,38,1,5,0,0
1997-09,Organized Crime,all,30,85,23,157,113,0,1,0,43
1997-10,Organized Crime,all,24,77,11,43,42,1,0,0,0
1997-11,Organized Crime,all,20,86,12,26,26,0,0,0,0
1997-12,Organized Crime,all,24,94,21,57,57,0,0,0,0
1998-01,Organized Crime,all,33,101,25,78,77,0,1,0,0
1998-02,Organized Crime,all,24,54,35,63,59,0,3,1,0
1998-03,Organized Crime,all,22,59,27,83,76,0,7,0,0
1998-04,Organized Crime,all,31,109,24,31,30,0,0,1,0
1998-05,Organized Crime,all,18,71,27,70,69,0,1,0,0
1998-06,Organized Crime,all,16,35,20,47,42,0,5,0,0
1998-07,Organized Crime,all,33,74,20,96,96,0,0,0,0
1998-08,Organized Crime,all,16,36,21,66,65,0,0,1,0
1998-09,Organized Crime,all,19,82,19,56,50,0,2,0,4
1998-10,Organized Crime,all,21,38,24,67,67,0,0,0,0
1998-11,Organized Crime,all,21,54,12,42,40,2,0,0,0
1998-12,Organized Crime,all,21,61,14,63,61,0,2,0,0
1999-01,Organized Crime,all,10,32,17,29,29,0,0,0,0
1999-02,Organized Crime,all,17,37,27,61,60,0,0,1,0
1999-03,Organized Crime,all,26,67,25,65,55,6,1,1,2
1999-04,Organized Crime,all,20,54,27,59,54,0,5,0,0
1999-05,Organized Crime,all,22,91,24,72,69,0,3,0,0
1999-06,Organized Crime,all,36,95,12,34,31,0,3,0,0
1999-07,Organized Crime,all,18,49,17,34,33,0,1,0,0
1999-08,Organized Crime,all,14,37,13,39,38,0,1,0,0
1999-09,Organized Crime,all,32,88,30,73,69,4,0,0,0
1999-10,Organized Crime,all,32,65,27,136,134,1,1,0,0
1999-11,Organized Crime,all,15,43,19,74,71,0,3,0,0
1999-12,Organized Crime,all,11,60,19,54,51,1,2,0,0
2000-01,Organized Crime,all,22,67,17,37,35,0,0,1,1
2000-02,Organized Crime,all,34,80,13,25,24,0,1,0,0
2000-03,Organized Crime,all,30,88,24,69,67,0,2,0,0
2000-04,Organized Crime,all,32,69,27,77,76,0,0,1,0
2000-05,Organized Crime,all,41,111,22,41,39,0,1,1,0
2000-06,Organized Crime,all,31,102,21,26,24,0,1,1,0
2000-07,Organized Crime,all,20,60,23,41,39,0,2,0,0
2000-08,Organized Crime,all,21,68,17,85,81,1,1,0,2
2000-09,Organized Crime,all,29,68,35,101,98,0,0,0,3
2000-10,Organized Crime,all,19,90,29,71,67,0,4,0,0
2000-11,Organized Crime,all,28,100,27,79,79,0,0,0,0
2000-12,Organized Crime,all,16,56,18,37,35,1,1,0,0
2001-01,Organized Crime,all,22,60,31,80,73,0,7,0,0
2001-02,Organized Crime,all,27,48,30,89,89,0,0,0,0
2001-03,Organized Crime,all,32,59,22,47,43,0,3,0,1
2001-04,Organized Crime,all,21,60,23,89,87,0,1,1,0
2001-05,Organized Crime,all,23,63,29,91,84,1,2,0,4
2001-06,Organized Crime,all,13,60,18,27,26,0,1,0,0
2001-07,Organized Crime,all,14,33,16,56,56,0,0,0,0
2001-08,Organized Crime,all,30,72,16,41,40,0,0,1,0
2001-09,Organized Crime,all,19,31,19,51,49,1,1,0,0
2001-10,Organized Crime,all,29,99,31,55,54,0,1,0,0
2001-11,Organized Crime,all,15,28,28,82,67,0,15,0,0
2001-12,Organized Crime,all,14,57,24,40,39,1,0,0,0
2002-01,Organized Crime,all,19,53,23,39,38,0,0,0,1
2002-02,Organized Crime,all,15,39,23,53,49,0,4,0,0
2002-03,Organized Crime,all,24,160,19,35,35,0,0,0,0
2002-04,Organized Crime,all,11,64,14,46,46,0,0,0,0
2002-05,Organized Crime,all,18,68,13,45,44,0,1,0,0
2002-06,Organized Crime,all,14,50,18,84,84,0,0,0,0
2002-07,Organized Crime,all,22,69,22,72,71,0,1,0,0
2002-08,Organized Crime,all,9,60,14,38,31,0,7,0,0
2002-09,Organized Crime,all,11,27,20,61,57,0,4,0,0
2002-10,Organized Crime,all,16,55,19,59,59,0,0,0,0
2002-11,Organized Crime,all,21,86,14,44,42,0,2,0,0
2002-12,Organized Crime,all,12,38,15,52,49,0,2,1,0
2003-01,Organized Crime,all,15,54,20,48,47,0,1,0,0
2003-02,Organized Crime,all,23,78,12,17,17,0,0,0,0
2003-03,Organized Crime,all,21,45,12,24,20,0,4,0,0
2003-04,Organized Crime,all,21,65,19,92,91,0,1,0,0
2003-05,Organized Crime,all,25,51,13,36,36,0,0,0,0
2003-06,Organized Crime,all,8,67,17,58,47,11,0,0,0
2003-07,Organized Crime,all,20,54,22,50,50,0,0,0,0
2003-08,Organized Crime,all,23,138,11,16,16,0,0,0,0
2003-09,Organized Crime,all,14,29,16,63,49,13,1,0,0
2003-10,Organized Crime,all,19,44,15,32,32,0,0,0,0
2003-11,Organized Crime,all,22,37,14,37,37,0,0,0,0
2003-12,Organized Crime,all,23,167,15,30,30,0,0,0,0
2004-01,Organized Crime,all,21,70,23,107,106,0,0,1,0
2004-02,Organized Crime,all,17,71,28,81,76,1,2,2,0
2004-03,Organized Crime,all,19,54,16,41,40,0,0,0,1
2004-04,Organized Crime,all,24,94,11,25,25,0,0,0,0
2004-05,Organized Crime,all,25,121,10,18,15,0,3,0,0
2004-06,Organized Crime,all,22,72,17,65,65,0,0,0,0
2004-07,Organized Crime,all,19,49,13,45,40,0,5,0,0
2004-08,Organized Crime,all,11,18,7,23,19,0,4,0,0
2004-09,Organized Crime,all,23,115,18,38,32,0,6,0,0
2004-10,Organized Crime,all,25,80,9,27,27,0,0,0,0
2004-11,Organized Crime,all,11,68,18,23,23,0,0,0,0
2004-12,Organized Crime,all,21,51,20,80,79,0,1,0,0
2005-01,Organized Crime,all,26,110,14,83,83,0,0,0,0
2005-02,Organized Crime,all,20,54,21,53,43,0,7,3,0
2005-03,Organized Crime,all,18,85,30,68,68,0,0,0,0
2005-04,Organized Crime,all,20,47,26,124,124,0,0,0,0
2005-05,Organized Crime,all,24,100,23,52,50,0,1,1,0
2005-06,Organized Crime,all,25,136,26,55,54,0,1,0,0
2005-07,Organized Crime,all,19,139,20,94,50,0,44,0,0
2005-08,Organized Crime,all,14,57,15,30,30,0,0,0,0
2005-09,Organized Crime,all,18,165,21,55,48,0,7,0,0
2005-10,Organized Crime,all,18,33,16,18,16,0,0,2,0
2005-11,Organized Crime,all,14,32,17,50,47,0,3,0,0
2005-12,Organized Crime,all,18,61,20,68,64,0,4,0,0
2006-01,Organized Crime,all,12,35,19,54,54,0,0,0,0
2006-02,Organized Crime,all,21,58,17,55,55,0,0,0,0
2006-03,Organized Crime,all,14,80,27,85,75,6,4,0,0
2006-04,Organized Crime,all,14,30,12,59,59,0,0,0,0
2006-05,Organized Crime,all,15,49,31,129,125,1,3,0,0
2006-06,Organized Crime,all,15,84,15,78,77,0,1,0,0
2006-07,Organized Crime,all,10,31,14,36,36,0,0,0,0
2006-08,Organized Crime,all,22,100,14,59,57,0,2,0,0
2006-09,Organized Crime,all,16,23,11,28,25,0,3,0,0
2006-10,Organized Crime,all,26,89,13,27,27,0,0,0,0
2006-11,Organized Crime,all,14,38,9,12,12,0,0,0,0
2006-12,Organized Crime,all,19,61,15,29,25,0,4,0,0
2007-01,Organized Crime,all,14,31,17,59,56,0,3,0,0
2007-02,Organized Crime,all,25,98,23,127,125,0,2,0,0
2007-03,Organized Crime,all,13,35,17,28,25,1,1,0,1
2007-04,Organized Crime,all,22,71,13,29,29,0,0,0,0
2007-05,Organized Crime,all,35,56,21,41,39,0,2,0,0
2007-06,Organized Crime,all,25,56,16,44,44,0,0,0,0
2007-07,Organized Crime,all,16,68,13,24,24,0,0,0,0
2007-08,Organized Crime,all,23,55,8,28,28,0,0,0,0
2007-09,Organized Crime,all,22,126,19,63,63,0,0,0,0
2007-10,Organized Crime,all,32,153,22,37,35,0,0,0,2
2007-11,Organized Crime,all,22,68,22,36,36,0,0,0,0
2007-12,Organized Crime,all,23,53,12,31,31,0,0,0,0
2008-01,Organized Crime,all,19,46,18,53,52,0,1,0,0
2008-02,Organized Crime,all,24,118,19,40,39,0,1,0,0
2008-03,Organized Crime,all,23,85,22,74,74,0,0,0,0
2008-04,Organized Crime,all,18,51,17,49,45,0,4,0,0
2008-05,Organized Crime,all,38,108,21,74,74,0,0,0,0
2008-06,Organized Crime,all,26,31,27,61,60,0,1,0,0
2008-07,Organized Crime,all,34,89,22,70,69,0,1,0,0
2008-08,Organized Crime,all,21,77,21,107,107,0,0,0,0
2008-09,Organized Crime,all,27,116,24,98,97,0,1,0,0
2008-10,Organized Crime,all,19,96,23,52,51,0,0,0,1
2008-11,Organized Crime,all,22,57,18,73,73,0,0,0,0
2008-12,Organized Crime,all,27,64,22,63,53,0,0,0,10
2009-01,Organized Crime,all,25,61,14,19,19,0,0,0,0
2009-02,Organized Crime,all,19,124,20,55,55,0,0,0,0
2009-03,Organized Crime,all,30,68,25,133,94,0,0,0,39
2009-04,Organized Crime,all,29,72,20,38,38,0,0,0,0
2009-05,Organized Crime,all,33,97,14,23,23,0,0,0,0
2009-06,Organized Crime,all,24,60,17,45,45,0,0,0,0
2009-07,Organized Crime,all,23,60,29,95,95,0,0,0,0
2009-08,Organized Crime,all,25,85,27,81,71,0,10,0,0
2009-09,Organized Crime,all,19,75,23,100,99,0,0,0,1
2009-10,Organized Crime,all,29,132,22,47,45,0,2,0,0
2009-11,Organized Crime,all,23,46,22,57,56,0,1,0,0
2009-12,Organized Crime,all,31,81,27,127,127,0,0,0,0
2010-01,Organized Crime,all,38,87,17,50,50,0,0,0,0
2010-02,Organized Crime,all,29,137,27,55,54,0,0,1,0
2010-03,Organized Crime,all,40,77,35,73,69,2,2,0,0
2010-04,Organized Crime,all,30,56,21,47,45,0,2,0,0
2010-05,Organized Crime,all,34,89,22,58,53,0,5,0,0
2010-06,Organized Crime,all,51,163,21,34,34,0,0,0,0
2010-07,Organized Crime,all,29,56,25,45,38,3,3,1,0
2010-08,Organized Crime,all,27,91,33,71,70,0,1,0,0
2010-09,Organized Crime,all,46,164,27,64,61,0,3,0,0
2010-10,Organized Crime,all,24,71,21,27,25,0,2,0,0
2010-11,Organized Crime,all,35,62,28,85,85,0,0,0,0
2010-12,Organized Crime,all,30,61,26,49,49,0,0,0,0
2011-01,Organized Crime,all,27,235,29,70,70,0,0,0,0
2011-02,Organized Crime,all,25,124,23,85,85,0,0,0,0
2011-03,Organized Crime,all,35,97,41,86,84,0,1,0,1
2011-04,Organized Crime,all,35,136,21,41,36,0,0,5,0
2011-05,Organized Crime,all,33,100,41,84,84,0,0,0,0
2011-06,Organized Crime,all,29,187,35,88,88,0,0,0,0
2011-07,Organized Crime,all,31,65,21,31,29,0,2,0,0
2011-08,Organized Crime,all,19,49,33,52,52,0,0,0,0
2011-09,Organized Crime,all,18,29,39,63,58,0,5,0,0
2011-10,Organized Crime,all,24,53,32,92,91,0,1,0,0
2011-11,Organized Crime,all,20,43,29,74,74,0,0,0,0
2011-12,Organized Crime,all,18,127,23,51,47,1,1,0,2
2012-01,Organized Crime,all,22,79,23,59,59,0,0,0,0
2012-02,Organized Crime,all,22,71,22,36,34,0,1,1,0
2012-03,Organized Crime,all,18,52,35,109,107,0,2,0,0
2012-04,Organized Crime,all,13,62,23,67,66,0,0,0,1
2012-05,Organized Crime,all,22,76,31,115,115,0,0,0,0
2012-06,Organized Crime,all,13,48,26,98,95,2,1,0,0
2012-07,Organized Crime,all,20,87,22,40,40,0,0,0,0
2012-08,Organized Crime,all,20,49,20,37,37,0,0,0,0
2012-09,Organized Crime,all,12,45,18,84,84,0,0,0,0
2012-10,Organized Crime,all,30,127,20,36,34,0,0,0,2
2012-11,Organized Crime,all,19,76,14,77,77,0,0,0,0
2012-12,Organized Crime,all,24,68,17,46,45,0,0,1,0
2013-01,Organized Crime,all,13,145,20,134,132,0,2,0,0
2013-02,Organized Crime,all,19,61,18,26,23,1,2,0,0
2013-03,Organized Crime,all,14,100,16,59,59,0,0,0,0
2013-04,Organized Crime,all,18,116,14,19,18,0,1,0,0
2013-05,Organized Crime,all,20,52,12,31,31,0,0,0,0
2013-06,Organized Crime,all,29,138,18,48,47,0,1,0,0
2013-07,Organized Crime,all,21,56,18,20,20,0,0,0,0
2013-08,Organized Crime,all,27,114,23,76,75,0,1,0,0
2013-09,Organized Crime,all,29,170,17,56,52,0,4,0,0
2013-10,Organized Crime,all,25,47,28,72,71,0,0,0,1
2013-11,Organized Crime,all,17,63,25,84,83,0,1,0,0
2013-12,Organized Crime,all,13,73,21,73,73,0,0,0,0
2014-01,Organized Crime,all,25,59,17,54,54,0,0,0,0
2014-02,Organized Crime,all,8,32,19,90,88,0,2,0,0
2014-03,Organized Crime,all,31,149,22,89,89,0,0,0,0
2014-04,Organized Crime,all,22,122,30,165,151,0,1,0,13
2014-05,Organized Crime,all,15,83,23,64,64,0,0,0,0
2014-06,Organized Crime,all,11,116,28,108,101,0,7,0,0
2014-07,Organized Crime,all,34,121,20,44,42,0,2,0,0
2014-08,Organized Crime,all,16,63,15,52,47,0,1,4,0
2014-09,Organized Crime,all,10,41,18,74,66,0,3,0,5
2014-10,Organized Crime,all,23,144,22,45,43,0,2,0,0
2014-11,Organized Crime,all,19,68,14,71,71,0,0,0,0
2014-12,Organized Crime,all,16,119,12,25,24,0,1,0,0
2015-01,Organized Crime,all,14,45,15,44,44,0,0,0,0
2015-02,Organized Crime,all,11,55,12,25,25,0,0,0,0
2015-03,Organized Crime,all,17,101,19,56,55,0,1,0,0
2015-04,Organized Crime,all,23,104,15,30,24,0,6,0,0
2015-05,Organized Crime,all,22,138,16,60,56,0,4,0,0
2015-06,Organized Crime,all,27,129,21,56,56,0,0,0,0
2015-07,Organized Crime,all,25,310,29,73,72,0,1,0,0
2015-08,Organized Crime,all,26,100,16,44,44,0,0,0,0
2015-09,Organized Crime,all,23,70,16,33,33,0,0,0,0
2015-10,Organized Crime,all,23,102,24,77,75,0,1,0,1
2015-11,Organized Crime,all,16,46,17,57,56,1,0,0,0
2015-12,Organized Crime,all,20,77,17,38,38,0,0,0,0
2016-01,Organized Crime,all,17,67,20,99,99,0,0,0,0
2016-02,Organized Crime,all,25,147,20,51,48,0,3,0,0
2016-03,Organized Crime,all,37,144,15,36,35,0,1,0,0
2016-04,Organized Crime,all,26,92,24,84,84,0,0,0,0
2016-05,Organized Crime,all,38,173,21,62,60,0,2,0,0
2016-06,Organized Crime,all,44,142,19,62,62,0,0,0,0
2016-07,Organized Crime,all,34,189,18,44,43,0,1,0,0
2016-08,Organized Crime,all,38,139,20,56,55,0,0,1,0
2016-09,Organized Crime,all,50,144,14,38,35,0,1,0,2
2016-10,Organized Crime,all,53,152,25,84,84,0,0,0,0
2016-11,Organized Crime,all,67,206,32,50,50,0,0,0,0
2016-12,Organized Crime,all,50,141,34,176,156,0,0,0,20
2017-01,Organized Crime,all,41,71,32,96,91,0,5,0,0
2017-02,Organized Crime,all,58,184,17,24,24,0,0,0,0
2017-03,Organized Crime,all,67,150,40,72,68,0,2,0,2
2017-04,Organized Crime,all,46,174,32,109,105,1,3,0,0
2017-05,Organized Crime,all,63,255,57,107,102,0,5,0,0
2017-06,Organized Crime,all,71,215,52,109,108,0,1,0,0
2017-07,Organized Crime,all,77,250,46,101,101,0,0,0,0
2017-08,Organized Crime,all,87,242,66,156,153,0,3,0,0
2017-09,Organized Crime,all,84,193,55,102,96,0,5,0,1
2017-10,Organized Crime,all,82,153,47,106,101,0,1,0,4
2017-11,Organized Crime,all,99,261,73,214,209,0,2,0,3
2017-12,Organized Crime,all,76,118,65,165,165,0,0,0,0
2018-01,Organized Crime,all,81,161,57,90,89,0,0,0,1
2018-02,Organized Crime,all,79,225,60,102,101,0,1,0,0
2018-03,Organized Crime,all,112,350,72,161,158,0,3,0,0
2018-04,Organized Crime,all,116,295,89,152,149,0,3,0,0
2018-05,Organized Crime,all,113,206,75,157,149,0,8,0,0
2018-06,Organized Crime,all,94,255,79,143,141,0,2,0,0
2018-07,Organized Crime,all,61,203,61,120,95,0,4,0,21
2018-08,Organized Crime,all,95,287,79,154,151,0,3,0,0
2018-09,Organized Crime,all,89,291,68,148,147,1,0,0,0
2018-10,Organized Crime,all,93,216,80,194,170,0,0,0,24
2018-11,Organized Crime,all,98,253,65,117,116,0,1,0,0
2018-12,Organized Crime,all,84,168,45,57,57,0,0,0,0
2019-01,Organized Crime,all,57,141,78,165,162,0,3,0,0
2019-02,Organized Crime,all,87,153,91,189,184,0,5,0,0
2019-03,Organized Crime,all,86,379,99,272,262,0,5,0,5
2019-04,Organized Crime,all,110,308,75,160,144,0,4,0,12
2019-05,Organized Crime,all,99,262,67,166,163,0,3,0,0
2019-06,Organized Crime,all,100,326,80,170,163,0,2,0,5
2019-07,Organized Crime,all,91,224,75,356,354,0,2,0,0
2019-08,Organized Crime,all,82,209,79,138,133,0,5,0,0
2019-09,Organized Crime,all,85,304,84,180,172,1,2,0,5
2019-10,Organized Crime,all,128,284,78,177,173,0,1,0,3
2019-11,Organized Crime,all,95,196,69,197,197,0,0,0,0
2019-12,Organized Crime,all,93,250,67,129,128,1,0,0,0
2020-01,Organized Crime,all,70,199,77,113,108,0,5,0,0
2020-02,Organized Crime,all,68,184,71,117,110,0,7,0,0
2020-03,Organized Crime,all,47,117,59,109,105,0,1,0,3
2020-04,Organized Crime,all,7,7,29,40,39,0,1,0,0
2020-05,Organized Crime,all,26,91,30,55,54,0,1,0,0
2020-06,Organized Crime,all,52,146,42,80,74,0,5,0,1
2020-07,Organized Crime,all,141,249,53,112,110,0,2,0,0
2020-08,Organized Crime,all,54,138,49,89,79,0,5,0,5
2020-09,Organized Crime,all,80,202,73,167,165,0,1,0,1
2020-10,Organized Crime,all,83,192,64,210,207,0,3,0,0
2020-11,Organized Crime,all,98,218,51,94,87,0,7,0,0
2020-12,Organized Crime,all,86,198,38,74,73,0,1,0,0
2021-01,Organized Crime,all,51,107,60,118,113,0,4,0,1
2021-02,Organized Crime,all,83,177,43,70,65,0,5,0,0
2021-03,Organized Crime,all,109,316,69,109,105,0,4,0,0
2021-04,Organized Crime,all,104,197,64,120,119,0,1,0,0
2021-05,Organized Crime,all,102,235,65,128,120,0,1,1,6
2021-06,Organized Crime,all,92,196,87,129,126,0,2,0,1
2021-07,Organized Crime,all,110,226,76,154,144,0,10,0,0
2021-08,Organized Crime,all,94,186,108,166,160,0,5,0,1
2021-09,Organized Crime,all,88,190,95,218,202,0,2,0,14
2021-10,Organized Crime,all,61,169,91,147,144,0,1,0,2
2021-11,Organized Crime,all,56,129,83,160,157,0,3,0,0
2021-12,Organized Crime,all,55,105,84,206,169,0,9,0,28
2022-01,Organized Crime,all,58,111,56,105,94,0,2,1,8
2022-02,Organized Crime,all,53,100,73,154,147,0,3,0,4
2022-03,Organized Crime,all,87,170,84,204,200,0,3,1,0
2022-04,Organized Crime,all,78,196,59,96,94,1,1,0,0
2022-05,Organized Crime,all,67,124,56,85,76,0,9,0,0
2022-06,Organized Crime,all,86,196,69,140,137,0,3,0,0
2022-07,Organized Crime,all,64,151,55,95,93,0,2,0,0
2022-08,Organized Crime,all,98,183,137,346,339,3,0,0,4
2022-09,Organized Crime,all,62,128,65,194,161,0,9,0,24
2022-10,Organized Crime,all,70,133,56,124,121,0,3,0,0
2022-11,Organized Crime,all,77,139,79,172,170,0,2,0,0
2022-12,Organized Crime,all,56,129,73,219,213,0,6,0,0
2023-01,Organized Crime,all,63,121,85,162,158,0,2,2,0
2023-02,Organized Crime,all,69,123,78,214,209,0,2,0,3
2023-03,Organized Crime,all,93,237,93,223,211,0,12,0,0
2023-04,Organized Crime,all,79,178,60,229,223,0,6,0,0
2023-05,Organized Crime,all,129,229,93,207,188,0,4,2,13
2023-06,Organized Crime,all,155,272,117,278,267,0,5,1,5
2023-07,Organized Crime,all,134,186,88,163,162,0,1,0,0
2023-08,Organized Crime,all,191,299,111,195,184,0,2,0,9
2023-09,Organized Crime,all,157,306,80,222,221,0,1,0,0
2023-10,Organized Crime,all,141,247,115,175,173,0,2,0,0
2023-11,Organized Crime,all,185,326,118,233,232,0,1,0,0
2023-12,Organized Crime,all,130,199,111,161,158,0,2,0,1
2024-01,Organized Crime,all,111,193,161,221,216,1,3,0,1
2024-02,Organized Crime,all,173,291,143,222,221,0,1,0,0
2024-03,Organized Crime,all,176,302,164,221,214,2,2,0,3
2024-04,Organized Crime,all,181,347,195,414,406,0,3,0,5
2024-05,Organized Crime,all,217,413,193,315,306,0,8,0,1
2024-06,Organized Crime,all,164,282,140,211,204,0,6,0,1
2024-07,Organized Crime,all,162,227,190,459,276,0,2,0,181
2024-08,Organized Crime,all,168,284,211,300,287,0,13,0,0
2024-09,Organized Crime,all,164,371,169,307,302,0,4,0,1
2024-10,Organized Crime,all,198,336,185,340,337,0,2,0,1
2024-11,Organized Crime,all,138,244,133,219,212,1,6,0,0
2024-12,Organized Crime,all,138,244,130,226,220,3,3,0,0
2025-01,Organized Crime,all,111,180,115,187,171,0,3,0,13
2025-02,Organized Crime,all,128,318,151,287,282,0,3,0,2
2025-03,Organized Crime,all,108,201,119,255,240,0,14,0,1
2025-04,Organized Crime,all,114,192,116,206,197,0,5,0,4
2025-05,Organized Crime,all,136,232,143,202,195,0,7,0,0
2025-06,Organized Crime,all,106,211,114,199,193,0,4,0,2
2025-07,Organized Crime,all,106,192,134,230,225,0,5,0,0
2025-08,Organized Crime,all,93,262,116,213,208,0,5,0,0
2025-09,Organized Crime,all,97,174,134,232,231,0,1,0,0
2025-10,Organized Crime,all,106,247,113,212,205,0,1,0,6
2025-11,Organized Crime,all,97,196,100,198,194,0,2,0,2
2025-12,Organized Crime,all,141,231,122,192,186,0,6,0,0
2026-01,Organized Crime,all,101,171,100,175,161,0,12,0,2
2026-02,Organized Crime,all,111,178,95,202,194,0,8,0,0
2026-03,Organized Crime,all,102,217,75,127,122,0,1,0,4
2026-04,Organized Crime,all,154,237,85,153,143,0,10,0,0
2026-05,Organized Crime,all,116,191,38,163,156,0,1,0,6
2026-06,Organized Crime,all,121,198,29,74,71,0,3,0,0
1994-10,Organized Crime,primary,20,74,15,30,22,0,8,0,0
1994-11,Organized Crime,primary,30,100,13,18,18,0,0,0,0
1994-12,Organized Crime,primary,17,46,14,25,24,0,1,0,0
1995-01,Organized Crime,primary,19,38,17,20,19,1,0,0,0
1995-02,Organized Crime,primary,30,81,14,21,19,0,0,2,0
1995-03,Organized Crime,primary,34,71,17,33,29,0,0,0,4
1995-04,Organized Crime,primary,31,58,18,35,35,0,0,0,0
1995-05,Organized Crime,primary,36,95,37,86,56,3,27,0,0
1995-06,Organized Crime,primary,24,166,29,51,49,0,0,0,2
1995-07,Organized Crime,primary,21,77,26,115,102,0,1,0,12
1995-08,Organized Crime,primary,23,83,20,50,49,0,1,0,0
1995-09,Organized Crime,primary,34,136,17,76,71,0,5,0,0
1995-10,Organized Crime,primary,17,22,19,56,55,0,1,0,0
1995-11,Organized Crime,primary,11,34,16,62,60,0,1,1,0
1995-12,Organized Crime,primary,28,52,11,27,27,0,0,0,0
1996-01,Organized Crime,primary,28,67,11,21,20,0,0,1,0
1996-02,Organized Crime,primary,27,160,20,66,55,0,9,1,1
1996-03,Organized Crime,primary,23,99,22,63,58,0,1,0,4
1996-04,Organized Crime,primary,19,70,17,45,37,1,6,0,1
1996-05,Organized Crime,primary,37,87,20,51,45,4,0,0,2
1996-06,Organized Crime,primary,35,120,20,55,51,0,0,0,4
1996-07,Organized Crime,primary,29,99,18,66,47,5,13,1,0
1996-08,Organized Crime,primary,17,47,16,36,28,1,7,0,0
1996-09,Organized Crime,primary,37,98,19,45,42,1,0,0,2
1996-10,Organized Crime,primary,29,59,23,64,64,0,0,0,0
1996-11,Organized Crime,primary,12,87,18,25,25,0,0,0,0
1996-12,Organized Crime,primary,19,57,22,49,46,1,1,1,0
1997-01,Organized Crime,primary,24,78,27,83,75,0,6,0,2
1997-02,Organized Crime,primary,10,18,18,65,58,2,4,1,0
1997-03,Organized Crime,primary,12,24,17,27,22,0,2,2,1
1997-04,Organized Crime,primary,25,57,21,67,67,0,0,0,0
1997-05,Organized Crime,primary,23,74,19,32,30,0,1,1,0
1997-06,Organized Crime,primary,23,43,6,23,22,0,0,1,0
1997-07,Organized Crime,primary,12,50,14,30,30,0,0,0,0
1997-08,Organized Crime,primary,22,61,22,44,38,1,5,0,0
1997-09,Organized Crime,primary,28,61,21,67,23,0,1,0,43
1997-10,Organized Crime,primary,22,64,11,43,42,1,0,0,0
1997-11,Organized Crime,primary,20,86,11,23,23,0,0,0,0
1997-12,Organized Crime,primary,21,91,21,57,57,0,0,0,0
1998-01,Organized Crime,primary,30,93,24,59,58,0,1,0,0
1998-02,Organized Crime,primary,20,45,35,63,59,0,3,1,0
1998-03,Organized Crime,primary,19,46,26,69,62,0,7,0,0
1998-04,Organized Crime,primary,28,91,22,29,28,0,0,1,0
1998-05,Organized Crime,primary,16,50,26,69,68,0,1,0,0
1998-06,Organized Crime,primary,15,33,19,46,41,0,5,0,0
1998-07,Organized Crime,primary,31,69,19,95,95,0,0,0,0
1998-08,Organized Crime,primary,15,29,21,66,65,0,0,1,0
1998-09,Organized Crime,primary,14,51,18,55,49,0,2,0,4
1998-10,Organized Crime,primary,20,37,24,67,67,0,0,0,0
1998-11,Organized Crime,primary,17,36,11,39,37,2,0,0,0
1998-12,Organized Crime,primary,18,54,14,63,61,0,2,0,0
1999-01,Organized Crime,primary,9,18,15,26,26,0,0,0,0
1999-02,Organized Crime,primary,16,36,25,57,56,0,0,1,0
1999-03,Organized Crime,primary,23,61,25,65,55,6,1,1,2
1999-04,Organized Crime,primary,14,46,23,54,49,0,5,0,0
1999-05,Organized Crime,primary,21,89,22,68,65,0,3,0,0
1999-06,Organized Crime,primary,34,93,8,24,21,0,3,0,0
1999-07,Organized Crime,primary,18,49,16,33,32,0,1,0,0
1999-08,Organized Crime,primary,13,35,11,33,32,0,1,0,0
1999-09,Organized Crime,primary,31,86,30,73,69,4,0,0,0
1999-10,Organized Crime,primary,30,50,26,135,133,1,1,0,0
1999-11,Organized Crime,primary,13,39,19,74,71,0,3,0,0
1999-12,Organized Crime,primary,11,60,17,46,43,1,2,0,0
2000-01,Organized Crime,primary,22,67,17,37,35,0,0,1,1
2000-02,Organized Crime,primary,32,74,12,23,22,0,1,0,0
2000-03,Organized Crime,primary,29,87,24,69,67,0,2,0,0
2000-04,Organized Crime,primary,32,69,26,76,75,0,0,1,0
2000-05,Organized Crime,primary,39,109,22,41,39,0,1,1,0
2000-06,Organized Crime,primary,31,102,20,25,23,0,1,1,0
2000-07,Organized Crime,primary,19,56,21,39,37,0,2,0,0
2000-08,Organized Crime,primary,19,56,17,85,81,1,1,0,2
2000-09,Organized Crime,primary,27,57,32,89,86,0,0,0,3
2000-10,Organized Crime,primary,16,45,28,69,65,0,4,0,0
2000-11,Organized Crime,primary,24,76,26,78,78,0,0,0,0
2000-12,Organized Crime,primary,15,47,18,37,35,1,1,0,0
2001-01,Organized Crime,primary,19,33,30,78,71,0,7,0,0
2001-02,Organized Crime,primary,25,46,30,89,89,0,0,0,0
2001-03,Organized Crime,primary,30,56,22,47,43,0,3,0,1
2001-04,Organized Crime,primary,19,57,23,89,87,0,1,1,0
2001-05,Organized Crime,primary,21,57,26,85,78,1,2,0,4
2001-06,Organized Crime,primary,11,43,18,27,26,0,1,0,0
2001-07,Organized Crime,primary,12,17,14,33,33,0,0,0,0
2001-08,Organized Crime,primary,27,62,15,37,36,0,0,1,0
2001-09,Organized Crime,primary,17,28,18,48,46,1,1,0,0
2001-10,Organized Crime,primary,24,81,30,39,38,0,1,0,0
2001-11,Organized Crime,primary,14,24,28,82,67,0,15,0,0
2001-12,Organized Crime,primary,13,51,22,37,36,1,0,0,0
2002-01,Organized Crime,primary,19,53,21,37,36,0,0,0,1
2002-02,Organized Crime,primary,13,36,23,53,49,0,4,0,0
2002-03,Organized Crime,primary,15,64,18,34,34,0,0,0,0
2002-04,Organized Crime,primary,9,40,13,44,44,0,0,0,0
2002-05,Organized Crime,primary,17,64,11,41,40,0,1,0,0
2002-06,Organized Crime,primary,12,42,17,65,65,0,0,0,0
2002-07,Organized Crime,primary,19,42,19,58,57,0,1,0,0
2002-08,Organized Crime,primary,9,60,13,37,30,0,7,0,0
2002-09,Organized Crime,primary,10,26,19,58,54,0,4,0,0
2002-10,Organized Crime,primary,15,54,18,58,58,0,0,0,0
2002-11,Organized Crime,primary,21,86,12,42,40,0,2,0,0
2002-12,Organized Crime,primary,11,37,15,52,49,0,2,1,0
2003-01,Organized Crime,primary,12,20,20,48,47,0,1,0,0
2003-02,Organized Crime,primary,20,68,12,17,17,0,0,0,0
2003-03,Organized Crime,primary,19,38,11,23,19,0,4,0,0
2003-04,Organized Crime,primary,18,62,19,92,91,0,1,0,0
2003-05,Organized Crime,primary,24,36,13,36,36,0,0,0,0
2003-06,Organized Crime,primary,8,67,15,47,36,11,0,0,0
2003-07,Organized Crime,primary,16,38,18,39,39,0,0,0,0
2003-08,Organized Crime,primary,21,98,9,14,14,0,0,0,0
2003-09,Organized Crime,primary,13,28,15,60,46,13,1,0,0
2003-10,Organized Crime,primary,19,44,14,31,31,0,0,0,0
2003-11,Organized Crime,primary,22,37,14,37,37,0,0,0,0
2003-12,Organized Crime,primary,21,146,14,28,28,0,0,0,0
2004-01,Organized Crime,primary,16,54,22,106,105,0,0,1,0
2004-02,Organized Crime,primary,16,69,25,65,61,1,1,2,0
2004-03,Organized Crime,primary,14,48,15,40,39,0,0,0,1
2004-04,Organized Crime,primary,22,91,11,25,25,0,0,0,0
2004-05,Organized Crime,primary,22,93,9,17,14,0,3,0,0
2004-06,Organized Crime,primary,18,31,15,60,60,0,0,0,0
2004-07,Organized Crime,primary,15,20,12,44,39,0,5,0,0
2004-08,Organized Crime,primary,11,18,7,23,19,0,4,0,0
2004-09,Organized Crime,primary,22,101,17,37,31,0,6,0,0
2004-10,Organized Crime,primary,22,76,8,26,26,0,0,0,0
2004-11,Organized Crime,primary,9,58,18,23,23,0,0,0,0
2004-12,Organized Crime,primary,20,24,17,54,53,0,1,0,0
2005-01,Organized Crime,primary,25,109,13,82,82,0,0,0,0
2005-02,Organized Crime,primary,19,53,21,53,43,0,7,3,0
2005-03,Organized Crime,primary,18,85,30,68,68,0,0,0,0
2005-04,Organized Crime,primary,19,34,24,97,97,0,0,0,0
2005-05,Organized Crime,primary,20,83,21,50,48,0,1,1,0
2005-06,Organized Crime,primary,24,120,25,46,45,0,1,0,0
2005-07,Organized Crime,primary,16,113,17,82,38,0,44,0,0
2005-08,Organized Crime,primary,10,47,15,30,30,0,0,0,0
2005-09,Organized Crime,primary,14,99,21,55,48,0,7,0,0
2005-10,Organized Crime,primary,15,30,14,16,14,0,0,2,0
2005-11,Organized Crime,primary,10,22,14,40,37,0,3,0,0
2005-12,Organized Crime,primary,15,51,15,38,36,0,2,0,0
2006-01,Organized Crime,primary,11,33,16,37,37,0,0,0,0
2006-02,Organized Crime,primary,19,39,15,53,53,0,0,0,0
2006-03,Organized Crime,primary,12,78,24,78,68,6,4,0,0
2006-04,Organized Crime,primary,10,19,11,37,37,0,0,0,0
2006-05,Organized Crime,primary,13,40,28,69,65,1,3,0,0
2006-06,Organized Crime,primary,15,84,12,37,36,0,1,0,0
2006-07,Organized Crime,primary,7,28,14,36,36,0,0,0,0
2006-08,Organized Crime,primary,20,89,13,58,56,0,2,0,0
2006-09,Organized Crime,primary,14,19,10,27,25,0,2,0,0
2006-10,Organized Crime,primary,24,85,13,27,27,0,0,0,0
2006-11,Organized Crime,primary,9,20,9,12,12,0,0,0,0
2006-12,Organized Crime,primary,17,55,13,23,19,0,4,0,0
2007-01,Organized Crime,primary,13,30,17,59,56,0,3,0,0
2007-02,Organized Crime,primary,20,82,18,121,119,0,2,0,0
2007-03,Organized Crime,primary,11,33,15,25,22,1,1,0,1
2007-04,Organized Crime,primary,20,67,11,24,24,0,0,0,0
2007-05,Organized Crime,primary,28,33,20,40,38,0,2,0,0
2007-06,Organized Crime,primary,22,48,14,42,42,0,0,0,0
2007-07,Organized Crime,primary,13,65,8,13,13,0,0,0,0
2007-08,Organized Crime,primary,17,28,8,28,28,0,0,0,0
2007-09,Organized Crime,primary,20,113,14,43,43,0,0,0,0
2007-10,Organized Crime,primary,16,31,17,31,29,0,0,0,2
2007-11,Organized Crime,primary,14,27,19,26,26,0,0,0,0
2007-12,Organized Crime,primary,20,50,10,17,17,0,0,0,0
2008-01,Organized Crime,primary,16,28,15,41,40,0,1,0,0
2008-02,Organized Crime,primary,16,99,16,35,34,0,1,0,0
2008-03,Organized Crime,primary,17,26,20,71,71,0,0,0,0
2008-04,Organized Crime,primary,14,40,11,27,23,0,4,0,0
2008-05,Organized Crime,primary,34,97,18,61,61,0,0,0,0
2008-06,Organized Crime,primary,24,29,18,48,47,0,1,0,0
2008-07,Organized Crime,primary,27,70,20,68,67,0,1,0,0
2008-08,Organized Crime,primary,14,47,17,89,89,0,0,0,0
2008-09,Organized Crime,primary,19,58,19,47,46,0,1,0,0
2008-10,Organized Crime,primary,16,87,18,44,43,0,0,0,1
2008-11,Organized Crime,primary,17,32,16,71,71,0,0,0,0
2008-12,Organized Crime,primary,18,40,18,53,43,0,0,0,10
2009-01,Organized Crime,primary,17,35,11,15,15,0,0,0,0
2009-02,Organized Crime,primary,13,83,15,43,43,0,0,0,0
2009-03,Organized Crime,primary,22,51,20,125,86,0,0,0,39
2009-04,Organized Crime,primary,21,48,15,30,30,0,0,0,0
2009-05,Organized Crime,primary,25,66,13,21,21,0,0,0,0
2009-06,Organized Crime,primary,17,44,10,29,29,0,0,0,0
2009-07,Organized Crime,primary,20,51,21,77,77,0,0,0,0
2009-08,Organized Crime,primary,20,42,23,77,67,0,10,0,0
2009-09,Organized Crime,primary,13,62,22,97,96,0,0,0,1
2009-10,Organized Crime,primary,19,71,17,29,27,0,2,0,0
2009-11,Organized Crime,primary,17,25,17,45,45,0,0,0,0
2009-12,Organized Crime,primary,27,72,25,122,122,0,0,0,0
2010-01,Organized Crime,primary,34,75,14,46,46,0,0,0,0
2010-02,Organized Crime,primary,19,98,24,42,41,0,0,1,0
2010-03,Organized Crime,primary,34,70,30,57,54,2,1,0,0
2010-04,Organized Crime,primary,17,43,15,25,23,0,2,0,0
2010-05,Organized Crime,primary,26,72,14,32,27,0,5,0,0
2010-06,Organized Crime,primary,30,44,16,26,26,0,0,0,0
2010-07,Organized Crime,primary,25,39,17,35,28,3,3,1,0
2010-08,Organized Crime,primary,22,34,25,43,42,0,1,0,0
2010-09,Organized Crime,primary,38,103,19,46,43,0,3,0,0
2010-10,Organized Crime,primary,14,31,17,18,16,0,2,0,0
2010-11,Organized Crime,primary,22,39,26,83,83,0,0,0,0
2010-12,Organized Crime,primary,21,34,16,39,39,0,0,0,0
2011-01,Organized Crime,primary,23,148,23,64,64,0,0,0,0
2011-02,Organized Crime,primary,16,77,17,78,78,0,0,0,0
2011-03,Organized Crime,primary,21,83,33,78,76,0,1,0,1
2011-04,Organized Crime,primary,21,72,16,33,28,0,0,5,0
2011-05,Organized Crime,primary,21,62,32,70,70,0,0,0,0
2011-06,Organized Crime,primary,15,132,28,81,81,0,0,0,0
2011-07,Organized Crime,primary,21,35,13,20,18,0,2,0,0
2011-08,Organized Crime,primary,16,40,25,39,39,0,0,0,0
2011-09,Organized Crime,primary,12,15,33,53,49,0,4,0,0
2011-10,Organized Crime,primary,19,45,19,59,59,0,0,0,0
2011-11,Organized Crime,primary,13,30,25,55,55,0,0,0,0
2011-12,Organized Crime,primary,12,121,21,48,45,0,1,0,2
2012-01,Organized Crime,primary,12,56,16,50,50,0,0,0,0
2012-02,Organized Crime,primary,14,32,18,32,30,0,1,1,0
2012-03,Organized Crime,primary,10,24,26,99,97,0,2,0,0
2012-04,Organized Crime,primary,5,26,18,54,53,0,0,0,1
2012-05,Organized Crime,primary,14,63,24,97,97,0,0,0,0
2012-06,Organized Crime,primary,7,15,21,83,82,0,1,0,0
2012-07,Organized Crime,primary,15,65,17,31,31,0,0,0,0
2012-08,Organized Crime,primary,11,16,13,26,26,0,0,0,0
2012-09,Organized Crime,primary,7,14,12,30,30,0,0,0,0
2012-10,Organized Crime,primary,15,55,16,31,30,0,0,0,1
2012-11,Organized Crime,primary,13,40,11,74,74,0,0,0,0
2012-12,Organized Crime,primary,13,46,11,20,19,0,0,1,0
2013-01,Organized Crime,primary,8,43,16,57,55,0,2,0,0
2013-02,Organized Crime,primary,11,30,11,14,12,0,2,0,0
2013-03,Organized Crime,primary,6,10,13,56,56,0,0,0,0
2013-04,Organized Crime,primary,12,78,9,13,12,0,1,0,0
2013-05,Organized Crime,primary,10,16,9,21,21,0,0,0,0
2013-06,Organized Crime,primary,13,63,11,32,32,0,0,0,0
2013-07,Organized Crime,primary,15,29,13,14,14,0,0,0,0
2013-08,Organized Crime,primary,19,44,12,47,47,0,0,0,0
2013-09,Organized Crime,primary,13,110,15,54,50,0,4,0,0
2013-10,Organized Crime,primary,19,36,20,37,36,0,0,0,1
2013-11,Organized Crime,primary,12,44,17,44,43,0,1,0,0
2013-12,Organized Crime,primary,5,36,14,62,62,0,0,0,0
2014-01,Organized Crime,primary,12,25,13,48,48,0,0,0,0
2014-02,Organized Crime,primary,5,10,15,84,82,0,2,0,0
2014-03,Organized Crime,primary,19,102,14,62,62,0,0,0,0
2014-04,Organized Crime,primary,12,65,17,109,95,0,1,0,13
2014-05,Organized Crime,primary,4,12,14,30,30,0,0,0,0
2014-06,Organized Crime,primary,3,11,19,91,91,0,0,0,0
2014-07,Organized Crime,primary,15,31,13,15,15,0,0,0,0
2014-08,Organized Crime,primary,9,41,12,34,29,0,1,4,0
2014-09,Organized Crime,primary,3,3,11,64,59,0,0,0,5
2014-10,Organized Crime,primary,8,12,11,29,28,0,1,0,0
2014-11,Organized Crime,primary,7,17,5,24,24,0,0,0,0
2014-12,Organized Crime,primary,6,31,4,17,17,0,0,0,0
2015-01,Organized Crime,primary,7,11,11,31,31,0,0,0,0
2015-02,Organized Crime,primary,5,10,7,19,19,0,0,0,0
2015-03,Organized Crime,primary,5,49,10,38,38,0,0,0,0
2015-04,Organized Crime,primary,11,55,10,15,14,0,1,0,0
2015-05,Organized Crime,primary,9,68,11,50,50,0,0,0,0
2015-06,Organized Crime,primary,11,51,11,35,35,0,0,0,0
2015-07,Organized Crime,primary,11,174,17,44,43,0,1,0,0
2015-08,Organized Crime,primary,7,10,10,38,38,0,0,0,0
2015-09,Organized Crime,primary,6,12,7,21,21,0,0,0,0
2015-10,Organized Crime,primary,4,6,18,59,58,0,1,0,0
2015-11,Organized Crime,primary,3,3,13,53,52,1,0,0,0
2015-12,Organized Crime,primary,5,8,9,21,21,0,0,0,0
2016-01,Organized Crime,primary,7,23,12,89,89,0,0,0,0
2016-02,Organized Crime,primary,7,33,8,36,36,0,0,0,0
2016-03,Organized Crime,primary,5,13,7,26,25,0,1,0,0
2016-04,Organized Crime,primary,7,11,9,19,19,0,0,0,0
2016-05,Organized Crime,primary,5,23,8,35,33,0,2,0,0
2016-06,Organized Crime,primary,11,38,7,25,25,0,0,0,0
2016-07,Organized Crime,primary,12,44,4,10,10,0,0,0,0
2016-08,Organized Crime,primary,5,10,5,14,13,0,0,1,0
2016-09,Organized Crime,primary,12,33,4,18,16,0,0,0,2
2016-10,Organized Crime,primary,4,17,7,44,44,0,0,0,0
2016-11,Organized Crime,primary,6,7,13,26,26,0,0,0,0
2016-12,Organized Crime,primary,9,10,14,84,84,0,0,0,0
2017-01,Organized Crime,primary,3,8,7,49,44,0,5,0,0
2017-02,Organized Crime,primary,10,36,5,12,12,0,0,0,0
2017-03,Organized Crime,primary,17,43,16,42,38,0,2,0,2
2017-04,Organized Crime,primary,1,2,7,23,22,1,0,0,0
2017-05,Organized Crime,primary,6,30,12,28,27,0,1,0,0
2017-06,Organized Crime,primary,9,66,7,34,34,0,0,0,0
2017-07,Organized Crime,primary,5,30,6,18,18,0,0,0,0
2017-08,Organized Crime,primary,7,33,10,37,36,0,1,0,0
2017-09,Organized Crime,primary,6,62,16,48,46,0,2,0,0
2017-10,Organized Crime,primary,12,41,6,9,9,0,0,0,0
2017-11,Organized Crime,primary,14,48,4,36,36,0,0,0,0
2017-12,Organized Crime,primary,3,5,8,55,55,0,0,0,0
2018-01,Organized Crime,primary,11,54,7,15,15,0,0,0,0
2018-02,Organized Crime,primary,13,52,6,12,12,0,0,0,0
2018-03,Organized Crime,primary,7,25,7,50,47,0,3,0,0
2018-04,Organized Crime,primary,10,20,9,30,29,0,1,0,0
2018-05,Organized Crime,primary,4,13,5,12,12,0,0,0,0
2018-06,Organized Crime,primary,14,44,8,14,14,0,0,0,0
2018-07,Organized Crime,primary,5,19,11,42,18,0,3,0,21
2018-08,Organized Crime,primary,7,33,7,10,10,0,0,0,0
2018-09,Organized Crime,primary,11,36,8,19,19,0,0,0,0
2018-10,Organized Crime,primary,10,34,10,54,54,0,0,0,0
2018-11,Organized Crime,primary,10,29,7,28,28,0,0,0,0
2018-12,Organized Crime,primary,6,11,4,10,10,0,0,0,0
2019-01,Organized Crime,primary,7,31,10,48,45,0,3,0,0
2019-02,Organized Crime,primary,7,15,16,59,57,0,2,0,0
2019-03,Organized Crime,primary,12,247,15,61,59,0,2,0,0
2019-04,Organized Crime,primary,12,57,13,62,62,0,0,0,0
2019-05,Organized Crime,primary,8,17,11,71,71,0,0,0,0
2019-06,Organized Crime,primary,9,21,10,34,33,0,1,0,0
2019-07,Organized Crime,primary,11,40,12,85,85,0,0,0,0
2019-08,Organized Crime,primary,6,9,4,9,9,0,0,0,0
2019-09,Organized Crime,primary,14,51,8,34,33,0,1,0,0
2019-10,Organized Crime,primary,9,30,10,18,15,0,0,0,3
2019-11,Organized Crime,primary,7,17,9,58,58,0,0,0,0
2019-12,Organized Crime,primary,6,25,5,9,9,0,0,0,0
2020-01,Organized Crime,primary,4,23,0,0,0,0,0,0,0
2020-02,Organized Crime,primary,5,15,5,7,7,0,0,0,0
2020-03,Organized Crime,primary,5,6,6,31,31,0,0,0,0
2020-04,Organized Crime,primary,0,0,1,1,1,0,0,0,0
2020-05,Organized Crime,primary,4,39,1,3,3,0,0,0,0
2020-06,Organized Crime,primary,3,6,7,19,18,0,1,0,0
2020-07,Organized Crime,primary,10,23,10,28,27,0,1,0,0
2020-08,Organized Crime,primary,6,11,6,14,10,0,4,0,0
2020-09,Organized Crime,primary,6,38,8,44,44,0,0,0,0
2020-10,Organized Crime,primary,8,40,5,19,19,0,0,0,0
2020-11,Organized Crime,primary,7,12,5,17,13,0,4,0,0
2020-12,Organized Crime,primary,11,42,1,1,1,0,0,0,0
2021-01,Organized Crime,primary,8,23,4,29,29,0,0,0,0
2021-02,Organized Crime,primary,8,27,3,21,21,0,0,0,0
2021-03,Organized Crime,primary,7,22,5,10,10,0,0,0,0
2021-04,Organized Crime,primary,20,28,5,17,17,0,0,0,0
2021-05,Organized Crime,primary,6,11,7,14,14,0,0,0,0
2021-06,Organized Crime,primary,6,14,6,13,12,0,1,0,0
2021-07,Organized Crime,primary,18,31,6,36,29,0,7,0,0
2021-08,Organized Crime,primary,5,24,6,8,8,0,0,0,0
2021-09,Organized Crime,primary,10,36,5,7,7,0,0,0,0
2021-10,Organized Crime,primary,0,0,11,26,25,0,1,0,0
2021-11,Organized Crime,primary,1,6,8,17,17,0,0,0,0
2021-12,Organized Crime,primary,7,23,6,21,21,0,0,0,0
2022-01,Organized Crime,primary,6,7,7,12,11,0,0,1,0
2022-02,Organized Crime,primary,6,8,7,34,33,0,1,0,0
2022-03,Organized Crime,primary,6,41,8,26,26,0,0,0,0
2022-04,Organized Crime,primary,10,51,5,7,7,0,0,0,0
2022-05,Organized Crime,primary,4,19,12,18,18,0,0,0,0
2022-06,Organized Crime,primary,4,18,7,18,18,0,0,0,0
2022-07,Organized Crime,primary,5,41,3,3,3,0,0,0,0
2022-08,Organized Crime,primary,7,17,5,9,6,0,0,0,3
2022-09,Organized Crime,primary,6,12,7,26,26,0,0,0,0
2022-10,Organized Crime,primary,4,9,6,25,24,0,1,0,0
2022-11,Organized Crime,primary,8,24,10,49,49,0,0,0,0
2022-12,Organized Crime,primary,2,5,8,31,31,0,0,0,0
2023-01,Organized Crime,primary,5,18,8,18,16,0,0,2,0
2023-02,Organized Crime,primary,4,5,6,37,37,0,0,0,0
2023-03,Organized Crime,primary,5,13,11,60,48,0,12,0,0
2023-04,Organized Crime,primary,2,3,3,4,3,0,1,0,0
2023-05,Organized Crime,primary,5,37,9,26,19,0,0,0,7
2023-06,Organized Crime,primary,5,16,14,58,51,0,2,0,5
2023-07,Organized Crime,primary,1,1,9,26,26,0,0,0,0
2023-08,Organized Crime,primary,3,9,12,27,25,0,1,0,1
2023-09,Organized Crime,primary,6,38,6,41,41,0,0,0,0
2023-10,Organized Crime,primary,8,26,4,22,22,0,0,0,0
2023-11,Organized Crime,primary,4,31,7,36,36,0,0,0,0
2023-12,Organized Crime,primary,7,8,4,6,6,0,0,0,0
2024-01,Organized Crime,primary,1,1,4,5,4,1,0,0,0
2024-02,Organized Crime,primary,8,11,6,8,8,0,0,0,0
2024-03,Organized Crime,primary,3,5,4,7,5,2,0,0,0
2024-04,Organized Crime,primary,14,67,11,68,64,0,0,0,4
2024-05,Organized Crime,primary,4,17,7,14,14,0,0,0,0
2024-06,Organized Crime,primary,6,7,3,9,9,0,0,0,0
2024-07,Organized Crime,primary,6,11,5,205,24,0,0,0,181
2024-08,Organized Crime,primary,6,18,6,11,11,0,0,0,0
2024-09,Organized Crime,primary,10,50,5,25,25,0,0,0,0
2024-10,Organized Crime,primary,15,48,4,4,4,0,0,0,0
2024-11,Organized Crime,primary,6,11,3,16,16,0,0,0,0
2024-12,Organized Crime,primary,5,5,3,3,2,0,1,0,0
2025-01,Organized Crime,primary,2,4,6,25,25,0,0,0,0
2025-02,Organized Crime,primary,10,39,8,42,40,0,0,0,2
2025-03,Organized Crime,primary,8,31,5,27,27,0,0,0,0
2025-04,Organized Crime,primary,12,17,10,38,34,0,3,0,1
2025-05,Organized Crime,primary,2,3,9,10,5,0,5,0,0
2025-06,Organized Crime,primary,8,40,10,26,24,0,0,0,2
2025-07,Organized Crime,primary,8,10,6,11,10,0,1,0,0
2025-08,Organized Crime,primary,7,26,2,2,1,0,1,0,0
2025-09,Organized Crime,primary,9,16,9,19,19,0,0,0,0
2025-10,Organized Crime,primary,9,50,9,52,46,0,0,0,6
2025-11,Organized Crime,primary,9,47,5,13,13,0,0,0,0
2025-12,Organized Crime,primary,15,37,8,10,10,0,0,0,0
2026-01,Organized Crime,primary,3,22,5,9,9,0,0,0,0
2026-02,Organized Crime,primary,5,7,2,19,19,0,0,0,0
2026-03,Organized Crime,primary,11,26,4,7,4,0,0,0,3
2026-04,Organized Crime,primary,10,52,1,25,25,0,0,0,0
2026-05,Organized Crime,primary,9,24,1,3,3,0,0,0,0
2026-06,Organized Crime,primary,8,53,2,12,12,0,0,0,0
1994-12,Terrorism/National Security Critical Infrastructure,all,0,0,1,5,5,0,0,0,0
1995-01,Terrorism/National Security Critical Infrastructure,all,1,1,0,0,0,0,0,0,0
1995-04,Terrorism/National Security Critical Infrastructure,all,1,1,0,0,0,0,0,0,0
1995-05,Terrorism/National Security Critical Infrastructure,all,1,5,0,0,0,0,0,0,0
1995-06,Terrorism/National Security Critical Infrastructure,all,2,3,0,0,0,0,0,0,0
1995-07,Terrorism/National Security Critical Infrastructure,all,0,0,1,1,1,0,0,0,0
1995-08,Terrorism/National Security Critical Infrastructure,all,3,5,0,0,0,0,0,0,0
1995-11,Terrorism/National Security Critical Infrastructure,all,1,1,1,1,1,0,0,0,0
1995-12,Terrorism/National Security Critical Infrastructure,all,1,14,0,0,0,0,0,0,0
1996-01,Terrorism/National Security Critical Infrastructure,all,1,1,0,0,0,0,0,0,0
1996-02,Terrorism/National Security Critical Infrastructure,all,2,6,0,0,0,0,0,0,0
1996-04,Terrorism/National Security Critical Infrastructure,all,0,0,2,3,2,0,1,0,0
1996-05,Terrorism/National Security Critical Infrastructure,all,2,2,2,2,2,0,0,0,0
1996-06,Terrorism/National Security Critical Infrastructure,all,2,11,0,0,0,0,0,0,0
1996-08,Terrorism/National Security Critical Infrastructure,all,4,11,0,0,0,0,0,0,0
1996-09,Terrorism/National Security Critical Infrastructure,all,2,2,3,3,2,1,0,0,0
1996-10,Terrorism/National Security Critical Infrastructure,all,2,2,1,5,5,0,0,0,0
1996-11,Terrorism/National Security Critical Infrastructure,all,5,11,0,0,0,0,0,0,0
1996-12,Terrorism/National Security Critical Infrastructure,all,0,0,3,7,1,0,6,0,0
1997-01,Terrorism/National Security Critical Infrastructure,all,1,2,0,0,0,0,0,0,0
1997-02,Terrorism/National Security Critical Infrastructure,all,0,0,1,1,1,0,0,0,0
1997-03,Terrorism/National Security Critical Infrastructure,all,1,1,2,3,3,0,0,0,0
1997-04,Terrorism/National Security Critical Infrastructure,all,4,5,0,0,0,0,0,0,0
1997-05,Terrorism/National Security Critical Infrastructure,all,1,4,1,1,0,1,0,0,0
1997-06,Terrorism/National Security Critical Infrastructure,all,2,2,2,2,1,0,1,0,0
1997-07,Terrorism/National Security Critical Infrastructure,all,5,11,1,3,0,3,0,0,0
1997-08,Terrorism/National Security Critical Infrastructure,all,3,5,2,2,2,0,0,0,0
1997-09,Terrorism/National Security Critical Infrastructure,all,4,4,1,4,4,0,0,0,0
1997-10,Terrorism/National Security Critical Infrastructure,all,6,6,2,3,2,0,1,0,0
1997-11,Terrorism/National Security Critical Infrastructure,all,1,1,0,0,0,0,0,0,0
1997-12,Terrorism/National Security Critical Infrastructure,all,2,3,2,2,2,0,0,0,0
1998-01,Terrorism/National Security Critical Infrastructure,all,0,0,3,6,5,0,1,0,0
1998-02,Terrorism/National Security Critical Infrastructure,all,4,9,6,8,8,0,0,0,0
1998-03,Terrorism/National Security Critical Infrastructure,all,1,4,6,12,11,0,0,1,0
1998-04,Terrorism/National Security Critical Infrastructure,all,4,8,3,9,9,0,0,0,0
1998-05,Terrorism/National Security Critical Infrastructure,all,3,3,3,3,2,0,1,0,0
1998-06,Terrorism/National Security Critical Infrastructure,all,4,4,2,12,12,0,0,0,0
1998-07,Terrorism/National Security Critical Infrastructure,all,2,4,0,0,0,0,0,0,0
1998-08,Terrorism/National Security Critical Infrastructure,all,3,3,1,1,0,0,1,0,0
1998-09,Terrorism/National Security Critical Infrastructure,all,6,41,4,5,4,1,0,0,0
1998-10,Terrorism/National Security Critical Infrastructure,all,2,2,2,2,2,0,0,0,0
1998-11,Terrorism/National Security Critical Infrastructure,all,3,5,5,5,5,0,0,0,0
1998-12,Terrorism/National Security Critical Infrastructure,all,2,2,6,9,7,1,1,0,0
1999-01,Terrorism/National Security Critical Infrastructure,all,4,9,3,8,8,0,0,0,0
1999-02,Terrorism/National Security Critical Infrastructure,all,2,2,1,3,3,0,0,0,0
1999-03,Terrorism/National Security Critical Infrastructure,all,1,11,4,19,17,0,0,0,2
1999-04,Terrorism/National Security Critical Infrastructure,all,4,11,2,3,3,0,0,0,0
1999-05,Terrorism/National Security Critical Infrastructure,all,7,7,2,2,1,0,1,0,0
1999-06,Terrorism/National Security Critical Infrastructure,all,5,5,2,2,2,0,0,0,0
1999-07,Terrorism/National Security Critical Infrastructure,all,1,1,8,15,14,0,1,0,0
1999-08,Terrorism/National Security Critical Infrastructure,all,6,9,4,4,4,0,0,0,0
1999-09,Terrorism/National Security Critical Infrastructure,all,3,3,2,10,10,0,0,0,0
1999-10,Terrorism/National Security Critical Infrastructure,all,4,4,2,11,10,1,0,0,0
1999-11,Terrorism/National Security Critical Infrastructure,all,4,6,1,1,1,0,0,0,0
1999-12,Terrorism/National Security Critical Infrastructure,all,9,20,3,3,2,0,1,0,0
2000-01,Terrorism/National Security Critical Infrastructure,all,6,13,3,3,2,1,0,0,0
2000-02,Terrorism/National Security Critical Infrastructure,all,3,3,3,3,3,0,0,0,0
2000-03,Terrorism/National Security Critical Infrastructure,all,3,6,3,5,5,0,0,0,0
2000-04,Terrorism/National Security Critical Infrastructure,all,3,3,5,5,4,0,1,0,0
2000-05,Terrorism/National Security Critical Infrastructure,all,5,5,6,21,21,0,0,0,0
2000-06,Terrorism/National Security Critical Infrastructure,all,11,20,10,16,6,0,0,0,10
2000-07,Terrorism/National Security Critical Infrastructure,all,2,33,4,8,8,0,0,0,0
2000-08,Terrorism/National Security Critical Infrastructure,all,2,2,6,9,7,0,1,0,1
2000-09,Terrorism/National Security Critical Infrastructure,all,6,6,6,9,8,0,1,0,0
2000-10,Terrorism/National Security Critical Infrastructure,all,8,17,10,23,11,0,1,0,11
2000-11,Terrorism/National Security Critical Infrastructure,all,4,6,5,11,4,0,7,0,0
2000-12,Terrorism/National Security Critical Infrastructure,all,3,5,2,7,7,0,0,0,0
2001-01,Terrorism/National Security Critical Infrastructure,all,4,8,3,7,2,0,0,5,0
2001-02,Terrorism/National Security Critical Infrastructure,all,3,4,3,3,1,0,2,0,0
2001-03,Terrorism/National Security Critical Infrastructure,all,2,10,2,2,2,0,0,0,0
2001-04,Terrorism/National Security Critical Infrastructure,all,1,1,2,2,2,0,0,0,0
2001-05,Terrorism/National Security Critical Infrastructure,all,3,11,1,3,3,0,0,0,0
2001-06,Terrorism/National Security Critical Infrastructure,all,9,25,1,1,0,1,0,0,0
2001-07,Terrorism/National Security Critical Infrastructure,all,5,8,1,1,0,0,1,0,0
2001-08,Terrorism/National Security Critical Infrastructure,all,4,5,2,3,3,0,0,0,0
2001-09,Terrorism/National Security Critical Infrastructure,all,10,20,2,2,1,0,1,0,0
2001-10,Terrorism/National Security Critical Infrastructure,all,28,34,2,4,4,0,0,0,0
2001-11,Terrorism/National Security Critical Infrastructure,all,30,37,6,8,4,0,4,0,0
2001-12,Terrorism/National Security Critical Infrastructure,all,28,30,7,9,8,0,1,0,0
2002-01,Terrorism/National Security Critical Infrastructure,all,28,30,13,16,15,0,1,0,0
2002-02,Terrorism/National Security Critical Infrastructure,all,24,41,8,8,8,0,0,0,0
2002-03,Terrorism/National Security Critical Infrastructure,all,73,74,16,21,20,0,1,0,0
2002-04,Terrorism/National Security Critical Infrastructure,all,140,159,86,87,86,0,1,0,0
2002-05,Terrorism/National Security Critical Infrastructure,all,33,38,45,45,40,1,4,0,0
2002-06,Terrorism/National Security Critical Infrastructure,all,30,50,74,74,45,1,27,0,1
2002-07,Terrorism/National Security Critical Infrastructure,all,27,36,27,36,29,0,7,0,0
2002-08,Terrorism/National Security Critical Infrastructure,all,13,14,23,31,25,0,6,0,0
2002-09,Terrorism/National Security Critical Infrastructure,all,30,35,21,26,23,0,3,0,0
2002-10,Terrorism/National Security Critical Infrastructure,all,24,44,22,30,30,0,0,0,0
2002-11,Terrorism/National Security Critical Infrastructure,all,15,23,17,20,18,0,2,0,0
2002-12,Terrorism/National Security Critical Infrastructure,all,10,15,20,21,16,1,4,0,0
2003-01,Terrorism/National Security Critical Infrastructure,all,28,35,21,21,20,0,1,0,0
2003-02,Terrorism/National Security Critical Infrastructure,all,22,57,12,13,11,1,0,1,0
2003-03,Terrorism/National Security Critical Infrastructure,all,17,36,14,15,14,1,0,0,0
2003-04,Terrorism/National Security Critical Infrastructure,all,25,50,16,23,21,0,1,1,0
2003-05,Terrorism/National Security Critical Infrastructure,all,21,28,11,14,14,0,0,0,0
2003-06,Terrorism/National Security Critical Infrastructure,all,17,28,15,21,20,0,1,0,0
2003-07,Terrorism/National Security Critical Infrastructure,all,19,34,21,24,21,1,2,0,0
2003-08,Terrorism/National Security Critical Infrastructure,all,17,30,15,18,17,0,1,0,0
2003-09,Terrorism/National Security Critical Infrastructure,all,21,23,18,19,17,0,2,0,0
2003-10,Terrorism/National Security Critical Infrastructure,all,27,33,17,23,17,3,3,0,0
2003-11,Terrorism/National Security Critical Infrastructure,all,12,13,16,21,21,0,0,0,0
2003-12,Terrorism/National Security Critical Infrastructure,all,35,44,15,28,27,0,1,0,0
2004-01,Terrorism/National Security Critical Infrastructure,all,15,27,14,24,21,0,3,0,0
2004-02,Terrorism/National Security Critical Infrastructure,all,20,27,13,17,12,0,2,0,3
2004-03,Terrorism/National Security Critical Infrastructure,all,26,28,25,26,23,0,1,2,0
2004-04,Terrorism/National Security Critical Infrastructure,all,17,45,15,16,14,0,2,0,0
2004-05,Terrorism/National Security Critical Infrastructure,all,18,34,10,17,15,0,2,0,0
2004-06,Terrorism/National Security Critical Infrastructure,all,22,28,9,11,9,0,1,1,0
2004-07,Terrorism/National Security Critical Infrastructure,all,27,59,13,20,13,7,0,0,0
2004-08,Terrorism/National Security Critical Infrastructure,all,14,23,19,21,15,0,6,0,0
2004-09,Terrorism/National Security Critical Infrastructure,all,42,70,16,27,17,0,1,9,0
2004-10,Terrorism/National Security Critical Infrastructure,all,21,41,8,9,8,0,0,1,0
2004-11,Terrorism/National Security Critical Infrastructure,all,23,61,16,16,14,0,2,0,0
2004-12,Terrorism/National Security Critical Infrastructure,all,18,18,15,18,15,2,1,0,0
2005-01,Terrorism/National Security Critical Infrastructure,all,18,27,12,18,14,1,3,0,0
2005-02,Terrorism/National Security Critical Infrastructure,all,18,36,12,14,14,0,0,0,0
2005-03,Terrorism/National Security Critical Infrastructure,all,27,35,14,19,18,0,0,0,1
2005-04,Terrorism/National Security Critical Infrastructure,all,25,57,18,25,20,2,3,0,0
2005-05,Terrorism/National Security Critical Infrastructure,all,25,43,17,25,23,0,2,0,0
2005-06,Terrorism/National Security Critical Infrastructure,all,20,34,15,17,15,0,2,0,0
2005-07,Terrorism/National Security Critical Infrastructure,all,14,25,14,22,20,0,1,1,0
2005-08,Terrorism/National Security Critical Infrastructure,all,22,53,19,26,22,1,3,0,0
2005-09,Terrorism/National Security Critical Infrastructure,all,22,24,17,41,38,2,0,1,0
2005-10,Terrorism/National Security Critical Infrastructure,all,26,40,20,25,24,0,1,0,0
2005-11,Terrorism/National Security Critical Infrastructure,all,16,22,17,22,22,0,0,0,0
2005-12,Terrorism/National Security Critical Infrastructure,all,17,24,16,19,17,0,2,0,0
2006-01,Terrorism/National Security Critical Infrastructure,all,12,47,15,21,16,2,0,0,3
2006-02,Terrorism/National Security Critical Infrastructure,all,16,36,17,26,25,1,0,0,0
2006-03,Terrorism/National Security Critical Infrastructure,all,21,29,17,21,16,0,4,1,0
2006-04,Terrorism/National Security Critical Infrastructure,all,4,7,14,21,20,1,0,0,0
2006-05,Terrorism/National Security Critical Infrastructure,all,19,50,25,35,33,0,2,0,0
2006-06,Terrorism/National Security Critical Infrastructure,all,12,20,11,13,13,0,0,0,0
2006-07,Terrorism/National Security Critical Infrastructure,all,21,23,14,15,13,0,2,0,0
2006-08,Terrorism/National Security Critical Infrastructure,all,17,23,22,29,29,0,0,0,0
2006-09,Terrorism/National Security Critical Infrastructure,all,28,57,12,16,14,0,2,0,0
2006-10,Terrorism/National Security Critical Infrastructure,all,16,20,8,25,25,0,0,0,0
2006-11,Terrorism/National Security Critical Infrastructure,all,24,37,14,19,19,0,0,0,0
2006-12,Terrorism/National Security Critical Infrastructure,all,14,16,8,10,9,0,1,0,0
2007-01,Terrorism/National Security Critical Infrastructure,all,5,7,13,14,13,0,1,0,0
2007-02,Terrorism/National Security Critical Infrastructure,all,14,31,12,14,8,1,5,0,0
2007-03,Terrorism/National Security Critical Infrastructure,all,23,59,9,11,7,0,4,0,0
2007-04,Terrorism/National Security Critical Infrastructure,all,20,38,16,24,21,0,2,1,0
2007-05,Terrorism/National Security Critical Infrastructure,all,19,29,17,25,24,0,1,0,0
2007-06,Terrorism/National Security Critical Infrastructure,all,35,119,17,19,18,0,0,0,1
2007-07,Terrorism/National Security Critical Infrastructure,all,20,29,7,8,8,0,0,0,0
2007-08,Terrorism/National Security Critical Infrastructure,all,22,36,19,28,24,0,4,0,0
2007-09,Terrorism/National Security Critical Infrastructure,all,18,28,14,22,21,0,1,0,0
2007-10,Terrorism/National Security Critical Infrastructure,all,23,26,28,49,45,0,0,4,0
2007-11,Terrorism/National Security Critical Infrastructure,all,21,37,29,43,41,0,2,0,0
2007-12,Terrorism/National Security Critical Infrastructure,all,18,34,27,40,37,1,2,0,0
2008-01,Terrorism/National Security Critical Infrastructure,all,16,24,24,43,30,0,13,0,0
2008-02,Terrorism/National Security Critical Infrastructure,all,16,23,14,31,30,0,1,0,0
2008-03,Terrorism/National Security Critical Infrastructure,all,17,32,24,43,38,1,4,0,0
2008-04,Terrorism/National Security Critical Infrastructure,all,17,29,32,37,28,1,6,2,0
2008-05,Terrorism/National Security Critical Infrastructure,all,30,40,14,16,15,0,1,0,0
2008-06,Terrorism/National Security Critical Infrastructure,all,23,38,26,38,37,0,1,0,0
2008-07,Terrorism/National Security Critical Infrastructure,all,25,37,16,39,38,0,1,0,0
2008-08,Terrorism/National Security Critical Infrastructure,all,16,24,14,15,14,1,0,0,0
2008-09,Terrorism/National Security Critical Infrastructure,all,22,30,18,25,24,0,1,0,0
2008-10,Terrorism/National Security Critical Infrastructure,all,19,57,31,75,71,0,4,0,0
2008-11,Terrorism/National Security Critical Infrastructure,all,18,26,5,8,8,0,0,0,0
2008-12,Terrorism/National Security Critical Infrastructure,all,21,38,24,41,37,1,3,0,0
2009-01,Terrorism/National Security Critical Infrastructure,all,19,24,23,30,27,0,3,0,0
2009-02,Terrorism/National Security Critical Infrastructure,all,19,53,17,24,22,0,2,0,0
2009-03,Terrorism/National Security Critical Infrastructure,all,24,42,20,28,28,0,0,0,0
2009-04,Terrorism/National Security Critical Infrastructure,all,19,38,17,29,29,0,0,0,0
2009-05,Terrorism/National Security Critical Infrastructure,all,22,28,23,36,31,0,4,1,0
2009-06,Terrorism/National Security Critical Infrastructure,all,9,15,21,26,25,0,1,0,0
2009-07,Terrorism/National Security Critical Infrastructure,all,11,26,16,24,21,0,3,0,0
2009-08,Terrorism/National Security Critical Infrastructure,all,17,27,16,26,24,1,1,0,0
2009-09,Terrorism/National Security Critical Infrastructure,all,20,27,20,29,25,0,2,2,0
2009-10,Terrorism/National Security Critical Infrastructure,all,21,34,13,21,19,0,2,0,0
2009-11,Terrorism/National Security Critical Infrastructure,all,20,101,20,35,35,0,0,0,0
2009-12,Terrorism/National Security Critical Infrastructure,all,23,45,14,20,17,0,2,0,1
2010-01,Terrorism/National Security Critical Infrastructure,all,9,13,21,30,23,5,1,0,1
2010-02,Terrorism/National Security Critical Infrastructure,all,19,29,21,51,50,0,1,0,0
2010-03,Terrorism/National Security Critical Infrastructure,all,22,34,26,40,39,0,1,0,0
2010-04,Terrorism/National Security Critical Infrastructure,all,31,53,17,25,24,1,0,0,0
2010-05,Terrorism/National Security Critical Infrastructure,all,24,35,30,62,49,0,12,1,0
2010-06,Terrorism/National Security Critical Infrastructure,all,23,41,18,23,21,0,2,0,0
2010-07,Terrorism/National Security Critical Infrastructure,all,22,45,16,25,20,0,5,0,0
2010-08,Terrorism/National Security Critical Infrastructure,all,13,15,14,17,15,0,2,0,0
2010-09,Terrorism/National Security Critical Infrastructure,all,26,31,27,52,48,0,3,0,1
2010-10,Terrorism/National Security Critical Infrastructure,all,21,32,17,30,29,0,1,0,0
2010-11,Terrorism/National Security Critical Infrastructure,all,13,27,15,25,22,0,2,1,0
2010-12,Terrorism/National Security Critical Infrastructure,all,22,51,20,21,20,0,1,0,0
2011-01,Terrorism/National Security Critical Infrastructure,all,20,36,28,58,54,1,3,0,0
2011-02,Terrorism/National Security Critical Infrastructure,all,22,37,14,20,19,0,1,0,0
2011-03,Terrorism/National Security Critical Infrastructure,all,23,42,23,45,36,1,8,0,0
2011-04,Terrorism/National Security Critical Infrastructure,all,24,34,12,20,15,0,5,0,0
2011-05,Terrorism/National Security Critical Infrastructure,all,18,29,22,45,32,0,13,0,0
2011-06,Terrorism/National Security Critical Infrastructure,all,22,40,16,38,36,0,1,0,1
2011-07,Terrorism/National Security Critical Infrastructure,all,20,28,17,32,30,0,2,0,0
2011-08,Terrorism/National Security Critical Infrastructure,all,17,35,18,28,28,0,0,0,0
2011-09,Terrorism/National Security Critical Infrastructure,all,13,20,17,41,22,0,19,0,0
2011-10,Terrorism/National Security Critical Infrastructure,all,18,19,17,19,17,0,2,0,0
2011-11,Terrorism/National Security Critical Infrastructure,all,20,44,17,19,13,0,6,0,0
2011-12,Terrorism/National Security Critical Infrastructure,all,14,33,19,26,24,1,1,0,0
2012-01,Terrorism/National Security Critical Infrastructure,all,12,17,16,21,19,0,2,0,0
2012-02,Terrorism/National Security Critical Infrastructure,all,22,34,15,24,23,0,1,0,0
2012-03,Terrorism/National Security Critical Infrastructure,all,27,50,17,58,49,0,7,2,0
2012-04,Terrorism/National Security Critical Infrastructure,all,28,51,15,32,32,0,0,0,0
2012-05,Terrorism/National Security Critical Infrastructure,all,22,32,33,58,55,2,1,0,0
2012-06,Terrorism/National Security Critical Infrastructure,all,19,29,25,35,34,0,1,0,0
2012-07,Terrorism/National Security Critical Infrastructure,all,24,47,14,23,22,0,1,0,0
2012-08,Terrorism/National Security Critical Infrastructure,all,19,24,17,31,27,1,3,0,0
2012-09,Terrorism/National Security Critical Infrastructure,all,13,17,19,25,17,0,7,1,0
2012-10,Terrorism/National Security Critical Infrastructure,all,16,23,18,29,27,1,0,1,0
2012-11,Terrorism/National Security Critical Infrastructure,all,24,43,17,24,19,1,4,0,0
2012-12,Terrorism/National Security Critical Infrastructure,all,14,28,18,22,20,0,2,0,0
2013-01,Terrorism/National Security Critical Infrastructure,all,17,19,19,23,20,0,3,0,0
2013-02,Terrorism/National Security Critical Infrastructure,all,14,18,13,23,22,0,1,0,0
2013-03,Terrorism/National Security Critical Infrastructure,all,14,20,22,37,35,0,2,0,0
2013-04,Terrorism/National Security Critical Infrastructure,all,18,31,16,20,19,0,1,0,0
2013-05,Terrorism/National Security Critical Infrastructure,all,23,34,30,63,47,1,15,0,0
2013-06,Terrorism/National Security Critical Infrastructure,all,22,40,17,33,30,1,2,0,0
2013-07,Terrorism/National Security Critical Infrastructure,all,20,34,22,27,21,1,5,0,0
2013-08,Terrorism/National Security Critical Infrastructure,all,21,29,17,26,26,0,0,0,0
2013-09,Terrorism/National Security Critical Infrastructure,all,19,20,32,41,31,1,9,0,0
2013-10,Terrorism/National Security Critical Infrastructure,all,17,30,14,21,20,0,1,0,0
2013-11,Terrorism/National Security Critical Infrastructure,all,20,30,10,31,30,0,1,0,0
2013-12,Terrorism/National Security Critical Infrastructure,all,15,19,13,19,13,1,4,1,0
2014-01,Terrorism/National Security Critical Infrastructure,all,14,17,24,54,49,0,5,0,0
2014-02,Terrorism/National Security Critical Infrastructure,all,18,21,17,32,31,0,1,0,0
2014-03,Terrorism/National Security Critical Infrastructure,all,17,20,18,29,24,0,5,0,0
2014-04,Terrorism/National Security Critical Infrastructure,all,13,23,24,58,56,0,2,0,0
2014-05,Terrorism/National Security Critical Infrastructure,all,16,30,20,34,30,1,3,0,0
2014-06,Terrorism/National Security Critical Infrastructure,all,18,32,15,28,20,0,8,0,0
2014-07,Terrorism/National Security Critical Infrastructure,all,19,39,18,31,31,0,0,0,0
2014-08,Terrorism/National Security Critical Infrastructure,all,17,18,12,22,21,0,1,0,0
2014-09,Terrorism/National Security Critical Infrastructure,all,21,41,22,53,52,0,0,0,1
2014-10,Terrorism/National Security Critical Infrastructure,all,21,48,22,42,41,1,0,0,0
2014-11,Terrorism/National Security Critical Infrastructure,all,9,17,16,29,27,1,1,0,0
2014-12,Terrorism/National Security Critical Infrastructure,all,11,13,21,22,22,0,0,0,0
2015-01,Terrorism/National Security Critical Infrastructure,all,10,13,16,20,20,0,0,0,0
2015-02,Terrorism/National Security Critical Infrastructure,all,18,31,18,30,29,0,1,0,0
2015-03,Terrorism/National Security Critical Infrastructure,all,22,31,15,22,19,0,2,1,0
2015-04,Terrorism/National Security Critical Infrastructure,all,27,45,16,22,20,0,2,0,0
2015-05,Terrorism/National Security Critical Infrastructure,all,17,20,18,30,26,0,4,0,0
2015-06,Terrorism/National Security Critical Infrastructure,all,13,21,19,28,24,3,1,0,0
2015-07,Terrorism/National Security Critical Infrastructure,all,23,28,14,24,22,0,2,0,0
2015-08,Terrorism/National Security Critical Infrastructure,all,14,21,27,37,35,0,1,1,0
2015-09,Terrorism/National Security Critical Infrastructure,all,13,21,14,26,25,0,1,0,0
2015-10,Terrorism/National Security Critical Infrastructure,all,15,21,16,19,12,1,6,0,0
2015-11,Terrorism/National Security Critical Infrastructure,all,10,12,13,14,14,0,0,0,0
2015-12,Terrorism/National Security Critical Infrastructure,all,23,69,14,16,15,0,1,0,0
2016-01,Terrorism/National Security Critical Infrastructure,all,11,36,16,23,21,0,2,0,0
2016-02,Terrorism/National Security Critical Infrastructure,all,17,73,14,17,12,0,5,0,0
2016-03,Terrorism/National Security Critical Infrastructure,all,10,11,13,33,23,0,10,0,0
2016-04,Terrorism/National Security Critical Infrastructure,all,13,17,12,20,11,0,9,0,0
2016-05,Terrorism/National Security Critical Infrastructure,all,6,9,15,20,18,0,2,0,0
2016-06,Terrorism/National Security Critical Infrastructure,all,7,8,11,17,11,0,6,0,0
2016-07,Terrorism/National Security Critical Infrastructure,all,14,21,11,28,27,0,1,0,0
2016-08,Terrorism/National Security Critical Infrastructure,all,14,20,12,18,14,1,3,0,0
2016-09,Terrorism/National Security Critical Infrastructure,all,17,30,14,18,16,1,1,0,0
2016-10,Terrorism/National Security Critical Infrastructure,all,12,33,19,34,31,0,3,0,0
2016-11,Terrorism/National Security Critical Infrastructure,all,18,23,13,22,20,0,2,0,0
2016-12,Terrorism/National Security Critical Infrastructure,all,19,46,10,31,31,0,0,0,0
2017-01,Terrorism/National Security Critical Infrastructure,all,7,10,16,21,19,1,1,0,0
2017-02,Terrorism/National Security Critical Infrastructure,all,14,20,20,48,36,0,11,1,0
2017-03,Terrorism/National Security Critical Infrastructure,all,8,10,14,21,20,0,1,0,0
2017-04,Terrorism/National Security Critical Infrastructure,all,18,66,19,27,18,0,9,0,0
2017-05,Terrorism/National Security Critical Infrastructure,all,11,17,16,18,15,0,3,0,0
2017-06,Terrorism/National Security Critical Infrastructure,all,14,27,15,23,21,0,2,0,0
2017-07,Terrorism/National Security Critical Infrastructure,all,11,11,11,13,11,0,2,0,0
2017-08,Terrorism/National Security Critical Infrastructure,all,10,11,12,15,15,0,0,0,0
2017-09,Terrorism/National Security Critical Infrastructure,all,17,29,15,28,24,0,0,0,4
2017-10,Terrorism/National Security Critical Infrastructure,all,8,8,16,20,15,0,5,0,0
2017-11,Terrorism/National Security Critical Infrastructure,all,22,27,15,17,17,0,0,0,0
2017-12,Terrorism/National Security Critical Infrastructure,all,13,16,16,35,34,0,1,0,0
2018-01,Terrorism/National Security Critical Infrastructure,all,16,32,11,13,8,2,1,2,0
2018-02,Terrorism/National Security Critical Infrastructure,all,12,19,18,21,18,0,3,0,0
2018-03,Terrorism/National Security Critical Infrastructure,all,16,20,19,50,44,2,0,4,0
2018-04,Terrorism/National Security Critical Infrastructure,all,16,34,13,23,20,0,2,0,1
2018-05,Terrorism/National Security Critical Infrastructure,all,11,21,10,19,19,0,0,0,0
2018-06,Terrorism/National Security Critical Infrastructure,all,14,26,20,28,26,0,2,0,0
2018-07,Terrorism/National Security Critical Infrastructure,all,5,5,10,23,23,0,0,0,0
2018-08,Terrorism/National Security Critical Infrastructure,all,12,19,13,16,15,0,0,0,1
2018-09,Terrorism/National Security Critical Infrastructure,all,16,25,15,20,19,0,1,0,0
2018-10,Terrorism/National Security Critical Infrastructure,all,13,25,16,21,15,1,2,3,0
2018-11,Terrorism/National Security Critical Infrastructure,all,16,33,12,18,17,0,0,0,1
2018-12,Terrorism/National Security Critical Infrastructure,all,17,19,9,10,9,0,1,0,0
2019-01,Terrorism/National Security Critical Infrastructure,all,15,19,10,29,27,0,2,0,0
2019-02,Terrorism/National Security Critical Infrastructure,all,18,22,16,43,41,1,1,0,0
2019-03,Terrorism/National Security Critical Infrastructure,all,13,23,13,18,14,0,3,1,0
2019-04,Terrorism/National Security Critical Infrastructure,all,22,27,13,23,23,0,0,0,0
2019-05,Terrorism/National Security Critical Infrastructure,all,23,28,23,28,25,0,0,0,3
2019-06,Terrorism/National Security Critical Infrastructure,all,13,16,14,20,18,0,1,1,0
2019-07,Terrorism/National Security Critical Infrastructure,all,16,18,10,12,11,0,1,0,0
2019-08,Terrorism/National Security Critical Infrastructure,all,32,43,17,22,18,0,1,3,0
2019-09,Terrorism/National Security Critical Infrastructure,all,24,36,18,52,47,0,4,0,1
2019-10,Terrorism/National Security Critical Infrastructure,all,10,12,19,21,18,0,3,0,0
2019-11,Terrorism/National Security Critical Infrastructure,all,24,29,13,18,15,1,2,0,0
2019-12,Terrorism/National Security Critical Infrastructure,all,12,12,15,21,21,0,0,0,0
2020-01,Terrorism/National Security Critical Infrastructure,all,14,17,23,29,25,1,2,0,1
2020-02,Terrorism/National Security Critical Infrastructure,all,16,25,13,14,13,0,1,0,0
2020-03,Terrorism/National Security Critical Infrastructure,all,9,9,9,19,18,0,1,0,0
2020-04,Terrorism/National Security Critical Infrastructure,all,1,1,7,9,8,0,1,0,0
2020-05,Terrorism/National Security Critical Infrastructure,all,11,11,4,4,4,0,0,0,0
2020-06,Terrorism/National Security Critical Infrastructure,all,35,58,10,14,9,1,4,0,0
2020-07,Terrorism/National Security Critical Infrastructure,all,59,70,24,27,23,1,1,0,2
2020-08,Terrorism/National Security Critical Infrastructure,all,27,31,16,24,22,0,1,1,0
2020-09,Terrorism/National Security Critical Infrastructure,all,33,41,17,20,18,0,1,0,1
2020-10,Terrorism/National Security Critical Infrastructure,all,23,37,16,40,39,0,1,0,0
2020-11,Terrorism/National Security Critical Infrastructure,all,15,21,14,25,19,0,6,0,0
2020-12,Terrorism/National Security Critical Infrastructure,all,11,25,11,11,7,0,4,0,0
2021-01,Terrorism/National Security Critical Infrastructure,all,35,81,17,28,22,0,6,0,0
2021-02,Terrorism/National Security Critical Infrastructure,all,76,98,19,32,9,0,9,0,14
2021-03,Terrorism/National Security Critical Infrastructure,all,92,131,34,36,14,0,19,2,1
2021-04,Terrorism/National Security Critical Infrastructure,all,73,98,13,13,10,0,3,0,0
2021-05,Terrorism/National Security Critical Infrastructure,all,47,65,19,22,16,1,5,0,0
2021-06,Terrorism/National Security Critical Infrastructure,all,51,65,14,20,15,0,4,0,1
2021-07,Terrorism/National Security Critical Infrastructure,all,43,59,21,24,19,0,5,0,0
2021-08,Terrorism/National Security Critical Infrastructure,all,43,59,23,31,28,0,3,0,0
2021-09,Terrorism/National Security Critical Infrastructure,all,59,82,32,37,23,3,9,1,1
2021-10,Terrorism/National Security Critical Infrastructure,all,36,48,35,48,43,0,5,0,0
2021-11,Terrorism/National Security Critical Infrastructure,all,39,48,28,34,31,0,3,0,0
2021-12,Terrorism/National Security Critical Infrastructure,all,34,54,39,47,43,0,4,0,0
2022-01,Terrorism/National Security Critical Infrastructure,all,27,48,34,44,36,0,6,0,2
2022-02,Terrorism/National Security Critical Infrastructure,all,27,45,18,23,20,0,0,3,0
2022-03,Terrorism/National Security Critical Infrastructure,all,32,56,47,58,45,0,10,0,3
2022-04,Terrorism/National Security Critical Infrastructure,all,29,32,28,35,30,1,2,0,2
2022-05,Terrorism/National Security Critical Infrastructure,all,30,46,22,28,28,0,0,0,0
2022-06,Terrorism/National Security Critical Infrastructure,all,32,41,36,41,39,0,2,0,0
2022-07,Terrorism/National Security Critical Infrastructure,all,21,29,29,50,48,0,1,1,0
2022-08,Terrorism/National Security Critical Infrastructure,all,22,28,28,30,29,0,1,0,0
2022-09,Terrorism/National Security Critical Infrastructure,all,23,29,30,42,41,0,1,0,0
2022-10,Terrorism/National Security Critical Infrastructure,all,27,33,26,52,47,1,3,1,0
2022-11,Terrorism/National Security Critical Infrastructure,all,27,40,23,39,36,0,3,0,0
2022-12,Terrorism/National Security Critical Infrastructure,all,25,31,38,82,79,0,1,0,2
2023-01,Terrorism/National Security Critical Infrastructure,all,26,30,38,45,42,1,0,2,0
2023-02,Terrorism/National Security Critical Infrastructure,all,24,49,34,41,39,0,1,0,1
2023-03,Terrorism/National Security Critical Infrastructure,all,35,42,30,48,43,1,4,0,0
2023-04,Terrorism/National Security Critical Infrastructure,all,20,32,37,46,44,0,2,0,0
2023-05,Terrorism/National Security Critical Infrastructure,all,28,34,27,39,35,0,1,0,3
2023-06,Terrorism/National Security Critical Infrastructure,all,21,29,37,44,40,0,2,0,2
2023-07,Terrorism/National Security Critical Infrastructure,all,39,50,34,41,40,1,0,0,0
2023-08,Terrorism/National Security Critical Infrastructure,all,41,50,38,86,77,0,2,0,7
2023-09,Terrorism/National Security Critical Infrastructure,all,32,40,50,72,66,0,2,4,0
2023-10,Terrorism/National Security Critical Infrastructure,all,28,29,34,51,45,0,5,1,0
2023-11,Terrorism/National Security Critical Infrastructure,all,31,42,33,45,42,1,1,0,1
2023-12,Terrorism/National Security Critical Infrastructure,all,30,43,22,50,48,0,2,0,0
2024-01,Terrorism/National Security Critical Infrastructure,all,31,35,35,47,44,0,3,0,0
2024-02,Terrorism/National Security Critical Infrastructure,all,44,53,37,52,50,0,2,0,0
2024-03,Terrorism/National Security Critical Infrastructure,all,38,65,30,42,41,1,0,0,0
2024-04,Terrorism/National Security Critical Infrastructure,all,38,51,39,44,42,0,1,0,1
2024-05,Terrorism/National Security Critical Infrastructure,all,40,43,31,51,48,1,1,1,0
2024-06,Terrorism/National Security Critical Infrastructure,all,32,35,31,35,32,1,1,1,0
2024-07,Terrorism/National Security Critical Infrastructure,all,33,40,27,34,34,0,0,0,0
2024-08,Terrorism/National Security Critical Infrastructure,all,44,56,23,28,25,0,3,0,0
2024-09,Terrorism/National Security Critical Infrastructure,all,35,42,24,30,25,2,3,0,0
2024-10,Terrorism/National Security Critical Infrastructure,all,45,52,19,23,18,0,5,0,0
2024-11,Terrorism/National Security Critical Infrastructure,all,36,44,26,29,27,1,1,0,0
2024-12,Terrorism/National Security Critical Infrastructure,all,22,28,26,44,42,0,2,0,0
2025-01,Terrorism/National Security Critical Infrastructure,all,32,42,27,37,21,0,16,0,0
2025-02,Terrorism/National Security Critical Infrastructure,all,13,15,22,24,17,1,5,1,0
2025-03,Terrorism/National Security Critical Infrastructure,all,17,22,20,34,26,0,6,0,2
2025-04,Terrorism/National Security Critical Infrastructure,all,18,23,6,6,6,0,0,0,0
2025-05,Terrorism/National Security Critical Infrastructure,all,21,28,13,17,12,0,5,0,0
2025-06,Terrorism/National Security Critical Infrastructure,all,22,24,17,25,22,0,3,0,0
2025-07,Terrorism/National Security Critical Infrastructure,all,16,28,10,16,14,0,2,0,0
2025-08,Terrorism/National Security Critical Infrastructure,all,16,17,13,13,13,0,0,0,0
2025-09,Terrorism/National Security Critical Infrastructure,all,15,19,17,19,16,0,3,0,0
2025-10,Terrorism/National Security Critical Infrastructure,all,16,42,14,15,10,2,2,0,1
2025-11,Terrorism/National Security Critical Infrastructure,all,23,43,8,8,8,0,0,0,0
2025-12,Terrorism/National Security Critical Infrastructure,all,18,23,5,6,5,0,1,0,0
2026-01,Terrorism/National Security Critical Infrastructure,all,14,14,9,17,16,0,1,0,0
2026-02,Terrorism/National Security Critical Infrastructure,all,25,34,7,9,9,0,0,0,0
2026-03,Terrorism/National Security Critical Infrastructure,all,17,28,10,31,28,0,2,0,1
2026-04,Terrorism/National Security Critical Infrastructure,all,11,13,7,8,8,0,0,0,0
2026-05,Terrorism/National Security Critical Infrastructure,all,17,19,6,6,6,0,0,0,0
2026-06,Terrorism/National Security Critical Infrastructure,all,15,21,6,9,9,0,0,0,0
1995-01,Terrorism/National Security Critical Infrastructure,primary,1,1,0,0,0,0,0,0,0
1995-04,Terrorism/National Security Critical Infrastructure,primary,1,1,0,0,0,0,0,0,0
1995-05,Terrorism/National Security Critical Infrastructure,primary,1,5,0,0,0,0,0,0,0
1995-06,Terrorism/National Security Critical Infrastructure,primary,2,3,0,0,0,0,0,0,0
1995-07,Terrorism/National Security Critical Infrastructure,primary,0,0,1,1,1,0,0,0,0
1995-08,Terrorism/National Security Critical Infrastructure,primary,3,5,0,0,0,0,0,0,0
1995-11,Terrorism/National Security Critical Infrastructure,primary,1,1,1,1,1,0,0,0,0
1995-12,Terrorism/National Security Critical Infrastructure,primary,1,14,0,0,0,0,0,0,0
1996-01,Terrorism/National Security Critical Infrastructure,primary,1,1,0,0,0,0,0,0,0
1996-02,Terrorism/National Security Critical Infrastructure,primary,2,6,0,0,0,0,0,0,0
1996-04,Terrorism/National Security Critical Infrastructure,primary,0,0,2,3,2,0,1,0,0
1996-05,Terrorism/National Security Critical Infrastructure,primary,2,2,2,2,2,0,0,0,0
1996-06,Terrorism/National Security Critical Infrastructure,primary,2,11,0,0,0,0,0,0,0
1996-08,Terrorism/National Security Critical Infrastructure,primary,4,11,0,0,0,0,0,0,0
1996-09,Terrorism/National Security Critical Infrastructure,primary,2,2,3,3,2,1,0,0,0
1996-10,Terrorism/National Security Critical Infrastructure,primary,2,2,1,5,5,0,0,0,0
1996-11,Terrorism/National Security Critical Infrastructure,primary,2,3,0,0,0,0,0,0,0
1996-12,Terrorism/National Security Critical Infrastructure,primary,0,0,3,7,1,0,6,0,0
1997-02,Terrorism/National Security Critical Infrastructure,primary,0,0,1,1,1,0,0,0,0
1997-03,Terrorism/National Security Critical Infrastructure,primary,1,1,2,3,3,0,0,0,0
1997-04,Terrorism/National Security Critical Infrastructure,primary,4,5,0,0,0,0,0,0,0
1997-05,Terrorism/National Security Critical Infrastructure,primary,1,4,1,1,0,1,0,0,0
1997-06,Terrorism/National Security Critical Infrastructure,primary,2,2,2,2,1,0,1,0,0
1997-07,Terrorism/National Security Critical Infrastructure,primary,4,10,1,3,0,3,0,0,0
1997-08,Terrorism/National Security Critical Infrastructure,primary,3,5,2,2,2,0,0,0,0
1997-09,Terrorism/National Security Critical Infrastructure,primary,4,4,1,4,4,0,0,0,0
1997-10,Terrorism/National Security Critical Infrastructure,primary,6,6,1,1,0,0,1,0,0
1997-11,Terrorism/National Security Critical Infrastructure,primary,1,1,0,0,0,0,0,0,0
1997-12,Terrorism/National Security Critical Infrastructure,primary,2,3,2,2,2,0,0,0,0
1998-01,Terrorism/National Security Critical Infrastructure,primary,0,0,3,6,5,0,1,0,0
1998-02,Terrorism/National Security Critical Infrastructure,primary,4,9,5,7,7,0,0,0,0
1998-03,Terrorism/National Security Critical Infrastructure,primary,1,4,4,6,5,0,0,1,0
1998-04,Terrorism/National Security Critical Infrastructure,primary,4,8,2,7,7,0,0,0,0
1998-05,Terrorism/National Security Critical Infrastructure,primary,3,3,2,2,2,0,0,0,0
1998-06,Terrorism/National Security Critical Infrastructure,primary,4,4,2,12,12,0,0,0,0
1998-07,Terrorism/National Security Critical Infrastructure,primary,2,4,0,0,0,0,0,0,0
1998-08,Terrorism/National Security Critical Infrastructure,primary,3,3,1,1,0,0,1,0,0
1998-09,Terrorism/National Security Critical Infrastructure,primary,6,41,4,5,4,1,0,0,0
1998-10,Terrorism/National Security Critical Infrastructure,primary,2,2,2,2,2,0,0,0,0
1998-11,Terrorism/National Security Critical Infrastructure,primary,3,5,5,5,5,0,0,0,0
1998-12,Terrorism/National Security Critical Infrastructure,primary,2,2,6,9,7,1,1,0,0
1999-01,Terrorism/National Security Critical Infrastructure,primary,3,6,3,8,8,0,0,0,0
1999-02,Terrorism/National Security Critical Infrastructure,primary,1,1,1,3,3,0,0,0,0
1999-03,Terrorism/National Security Critical Infrastructure,primary,1,11,4,19,17,0,0,0,2
1999-04,Terrorism/National Security Critical Infrastructure,primary,3,9,1,1,1,0,0,0,0
1999-05,Terrorism/National Security Critical Infrastructure,primary,7,7,2,2,1,0,1,0,0
1999-06,Terrorism/National Security Critical Infrastructure,primary,5,5,2,2,2,0,0,0,0
1999-07,Terrorism/National Security Critical Infrastructure,primary,1,1,7,12,11,0,1,0,0
1999-08,Terrorism/National Security Critical Infrastructure,primary,6,9,4,4,4,0,0,0,0
1999-09,Terrorism/National Security Critical Infrastructure,primary,3,3,2,10,10,0,0,0,0
1999-10,Terrorism/National Security Critical Infrastructure,primary,4,4,2,11,10,1,0,0,0
1999-11,Terrorism/National Security Critical Infrastructure,primary,3,3,1,1,1,0,0,0,0
1999-12,Terrorism/National Security Critical Infrastructure,primary,8,19,3,3,2,0,1,0,0
2000-01,Terrorism/National Security Critical Infrastructure,primary,4,10,2,2,1,1,0,0,0
2000-02,Terrorism/National Security Critical Infrastructure,primary,2,2,3,3,3,0,0,0,0
2000-03,Terrorism/National Security Critical Infrastructure,primary,3,6,2,2,2,0,0,0,0
2000-04,Terrorism/National Security Critical Infrastructure,primary,3,3,5,5,4,0,1,0,0
2000-05,Terrorism/National Security Critical Infrastructure,primary,4,4,4,18,18,0,0,0,0
2000-06,Terrorism/National Security Critical Infrastructure,primary,11,20,8,14,4,0,0,0,10
2000-07,Terrorism/National Security Critical Infrastructure,primary,2,33,4,8,8,0,0,0,0
2000-08,Terrorism/National Security Critical Infrastructure,primary,1,1,6,9,7,0,1,0,1
2000-09,Terrorism/National Security Critical Infrastructure,primary,6,6,6,9,8,0,1,0,0
2000-10,Terrorism/National Security Critical Infrastructure,primary,7,13,9,15,3,0,1,0,11
2000-11,Terrorism/National Security Critical Infrastructure,primary,3,5,5,11,4,0,7,0,0
2000-12,Terrorism/National Security Critical Infrastructure,primary,3,5,2,7,7,0,0,0,0
2001-01,Terrorism/National Security Critical Infrastructure,primary,4,8,3,7,2,0,0,5,0
2001-02,Terrorism/National Security Critical Infrastructure,primary,3,4,3,3,1,0,2,0,0
2001-03,Terrorism/National Security Critical Infrastructure,primary,2,10,2,2,2,0,0,0,0
2001-04,Terrorism/National Security Critical Infrastructure,primary,1,1,2,2,2,0,0,0,0
2001-05,Terrorism/National Security Critical Infrastructure,primary,3,11,1,3,3,0,0,0,0
2001-06,Terrorism/National Security Critical Infrastructure,primary,8,23,0,0,0,0,0,0,0
2001-07,Terrorism/National Security Critical Infrastructure,primary,5,8,1,1,0,0,1,0,0
2001-08,Terrorism/National Security Critical Infrastructure,primary,4,5,2,3,3,0,0,0,0
2001-09,Terrorism/National Security Critical Infrastructure,primary,9,19,2,2,1,0,1,0,0
2001-10,Terrorism/National Security Critical Infrastructure,primary,27,33,2,4,4,0,0,0,0
2001-11,Terrorism/National Security Critical Infrastructure,primary,28,35,6,8,4,0,4,0,0
2001-12,Terrorism/National Security Critical Infrastructure,primary,28,30,6,7,6,0,1,0,0
2002-01,Terrorism/National Security Critical Infrastructure,primary,28,30,13,16,15,0,1,0,0
2002-02,Terrorism/National Security Critical Infrastructure,primary,21,38,8,8,8,0,0,0,0
2002-03,Terrorism/National Security Critical Infrastructure,primary,73,74,16,21,20,0,1,0,0
2002-04,Terrorism/National Security Critical Infrastructure,primary,140,159,85,86,85,0,1,0,0
2002-05,Terrorism/National Security Critical Infrastructure,primary,31,36,44,44,39,1,4,0,0
2002-06,Terrorism/National Security Critical Infrastructure,primary,29,48,74,74,45,1,27,0,1
2002-07,Terrorism/National Security Critical Infrastructure,primary,26,35,26,35,28,0,7,0,0
2002-08,Terrorism/National Security Critical Infrastructure,primary,11,12,21,29,23,0,6,0,0
2002-09,Terrorism/National Security Critical Infrastructure,primary,29,34,21,26,23,0,3,0,0
2002-10,Terrorism/National Security Critical Infrastructure,primary,20,37,21,29,29,0,0,0,0
2002-11,Terrorism/National Security Critical Infrastructure,primary,15,23,16,19,17,0,2,0,0
2002-12,Terrorism/National Security Critical Infrastructure,primary,9,10,17,18,14,1,3,0,0
2003-01,Terrorism/National Security Critical Infrastructure,primary,27,33,20,20,19,0,1,0,0
2003-02,Terrorism/National Security Critical Infrastructure,primary,20,46,10,11,9,1,0,1,0
2003-03,Terrorism/National Security Critical Infrastructure,primary,17,36,14,15,14,1,0,0,0
2003-04,Terrorism/National Security Critical Infrastructure,primary,25,50,14,20,18,0,1,1,0
2003-05,Terrorism/National Security Critical Infrastructure,primary,20,27,11,14,14,0,0,0,0
2003-06,Terrorism/National Security Critical Infrastructure,primary,17,28,15,21,20,0,1,0,0
2003-07,Terrorism/National Security Critical Infrastructure,primary,19,34,21,24,21,1,2,0,0
2003-08,Terrorism/National Security Critical Infrastructure,primary,15,27,14,17,16,0,1,0,0
2003-09,Terrorism/National Security Critical Infrastructure,primary,21,23,18,19,17,0,2,0,0
2003-10,Terrorism/National Security Critical Infrastructure,primary,25,31,17,23,17,3,3,0,0
2003-11,Terrorism/National Security Critical Infrastructure,primary,11,12,15,20,20,0,0,0,0
2003-12,Terrorism/National Security Critical Infrastructure,primary,33,41,15,28,27,0,1,0,0
2004-01,Terrorism/National Security Critical Infrastructure,primary,14,26,13,23,20,0,3,0,0
2004-02,Terrorism/National Security Critical Infrastructure,primary,20,27,12,14,12,0,2,0,0
2004-03,Terrorism/National Security Critical Infrastructure,primary,25,27,24,25,22,0,1,2,0
2004-04,Terrorism/National Security Critical Infrastructure,primary,16,44,15,16,14,0,2,0,0
2004-05,Terrorism/National Security Critical Infrastructure,primary,15,26,9,16,14,0,2,0,0
2004-06,Terrorism/National Security Critical Infrastructure,primary,21,27,9,11,9,0,1,1,0
2004-07,Terrorism/National Security Critical Infrastructure,primary,25,43,12,19,12,7,0,0,0
2004-08,Terrorism/National Security Critical Infrastructure,primary,14,23,18,20,14,0,6,0,0
2004-09,Terrorism/National Security Critical Infrastructure,primary,40,63,15,25,15,0,1,9,0
2004-10,Terrorism/National Security Critical Infrastructure,primary,21,41,7,8,7,0,0,1,0
2004-11,Terrorism/National Security Critical Infrastructure,primary,20,55,16,16,14,0,2,0,0
2004-12,Terrorism/National Security Critical Infrastructure,primary,18,18,15,18,15,2,1,0,0
2005-01,Terrorism/National Security Critical Infrastructure,primary,16,25,12,18,14,1,3,0,0
2005-02,Terrorism/National Security Critical Infrastructure,primary,17,32,11,13,13,0,0,0,0
2005-03,Terrorism/National Security Critical Infrastructure,primary,27,35,14,19,18,0,0,0,1
2005-04,Terrorism/National Security Critical Infrastructure,primary,25,57,17,24,19,2,3,0,0
2005-05,Terrorism/National Security Critical Infrastructure,primary,24,39,17,25,23,0,2,0,0
2005-06,Terrorism/National Security Critical Infrastructure,primary,19,33,14,16,14,0,2,0,0
2005-07,Terrorism/National Security Critical Infrastructure,primary,14,25,13,21,19,0,1,1,0
2005-08,Terrorism/National Security Critical Infrastructure,primary,20,45,18,22,18,1,3,0,0
2005-09,Terrorism/National Security Critical Infrastructure,primary,20,22,17,41,38,2,0,1,0
2005-10,Terrorism/National Security Critical Infrastructure,primary,24,34,19,24,23,0,1,0,0
2005-11,Terrorism/National Security Critical Infrastructure,primary,15,18,17,22,22,0,0,0,0
2005-12,Terrorism/National Security Critical Infrastructure,primary,16,19,16,19,17,0,2,0,0
2006-01,Terrorism/National Security Critical Infrastructure,primary,12,47,15,21,16,2,0,0,3
2006-02,Terrorism/National Security Critical Infrastructure,primary,15,34,15,21,20,1,0,0,0
2006-03,Terrorism/National Security Critical Infrastructure,primary,20,28,16,19,14,0,4,1,0
2006-04,Terrorism/National Security Critical Infrastructure,primary,4,7,14,21,20,1,0,0,0
2006-05,Terrorism/National Security Critical Infrastructure,primary,18,48,24,34,32,0,2,0,0
2006-06,Terrorism/National Security Critical Infrastructure,primary,11,18,11,13,13,0,0,0,0
2006-07,Terrorism/National Security Critical Infrastructure,primary,19,20,12,12,10,0,2,0,0
2006-08,Terrorism/National Security Critical Infrastructure,primary,16,20,20,24,24,0,0,0,0
2006-09,Terrorism/National Security Critical Infrastructure,primary,26,55,12,16,14,0,2,0,0
2006-10,Terrorism/National Security Critical Infrastructure,primary,15,19,7,21,21,0,0,0,0
2006-11,Terrorism/National Security Critical Infrastructure,primary,22,35,13,18,18,0,0,0,0
2006-12,Terrorism/National Security Critical Infrastructure,primary,11,11,6,8,7,0,1,0,0
2007-01,Terrorism/National Security Critical Infrastructure,primary,5,7,13,14,13,0,1,0,0
2007-02,Terrorism/National Security Critical Infrastructure,primary,13,29,12,14,8,1,5,0,0
2007-03,Terrorism/National Security Critical Infrastructure,primary,23,59,9,11,7,0,4,0,0
2007-04,Terrorism/National Security Critical Infrastructure,primary,17,34,16,24,21,0,2,1,0
2007-05,Terrorism/National Security Critical Infrastructure,primary,19,29,17,25,24,0,1,0,0
2007-06,Terrorism/National Security Critical Infrastructure,primary,33,117,16,17,16,0,0,0,1
2007-07,Terrorism/National Security Critical Infrastructure,primary,19,28,7,8,8,0,0,0,0
2007-08,Terrorism/National Security Critical Infrastructure,primary,21,33,17,25,21,0,4,0,0
2007-09,Terrorism/National Security Critical Infrastructure,primary,17,27,13,21,20,0,1,0,0
2007-10,Terrorism/National Security Critical Infrastructure,primary,23,26,28,49,45,0,0,4,0
2007-11,Terrorism/National Security Critical Infrastructure,primary,18,24,26,38,36,0,2,0,0
2007-12,Terrorism/National Security Critical Infrastructure,primary,16,32,27,40,37,1,2,0,0
2008-01,Terrorism/National Security Critical Infrastructure,primary,16,24,22,40,27,0,13,0,0
2008-02,Terrorism/National Security Critical Infrastructure,primary,15,22,14,31,30,0,1,0,0
2008-03,Terrorism/National Security Critical Infrastructure,primary,14,16,22,41,36,1,4,0,0
2008-04,Terrorism/National Security Critical Infrastructure,primary,16,25,28,30,21,1,6,2,0
2008-05,Terrorism/National Security Critical Infrastructure,primary,27,37,14,16,15,0,1,0,0
2008-06,Terrorism/National Security Critical Infrastructure,primary,21,36,24,36,35,0,1,0,0
2008-07,Terrorism/National Security Critical Infrastructure,primary,23,34,15,38,37,0,1,0,0
2008-08,Terrorism/National Security Critical Infrastructure,primary,13,18,12,12,11,1,0,0,0
2008-09,Terrorism/National Security Critical Infrastructure,primary,21,28,17,23,22,0,1,0,0
2008-10,Terrorism/National Security Critical Infrastructure,primary,15,41,29,68,64,0,4,0,0
2008-11,Terrorism/National Security Critical Infrastructure,primary,15,23,5,8,8,0,0,0,0
2008-12,Terrorism/National Security Critical Infrastructure,primary,19,28,23,40,37,1,2,0,0
2009-01,Terrorism/National Security Critical Infrastructure,primary,17,21,21,28,25,0,3,0,0
2009-02,Terrorism/National Security Critical Infrastructure,primary,15,38,16,23,21,0,2,0,0
2009-03,Terrorism/National Security Critical Infrastructure,primary,22,38,16,19,19,0,0,0,0
2009-04,Terrorism/National Security Critical Infrastructure,primary,17,36,15,19,19,0,0,0,0
2009-05,Terrorism/National Security Critical Infrastructure,primary,15,17,21,34,29,0,4,1,0
2009-06,Terrorism/National Security Critical Infrastructure,primary,8,12,19,22,21,0,1,0,0
2009-07,Terrorism/National Security Critical Infrastructure,primary,10,21,13,17,14,0,3,0,0
2009-08,Terrorism/National Security Critical Infrastructure,primary,15,23,15,22,20,1,1,0,0
2009-09,Terrorism/National Security Critical Infrastructure,primary,17,23,16,22,19,0,2,1,0
2009-10,Terrorism/National Security Critical Infrastructure,primary,19,23,12,20,18,0,2,0,0
2009-11,Terrorism/National Security Critical Infrastructure,primary,19,97,16,31,31,0,0,0,0
2009-12,Terrorism/National Security Critical Infrastructure,primary,18,36,14,20,17,0,2,0,1
2010-01,Terrorism/National Security Critical Infrastructure,primary,7,11,18,26,19,5,1,0,1
2010-02,Terrorism/National Security Critical Infrastructure,primary,18,26,15,30,29,0,1,0,0
2010-03,Terrorism/National Security Critical Infrastructure,primary,18,28,22,32,31,0,1,0,0
2010-04,Terrorism/National Security Critical Infrastructure,primary,27,49,14,14,13,1,0,0,0
2010-05,Terrorism/National Security Critical Infrastructure,primary,22,30,27,59,46,0,12,1,0
2010-06,Terrorism/National Security Critical Infrastructure,primary,20,38,13,15,15,0,0,0,0
2010-07,Terrorism/National Security Critical Infrastructure,primary,19,42,15,24,19,0,5,0,0
2010-08,Terrorism/National Security Critical Infrastructure,primary,11,13,13,16,14,0,2,0,0
2010-09,Terrorism/National Security Critical Infrastructure,primary,25,28,23,44,41,0,2,0,1
2010-10,Terrorism/National Security Critical Infrastructure,primary,19,30,14,27,26,0,1,0,0
2010-11,Terrorism/National Security Critical Infrastructure,primary,10,17,12,20,18,0,2,0,0
2010-12,Terrorism/National Security Critical Infrastructure,primary,21,49,18,19,18,0,1,0,0
2011-01,Terrorism/National Security Critical Infrastructure,primary,14,18,24,43,39,1,3,0,0
2011-02,Terrorism/National Security Critical Infrastructure,primary,18,32,13,17,16,0,1,0,0
2011-03,Terrorism/National Security Critical Infrastructure,primary,21,37,22,43,34,1,8,0,0
2011-04,Terrorism/National Security Critical Infrastructure,primary,21,31,11,18,13,0,5,0,0
2011-05,Terrorism/National Security Critical Infrastructure,primary,17,28,14,24,23,0,1,0,0
2011-06,Terrorism/National Security Critical Infrastructure,primary,22,40,15,36,34,0,1,0,1
2011-07,Terrorism/National Security Critical Infrastructure,primary,16,21,15,27,25,0,2,0,0
2011-08,Terrorism/National Security Critical Infrastructure,primary,12,16,15,23,23,0,0,0,0
2011-09,Terrorism/National Security Critical Infrastructure,primary,13,20,17,41,22,0,19,0,0
2011-10,Terrorism/National Security Critical Infrastructure,primary,14,14,15,16,14,0,2,0,0
2011-11,Terrorism/National Security Critical Infrastructure,primary,19,43,16,18,12,0,6,0,0
2011-12,Terrorism/National Security Critical Infrastructure,primary,13,30,17,23,21,1,1,0,0
2012-01,Terrorism/National Security Critical Infrastructure,primary,11,16,15,20,18,0,2,0,0
2012-02,Terrorism/National Security Critical Infrastructure,primary,20,30,14,23,22,0,1,0,0
2012-03,Terrorism/National Security Critical Infrastructure,primary,23,40,15,53,44,0,7,2,0
2012-04,Terrorism/National Security Critical Infrastructure,primary,23,39,14,31,31,0,0,0,0
2012-05,Terrorism/National Security Critical Infrastructure,primary,19,28,30,50,47,2,1,0,0
2012-06,Terrorism/National Security Critical Infrastructure,primary,16,26,24,33,32,0,1,0,0
2012-07,Terrorism/National Security Critical Infrastructure,primary,22,44,13,22,21,0,1,0,0
2012-08,Terrorism/National Security Critical Infrastructure,primary,18,23,14,27,23,1,3,0,0
2012-09,Terrorism/National Security Critical Infrastructure,primary,13,17,18,23,15,0,7,1,0
2012-10,Terrorism/National Security Critical Infrastructure,primary,13,20,15,20,18,1,0,1,0
2012-11,Terrorism/National Security Critical Infrastructure,primary,20,29,16,23,18,1,4,0,0
2012-12,Terrorism/National Security Critical Infrastructure,primary,12,24,16,20,18,0,2,0,0
2013-01,Terrorism/National Security Critical Infrastructure,primary,12,12,17,21,18,0,3,0,0
2013-02,Terrorism/National Security Critical Infrastructure,primary,13,15,11,20,19,0,1,0,0
2013-03,Terrorism/National Security Critical Infrastructure,primary,13,16,17,26,24,0,2,0,0
2013-04,Terrorism/National Security Critical Infrastructure,primary,14,24,15,19,18,0,1,0,0
2013-05,Terrorism/National Security Critical Infrastructure,primary,22,32,27,46,45,1,0,0,0
2013-06,Terrorism/National Security Critical Infrastructure,primary,20,34,15,31,28,1,2,0,0
2013-07,Terrorism/National Security Critical Infrastructure,primary,18,25,19,22,16,1,5,0,0
2013-08,Terrorism/National Security Critical Infrastructure,primary,19,26,16,25,25,0,0,0,0
2013-09,Terrorism/National Security Critical Infrastructure,primary,17,18,28,31,21,1,9,0,0
2013-10,Terrorism/National Security Critical Infrastructure,primary,15,20,10,14,13,0,1,0,0
2013-11,Terrorism/National Security Critical Infrastructure,primary,19,29,10,31,30,0,1,0,0
2013-12,Terrorism/National Security Critical Infrastructure,primary,14,15,12,16,10,1,4,1,0
2014-01,Terrorism/National Security Critical Infrastructure,primary,12,12,20,33,28,0,5,0,0
2014-02,Terrorism/National Security Critical Infrastructure,primary,16,18,15,26,25,0,1,0,0
2014-03,Terrorism/National Security Critical Infrastructure,primary,12,15,16,26,21,0,5,0,0
2014-04,Terrorism/National Security Critical Infrastructure,primary,11,14,21,52,50,0,2,0,0
2014-05,Terrorism/National Security Critical Infrastructure,primary,12,21,18,28,24,1,3,0,0
2014-06,Terrorism/National Security Critical Infrastructure,primary,15,29,13,24,20,0,4,0,0
2014-07,Terrorism/National Security Critical Infrastructure,primary,16,18,15,27,27,0,0,0,0
2014-08,Terrorism/National Security Critical Infrastructure,primary,14,15,11,15,14,0,1,0,0
2014-09,Terrorism/National Security Critical Infrastructure,primary,21,41,19,49,48,0,0,0,1
2014-10,Terrorism/National Security Critical Infrastructure,primary,19,25,17,36,36,0,0,0,0
2014-11,Terrorism/National Security Critical Infrastructure,primary,8,15,16,29,27,1,1,0,0
2014-12,Terrorism/National Security Critical Infrastructure,primary,11,13,19,20,20,0,0,0,0
2015-01,Terrorism/National Security Critical Infrastructure,primary,9,9,15,19,19,0,0,0,0
2015-02,Terrorism/National Security Critical Infrastructure,primary,17,30,18,30,29,0,1,0,0
2015-03,Terrorism/National Security Critical Infrastructure,primary,20,29,13,18,15,0,2,1,0
2015-04,Terrorism/National Security Critical Infrastructure,primary,24,40,13,19,18,0,1,0,0
2015-05,Terrorism/National Security Critical Infrastructure,primary,15,18,12,17,17,0,0,0,0
2015-06,Terrorism/National Security Critical Infrastructure,primary,12,20,19,28,24,3,1,0,0
2015-07,Terrorism/National Security Critical Infrastructure,primary,21,26,14,24,22,0,2,0,0
2015-08,Terrorism/National Security Critical Infrastructure,primary,14,21,23,29,27,0,1,1,0
2015-09,Terrorism/National Security Critical Infrastructure,primary,13,21,11,19,19,0,0,0,0
2015-10,Terrorism/National Security Critical Infrastructure,primary,14,20,13,16,11,1,4,0,0
2015-11,Terrorism/National Security Critical Infrastructure,primary,6,6,12,13,13,0,0,0,0
2015-12,Terrorism/National Security Critical Infrastructure,primary,20,31,13,14,13,0,1,0,0
2016-01,Terrorism/National Security Critical Infrastructure,primary,11,36,14,21,19,0,2,0,0
2016-02,Terrorism/National Security Critical Infrastructure,primary,16,70,13,16,12,0,4,0,0
2016-03,Terrorism/National Security Critical Infrastructure,primary,10,11,12,32,22,0,10,0,0
2016-04,Terrorism/National Security Critical Infrastructure,primary,12,16,10,17,10,0,7,0,0
2016-05,Terrorism/National Security Critical Infrastructure,primary,6,9,14,19,17,0,2,0,0
2016-06,Terrorism/National Security Critical Infrastructure,primary,7,8,10,14,8,0,6,0,0
2016-07,Terrorism/National Security Critical Infrastructure,primary,14,21,8,9,9,0,0,0,0
2016-08,Terrorism/National Security Critical Infrastructure,primary,13,18,11,14,10,1,3,0,0
2016-09,Terrorism/National Security Critical Infrastructure,primary,16,25,12,16,15,1,0,0,0
2016-10,Terrorism/National Security Critical Infrastructure,primary,11,24,17,22,19,0,3,0,0
2016-11,Terrorism/National Security Critical Infrastructure,primary,14,18,13,22,20,0,2,0,0
2016-12,Terrorism/National Security Critical Infrastructure,primary,17,22,9,9,9,0,0,0,0
2017-01,Terrorism/National Security Critical Infrastructure,primary,6,9,15,19,17,1,1,0,0
2017-02,Terrorism/National Security Critical Infrastructure,primary,12,18,19,46,34,0,11,1,0
2017-03,Terrorism/National Security Critical Infrastructure,primary,7,8,13,19,18,0,1,0,0
2017-04,Terrorism/National Security Critical Infrastructure,primary,17,32,18,26,17,0,9,0,0
2017-05,Terrorism/National Security Critical Infrastructure,primary,11,17,15,17,15,0,2,0,0
2017-06,Terrorism/National Security Critical Infrastructure,primary,10,21,15,23,21,0,2,0,0
2017-07,Terrorism/National Security Critical Infrastructure,primary,10,10,10,12,10,0,2,0,0
2017-08,Terrorism/National Security Critical Infrastructure,primary,10,11,11,14,14,0,0,0,0
2017-09,Terrorism/National Security Critical Infrastructure,primary,14,26,13,26,22,0,0,0,4
2017-10,Terrorism/National Security Critical Infrastructure,primary,8,8,15,18,13,0,5,0,0
2017-11,Terrorism/National Security Critical Infrastructure,primary,21,26,13,15,15,0,0,0,0
2017-12,Terrorism/National Security Critical Infrastructure,primary,13,16,15,34,33,0,1,0,0
2018-01,Terrorism/National Security Critical Infrastructure,primary,13,14,11,13,8,2,1,2,0
2018-02,Terrorism/National Security Critical Infrastructure,primary,11,17,17,20,17,0,3,0,0
2018-03,Terrorism/National Security Critical Infrastructure,primary,13,15,18,49,43,2,0,4,0
2018-04,Terrorism/National Security Critical Infrastructure,primary,16,34,13,23,20,0,2,0,1
2018-05,Terrorism/National Security Critical Infrastructure,primary,10,19,7,14,14,0,0,0,0
2018-06,Terrorism/National Security Critical Infrastructure,primary,11,13,17,20,18,0,2,0,0
2018-07,Terrorism/National Security Critical Infrastructure,primary,5,5,6,16,16,0,0,0,0
2018-08,Terrorism/National Security Critical Infrastructure,primary,11,18,13,16,15,0,0,0,1
2018-09,Terrorism/National Security Critical Infrastructure,primary,14,19,12,17,16,0,1,0,0
2018-10,Terrorism/National Security Critical Infrastructure,primary,11,23,13,14,8,1,2,3,0
2018-11,Terrorism/National Security Critical Infrastructure,primary,16,33,11,11,10,0,0,0,1
2018-12,Terrorism/National Security Critical Infrastructure,primary,15,17,9,10,9,0,1,0,0
2019-01,Terrorism/National Security Critical Infrastructure,primary,15,19,10,29,27,0,2,0,0
2019-02,Terrorism/National Security Critical Infrastructure,primary,16,19,13,15,13,1,1,0,0
2019-03,Terrorism/National Security Critical Infrastructure,primary,11,20,13,18,14,0,3,1,0
2019-04,Terrorism/National Security Critical Infrastructure,primary,19,19,12,19,19,0,0,0,0
2019-05,Terrorism/National Security Critical Infrastructure,primary,22,27,20,25,22,0,0,0,3
2019-06,Terrorism/National Security Critical Infrastructure,primary,11,11,14,20,18,0,1,1,0
2019-07,Terrorism/National Security Critical Infrastructure,primary,12,14,10,12,11,0,1,0,0
2019-08,Terrorism/National Security Critical Infrastructure,primary,25,31,17,22,18,0,1,3,0
2019-09,Terrorism/National Security Critical Infrastructure,primary,21,32,18,52,47,0,4,0,1
2019-10,Terrorism/National Security Critical Infrastructure,primary,8,9,17,19,17,0,2,0,0
2019-11,Terrorism/National Security Critical Infrastructure,primary,22,27,11,16,13,1,2,0,0
2019-12,Terrorism/National Security Critical Infrastructure,primary,10,10,13,19,19,0,0,0,0
2020-01,Terrorism/National Security Critical Infrastructure,primary,14,17,21,27,23,1,2,0,1
2020-02,Terrorism/National Security Critical Infrastructure,primary,14,22,11,12,11,0,1,0,0
2020-03,Terrorism/National Security Critical Infrastructure,primary,6,6,8,8,7,0,1,0,0
2020-04,Terrorism/National Security Critical Infrastructure,primary,1,1,5,7,6,0,1,0,0
2020-05,Terrorism/National Security Critical Infrastructure,primary,9,9,3,3,3,0,0,0,0
2020-06,Terrorism/National Security Critical Infrastructure,primary,28,47,8,11,6,1,4,0,0
2020-07,Terrorism/National Security Critical Infrastructure,primary,53,62,21,24,20,1,1,0,2
2020-08,Terrorism/National Security Critical Infrastructure,primary,25,25,12,20,19,0,1,0,0
2020-09,Terrorism/National Security Critical Infrastructure,primary,33,41,14,16,14,0,1,0,1
2020-10,Terrorism/National Security Critical Infrastructure,primary,20,30,13,20,19,0,1,0,0
2020-11,Terrorism/National Security Critical Infrastructure,primary,12,17,12,23,18,0,5,0,0
2020-12,Terrorism/National Security Critical Infrastructure,primary,8,17,11,11,7,0,4,0,0
2021-01,Terrorism/National Security Critical Infrastructure,primary,32,78,17,28,22,0,6,0,0
2021-02,Terrorism/National Security Critical Infrastructure,primary,73,94,18,31,8,0,9,0,14
2021-03,Terrorism/National Security Critical Infrastructure,primary,81,117,31,33,12,0,18,2,1
2021-04,Terrorism/National Security Critical Infrastructure,primary,68,91,13,13,10,0,3,0,0
2021-05,Terrorism/National Security Critical Infrastructure,primary,46,64,18,21,16,1,4,0,0
2021-06,Terrorism/National Security Critical Infrastructure,primary,49,60,10,10,5,0,4,0,1
2021-07,Terrorism/National Security Critical Infrastructure,primary,37,49,20,23,18,0,5,0,0
2021-08,Terrorism/National Security Critical Infrastructure,primary,39,55,18,23,21,0,2,0,0
2021-09,Terrorism/National Security Critical Infrastructure,primary,55,76,30,35,21,3,9,1,1
2021-10,Terrorism/National Security Critical Infrastructure,primary,35,47,33,43,38,0,5,0,0
2021-11,Terrorism/National Security Critical Infrastructure,primary,36,45,23,27,25,0,2,0,0
2021-12,Terrorism/National Security Critical Infrastructure,primary,33,53,36,43,39,0,4,0,0
2022-01,Terrorism/National Security Critical Infrastructure,primary,27,48,31,41,33,0,6,0,2
2022-02,Terrorism/National Security Critical Infrastructure,primary,26,44,18,23,20,0,0,3,0
2022-03,Terrorism/National Security Critical Infrastructure,primary,26,33,43,48,37,0,10,0,1
2022-04,Terrorism/National Security Critical Infrastructure,primary,27,28,27,34,29,1,2,0,2
2022-05,Terrorism/National Security Critical Infrastructure,primary,28,44,20,25,25,0,0,0,0
2022-06,Terrorism/National Security Critical Infrastructure,primary,30,39,36,41,39,0,2,0,0
2022-07,Terrorism/National Security Critical Infrastructure,primary,18,25,28,49,47,0,1,1,0
2022-08,Terrorism/National Security Critical Infrastructure,primary,21,27,26,28,27,0,1,0,0
2022-09,Terrorism/National Security Critical Infrastructure,primary,22,28,28,38,38,0,0,0,0
2022-10,Terrorism/National Security Critical Infrastructure,primary,26,32,25,49,44,1,3,1,0
2022-11,Terrorism/National Security Critical Infrastructure,primary,24,37,22,38,35,0,3,0,0
2022-12,Terrorism/National Security Critical Infrastructure,primary,23,29,34,45,43,0,1,0,1
2023-01,Terrorism/National Security Critical Infrastructure,primary,22,25,33,38,37,1,0,0,0
2023-02,Terrorism/National Security Critical Infrastructure,primary,23,48,31,36,34,0,1,0,1
2023-03,Terrorism/National Security Critical Infrastructure,primary,34,41,27,40,35,1,4,0,0
2023-04,Terrorism/National Security Critical Infrastructure,primary,18,29,31,37,35,0,2,0,0
2023-05,Terrorism/National Security Critical Infrastructure,primary,27,33,25,36,32,0,1,0,3
2023-06,Terrorism/National Security Critical Infrastructure,primary,19,27,33,38,35,0,1,0,2
2023-07,Terrorism/National Security Critical Infrastructure,primary,39,50,34,41,40,1,0,0,0
2023-08,Terrorism/National Security Critical Infrastructure,primary,39,48,36,51,42,0,2,0,7
2023-09,Terrorism/National Security Critical Infrastructure,primary,29,32,49,71,65,0,2,4,0
2023-10,Terrorism/National Security Critical Infrastructure,primary,27,28,33,50,44,0,5,1,0
2023-11,Terrorism/National Security Critical Infrastructure,primary,29,40,30,42,40,1,0,0,1
2023-12,Terrorism/National Security Critical Infrastructure,primary,28,41,21,49,48,0,1,0,0
2024-01,Terrorism/National Security Critical Infrastructure,primary,29,33,35,47,44,0,3,0,0
2024-02,Terrorism/National Security Critical Infrastructure,primary,43,52,34,49,48,0,1,0,0
2024-03,Terrorism/National Security Critical Infrastructure,primary,33,59,27,37,36,1,0,0,0
2024-04,Terrorism/National Security Critical Infrastructure,primary,34,45,38,43,41,0,1,0,1
2024-05,Terrorism/National Security Critical Infrastructure,primary,36,39,30,50,47,1,1,1,0
2024-06,Terrorism/National Security Critical Infrastructure,primary,30,33,26,29,27,1,0,1,0
2024-07,Terrorism/National Security Critical Infrastructure,primary,28,31,25,32,32,0,0,0,0
2024-08,Terrorism/National Security Critical Infrastructure,primary,41,52,21,25,22,0,3,0,0
2024-09,Terrorism/National Security Critical Infrastructure,primary,33,38,21,26,21,2,3,0,0
2024-10,Terrorism/National Security Critical Infrastructure,primary,41,45,16,18,16,0,2,0,0
2024-11,Terrorism/National Security Critical Infrastructure,primary,30,35,26,29,27,1,1,0,0
2024-12,Terrorism/National Security Critical Infrastructure,primary,20,26,23,41,39,0,2,0,0
2025-01,Terrorism/National Security Critical Infrastructure,primary,29,39,26,36,20,0,16,0,0
2025-02,Terrorism/National Security Critical Infrastructure,primary,11,13,18,20,15,0,4,1,0
2025-03,Terrorism/National Security Critical Infrastructure,primary,14,16,17,31,23,0,6,0,2
2025-04,Terrorism/National Security Critical Infrastructure,primary,17,21,5,5,5,0,0,0,0
2025-05,Terrorism/National Security Critical Infrastructure,primary,19,21,13,17,12,0,5,0,0
2025-06,Terrorism/National Security Critical Infrastructure,primary,20,22,13,20,17,0,3,0,0
2025-07,Terrorism/National Security Critical Infrastructure,primary,15,27,9,15,13,0,2,0,0
2025-08,Terrorism/National Security Critical Infrastructure,primary,12,13,9,9,9,0,0,0,0
2025-09,Terrorism/National Security Critical Infrastructure,primary,13,16,15,17,14,0,3,0,0
2025-10,Terrorism/National Security Critical Infrastructure,primary,13,19,12,13,8,2,2,0,1
2025-11,Terrorism/National Security Critical Infrastructure,primary,18,35,7,7,7,0,0,0,0
2025-12,Terrorism/National Security Critical Infrastructure,primary,11,15,5,6,5,0,1,0,0
2026-01,Terrorism/National Security Critical Infrastructure,primary,13,13,8,15,14,0,1,0,0
2026-02,Terrorism/National Security Critical Infrastructure,primary,20,21,5,7,7,0,0,0,0
2026-03,Terrorism/National Security Critical Infrastructure,primary,16,27,9,10,7,0,2,0,1
2026-04,Terrorism/National Security Critical Infrastructure,primary,10,11,6,6,6,0,0,0,0
2026-05,Terrorism/National Security Critical Infrastructure,primary,14,14,6,6,6,0,0,0,0
2026-06,Terrorism/National Security Critical Infrastructure,primary,13,19,4,5,5,0,0,0,0
1994-10,Theft,all,155,218,158,221,200,1,17,3,0
1994-11,Theft,all,137,188,124,164,149,0,10,2,3
1994-12,Theft,all,146,218,140,190,173,0,10,4,3
1995-01,Theft,all,171,220,152,196,177,0,14,5,0
1995-02,Theft,all,159,253,149,194,170,2,16,5,1
1995-03,Theft,all,222,312,149,192,173,0,13,3,3
1995-04,Theft,all,181,239,186,238,206,0,21,7,4
1995-05,Theft,all,151,200,163,231,216,0,14,1,0
1995-06,Theft,all,190,249,173,223,186,3,22,6,6
1995-07,Theft,all,121,149,152,194,169,1,20,4,0
1995-08,Theft,all,161,214,137,220,187,1,23,7,2
1995-09,Theft,all,158,227,151,174,152,0,16,5,1
1995-10,Theft,all,153,188,146,176,152,6,17,1,0
1995-11,Theft,all,148,215,134,168,148,2,15,2,1
1995-12,Theft,all,123,162,140,177,151,0,25,0,1
1996-01,Theft,all,154,219,173,247,222,1,14,9,1
1996-02,Theft,all,185,259,138,201,177,0,20,2,2
1996-03,Theft,all,198,282,157,197,174,0,17,5,1
1996-04,Theft,all,158,197,171,211,186,2,18,5,0
1996-05,Theft,all,166,245,183,243,218,0,22,3,0
1996-06,Theft,all,124,182,156,217,182,2,22,2,9
1996-07,Theft,all,132,165,145,195,173,0,18,3,1
1996-08,Theft,all,157,235,144,199,174,1,22,0,2
1996-09,Theft,all,163,220,145,207,198,1,6,1,1
1996-10,Theft,all,151,186,142,191,175,0,11,2,3
1996-11,Theft,all,126,184,128,155,140,1,13,0,1
1996-12,Theft,all,132,160,133,175,166,1,5,3,0
1997-01,Theft,all,132,152,152,187,162,1,24,0,0
1997-02,Theft,all,123,165,131,179,154,2,20,1,2
1997-03,Theft,all,144,196,131,179,151,3,18,2,5
1997-04,Theft,all,136,163,129,160,138,1,16,4,1
1997-05,Theft,all,153,239,127,167,153,0,10,3,1
1997-06,Theft,all,144,210,112,160,139,2,14,4,1
1997-07,Theft,all,142,195,80,102,91,2,6,2,1
1997-08,Theft,all,125,175,97,125,111,1,9,3,1
1997-09,Theft,all,153,205,124,161,147,1,10,1,2
1997-10,Theft,all,140,197,150,217,196,0,19,1,1
1997-11,Theft,all,123,167,110,132,118,1,9,3,1
1997-12,Theft,all,132,188,139,185,163,0,21,0,1
1998-01,Theft,all,127,173,131,196,179,3,9,3,2
1998-02,Theft,all,130,187,139,192,171,4,15,2,0
1998-03,Theft,all,165,220,145,191,167,3,15,6,0
1998-04,Theft,all,163,238,138,218,200,0,16,2,0
1998-05,Theft,all,141,194,141,188,168,4,14,2,0
1998-06,Theft,all,136,193,128,208,192,0,15,1,0
1998-07,Theft,all,145,197,173,223,204,1,17,1,0
1998-08,Theft,all,155,217,137,181,160,2,13,2,4
1998-09,Theft,all,142,216,137,202,184,1,12,1,4
1998-10,Theft,all,131,177,137,178,160,0,14,4,0
1998-11,Theft,all,118,136,128,166,148,3,11,2,2
1998-12,Theft,all,110,182,136,192,183,1,6,2,0
1999-01,Theft,all,98,135,154,228,212,4,10,2,0
1999-02,Theft,all,136,204,137,198,176,5,11,1,5
1999-03,Theft,all,161,216,153,201,183,1,14,2,1
1999-04,Theft,all,168,230,140,196,169,0,22,5,0
1999-05,Theft,all,121,176,111,151,134,0,15,1,1
1999-06,Theft,all,188,251,141,245,223,1,14,5,2
1999-07,Theft,all,146,196,116,143,133,0,6,3,1
1999-08,Theft,all,159,223,137,191,175,2,14,0,0
1999-09,Theft,all,142,179,124,160,138,0,18,3,1
1999-10,Theft,all,113,147,124,155,146,1,6,2,0
1999-11,Theft,all,124,144,147,199,192,1,6,0,0
1999-12,Theft,all,121,179,128,183,158,3,21,1,0
2000-01,Theft,all,132,168,170,206,190,2,11,3,0
2000-02,Theft,all,142,228,171,221,200,1,10,10,0
2000-03,Theft,all,180,260,133,214,190,1,22,1,0
2000-04,Theft,all,134,200,124,156,142,0,11,1,2
2000-05,Theft,all,133,183,129,156,148,1,5,1,1
2000-06,Theft,all,138,189,153,205,198,1,6,0,0
2000-07,Theft,all,119,177,136,171,152,0,12,6,1
2000-08,Theft,all,123,169,118,162,160,0,2,0,0
2000-09,Theft,all,156,185,122,168,154,0,9,2,3
2000-10,Theft,all,111,152,130,180,169,0,6,5,0
2000-11,Theft,all,107,140,113,192,177,3,8,4,0
2000-12,Theft,all,90,130,124,207,196,3,7,1,0
2001-01,Theft,all,117,175,160,210,199,0,8,3,0
2001-02,Theft,all,144,205,129,201,197,1,3,0,0
2001-03,Theft,all,166,238,159,223,200,1,18,4,0
2001-04,Theft,all,132,170,113,139,132,0,6,1,0
2001-05,Theft,all,151,237,118,174,146,2,21,3,2
2001-06,Theft,all,145,195,121,154,135,1,17,1,0
2001-07,Theft,all,125,176,130,183,168,3,11,1,0
2001-08,Theft,all,129,177,145,192,177,0,11,1,3
2001-09,Theft,all,125,165,118,160,148,3,8,0,1
2001-10,Theft,all,115,166,146,191,172,2,14,0,3
2001-11,Theft,all,130,154,124,160,147,1,10,1,1
2001-12,Theft,all,118,190,123,166,160,0,5,1,0
2002-01,Theft,all,136,205,155,201,188,0,12,1,0
2002-02,Theft,all,132,184,112,155,143,1,10,1,0
2002-03,Theft,all,140,199,125,178,163,0,13,1,1
2002-04,Theft,all,169,201,135,170,150,2,12,6,0
2002-05,Theft,all,141,188,117,166,143,9,13,1,0
2002-06,Theft,all,127,192,137,188,179,1,8,0,0
2002-07,Theft,all,103,135,129,170,157,0,11,2,0
2002-08,Theft,all,121,169,159,215,199,0,14,1,1
2002-09,Theft,all,132,166,122,178,158,2,17,1,0
2002-10,Theft,all,144,198,138,207,194,0,13,0,0
2002-11,Theft,all,118,184,118,169,162,0,7,0,0
2002-12,Theft,all,110,134,130,185,172,0,12,1,0
2003-01,Theft,all,140,169,151,214,194,7,12,0,1
2003-02,Theft,all,128,168,136,184,164,4,15,1,0
2003-03,Theft,all,139,193,133,182,168,0,11,2,1
2003-04,Theft,all,144,177,112,155,142,1,10,1,1
2003-05,Theft,all,124,179,116,154,139,1,14,0,0
2003-06,Theft,all,127,201,132,168,155,3,9,1,0
2003-07,Theft,all,126,165,147,241,230,0,8,3,0
2003-08,Theft,all,116,161,118,167,158,0,9,0,0
2003-09,Theft,all,106,153,137,184,174,0,9,0,1
2003-10,Theft,all,150,200,124,166,155,3,8,0,0
2003-11,Theft,all,93,110,118,182,174,0,7,1,0
2003-12,Theft,all,97,121,122,175,149,1,5,6,14
2004-01,Theft,all,101,148,116,160,150,1,6,3,0
2004-02,Theft,all,124,159,107,149,136,0,10,3,0
2004-03,Theft,all,116,178,119,151,135,0,13,3,0
2004-04,Theft,all,136,191,120,146,129,0,14,2,1
2004-05,Theft,all,135,182,128,157,145,0,10,0,2
2004-06,Theft,all,119,184,117,186,168,1,13,2,2
2004-07,Theft,all,130,172,94,130,118,1,11,0,0
2004-08,Theft,all,126,198,106,139,130,0,8,1,0
2004-09,Theft,all,151,232,108,162,152,1,8,1,0
2004-10,Theft,all,85,103,137,171,150,0,16,5,0
2004-11,Theft,all,77,96,101,138,126,2,5,5,0
2004-12,Theft,all,89,128,113,157,153,0,4,0,0
2005-01,Theft,all,81,116,127,158,141,2,15,0,0
2005-02,Theft,all,119,151,117,145,126,0,17,2,0
2005-03,Theft,all,116,169,119,178,166,2,9,1,0
2005-04,Theft,all,137,202,115,149,142,0,4,2,1
2005-05,Theft,all,114,162,116,159,146,0,11,1,1
2005-06,Theft,all,94,120,126,173,160,2,11,0,0
2005-07,Theft,all,105,142,119,163,155,0,5,2,1
2005-08,Theft,all,104,145,110,165,158,0,5,2,0
2005-09,Theft,all,94,147,111,161,152,0,7,2,0
2005-10,Theft,all,100,136,102,139,129,1,8,0,1
2005-11,Theft,all,111,137,82,115,107,0,7,1,0
2005-12,Theft,all,119,159,97,122,113,0,4,5,0
2006-01,Theft,all,112,170,114,152,143,0,8,0,1
2006-02,Theft,all,110,159,97,113,104,1,7,1,0
2006-03,Theft,all,138,211,91,159,147,0,11,1,0
2006-04,Theft,all,101,139,113,174,160,0,14,0,0
2006-05,Theft,all,112,180,120,172,157,1,8,6,0
2006-06,Theft,all,130,229,120,191,187,0,4,0,0
2006-07,Theft,all,94,119,97,111,103,0,5,3,0
2006-08,Theft,all,117,152,127,191,183,0,6,2,0
2006-09,Theft,all,110,139,107,135,123,0,12,0,0
2006-10,Theft,all,93,121,110,156,148,2,5,0,1
2006-11,Theft,all,123,153,104,148,143,2,2,1,0
2006-12,Theft,all,86,118,97,154,150,1,3,0,0
2007-01,Theft,all,82,119,140,174,161,0,8,3,2
2007-02,Theft,all,101,126,114,178,172,0,6,0,0
2007-03,Theft,all,101,141,106,158,146,1,9,1,1
2007-04,Theft,all,124,162,98,138,133,0,4,1,0
2007-05,Theft,all,127,175,108,137,129,0,8,0,0
2007-06,Theft,all,127,196,101,128,120,0,7,1,0
2007-07,Theft,all,100,133,108,147,133,0,13,1,0
2007-08,Theft,all,115,163,97,130,123,0,7,0,0
2007-09,Theft,all,109,137,100,118,108,1,8,1,0
2007-10,Theft,all,105,141,115,131,116,0,9,6,0
2007-11,Theft,all,100,138,109,139,136,0,3,0,0
2007-12,Theft,all,92,124,83,123,116,0,6,1,0
2008-01,Theft,all,88,101,117,190,179,0,9,2,0
2008-02,Theft,all,79,107,90,119,114,0,5,0,0
2008-03,Theft,all,79,105,99,133,119,1,11,1,1
2008-04,Theft,all,99,128,115,153,141,2,8,1,1
2008-05,Theft,all,115,139,78,103,96,0,6,1,0
2008-06,Theft,all,109,153,115,182,176,1,3,1,1
2008-07,Theft,all,91,105,110,158,143,3,10,1,1
2008-08,Theft,all,81,112,108,140,129,0,11,0,0
2008-09,Theft,all,101,139,98,133,128,0,5,0,0
2008-10,Theft,all,91,115,92,188,179,1,8,0,0
2008-11,Theft,all,71,95,82,140,136,2,2,0,0
2008-12,Theft,all,88,136,88,99,93,0,6,0,0
2009-01,Theft,all,72,93,104,148,131,0,13,4,0
2009-02,Theft,all,109,135,92,122,113,0,8,1,0
2009-03,Theft,all,94,119,108,130,115,0,12,0,3
2009-04,Theft,all,111,166,84,138,125,0,12,1,0
2009-05,Theft,all,103,127,82,103,99,0,4,0,0
2009-06,Theft,all,89,124,106,146,138,0,7,0,1
2009-07,Theft,all,103,148,97,123,112,0,11,0,0
2009-08,Theft,all,95,119,88,110,100,0,8,2,0
2009-09,Theft,all,109,144,102,144,131,0,11,1,1
2009-10,Theft,all,81,114,84,102,96,0,6,0,0
2009-11,Theft,all,70,90,94,113,102,1,10,0,0
2009-12,Theft,all,78,93,80,107,99,0,3,1,4
2010-01,Theft,all,81,94,112,149,142,0,7,0,0
2010-02,Theft,all,70,85,83,117,107,0,7,2,1
2010-03,Theft,all,94,110,104,138,129,1,6,1,1
2010-04,Theft,all,103,127,99,133,122,1,9,1,0
2010-05,Theft,all,96,116,80,115,105,0,6,3,1
2010-06,Theft,all,102,139,108,136,130,2,4,0,0
2010-07,Theft,all,89,103,87,116,106,0,10,0,0
2010-08,Theft,all,74,82,82,89,80,1,8,0,0
2010-09,Theft,all,94,147,87,126,119,0,5,0,2
2010-10,Theft,all,70,83,92,125,115,1,9,0,0
2010-11,Theft,all,86,112,76,95,86,0,8,1,0
2010-12,Theft,all,100,146,84,118,110,0,7,0,1
2011-01,Theft,all,55,83,92,127,121,1,4,1,0
2011-02,Theft,all,99,148,100,131,122,2,7,0,0
2011-03,Theft,all,97,115,90,116,102,0,12,1,1
2011-04,Theft,all,97,133,86,103,94,0,8,1,0
2011-05,Theft,all,74,110,91,113,97,2,12,2,0
2011-06,Theft,all,85,117,85,109,101,0,7,0,1
2011-07,Theft,all,61,79,81,102,95,1,6,0,0
2011-08,Theft,all,86,132,88,139,128,1,10,0,0
2011-09,Theft,all,89,124,88,104,95,0,9,0,0
2011-10,Theft,all,89,129,97,132,117,0,12,3,0
2011-11,Theft,all,75,93,85,118,112,1,3,0,2
2011-12,Theft,all,64,100,65,93,86,1,6,0,0
2012-01,Theft,all,87,109,89,130,127,0,3,0,0
2012-02,Theft,all,77,99,78,107,95,1,11,0,0
2012-03,Theft,all,97,136,79,94,87,0,6,0,1
2012-04,Theft,all,73,91,65,76,65,0,8,3,0
2012-05,Theft,all,93,121,87,107,100,0,7,0,0
2012-06,Theft,all,83,132,117,168,164,0,4,0,0
2012-07,Theft,all,59,99,74,106,100,0,6,0,0
2012-08,Theft,all,80,91,84,111,105,0,6,0,0
2012-09,Theft,all,80,113,72,113,101,0,11,0,1
2012-10,Theft,all,88,118,86,116,102,0,11,3,0
2012-11,Theft,all,175,195,86,131,123,1,6,1,0
2012-12,Theft,all,71,137,66,75,68,0,6,1,0
2013-01,Theft,all,73,104,80,88,82,0,6,0,0
2013-02,Theft,all,93,130,78,112,109,0,3,0,0
2013-03,Theft,all,84,123,70,82,75,0,7,0,0
2013-04,Theft,all,108,161,95,135,122,0,10,3,0
2013-05,Theft,all,90,123,101,125,118,0,7,0,0
2013-06,Theft,all,66,86,91,107,94,1,10,0,2
2013-07,Theft,all,98,126,94,121,112,0,8,0,1
2013-08,Theft,all,109,142,106,165,156,0,9,0,0
2013-09,Theft,all,71,98,88,114,101,0,12,1,0
2013-10,Theft,all,69,77,94,138,133,0,4,1,0
2013-11,Theft,all,64,94,72,100,93,0,7,0,0
2013-12,Theft,all,78,110,63,87,75,1,9,0,2
2014-01,Theft,all,64,90,88,118,108,1,7,2,0
2014-02,Theft,all,65,88,80,133,124,0,8,0,1
2014-03,Theft,all,94,131,81,132,126,0,6,0,0
2014-04,Theft,all,84,105,77,101,92,0,9,0,0
2014-05,Theft,all,78,107,99,126,118,2,5,1,0
2014-06,Theft,all,135,168,90,117,107,0,7,1,2
2014-07,Theft,all,119,140,76,139,128,0,11,0,0
2014-08,Theft,all,86,110,117,129,106,0,23,0,0
2014-09,Theft,all,77,111,81,112,102,1,9,0,0
2014-10,Theft,all,84,125,111,140,127,0,11,1,1
2014-11,Theft,all,73,86,62,77,77,0,0,0,0
2014-12,Theft,all,79,108,76,90,80,0,9,1,0
2015-01,Theft,all,114,153,119,148,129,0,15,3,1
2015-02,Theft,all,74,97,83,113,105,1,5,0,2
2015-03,Theft,all,91,114,106,153,138,1,14,0,0
2015-04,Theft,all,112,161,104,132,111,1,19,0,1
2015-05,Theft,all,87,124,80,126,121,0,4,0,1
2015-06,Theft,all,75,113,89,143,134,0,9,0,0
2015-07,Theft,all,87,138,83,103,95,0,8,0,0
2015-08,Theft,all,75,102,94,120,110,0,9,0,1
2015-09,Theft,all,88,140,78,117,109,0,8,0,0
2015-10,Theft,all,80,112,83,111,101,0,8,0,2
2015-11,Theft,all,56,86,81,116,106,0,9,1,0
2015-12,Theft,all,85,117,84,111,106,0,5,0,0
2016-01,Theft,all,73,93,79,96,87,0,7,1,1
2016-02,Theft,all,75,109,85,121,117,0,4,0,0
2016-03,Theft,all,114,145,98,168,160,0,8,0,0
2016-04,Theft,all,125,199,77,110,103,1,6,0,0
2016-05,Theft,all,78,114,87,109,104,0,5,0,0
2016-06,Theft,all,77,114,77,107,102,0,4,1,0
2016-07,Theft,all,72,89,64,80,73,0,5,0,2
2016-08,Theft,all,96,134,76,112,103,0,6,3,0
2016-09,Theft,all,84,106,91,124,118,0,6,0,0
2016-10,Theft,all,60,78,77,127,119,4,4,0,0
2016-11,Theft,all,58,95,87,115,106,0,8,1,0
2016-12,Theft,all,93,151,78,121,115,1,4,0,1
2017-01,Theft,all,63,100,87,114,107,1,6,0,0
2017-02,Theft,all,86,125,80,112,94,0,17,0,1
2017-03,Theft,all,100,158,106,138,124,0,14,0,0
2017-04,Theft,all,89,136,82,131,126,0,5,0,0
2017-05,Theft,all,97,147,75,98,91,1,4,1,1
2017-06,Theft,all,104,176,71,89,83,0,5,0,1
2017-07,Theft,all,80,130,79,123,115,0,8,0,0
2017-08,Theft,all,86,143,81,109,98,0,11,0,0
2017-09,Theft,all,78,111,76,112,103,0,3,0,6
2017-10,Theft,all,61,90,70,89,87,0,2,0,0
2017-11,Theft,all,78,113,70,86,80,0,5,0,1
2017-12,Theft,all,58,78,64,90,85,0,5,0,0
2018-01,Theft,all,78,120,79,103,93,0,8,1,1
2018-02,Theft,all,81,146,62,111,107,0,4,0,0
2018-03,Theft,all,88,129,87,132,124,0,7,0,1
2018-04,Theft,all,66,89,65,83,74,1,4,2,2
2018-05,Theft,all,65,93,85,129,122,0,7,0,0
2018-06,Theft,all,71,108,60,82,77,1,4,0,0
2018-07,Theft,all,63,87,71,102,96,0,4,2,0
2018-08,Theft,all,101,152,86,132,124,0,8,0,0
2018-09,Theft,all,105,152,70,110,101,1,0,0,8
2018-10,Theft,all,56,69,71,118,114,0,4,0,0
2018-11,Theft,all,72,95,79,128,118,1,9,0,0
2018-12,Theft,all,73,97,56,81,74,0,6,1,0
2019-01,Theft,all,71,84,69,85,80,0,5,0,0
2019-02,Theft,all,79,116,75,121,118,0,3,0,0
2019-03,Theft,all,77,95,83,99,94,0,4,0,1
2019-04,Theft,all,86,126,90,130,114,0,5,0,11
2019-05,Theft,all,92,155,90,125,115,0,9,0,1
2019-06,Theft,all,71,89,90,127,124,0,3,0,0
2019-07,Theft,all,84,105,87,158,151,0,6,0,1
2019-08,Theft,all,61,71,54,81,79,0,2,0,0
2019-09,Theft,all,80,94,88,115,111,0,4,0,0
2019-10,Theft,all,77,99,81,140,132,0,7,0,1
2019-11,Theft,all,49,64,76,124,115,0,9,0,0
2019-12,Theft,all,73,96,80,95,89,0,6,0,0
2020-01,Theft,all,84,129,71,105,100,0,5,0,0
2020-02,Theft,all,68,87,69,83,74,1,7,0,1
2020-03,Theft,all,49,65,44,62,53,0,8,1,0
2020-04,Theft,all,12,15,25,28,19,0,8,0,1
2020-05,Theft,all,20,29,36,49,46,0,2,0,1
2020-06,Theft,all,57,74,61,81,78,0,3,0,0
2020-07,Theft,all,65,83,63,91,88,0,3,0,0
2020-08,Theft,all,75,105,55,74,69,0,2,3,0
2020-09,Theft,all,88,116,73,104,99,0,3,0,2
2020-10,Theft,all,58,85,70,82,77,0,5,0,0
2020-11,Theft,all,59,93,45,55,52,0,1,0,2
2020-12,Theft,all,51,74,47,64,55,1,8,0,0
2021-01,Theft,all,50,65,62,100,72,0,26,0,2
2021-02,Theft,all,69,109,41,48,44,0,4,0,0
2021-03,Theft,all,98,124,74,93,84,0,6,2,1
2021-04,Theft,all,85,130,66,88,80,0,5,0,3
2021-05,Theft,all,94,128,55,62,58,0,4,0,0
2021-06,Theft,all,68,110,87,110,107,0,3,0,0
2021-07,Theft,all,78,115,81,145,139,1,4,1,0
2021-08,Theft,all,71,111,89,144,141,0,3,0,0
2021-09,Theft,all,69,93,72,86,78,1,5,0,2
2021-10,Theft,all,60,76,56,82,80,1,1,0,0
2021-11,Theft,all,72,103,61,79,71,0,7,0,1
2021-12,Theft,all,50,65,74,115,106,0,8,0,1
2022-01,Theft,all,46,57,70,89,84,0,5,0,0
2022-02,Theft,all,64,92,52,74,71,0,3,0,0
2022-03,Theft,all,78,104,75,107,97,1,7,0,2
2022-04,Theft,all,73,98,50,69,63,1,5,0,0
2022-05,Theft,all,54,67,81,109,99,1,9,0,0
2022-06,Theft,all,60,100,72,95,85,0,10,0,0
2022-07,Theft,all,50,77,52,66,63,0,3,0,0
2022-08,Theft,all,64,83,60,99,93,0,6,0,0
2022-09,Theft,all,64,105,61,109,104,1,4,0,0
2022-10,Theft,all,67,138,63,84,76,0,8,0,0
2022-11,Theft,all,69,104,60,88,86,0,2,0,0
2022-12,Theft,all,66,85,56,100,93,0,7,0,0
2023-01,Theft,all,47,60,64,80,73,0,5,0,2
2023-02,Theft,all,68,111,83,131,124,1,6,0,0
2023-03,Theft,all,63,85,64,89,82,0,6,1,0
2023-04,Theft,all,50,79,68,90,82,0,8,0,0
2023-05,Theft,all,50,77,71,105,89,1,5,0,10
2023-06,Theft,all,50,78,54,79,70,0,8,0,1
2023-07,Theft,all,40,76,56,86,79,0,7,0,0
2023-08,Theft,all,64,114,59,93,88,0,2,0,3
2023-09,Theft,all,60,98,71,114,108,0,5,1,0
2023-10,Theft,all,64,99,63,83,73,1,7,2,0
2023-11,Theft,all,35,49,50,62,54,0,8,0,0
2023-12,Theft,all,61,117,39,57,54,0,2,0,1
2024-01,Theft,all,50,67,58,81,77,0,4,0,0
2024-02,Theft,all,73,125,56,78,71,0,6,1,0
2024-03,Theft,all,74,117,75,103,93,0,10,0,0
2024-04,Theft,all,75,106,74,119,108,0,11,0,0
2024-05,Theft,all,68,103,63,101,82,1,10,0,8
2024-06,Theft,all,51,78,61,83,71,1,10,0,1
2024-07,Theft,all,46,66,60,85,79,0,5,0,1
2024-08,Theft,all,63,88,53,75,65,0,10,0,0
2024-09,Theft,all,66,95,62,112,106,0,6,0,0
2024-10,Theft,all,72,118,61,94,89,0,5,0,0
2024-11,Theft,all,37,43,51,98,96,0,2,0,0
2024-12,Theft,all,45,70,50,84,80,0,4,0,0
2025-01,Theft,all,36,67,65,83,75,0,8,0,0
2025-02,Theft,all,42,60,60,99,93,1,5,0,0
2025-03,Theft,all,43,71,78,125,112,0,13,0,0
2025-04,Theft,all,54,80,42,55,47,0,3,0,5
2025-05,Theft,all,72,115,58,92,87,1,4,0,0
2025-06,Theft,all,45,64,51,103,97,0,6,0,0
2025-07,Theft,all,52,64,51,77,69,0,8,0,0
2025-08,Theft,all,49,79,39,52,50,0,2,0,0
2025-09,Theft,all,58,104,64,93,84,0,9,0,0
2025-10,Theft,all,55,90,46,81,77,0,4,0,0
2025-11,Theft,all,34,54,40,56,52,0,3,0,1
2025-12,Theft,all,54,100,51,76,71,1,4,0,0
2026-01,Theft,all,38,70,37,42,36,0,6,0,0
2026-02,Theft,all,39,50,38,57,51,0,6,0,0
2026-03,Theft,all,51,58,39,56,53,0,3,0,0
2026-04,Theft,all,61,82,23,29,25,0,4,0,0
2026-05,Theft,all,54,88,25,40,30,0,10,0,0
2026-06,Theft,all,35,52,21,24,21,0,3,0,0
1994-10,Theft,primary,155,218,157,216,195,1,17,3,0
1994-11,Theft,primary,135,184,124,164,149,0,10,2,3
1994-12,Theft,primary,145,217,139,189,173,0,9,4,3
1995-01,Theft,primary,170,219,152,196,177,0,14,5,0
1995-02,Theft,primary,159,253,149,194,170,2,16,5,1
1995-03,Theft,primary,222,312,148,191,172,0,13,3,3
1995-04,Theft,primary,181,239,184,236,204,0,21,7,4
1995-05,Theft,primary,150,197,162,230,215,0,14,1,0
1995-06,Theft,primary,189,246,172,221,184,3,22,6,6
1995-07,Theft,primary,121,149,152,194,169,1,20,4,0
1995-08,Theft,primary,160,213,137,220,187,1,23,7,2
1995-09,Theft,primary,157,202,151,174,152,0,16,5,1
1995-10,Theft,primary,153,188,146,176,152,6,17,1,0
1995-11,Theft,primary,148,215,133,167,147,2,15,2,1
1995-12,Theft,primary,122,161,139,174,148,0,25,0,1
1996-01,Theft,primary,154,219,173,247,222,1,14,9,1
1996-02,Theft,primary,182,252,137,199,175,0,20,2,2
1996-03,Theft,primary,197,278,157,197,174,0,17,5,1
1996-04,Theft,primary,158,197,170,210,185,2,18,5,0
1996-05,Theft,primary,164,239,182,241,216,0,22,3,0
1996-06,Theft,primary,123,181,153,211,176,2,22,2,9
1996-07,Theft,primary,131,163,143,191,169,0,18,3,1
1996-08,Theft,primary,157,235,144,199,174,1,22,0,2
1996-09,Theft,primary,163,220,144,206,197,1,6,1,1
1996-10,Theft,primary,148,183,141,190,175,0,11,2,2
1996-11,Theft,primary,126,184,128,155,140,1,13,0,1
1996-12,Theft,primary,132,160,132,174,165,1,5,3,0
1997-01,Theft,primary,132,152,150,185,161,1,23,0,0
1997-02,Theft,primary,122,164,131,179,154,2,20,1,2
1997-03,Theft,primary,144,196,130,178,150,3,18,2,5
1997-04,Theft,primary,135,162,129,160,138,1,16,4,1
1997-05,Theft,primary,153,239,127,167,153,0,10,3,1
1997-06,Theft,primary,142,206,111,156,139,2,10,4,1
1997-07,Theft,primary,141,194,79,101,90,2,6,2,1
1997-08,Theft,primary,125,175,96,121,107,1,9,3,1
1997-09,Theft,primary,152,204,122,157,143,1,10,1,2
1997-10,Theft,primary,140,197,149,214,193,0,19,1,1
1997-11,Theft,primary,121,163,110,132,118,1,9,3,1
1997-12,Theft,primary,129,183,137,180,162,0,17,0,1
1998-01,Theft,primary,125,166,131,196,179,3,9,3,2
1998-02,Theft,primary,128,184,139,192,171,4,15,2,0
1998-03,Theft,primary,159,211,142,186,163,2,15,6,0
1998-04,Theft,primary,160,233,138,218,200,0,16,2,0
1998-05,Theft,primary,140,190,141,188,168,4,14,2,0
1998-06,Theft,primary,134,191,124,178,162,0,15,1,0
1998-07,Theft,primary,143,195,170,220,201,1,17,1,0
1998-08,Theft,primary,150,209,135,179,158,2,13,2,4
1998-09,Theft,primary,141,215,135,200,182,1,12,1,4
1998-10,Theft,primary,128,173,134,174,157,0,14,3,0
1998-11,Theft,primary,116,134,127,165,147,3,11,2,2
1998-12,Theft,primary,107,175,132,185,176,1,6,2,0
1999-01,Theft,primary,98,135,150,223,207,4,10,2,0
1999-02,Theft,primary,133,198,136,197,176,4,11,1,5
1999-03,Theft,primary,159,214,149,195,177,1,14,2,1
1999-04,Theft,primary,166,227,140,196,169,0,22,5,0
1999-05,Theft,primary,117,170,109,145,128,0,15,1,1
1999-06,Theft,primary,187,249,138,238,218,1,14,5,0
1999-07,Theft,primary,140,188,114,141,132,0,6,2,1
1999-08,Theft,primary,154,218,136,190,174,2,14,0,0
1999-09,Theft,primary,140,177,124,160,138,0,18,3,1
1999-10,Theft,primary,109,143,123,153,144,1,6,2,0
1999-11,Theft,primary,121,140,143,193,187,1,5,0,0
1999-12,Theft,primary,120,175,123,176,151,3,21,1,0
2000-01,Theft,primary,131,166,167,202,186,2,11,3,0
2000-02,Theft,primary,138,223,166,216,196,1,9,10,0
2000-03,Theft,primary,176,252,130,210,186,1,22,1,0
2000-04,Theft,primary,129,194,120,151,138,0,10,1,2
2000-05,Theft,primary,131,181,128,150,142,1,5,1,1
2000-06,Theft,primary,137,188,152,204,197,1,6,0,0
2000-07,Theft,primary,119,177,135,170,151,0,12,6,1
2000-08,Theft,primary,119,162,116,160,158,0,2,0,0
2000-09,Theft,primary,153,181,122,168,154,0,9,2,3
2000-10,Theft,primary,107,148,126,174,163,0,6,5,0
2000-11,Theft,primary,106,139,111,190,175,3,8,4,0
2000-12,Theft,primary,88,128,121,204,194,3,6,1,0
2001-01,Theft,primary,115,172,156,201,190,0,8,3,0
2001-02,Theft,primary,135,178,128,200,196,1,3,0,0
2001-03,Theft,primary,161,231,155,218,195,1,18,4,0
2001-04,Theft,primary,129,162,112,137,130,0,6,1,0
2001-05,Theft,primary,146,232,117,173,145,2,21,3,2
2001-06,Theft,primary,144,194,119,152,134,1,16,1,0
2001-07,Theft,primary,124,175,126,179,164,3,11,1,0
2001-08,Theft,primary,126,171,140,184,171,0,9,1,3
2001-09,Theft,primary,122,147,117,159,147,3,8,0,1
2001-10,Theft,primary,114,160,145,189,170,2,14,0,3
2001-11,Theft,primary,128,152,119,155,142,1,10,1,1
2001-12,Theft,primary,117,188,120,159,153,0,5,1,0
2002-01,Theft,primary,133,193,150,192,179,0,12,1,0
2002-02,Theft,primary,130,182,110,153,141,1,10,1,0
2002-03,Theft,primary,139,196,124,174,159,0,13,1,1
2002-04,Theft,primary,167,199,133,167,147,2,12,6,0
2002-05,Theft,primary,138,185,115,159,142,3,13,1,0
2002-06,Theft,primary,123,179,136,187,178,1,8,0,0
2002-07,Theft,primary,99,131,129,170,157,0,11,2,0
2002-08,Theft,primary,117,163,155,209,196,0,11,1,1
2002-09,Theft,primary,130,163,119,162,142,2,17,1,0
2002-10,Theft,primary,137,190,137,204,191,0,13,0,0
2002-11,Theft,primary,114,179,114,165,158,0,7,0,0
2002-12,Theft,primary,107,131,129,184,171,0,12,1,0
2003-01,Theft,primary,137,166,144,205,185,7,12,0,1
2003-02,Theft,primary,127,167,132,174,154,4,15,1,0
2003-03,Theft,primary,134,181,127,167,155,0,11,0,1
2003-04,Theft,primary,139,169,107,143,132,1,8,1,1
2003-05,Theft,primary,121,171,111,146,132,0,14,0,0
2003-06,Theft,primary,124,198,132,168,155,3,9,1,0
2003-07,Theft,primary,123,161,144,225,214,0,8,3,0
2003-08,Theft,primary,116,161,115,164,155,0,9,0,0
2003-09,Theft,primary,100,140,137,184,174,0,9,0,1
2003-10,Theft,primary,149,198,120,161,150,3,8,0,0
2003-11,Theft,primary,91,108,115,178,170,0,7,1,0
2003-12,Theft,primary,95,118,119,171,145,1,5,6,14
2004-01,Theft,primary,96,136,113,155,145,1,6,3,0
2004-02,Theft,primary,122,157,103,141,131,0,7,3,0
2004-03,Theft,primary,113,174,117,148,133,0,13,2,0
2004-04,Theft,primary,133,187,120,146,129,0,14,2,1
2004-05,Theft,primary,133,179,124,153,141,0,10,0,2
2004-06,Theft,primary,116,181,115,184,166,1,13,2,2
2004-07,Theft,primary,125,167,91,126,115,1,10,0,0
2004-08,Theft,primary,124,191,102,131,122,0,8,1,0
2004-09,Theft,primary,147,228,103,152,143,1,7,1,0
2004-10,Theft,primary,84,102,135,168,149,0,14,5,0
2004-11,Theft,primary,76,95,100,137,125,2,5,5,0
2004-12,Theft,primary,89,128,111,152,148,0,4,0,0
2005-01,Theft,primary,79,114,122,152,135,2,15,0,0
2005-02,Theft,primary,116,141,112,140,122,0,16,2,0
2005-03,Theft,primary,113,164,119,178,166,2,9,1,0
2005-04,Theft,primary,132,188,112,145,138,0,4,2,1
2005-05,Theft,primary,113,161,116,159,146,0,11,1,1
2005-06,Theft,primary,89,110,126,173,160,2,11,0,0
2005-07,Theft,primary,103,139,117,160,152,0,5,2,1
2005-08,Theft,primary,101,142,104,156,149,0,5,2,0
2005-09,Theft,primary,92,145,108,153,144,0,7,2,0
2005-10,Theft,primary,97,133,100,136,127,1,7,0,1
2005-11,Theft,primary,109,134,82,115,107,0,7,1,0
2005-12,Theft,primary,115,154,92,116,108,0,3,5,0
2006-01,Theft,primary,107,159,111,148,139,0,8,0,1
2006-02,Theft,primary,102,142,93,109,101,1,6,1,0
2006-03,Theft,primary,130,199,90,158,146,0,11,1,0
2006-04,Theft,primary,98,133,111,166,152,0,14,0,0
2006-05,Theft,primary,111,179,117,169,154,1,8,6,0
2006-06,Theft,primary,127,225,119,190,186,0,4,0,0
2006-07,Theft,primary,94,119,94,108,100,0,5,3,0
2006-08,Theft,primary,113,148,120,171,163,0,6,2,0
2006-09,Theft,primary,104,128,105,131,119,0,12,0,0
2006-10,Theft,primary,91,116,105,150,143,1,5,0,1
2006-11,Theft,primary,107,134,103,146,141,2,2,1,0
2006-12,Theft,primary,81,108,93,150,146,1,3,0,0
2007-01,Theft,primary,79,112,135,169,156,0,8,3,2
2007-02,Theft,primary,101,126,110,170,164,0,6,0,0
2007-03,Theft,primary,98,136,102,148,137,1,8,1,1
2007-04,Theft,primary,123,159,92,132,127,0,4,1,0
2007-05,Theft,primary,114,158,100,127,119,0,8,0,0
2007-06,Theft,primary,123,187,98,119,111,0,7,1,0
2007-07,Theft,primary,98,131,102,139,126,0,12,1,0
2007-08,Theft,primary,113,161,95,125,118,0,7,0,0
2007-09,Theft,primary,106,134,96,112,102,1,8,1,0
2007-10,Theft,primary,97,122,106,121,107,0,8,6,0
2007-11,Theft,primary,98,136,104,133,130,0,3,0,0
2007-12,Theft,primary,91,122,78,116,109,0,6,1,0
2008-01,Theft,primary,84,97,112,183,172,0,9,2,0
2008-02,Theft,primary,78,104,88,116,111,0,5,0,0
2008-03,Theft,primary,76,101,94,127,113,1,11,1,1
2008-04,Theft,primary,95,123,110,148,136,2,8,1,1
2008-05,Theft,primary,110,134,73,92,85,0,6,1,0
2008-06,Theft,primary,107,151,112,178,172,1,3,1,1
2008-07,Theft,primary,88,101,108,148,133,3,10,1,1
2008-08,Theft,primary,80,111,108,140,129,0,11,0,0
2008-09,Theft,primary,92,123,94,125,120,0,5,0,0
2008-10,Theft,primary,85,100,89,182,173,1,8,0,0
2008-11,Theft,primary,64,80,78,129,125,2,2,0,0
2008-12,Theft,primary,82,125,86,97,91,0,6,0,0
2009-01,Theft,primary,68,88,104,148,131,0,13,4,0
2009-02,Theft,primary,104,129,87,115,106,0,8,1,0
2009-03,Theft,primary,91,113,102,121,106,0,12,0,3
2009-04,Theft,primary,101,147,79,123,110,0,12,1,0
2009-05,Theft,primary,97,120,77,97,93,0,4,0,0
2009-06,Theft,primary,88,123,100,137,130,0,6,0,1
2009-07,Theft,primary,97,136,91,113,102,0,11,0,0
2009-08,Theft,primary,89,108,85,106,96,0,8,2,0
2009-09,Theft,primary,104,137,99,140,127,0,11,1,1
2009-10,Theft,primary,75,97,81,96,90,0,6,0,0
2009-11,Theft,primary,68,87,89,108,97,1,10,0,0
2009-12,Theft,primary,73,87,76,100,92,0,3,1,4
2010-01,Theft,primary,74,83,110,147,140,0,7,0,0
2010-02,Theft,primary,64,78,79,112,103,0,7,1,1
2010-03,Theft,primary,91,107,95,114,105,1,6,1,1
2010-04,Theft,primary,96,119,95,129,119,1,9,0,0
2010-05,Theft,primary,89,108,73,108,99,0,6,2,1
2010-06,Theft,primary,98,130,101,124,118,2,4,0,0
2010-07,Theft,primary,85,99,82,105,95,0,10,0,0
2010-08,Theft,primary,69,76,77,83,74,1,8,0,0
2010-09,Theft,primary,89,127,83,115,108,0,5,0,2
2010-10,Theft,primary,66,78,85,117,107,1,9,0,0
2010-11,Theft,primary,81,107,73,92,84,0,7,1,0
2010-12,Theft,primary,94,139,77,110,102,0,7,0,1
2011-01,Theft,primary,52,80,88,122,116,1,4,1,0
2011-02,Theft,primary,94,142,93,124,115,2,7,0,0
2011-03,Theft,primary,86,104,86,109,95,0,12,1,1
2011-04,Theft,primary,84,109,79,91,82,0,8,1,0
2011-05,Theft,primary,71,102,86,107,91,2,12,2,0
2011-06,Theft,primary,74,93,74,94,86,0,7,0,1
2011-07,Theft,primary,56,72,72,92,85,1,6,0,0
2011-08,Theft,primary,80,116,85,130,119,1,10,0,0
2011-09,Theft,primary,81,115,87,103,94,0,9,0,0
2011-10,Theft,primary,82,121,92,126,114,0,9,3,0
2011-11,Theft,primary,72,90,78,111,105,1,3,0,2
2011-12,Theft,primary,62,97,60,82,75,1,6,0,0
2012-01,Theft,primary,83,105,83,122,119,0,3,0,0
2012-02,Theft,primary,62,75,67,91,79,1,11,0,0
2012-03,Theft,primary,83,110,76,90,83,0,6,0,1
2012-04,Theft,primary,68,84,62,73,62,0,8,3,0
2012-05,Theft,primary,84,109,81,100,94,0,6,0,0
2012-06,Theft,primary,79,111,104,129,126,0,3,0,0
2012-07,Theft,primary,56,95,66,98,94,0,4,0,0
2012-08,Theft,primary,75,83,75,95,89,0,6,0,0
2012-09,Theft,primary,69,100,67,100,91,0,8,0,1
2012-10,Theft,primary,81,102,78,103,91,0,10,2,0
2012-11,Theft,primary,174,194,80,113,105,1,6,1,0
2012-12,Theft,primary,70,136,61,67,60,0,6,1,0
2013-01,Theft,primary,72,103,71,79,74,0,5,0,0
2013-02,Theft,primary,83,117,74,106,103,0,3,0,0
2013-03,Theft,primary,81,117,64,74,67,0,7,0,0
2013-04,Theft,primary,105,158,92,132,120,0,9,3,0
2013-05,Theft,primary,87,117,94,116,109,0,7,0,0
2013-06,Theft,primary,57,69,85,99,88,1,9,0,1
2013-07,Theft,primary,91,118,91,116,107,0,8,0,1
2013-08,Theft,primary,107,139,96,147,138,0,9,0,0
2013-09,Theft,primary,62,87,79,101,91,0,9,1,0
2013-10,Theft,primary,63,71,87,125,120,0,4,1,0
2013-11,Theft,primary,57,80,68,91,84,0,7,0,0
2013-12,Theft,primary,67,90,63,87,75,1,9,0,2
2014-01,Theft,primary,56,76,82,108,98,1,7,2,0
2014-02,Theft,primary,61,84,77,130,121,0,8,0,1
2014-03,Theft,primary,86,114,74,123,117,0,6,0,0
2014-04,Theft,primary,82,101,71,92,83,0,9,0,0
2014-05,Theft,primary,73,100,93,118,110,2,5,1,0
2014-06,Theft,primary,126,156,85,110,100,0,7,1,2
2014-07,Theft,primary,98,118,74,124,113,0,11,0,0
2014-08,Theft,primary,81,97,110,120,98,0,22,0,0
2014-09,Theft,primary,72,104,75,99,91,1,7,0,0
2014-10,Theft,primary,76,92,102,130,117,0,11,1,1
2014-11,Theft,primary,69,76,59,74,74,0,0,0,0
2014-12,Theft,primary,74,100,67,77,67,0,9,1,0
2015-01,Theft,primary,107,127,108,131,114,0,13,3,1
2015-02,Theft,primary,64,80,73,102,96,0,4,0,2
2015-03,Theft,primary,86,102,92,137,134,1,2,0,0
2015-04,Theft,primary,108,153,92,114,97,1,15,0,1
2015-05,Theft,primary,81,113,74,112,107,0,4,0,1
2015-06,Theft,primary,69,94,85,138,129,0,9,0,0
2015-07,Theft,primary,77,109,79,96,89,0,7,0,0
2015-08,Theft,primary,68,91,89,110,100,0,9,0,1
2015-09,Theft,primary,76,124,69,97,90,0,7,0,0
2015-10,Theft,primary,68,92,77,104,94,0,8,0,2
2015-11,Theft,primary,50,80,72,104,94,0,9,1,0
2015-12,Theft,primary,74,96,78,102,98,0,4,0,0
2016-01,Theft,primary,66,85,74,90,81,0,7,1,1
2016-02,Theft,primary,65,96,79,109,105,0,4,0,0
2016-03,Theft,primary,105,130,84,137,131,0,6,0,0
2016-04,Theft,primary,118,160,65,76,70,1,5,0,0
2016-05,Theft,primary,74,110,73,90,85,0,5,0,0
2016-06,Theft,primary,57,82,70,96,91,0,4,1,0
2016-07,Theft,primary,65,79,61,77,70,0,5,0,2
2016-08,Theft,primary,87,123,74,103,94,0,6,3,0
2016-09,Theft,primary,73,93,83,106,100,0,6,0,0
2016-10,Theft,primary,56,73,68,116,108,4,4,0,0
2016-11,Theft,primary,53,85,82,108,99,0,8,1,0
2016-12,Theft,primary,86,137,71,93,87,1,4,0,1
2017-01,Theft,primary,60,96,74,99,92,1,6,0,0
2017-02,Theft,primary,76,100,74,101,84,0,16,0,1
2017-03,Theft,primary,90,123,92,113,100,0,13,0,0
2017-04,Theft,primary,79,121,73,95,90,0,5,0,0
2017-05,Theft,primary,90,138,72,94,87,1,4,1,1
2017-06,Theft,primary,90,147,67,84,79,0,4,0,1
2017-07,Theft,primary,73,104,71,96,90,0,6,0,0
2017-08,Theft,primary,75,106,70,97,86,0,11,0,0
2017-09,Theft,primary,67,94,64,97,88,0,3,0,6
2017-10,Theft,primary,58,86,62,80,78,0,2,0,0
2017-11,Theft,primary,66,95,64,78,72,0,5,0,1
2017-12,Theft,primary,53,71,61,87,83,0,4,0,0
2018-01,Theft,primary,74,116,68,86,78,0,6,1,1
2018-02,Theft,primary,75,116,56,81,77,0,4,0,0
2018-03,Theft,primary,82,111,78,113,107,0,5,0,1
2018-04,Theft,primary,60,77,62,75,66,1,4,2,2
2018-05,Theft,primary,52,66,75,116,110,0,6,0,0
2018-06,Theft,primary,65,95,54,74,69,1,4,0,0
2018-07,Theft,primary,57,80,65,87,84,0,3,0,0
2018-08,Theft,primary,92,141,80,123,117,0,6,0,0
2018-09,Theft,primary,92,120,64,101,92,1,0,0,8
2018-10,Theft,primary,49,58,67,101,97,0,4,0,0
2018-11,Theft,primary,61,73,71,117,108,1,8,0,0
2018-12,Theft,primary,66,86,48,68,61,0,6,1,0
2019-01,Theft,primary,62,75,65,80,75,0,5,0,0
2019-02,Theft,primary,70,102,70,111,108,0,3,0,0
2019-03,Theft,primary,71,82,74,89,85,0,4,0,0
2019-04,Theft,primary,84,124,81,118,103,0,4,0,11
2019-05,Theft,primary,78,128,85,118,108,0,9,0,1
2019-06,Theft,primary,62,79,81,109,107,0,2,0,0
2019-07,Theft,primary,76,92,81,144,137,0,6,0,1
2019-08,Theft,primary,55,63,49,75,73,0,2,0,0
2019-09,Theft,primary,72,81,81,105,101,0,4,0,0
2019-10,Theft,primary,72,90,76,131,123,0,7,0,1
2019-11,Theft,primary,38,45,66,107,99,0,8,0,0
2019-12,Theft,primary,64,83,69,81,76,0,5,0,0
2020-01,Theft,primary,76,97,62,76,71,0,5,0,0
2020-02,Theft,primary,53,70,65,79,71,1,6,0,1
2020-03,Theft,primary,42,54,40,51,42,0,8,1,0
2020-04,Theft,primary,10,12,20,23,15,0,7,0,1
2020-05,Theft,primary,18,27,35,48,45,0,2,0,1
2020-06,Theft,primary,49,59,54,69,66,0,3,0,0
2020-07,Theft,primary,59,71,51,69,66,0,3,0,0
2020-08,Theft,primary,64,88,49,61,59,0,2,0,0
2020-09,Theft,primary,74,88,67,93,89,0,2,0,2
2020-10,Theft,primary,53,80,64,70,65,0,5,0,0
2020-11,Theft,primary,47,59,41,48,45,0,1,0,2
2020-12,Theft,primary,42,62,42,47,39,1,7,0,0
2021-01,Theft,primary,40,51,59,93,65,0,26,0,2
2021-02,Theft,primary,62,95,40,47,43,0,4,0,0
2021-03,Theft,primary,87,110,61,73,64,0,6,2,1
2021-04,Theft,primary,65,92,60,71,63,0,5,0,3
2021-05,Theft,primary,81,109,48,54,51,0,3,0,0
2021-06,Theft,primary,57,81,72,92,90,0,2,0,0
2021-07,Theft,primary,63,87,76,137,131,1,4,1,0
2021-08,Theft,primary,65,92,76,110,107,0,3,0,0
2021-09,Theft,primary,62,84,65,79,72,0,5,0,2
2021-10,Theft,primary,47,60,48,71,70,0,1,0,0
2021-11,Theft,primary,55,77,48,58,50,0,7,0,1
2021-12,Theft,primary,42,52,61,98,89,0,8,0,1
2022-01,Theft,primary,42,51,59,72,68,0,4,0,0
2022-02,Theft,primary,57,81,44,51,48,0,3,0,0
2022-03,Theft,primary,67,87,62,91,83,0,6,0,2
2022-04,Theft,primary,61,83,41,55,50,1,4,0,0
2022-05,Theft,primary,45,58,73,98,89,1,8,0,0
2022-06,Theft,primary,55,92,62,85,75,0,10,0,0
2022-07,Theft,primary,46,72,47,56,53,0,3,0,0
2022-08,Theft,primary,59,75,50,77,71,0,6,0,0
2022-09,Theft,primary,53,83,54,96,92,0,4,0,0
2022-10,Theft,primary,59,93,50,67,60,0,7,0,0
2022-11,Theft,primary,54,71,53,79,77,0,2,0,0
2022-12,Theft,primary,61,80,47,65,59,0,6,0,0
2023-01,Theft,primary,40,46,53,63,59,0,2,0,2
2023-02,Theft,primary,60,101,69,114,108,1,5,0,0
2023-03,Theft,primary,55,68,56,74,67,0,6,1,0
2023-04,Theft,primary,40,60,57,73,65,0,8,0,0
2023-05,Theft,primary,38,50,63,86,80,1,5,0,0
2023-06,Theft,primary,40,60,43,64,59,0,4,0,1
2023-07,Theft,primary,37,73,47,67,60,0,7,0,0
2023-08,Theft,primary,54,89,53,81,79,0,2,0,0
2023-09,Theft,primary,52,84,52,83,78,0,4,1,0
2023-10,Theft,primary,49,75,58,68,59,1,6,2,0
2023-11,Theft,primary,31,42,44,53,47,0,6,0,0
2023-12,Theft,primary,41,70,32,46,43,0,2,0,1
2024-01,Theft,primary,41,52,47,60,57,0,3,0,0
2024-02,Theft,primary,62,98,47,68,62,0,5,1,0
2024-03,Theft,primary,65,103,65,90,80,0,10,0,0
2024-04,Theft,primary,61,82,63,98,87,0,11,0,0
2024-05,Theft,primary,58,84,53,74,55,1,10,0,8
2024-06,Theft,primary,41,56,55,77,66,1,9,0,1
2024-07,Theft,primary,36,50,51,71,66,0,4,0,1
2024-08,Theft,primary,50,67,45,61,56,0,5,0,0
2024-09,Theft,primary,58,82,50,81,75,0,6,0,0
2024-10,Theft,primary,59,95,45,61,58,0,3,0,0
2024-11,Theft,primary,31,35,41,81,79,0,2,0,0
2024-12,Theft,primary,38,54,40,54,51,0,3,0,0
2025-01,Theft,primary,27,53,56,73,65,0,8,0,0
2025-02,Theft,primary,31,39,52,79,73,1,5,0,0
2025-03,Theft,primary,38,62,66,104,91,0,13,0,0
2025-04,Theft,primary,44,70,36,49,41,0,3,0,5
2025-05,Theft,primary,55,85,45,71,66,1,4,0,0
2025-06,Theft,primary,31,40,36,76,71,0,5,0,0
2025-07,Theft,primary,43,53,37,52,48,0,4,0,0
2025-08,Theft,primary,40,65,27,39,37,0,2,0,0
2025-09,Theft,primary,46,90,48,69,61,0,8,0,0
2025-10,Theft,primary,41,69,37,59,55,0,4,0,0
2025-11,Theft,primary,29,47,32,44,40,0,3,0,1
2025-12,Theft,primary,36,62,47,72,68,1,3,0,0
2026-01,Theft,primary,28,54,28,30,25,0,5,0,0
2026-02,Theft,primary,28,33,33,51,46,0,5,0,0
2026-03,Theft,primary,36,42,31,48,45,0,3,0,0
2026-04,Theft,primary,43,49,17,22,18,0,4,0,0
2026-05,Theft,primary,40,53,19,27,17,0,10,0,0
2026-06,Theft,primary,19,23,16,19,16,0,3,0,0
1994-10,Violent Crime,all,484,878,446,658,592,8,49,9,0
1994-11,Violent Crime,all,566,1184,488,727,647,20,39,19,2
1994-12,Violent Crime,all,516,902,451,751,646,14,73,14,4
1995-01,Violent Crime,all,513,941,500,818,758,3,51,4,2
1995-02,Violent Crime,all,536,978,475,834,748,9,61,15,1
1995-03,Violent Crime,all,629,1160,521,899,818,7,50,18,6
1995-04,Violent Crime,all,488,830,446,751,693,9,34,6,9
1995-05,Violent Crime,all,560,1163,560,881,794,12,67,6,2
1995-06,Violent Crime,all,557,1099,540,882,810,8,53,8,3
1995-07,Violent Crime,all,504,950,466,847,783,3,46,9,6
1995-08,Violent Crime,all,568,1066,468,802,728,7,56,7,4
1995-09,Violent Crime,all,541,1119,504,871,785,9,50,21,6
1995-10,Violent Crime,all,504,879,483,780,703,2,46,20,9
1995-11,Violent Crime,all,553,998,546,866,785,16,59,5,1
1995-12,Violent Crime,all,441,799,420,656,602,7,36,7,4
1996-01,Violent Crime,all,466,770,537,834,764,6,48,12,4
1996-02,Violent Crime,all,513,959,485,788,730,13,36,6,3
1996-03,Violent Crime,all,523,902,526,966,891,9,56,9,1
1996-04,Violent Crime,all,517,945,475,809,743,3,43,16,4
1996-05,Violent Crime,all,531,929,524,941,854,12,62,10,3
1996-06,Violent Crime,all,454,884,504,860,796,2,46,11,5
1996-07,Violent Crime,all,426,781,481,796,730,11,41,10,4
1996-08,Violent Crime,all,507,819,470,757,708,3,37,9,0
1996-09,Violent Crime,all,516,931,470,800,745,6,32,13,4
1996-10,Violent Crime,all,520,983,475,796,739,4,43,7,3
1996-11,Violent Crime,all,456,822,422,780,724,5,33,13,5
1996-12,Violent Crime,all,416,745,397,638,562,18,49,8,1
1997-01,Violent Crime,all,459,727,476,860,787,7,39,13,14
1997-02,Violent Crime,all,571,975,448,816,754,7,30,22,3
1997-03,Violent Crime,all,538,837,400,786,730,6,36,7,7
1997-04,Violent Crime,all,535,1089,427,815,764,4,34,11,2
1997-05,Violent Crime,all,552,1023,429,793,728,4,46,13,2
1997-06,Violent Crime,all,510,881,441,760,667,13,41,34,5
1997-07,Violent Crime,all,561,1016,423,729,684,4,35,5,1
1997-08,Violent Crime,all,503,927,368,605,545,7,40,10,3
1997-09,Violent Crime,all,594,1041,412,785,673,7,43,7,55
1997-10,Violent Crime,all,571,1049,485,797,705,5,46,24,17
1997-11,Violent Crime,all,513,866,443,813,763,7,38,3,2
1997-12,Violent Crime,all,538,891,491,839,781,16,28,9,5
1998-01,Violent Crime,all,498,783,493,815,751,7,38,16,3
1998-02,Violent Crime,all,556,978,515,874,798,7,58,10,1
1998-03,Violent Crime,all,594,986,544,939,888,5,34,12,0
1998-04,Violent Crime,all,566,1012,543,907,834,5,59,5,4
1998-05,Violent Crime,all,500,940,518,949,858,14,57,7,13
1998-06,Violent Crime,all,571,1155,557,990,923,9,44,11,3
1998-07,Violent Crime,all,568,1012,566,1008,918,10,71,6,3
1998-08,Violent Crime,all,582,905,471,827,744,11,40,11,21
1998-09,Violent Crime,all,589,963,494,810,720,16,53,15,6
1998-10,Violent Crime,all,572,945,535,865,787,4,57,13,4
1998-11,Violent Crime,all,567,949,489,791,723,14,31,17,6
1998-12,Violent Crime,all,493,823,500,859,793,3,46,13,4
1999-01,Violent Crime,all,570,931,494,847,804,6,22,8,7
1999-02,Violent Crime,all,606,975,542,834,778,7,40,7,2
1999-03,Violent Crime,all,672,1043,600,1067,993,7,39,11,17
1999-04,Violent Crime,all,611,969,590,915,836,12,50,15,2
1999-05,Violent Crime,all,633,1207,490,854,794,4,43,12,1
1999-06,Violent Crime,all,627,937,566,903,833,11,42,13,4
1999-07,Violent Crime,all,634,1005,567,900,800,15,67,14,4
1999-08,Violent Crime,all,618,1009,620,1022,943,5,65,5,4
1999-09,Violent Crime,all,760,1260,582,918,854,11,45,2,6
1999-10,Violent Crime,all,609,969,567,1002,944,8,46,4,0
1999-11,Violent Crime,all,597,1061,542,970,916,8,41,5,0
1999-12,Violent Crime,all,585,957,562,877,792,11,65,7,2
2000-01,Violent Crime,all,588,864,610,945,875,13,43,9,5
2000-02,Violent Crime,all,703,1187,621,933,873,6,46,6,2
2000-03,Violent Crime,all,866,1432,646,1106,1028,9,58,6,5
2000-04,Violent Crime,all,719,1175,574,873,805,7,49,9,3
2000-05,Violent Crime,all,718,1152,645,960,891,10,55,4,0
2000-06,Violent Crime,all,775,1167,645,1055,978,12,53,11,1
2000-07,Violent Crime,all,632,1028,582,895,834,12,41,8,0
2000-08,Violent Crime,all,737,1213,647,1020,940,10,55,11,4
2000-09,Violent Crime,all,785,1190,724,1334,1229,16,58,18,13
2000-10,Violent Crime,all,709,1145,623,1009,906,8,53,20,22
2000-11,Violent Crime,all,791,1187,633,975,911,8,47,5,4
2000-12,Violent Crime,all,598,983,647,1014,946,7,55,6,0
2001-01,Violent Crime,all,715,1169,766,1100,1006,10,60,19,5
2001-02,Violent Crime,all,786,1099,659,1039,978,13,39,8,1
2001-03,Violent Crime,all,889,1346,722,1133,1036,9,64,16,8
2001-04,Violent Crime,all,765,1130,655,997,927,6,56,7,1
2001-05,Violent Crime,all,831,1355,710,1083,1008,10,51,8,6
2001-06,Violent Crime,all,785,1324,740,1145,1054,14,71,6,0
2001-07,Violent Crime,all,726,1314,695,1240,1147,7,68,15,3
2001-08,Violent Crime,all,868,1293,744,1151,1071,12,52,14,2
2001-09,Violent Crime,all,727,1150,650,1027,960,6,47,10,4
2001-10,Violent Crime,all,789,1220,784,1179,1070,12,80,14,3
2001-11,Violent Crime,all,849,1303,757,1168,1073,10,75,6,4
2001-12,Violent Crime,all,683,1069,658,980,905,8,57,8,2
2002-01,Violent Crime,all,805,1206,795,1094,1006,12,68,8,0
2002-02,Violent Crime,all,868,1295,681,998,919,17,53,8,1
2002-03,Violent Crime,all,863,1490,692,1112,1041,10,44,16,1
2002-04,Violent Crime,all,927,1390,827,1265,1165,10,80,8,2
2002-05,Violent Crime,all,1152,1663,775,1293,1206,13,42,24,8
2002-06,Violent Crime,all,894,1430,748,1065,968,13,71,10,3
2002-07,Violent Crime,all,916,1473,748,1312,1191,10,101,9,1
2002-08,Violent Crime,all,984,1504,777,1284,1195,13,53,16,7
2002-09,Violent Crime,all,980,1501,795,1203,1094,11,85,9,4
2002-10,Violent Crime,all,1038,1714,894,1414,1306,9,78,20,1
2002-11,Violent Crime,all,994,1473,858,1281,1187,17,63,9,5
2002-12,Violent Crime,all,841,1335,788,1169,1083,6,56,19,5
2003-01,Violent Crime,all,1019,1410,917,1352,1244,16,70,20,2
2003-02,Violent Crime,all,1072,1710,876,1427,1323,15,70,14,5
2003-03,Violent Crime,all,1061,1550,868,1304,1202,12,75,14,1
2003-04,Violent Crime,all,1279,2050,943,1320,1212,13,77,15,3
2003-05,Violent Crime,all,1175,1796,923,1397,1297,11,77,11,1
2003-06,Violent Crime,all,1077,1535,876,1345,1258,7,68,8,4
2003-07,Violent Crime,all,1175,1723,904,1302,1190,17,73,19,3
2003-08,Violent Crime,all,1094,1734,918,1422,1310,15,75,16,6
2003-09,Violent Crime,all,1151,1770,973,1348,1241,18,77,10,2
2003-10,Violent Crime,all,1221,1831,996,1496,1387,14,87,7,1
2003-11,Violent Crime,all,1007,1368,902,1175,1076,18,63,13,5
2003-12,Violent Crime,all,1036,1554,943,1388,1286,22,66,14,0
2004-01,Violent Crime,all,1069,1514,1076,1449,1345,11,83,8,2
2004-02,Violent Crime,all,1127,1674,1019,1448,1333,14,81,14,6
2004-03,Violent Crime,all,1320,2094,1120,1603,1482,17,84,17,3
2004-04,Violent Crime,all,1478,2116,1069,1507,1385,15,77,16,14
2004-05,Violent Crime,all,1192,1906,1054,1470,1372,12,72,13,1
2004-06,Violent Crime,all,1122,1629,986,1413,1303,10,85,11,4
2004-07,Violent Crime,all,1055,1570,892,1236,1117,19,85,5,10
2004-08,Violent Crime,all,1156,1809,1095,1606,1478,19,95,12,2
2004-09,Violent Crime,all,1228,1899,1020,1411,1296,30,71,10,4
2004-10,Violent Crime,all,1018,1590,1005,1462,1330,19,109,3,1
2004-11,Violent Crime,all,984,1438,996,1403,1297,14,79,9,4
2004-12,Violent Crime,all,1100,1535,990,1391,1283,14,85,9,0
2005-01,Violent Crime,all,1012,1606,1062,1494,1360,16,106,11,1
2005-02,Violent Crime,all,1095,1545,1146,1743,1632,17,86,5,3
2005-03,Violent Crime,all,1368,2115,1240,1895,1763,25,85,13,9
2005-04,Violent Crime,all,1222,1796,1136,1624,1490,10,106,14,4
2005-05,Violent Crime,all,1123,1749,1048,1508,1397,15,73,16,7
2005-06,Violent Crime,all,1154,1776,1190,1656,1566,10,65,12,3
2005-07,Violent Crime,all,1037,1622,1023,1367,1270,13,68,14,2
2005-08,Violent Crime,all,1121,1514,1247,1698,1580,17,84,15,2
2005-09,Violent Crime,all,1188,1908,1181,1777,1637,17,114,9,0
2005-10,Violent Crime,all,950,1403,1052,1573,1477,11,78,6,1
2005-11,Violent Crime,all,1104,1610,1005,1504,1419,9,69,6,1
2005-12,Violent Crime,all,976,1418,1019,1369,1282,14,65,8,0
2006-01,Violent Crime,all,1023,1487,1180,1746,1648,15,72,6,5
2006-02,Violent Crime,all,1104,1605,1074,1624,1517,15,85,6,1
2006-03,Violent Crime,all,1194,1738,1168,1767,1658,16,79,12,2
2006-04,Violent Crime,all,1091,1588,1001,1548,1476,9,51,11,1
2006-05,Violent Crime,all,1090,1545,1116,1848,1743,19,67,18,1
2006-06,Violent Crime,all,1165,1716,1218,1891,1809,19,55,5,3
2006-07,Violent Crime,all,992,1458,1024,1455,1341,16,68,17,13
2006-08,Violent Crime,all,1167,1645,1194,1743,1645,10,78,7,3
2006-09,Violent Crime,all,1129,1721,1120,1576,1477,10,81,5,3
2006-10,Violent Crime,all,974,1300,1062,1486,1372,16,83,2,13
2006-11,Violent Crime,all,942,1228,1089,1627,1556,12,49,7,3
2006-12,Violent Crime,all,851,1126,972,1476,1395,7,66,7,1
2007-01,Violent Crime,all,894,1132,1146,1632,1530,15,79,5,3
2007-02,Violent Crime,all,1045,1321,1021,1433,1335,14,72,11,1
2007-03,Violent Crime,all,1175,1521,1125,1672,1577,13,70,9,3
2007-04,Violent Crime,all,1069,1355,1086,1494,1397,16,64,10,7
2007-05,Violent Crime,all,1176,1502,1046,1470,1362,7,96,2,3
2007-06,Violent Crime,all,1103,1477,1116,1703,1603,10,81,4,5
2007-07,Violent Crime,all,938,1164,1001,1397,1281,21,84,10,1
2007-08,Violent Crime,all,1142,1420,1117,1561,1456,6,84,7,8
2007-09,Violent Crime,all,991,1352,971,1372,1287,15,57,10,3
2007-10,Violent Crime,all,1063,1293,1098,1550,1436,13,87,11,3
2007-11,Violent Crime,all,1067,1376,1136,1684,1575,11,91,7,0
2007-12,Violent Crime,all,905,1095,927,1441,1363,12,54,12,0
2008-01,Violent Crime,all,976,1229,1125,1586,1455,8,94,26,3
2008-02,Violent Crime,all,1079,1384,993,1295,1190,15,77,12,1
2008-03,Violent Crime,all,1003,1317,1046,1511,1403,11,77,17,3
2008-04,Violent Crime,all,1181,1512,1176,1652,1529,23,89,8,3
2008-05,Violent Crime,all,1165,1521,1007,1474,1406,10,54,3,1
2008-06,Violent Crime,all,959,1358,1006,1382,1286,15,70,9,2
2008-07,Violent Crime,all,1052,1301,999,1438,1346,13,61,15,3
2008-08,Violent Crime,all,1150,1450,1003,1525,1452,8,52,12,1
2008-09,Violent Crime,all,1001,1364,1109,1533,1432,14,74,10,3
2008-10,Violent Crime,all,1111,1527,1114,1494,1384,16,81,9,4
2008-11,Violent Crime,all,924,1217,966,1272,1199,15,56,2,0
2008-12,Violent Crime,all,980,1435,1013,1479,1393,8,62,12,4
2009-01,Violent Crime,all,977,1213,1144,1512,1386,12,100,8,6
2009-02,Violent Crime,all,1147,1443,1012,1386,1306,18,55,6,1
2009-03,Violent Crime,all,1090,1381,1078,1558,1473,10,62,12,1
2009-04,Violent Crime,all,1224,1602,988,1392,1308,13,50,9,12
2009-05,Violent Crime,all,1069,1413,981,1296,1210,10,66,4,6
2009-06,Violent Crime,all,1024,1350,1156,1523,1452,9,56,4,2
2009-07,Violent Crime,all,1095,1415,1064,1408,1316,11,67,13,1
2009-08,Violent Crime,all,986,1189,939,1314,1239,11,51,9,4
2009-09,Violent Crime,all,1119,1565,1143,1579,1450,10,95,14,10
2009-10,Violent Crime,all,997,1287,1072,1537,1456,9,59,12,1
2009-11,Violent Crime,all,864,1101,1018,1411,1341,10,51,6,3
2009-12,Violent Crime,all,921,1206,996,1455,1396,7,43,6,3
2010-01,Violent Crime,all,925,1168,1043,1396,1299,13,70,12,2
2010-02,Violent Crime,all,985,1262,917,1235,1158,7,62,5,3
2010-03,Violent Crime,all,1155,1488,1174,1591,1489,9,72,10,11
2010-04,Violent Crime,all,1156,1510,1011,1321,1227,20,64,8,2
2010-05,Violent Crime,all,1016,1377,1001,1315,1228,13,64,8,2
2010-06,Violent Crime,all,1112,1656,1091,1438,1350,6,71,7,4
2010-07,Violent Crime,all,1010,1381,1010,1335,1260,11,55,9,0
2010-08,Violent Crime,all,971,1367,1046,1400,1312,7,64,10,7
2010-09,Violent Crime,all,1139,1598,1013,1289,1192,7,69,9,12
2010-10,Violent Crime,all,930,1302,919,1155,1066,11,69,3,6
2010-11,Violent Crime,all,961,1496,1030,1368,1299,3,49,6,11
2010-12,Violent Crime,all,963,1340,1029,1319,1249,6,52,7,5
2011-01,Violent Crime,all,901,1402,1061,1478,1410,12,45,3,8
2011-02,Violent Crime,all,1011,1326,1027,1453,1369,20,56,2,6
2011-03,Violent Crime,all,1292,1743,1172,1638,1541,9,78,9,1
2011-04,Violent Crime,all,1107,1433,1006,1330,1245,3,68,4,10
2011-05,Violent Crime,all,969,1334,1041,1353,1252,7,77,5,12
2011-06,Violent Crime,all,1089,1630,1039,1398,1328,9,53,7,1
2011-07,Violent Crime,all,1034,1422,959,1394,1318,7,61,4,4
2011-08,Violent Crime,all,1131,1440,1052,1373,1299,9,54,10,1
2011-09,Violent Crime,all,1181,1609,1109,1502,1396,9,88,5,4
2011-10,Violent Crime,all,971,1323,1073,1444,1344,7,66,6,21
2011-11,Violent Crime,all,1038,1360,971,1255,1186,6,52,7,4
2011-12,Violent Crime,all,961,1240,927,1182,1108,10,56,6,2
2012-01,Violent Crime,all,988,1402,1101,1440,1358,10,52,8,12
2012-02,Violent Crime,all,1210,1553,1046,1406,1265,15,115,6,5
2012-03,Violent Crime,all,1223,1600,1061,1423,1329,6,63,14,11
2012-04,Violent Crime,all,1070,1472,1068,1447,1346,2,80,5,14
2012-05,Violent Crime,all,1235,1549,1158,1475,1396,6,60,3,10
2012-06,Violent Crime,all,1023,1372,1124,1508,1439,6,53,5,5
2012-07,Violent Crime,all,1016,1364,1010,1360,1291,5,52,7,5
2012-08,Violent Crime,all,1063,1356,1148,1506,1409,10,68,13,6
2012-09,Violent Crime,all,988,1257,1062,1341,1252,6,67,4,12
2012-10,Violent Crime,all,1026,1341,1122,1410,1290,12,72,12,24
2012-11,Violent Crime,all,1004,1355,998,1252,1167,11,58,9,7
2012-12,Violent Crime,all,903,1136,863,1102,1039,4,45,8,6
2013-01,Violent Crime,all,950,1207,1227,1633,1531,9,62,15,16
2013-02,Violent Crime,all,1069,1393,935,1356,1282,7,58,5,4
2013-03,Violent Crime,all,1123,1428,1047,1354,1263,13,59,7,12
2013-04,Violent Crime,all,1197,1572,1055,1438,1351,7,64,9,7
2013-05,Violent Crime,all,1262,1585,1014,1305,1239,4,55,5,2
2013-06,Violent Crime,all,1050,1319,1013,1317,1241,7,45,1,23
2013-07,Violent Crime,all,978,1385,1038,1342,1252,11,64,0,15
2013-08,Violent Crime,all,1106,1604,1065,1357,1274,14,59,2,8
2013-09,Violent Crime,all,996,1368,1108,1427,1344,9,59,6,9
2013-10,Violent Crime,all,1039,1355,1082,1474,1394,7,58,5,10
2013-11,Violent Crime,all,989,1338,996,1451,1375,14,56,4,2
2013-12,Violent Crime,all,808,990,972,1308,1201,4,97,2,4
2014-01,Violent Crime,all,905,1162,1119,1367,1271,14,71,4,7
2014-02,Violent Crime,all,989,1246,956,1238,1164,3,55,5,11
2014-03,Violent Crime,all,970,1267,1040,1407,1315,3,77,8,4
2014-04,Violent Crime,all,1157,1607,1152,1514,1433,5,59,12,5
2014-05,Violent Crime,all,1046,1413,1010,1323,1242,3,74,0,4
2014-06,Violent Crime,all,927,1260,1008,1395,1320,6,55,4,10
2014-07,Violent Crime,all,955,1239,1062,1352,1260,12,53,4,23
2014-08,Violent Crime,all,935,1181,892,1216,1151,8,44,5,8
2014-09,Violent Crime,all,957,1315,1040,1422,1328,6,70,3,15
2014-10,Violent Crime,all,1003,1333,1094,1387,1310,7,61,2,7
2014-11,Violent Crime,all,889,1178,943,1296,1234,6,33,7,16
2014-12,Violent Crime,all,864,1143,966,1302,1216,4,74,6,2
2015-01,Violent Crime,all,784,996,1003,1270,1211,3,42,4,10
2015-02,Violent Crime,all,983,1303,955,1263,1181,26,43,7,6
2015-03,Violent Crime,all,1165,1619,1075,1496,1420,6,62,5,3
2015-04,Violent Crime,all,1140,1422,1061,1329,1253,6,57,4,9
2015-05,Violent Crime,all,1057,1322,943,1270,1193,5,59,6,7
2015-06,Violent Crime,all,1054,1378,1057,1505,1413,8,53,13,18
2015-07,Violent Crime,all,1117,1585,957,1253,1174,4,61,7,7
2015-08,Violent Crime,all,1052,1373,938,1162,1100,4,52,0,6
2015-09,Violent Crime,all,1112,1498,1063,1405,1333,3,54,5,10
2015-10,Violent Crime,all,1026,1442,1082,1417,1318,9,67,3,20
2015-11,Violent Crime,all,930,1229,962,1189,1131,2,49,4,3
2015-12,Violent Crime,all,995,1407,929,1213,1146,8,42,3,14
2016-01,Violent Crime,all,928,1214,1046,1347,1291,3,43,1,9
2016-02,Violent Crime,all,995,1269,1034,1328,1239,11,64,9,5
2016-03,Violent Crime,all,1294,1686,1188,1565,1459,1,75,6,24
2016-04,Violent Crime,all,1102,1462,958,1271,1217,5,41,1,7
2016-05,Violent Crime,all,1084,1351,1057,1367,1292,6,56,4,9
2016-06,Violent Crime,all,1213,1615,1130,1524,1457,8,49,7,3
2016-07,Violent Crime,all,984,1408,949,1209,1140,5,48,8,8
2016-08,Violent Crime,all,1103,1468,1152,1464,1388,5,57,5,9
2016-09,Violent Crime,all,1015,1279,1049,1456,1301,5,53,1,96
2016-10,Violent Crime,all,988,1318,1026,1350,1276,7,61,5,1
2016-11,Violent Crime,all,1052,1286,1128,1478,1399,11,52,3,13
2016-12,Violent Crime,all,950,1294,948,1400,1330,4,49,5,12
2017-01,Violent Crime,all,955,1227,1091,1459,1394,6,49,2,8
2017-02,Violent Crime,all,1236,1687,1033,1355,1293,5,49,4,4
2017-03,Violent Crime,all,1317,1699,1153,1502,1405,5,71,7,14
2017-04,Violent Crime,all,1222,1593,1100,1464,1386,6,62,8,2
2017-05,Violent Crime,all,1323,1929,1224,1533,1460,6,56,3,8
2017-06,Violent Crime,all,1291,1816,1256,1571,1482,13,63,5,8
2017-07,Violent Crime,all,1111,1543,1023,1275,1216,2,45,2,10
2017-08,Violent Crime,all,1335,1771,1218,1632,1486,5,84,5,52
2017-09,Violent Crime,all,1148,1502,1080,1362,1274,7,67,2,12
2017-10,Violent Crime,all,1123,1400,1146,1505,1414,5,62,7,17
2017-11,Violent Crime,all,1318,1749,1147,1517,1397,8,73,6,33
2017-12,Violent Crime,all,1172,1671,983,1257,1190,4,55,2,6
2018-01,Violent Crime,all,1110,1465,1221,1576,1495,19,54,5,3
2018-02,Violent Crime,all,1399,1767,1107,1473,1377,6,66,4,20
2018-03,Violent Crime,all,1537,2042,1134,1489,1421,7,50,1,10
2018-04,Violent Crime,all,1457,1828,1160,1479,1373,9,74,9,14
2018-05,Violent Crime,all,1569,1903,1243,1647,1566,10,54,9,8
2018-06,Violent Crime,all,1527,1982,1163,1405,1326,7,54,2,16
2018-07,Violent Crime,all,1274,1659,1164,1466,1392,10,56,3,5
2018-08,Violent Crime,all,1465,1923,1335,1725,1630,8,75,2,10
2018-09,Violent Crime,all,1419,1944,1130,1498,1429,2,60,3,4
2018-10,Violent Crime,all,1472,2020,1294,1795,1681,9,69,4,32
2018-11,Violent Crime,all,1485,2032,1179,1403,1313,10,72,3,5
2018-12,Violent Crime,all,1263,1720,947,1132,1063,4,55,2,8
2019-01,Violent Crime,all,1418,1913,1301,1626,1525,6,84,3,8
2019-02,Violent Crime,all,1639,2163,1157,1472,1386,9,68,2,7
2019-03,Violent Crime,all,1497,1991,1291,1727,1612,5,85,9,16
2019-04,Violent Crime,all,1590,2013,1279,1645,1569,10,55,3,8
2019-05,Violent Crime,all,1536,1917,1294,1716,1615,9,71,7,14
2019-06,Violent Crime,all,1493,2045,1267,1617,1520,10,66,5,16
2019-07,Violent Crime,all,1448,1903,1360,1721,1602,3,101,5,10
2019-08,Violent Crime,all,1638,2090,1487,1819,1695,8,99,3,14
2019-09,Violent Crime,all,1448,2082,1372,1735,1621,7,94,2,11
2019-10,Violent Crime,all,1597,2049,1571,2044,1887,7,123,3,24
2019-11,Violent Crime,all,1435,1828,1297,1711,1602,13,86,2,8
2019-12,Violent Crime,all,1351,1836,1263,1596,1500,13,72,3,8
2020-01,Violent Crime,all,1418,1771,1503,1963,1834,13,92,5,19
2020-02,Violent Crime,all,1494,1959,1404,1815,1715,5,82,3,10
2020-03,Violent Crime,all,954,1205,987,1288,1185,2,89,4,8
2020-04,Violent Crime,all,137,158,458,538,463,0,54,2,19
2020-05,Violent Crime,all,680,864,641,784,721,2,49,3,9
2020-06,Violent Crime,all,1503,2006,1040,1303,1228,4,57,3,11
2020-07,Violent Crime,all,1604,2070,994,1219,1147,3,63,1,5
2020-08,Violent Crime,all,1477,1934,984,1214,1131,4,66,7,6
2020-09,Violent Crime,all,1987,2424,1204,1503,1415,9,63,7,9
2020-10,Violent Crime,all,1673,2224,1239,1546,1444,7,78,2,15
2020-11,Violent Crime,all,1354,1696,965,1257,1201,5,45,1,5
2020-12,Violent Crime,all,1112,1569,987,1236,1164,4,64,1,3
2021-01,Violent Crime,all,981,1184,983,1231,1174,1,48,5,3
2021-02,Violent Crime,all,1341,1683,1007,1224,1143,2,68,2,9
2021-03,Violent Crime,all,1670,2032,1279,1659,1518,14,101,6,20
2021-04,Violent Crime,all,1756,2181,1251,1568,1450,14,85,5,14
2021-05,Violent Crime,all,1569,1913,1264,1535,1436,13,81,1,4
2021-06,Violent Crime,all,1523,1914,1395,1771,1654,11,90,11,5
2021-07,Violent Crime,all,1347,1674,1368,1684,1566,8,89,7,14
2021-08,Violent Crime,all,1425,1870,1350,1713,1615,9,74,5,10
2021-09,Violent Crime,all,1455,1845,1399,1940,1815,7,101,3,14
2021-10,Violent Crime,all,1334,1673,1421,1831,1726,8,85,5,7
2021-11,Violent Crime,all,1104,1426,1325,1734,1617,12,90,1,14
2021-12,Violent Crime,all,1218,1521,1299,1616,1514,6,90,2,4
2022-01,Violent Crime,all,985,1237,1261,1573,1467,4,84,6,12
2022-02,Violent Crime,all,1251,1673,1247,1567,1457,9,82,0,19
2022-03,Violent Crime,all,1552,2041,1611,2044,1891,12,110,8,23
2022-04,Violent Crime,all,1355,1741,1400,1891,1778,16,82,3,12
2022-05,Violent Crime,all,1440,1777,1364,1732,1596,7,113,9,7
2022-06,Violent Crime,all,1427,1843,1416,1849,1741,11,74,6,17
2022-07,Violent Crime,all,1147,1453,1224,1597,1504,11,76,3,3
2022-08,Violent Crime,all,1425,1727,1563,2159,2033,9,100,7,10
2022-09,Violent Crime,all,1327,1666,1466,2015,1829,9,103,0,74
2022-10,Violent Crime,all,1258,1546,1267,1654,1580,9,63,0,2
2022-11,Violent Crime,all,1168,1520,1366,1750,1661,13,68,4,4
2022-12,Violent Crime,all,1026,1286,1183,1605,1530,6,58,2,9
2023-01,Violent Crime,all,1045,1293,1485,1883,1782,11,82,5,3
2023-02,Violent Crime,all,1176,1428,1347,1782,1684,7,81,7,3
2023-03,Violent Crime,all,1361,1683,1552,1968,1847,9,96,7,9
2023-04,Violent Crime,all,1285,1620,1306,1699,1593,6,77,4,19
2023-05,Violent Crime,all,1258,1724,1420,1867,1763,7,75,2,20
2023-06,Violent Crime,all,1268,1620,1375,1730,1616,7,87,4,16
2023-07,Violent Crime,all,1066,1375,1098,1390,1318,5,58,1,8
2023-08,Violent Crime,all,1206,1630,1519,2012,1916,9,67,7,13
2023-09,Violent Crime,all,1146,1502,1296,1778,1676,4,78,2,18
2023-10,Violent Crime,all,1158,1416,1304,1689,1608,3,61,7,10
2023-11,Violent Crime,all,1186,1427,1250,1625,1518,5,70,3,29
2023-12,Violent Crime,all,942,1192,1037,1319,1250,6,60,1,2
2024-01,Violent Crime,all,1060,1276,1332,1716,1635,8,63,2,8
2024-02,Violent Crime,all,1271,1630,1312,1676,1591,7,70,2,6
2024-03,Violent Crime,all,1149,1453,1239,1562,1469,6,72,4,11
2024-04,Violent Crime,all,1285,1727,1358,1804,1721,4,64,2,13
2024-05,Violent Crime,all,1271,1597,1213,1643,1561,9,64,1,8
2024-06,Violent Crime,all,1084,1409,1178,1567,1464,5,77,2,19
2024-07,Violent Crime,all,1100,1450,1287,1623,1542,7,58,4,12
2024-08,Violent Crime,all,1270,1552,1189,1561,1478,6,62,2,13
2024-09,Violent Crime,all,1172,1513,1196,1537,1451,9,62,3,12
2024-10,Violent Crime,all,1173,1530,1235,1742,1658,9,66,0,9
2024-11,Violent Crime,all,1107,1338,1026,1355,1281,1,63,1,9
2024-12,Violent Crime,all,950,1169,1075,1569,1489,4,70,3,3
2025-01,Violent Crime,all,964,1180,1229,1711,1632,6,66,2,5
2025-02,Violent Crime,all,1174,1520,1196,1471,1385,8,66,5,7
2025-03,Violent Crime,all,1290,1630,1218,1641,1553,11,66,5,6
2025-04,Violent Crime,all,1384,1673,1208,1556,1486,9,56,0,5
2025-05,Violent Crime,all,1266,1550,1242,1546,1480,6,55,2,3
2025-06,Violent Crime,all,1102,1517,1132,1406,1325,9,67,0,5
2025-07,Violent Crime,all,1148,1423,1227,1519,1456,5,50,1,7
2025-08,Violent Crime,all,1316,1642,1211,1474,1397,6,59,2,10
2025-09,Violent Crime,all,1250,1584,1257,1632,1535,4,81,1,11
2025-10,Violent Crime,all,1229,1540,1260,1599,1537,11,45,0,6
2025-11,Violent Crime,all,1100,1364,911,1142,1080,12,44,2,4
2025-12,Violent Crime,all,1015,1253,907,1087,1028,4,46,4,5
2026-01,Violent Crime,all,949,1191,958,1190,1118,7,61,0,4
2026-02,Violent Crime,all,1075,1316,993,1278,1209,5,61,0,3
2026-03,Violent Crime,all,1189,1418,841,1093,1001,9,70,2,11
2026-04,Violent Crime,all,1332,1559,669,822,743,5,57,5,12
2026-05,Violent Crime,all,1139,1404,633,874,814,2,51,0,7
2026-06,Violent Crime,all,942,1147,540,627,582,3,41,1,0
1994-10,Violent Crime,primary,390,598,378,521,468,7,37,9,0
1994-11,Violent Crime,primary,463,816,412,591,515,19,37,18,2
1994-12,Violent Crime,primary,442,626,379,575,505,14,40,12,4
1995-01,Violent Crime,primary,432,620,422,622,575,3,39,3,2
1995-02,Violent Crime,primary,417,604,401,628,550,9,54,14,1
1995-03,Violent Crime,primary,497,786,438,716,646,7,43,15,5
1995-04,Violent Crime,primary,390,533,364,509,458,8,30,4,9
1995-05,Violent Crime,primary,426,637,484,739,667,11,54,5,2
1995-06,Violent Crime,primary,442,707,441,659,598,7,43,8,3
1995-07,Violent Crime,primary,403,575,382,615,560,3,37,9,6
1995-08,Violent Crime,primary,459,730,400,573,511,7,46,6,3
1995-09,Violent Crime,primary,440,757,412,614,539,7,42,20,6
1995-10,Violent Crime,primary,404,585,404,564,503,2,32,18,9
1995-11,Violent Crime,primary,449,677,456,629,563,16,44,5,1
1995-12,Violent Crime,primary,343,512,343,454,408,7,31,4,4
1996-01,Violent Crime,primary,383,549,434,587,529,5,41,9,3
1996-02,Violent Crime,primary,432,621,389,525,478,11,27,6,3
1996-03,Violent Crime,primary,425,594,413,650,586,9,45,9,1
1996-04,Violent Crime,primary,421,619,389,551,497,3,32,16,3
1996-05,Violent Crime,primary,435,623,439,677,602,11,55,6,3
1996-06,Violent Crime,primary,376,566,410,572,518,2,37,11,4
1996-07,Violent Crime,primary,358,509,426,687,626,9,38,10,4
1996-08,Violent Crime,primary,421,588,382,546,514,3,23,6,0
1996-09,Violent Crime,primary,420,619,390,545,496,5,29,13,2
1996-10,Violent Crime,primary,425,566,398,565,523,3,29,7,3
1996-11,Violent Crime,primary,377,540,350,539,498,4,20,13,4
1996-12,Violent Crime,primary,328,467,335,449,400,10,31,8,0
1997-01,Violent Crime,primary,387,563,388,598,542,6,33,13,4
1997-02,Violent Crime,primary,454,656,386,607,563,7,21,13,3
1997-03,Violent Crime,primary,446,603,327,473,425,5,29,7,7
1997-04,Violent Crime,primary,438,673,345,542,499,3,27,11,2
1997-05,Violent Crime,primary,448,678,360,534,482,4,34,12,2
1997-06,Violent Crime,primary,425,627,361,513,425,13,37,33,5
1997-07,Violent Crime,primary,458,685,346,541,500,4,31,5,1
1997-08,Violent Crime,primary,402,541,283,383,336,6,30,9,2
1997-09,Violent Crime,primary,462,646,330,477,426,6,27,5,13
1997-10,Violent Crime,primary,470,739,396,540,472,4,38,24,2
1997-11,Violent Crime,primary,421,567,355,508,463,7,33,3,2
1997-12,Violent Crime,primary,458,661,414,565,511,15,25,9,5
1998-01,Violent Crime,primary,419,564,389,531,481,7,29,12,2
1998-02,Violent Crime,primary,465,651,427,624,553,6,54,10,1
1998-03,Violent Crime,primary,519,734,450,661,614,5,30,12,0
1998-04,Violent Crime,primary,468,742,449,655,589,5,52,5,4
1998-05,Violent Crime,primary,417,734,412,611,541,12,41,7,10
1998-06,Violent Crime,primary,464,713,448,648,593,8,33,11,3
1998-07,Violent Crime,primary,464,643,485,761,693,9,51,6,2
1998-08,Violent Crime,primary,465,664,396,560,501,11,36,11,1
1998-09,Violent Crime,primary,485,716,401,581,508,15,41,14,3
1998-10,Violent Crime,primary,453,648,437,597,529,4,49,11,4
1998-11,Violent Crime,primary,465,610,412,560,506,10,26,16,2
1998-12,Violent Crime,primary,379,538,400,587,531,2,40,13,1
1999-01,Violent Crime,primary,444,566,408,598,560,4,20,8,6
1999-02,Violent Crime,primary,443,597,445,612,573,6,27,6,0
1999-03,Violent Crime,primary,523,709,494,763,708,5,33,11,6
1999-04,Violent Crime,primary,477,658,485,650,580,10,43,15,2
1999-05,Violent Crime,primary,490,751,386,575,524,3,35,12,1
1999-06,Violent Crime,primary,481,596,444,613,564,6,28,12,3
1999-07,Violent Crime,primary,502,708,453,670,578,15,60,14,3
1999-08,Violent Crime,primary,470,605,488,714,654,3,50,4,3
1999-09,Violent Crime,primary,540,691,454,599,552,9,30,2,6
1999-10,Violent Crime,primary,419,536,436,612,569,8,31,4,0
1999-11,Violent Crime,primary,464,626,421,612,569,6,32,5,0
1999-12,Violent Crime,primary,448,534,443,621,565,10,39,7,0
2000-01,Violent Crime,primary,449,532,502,697,634,13,36,9,5
2000-02,Violent Crime,primary,523,688,486,674,627,5,37,5,0
2000-03,Violent Crime,primary,679,912,497,669,604,8,46,6,5
2000-04,Violent Crime,primary,588,764,458,589,537,6,36,8,2
2000-05,Violent Crime,primary,555,686,506,669,616,6,43,4,0
2000-06,Violent Crime,primary,623,804,490,672,605,12,44,10,1
2000-07,Violent Crime,primary,491,611,453,612,564,10,31,7,0
2000-08,Violent Crime,primary,591,733,519,683,618,10,42,11,2
2000-09,Violent Crime,primary,627,768,572,802,711,16,45,18,12
2000-10,Violent Crime,primary,570,750,486,650,563,8,48,20,11
2000-11,Violent Crime,primary,630,771,505,696,646,6,38,5,1
2000-12,Violent Crime,primary,477,610,517,680,623,7,44,6,0
2001-01,Violent Crime,primary,582,760,602,767,692,9,43,19,4
2001-02,Violent Crime,primary,618,746,528,647,597,12,31,6,1
2001-03,Violent Crime,primary,702,888,572,785,706,8,49,14,8
2001-04,Violent Crime,primary,610,783,528,655,590,6,52,6,1
2001-05,Violent Crime,primary,656,849,571,739,675,8,46,8,2
2001-06,Violent Crime,primary,621,823,595,723,645,12,60,6,0
2001-07,Violent Crime,primary,572,717,546,786,711,5,52,15,3
2001-08,Violent Crime,primary,690,846,583,749,681,11,42,14,1
2001-09,Violent Crime,primary,578,746,539,728,665,4,45,10,4
2001-10,Violent Crime,primary,638,772,617,724,631,9,67,14,3
2001-11,Violent Crime,primary,654,797,572,755,684,9,53,5,4
2001-12,Violent Crime,primary,546,644,531,646,580,8,48,8,2
2002-01,Violent Crime,primary,671,843,630,771,690,12,62,7,0
2002-02,Violent Crime,primary,682,829,533,666,597,11,49,8,1
2002-03,Violent Crime,primary,700,968,544,644,577,9,41,16,1
2002-04,Violent Crime,primary,738,927,651,869,783,10,67,8,1
2002-05,Violent Crime,primary,955,1164,619,833,763,11,33,24,2
2002-06,Violent Crime,primary,716,908,600,746,657,12,65,10,2
2002-07,Violent Crime,primary,751,974,591,759,684,10,56,8,1
2002-08,Violent Crime,primary,793,1005,637,820,740,10,48,16,6
2002-09,Violent Crime,primary,805,1046,645,841,755,8,68,9,1
2002-10,Violent Crime,primary,851,1041,706,871,776,9,70,15,1
2002-11,Violent Crime,primary,834,1057,689,889,813,14,48,9,5
2002-12,Violent Crime,primary,688,916,625,775,704,6,42,19,4
2003-01,Violent Crime,primary,870,1081,756,911,819,15,55,20,2
2003-02,Violent Crime,primary,858,1046,690,883,789,14,61,14,5
2003-03,Violent Crime,primary,892,1152,713,873,782,11,65,14,1
2003-04,Violent Crime,primary,1053,1420,782,940,847,13,63,15,2
2003-05,Violent Crime,primary,991,1265,775,972,874,10,76,11,1
2003-06,Violent Crime,primary,916,1111,713,944,877,7,50,6,4
2003-07,Violent Crime,primary,987,1198,752,925,834,10,61,17,3
2003-08,Violent Crime,primary,920,1157,761,947,846,15,68,15,3
2003-09,Violent Crime,primary,956,1178,798,968,877,17,63,10,1
2003-10,Violent Crime,primary,1022,1235,822,1050,961,11,72,6,0
2003-11,Violent Crime,primary,865,1064,765,913,826,12,57,13,5
2003-12,Violent Crime,primary,895,1085,782,916,829,18,55,14,0
2004-01,Violent Crime,primary,907,1166,898,1083,989,11,73,8,2
2004-02,Violent Crime,primary,945,1198,858,1055,951,13,72,13,6
2004-03,Violent Crime,primary,1085,1310,950,1119,1007,15,78,16,3
2004-04,Violent Crime,primary,1249,1514,912,1085,974,14,71,14,12
2004-05,Violent Crime,primary,1006,1292,917,1122,1033,11,64,13,1
2004-06,Violent Crime,primary,961,1185,839,1003,909,7,73,10,4
2004-07,Violent Crime,primary,899,1037,766,884,782,19,69,5,9
2004-08,Violent Crime,primary,955,1196,937,1162,1046,19,84,11,2
2004-09,Violent Crime,primary,1043,1291,873,1088,995,21,62,8,2
2004-10,Violent Crime,primary,850,1064,852,1007,886,16,101,3,1
2004-11,Violent Crime,primary,812,1003,847,1046,951,10,72,9,4
2004-12,Violent Crime,primary,950,1093,833,1027,942,14,63,8,0
2005-01,Violent Crime,primary,819,1008,903,1107,988,14,94,10,1
2005-02,Violent Crime,primary,904,1121,983,1214,1135,17,57,2,3
2005-03,Violent Crime,primary,1162,1435,1023,1275,1175,19,68,12,1
2005-04,Violent Crime,primary,1011,1245,941,1106,994,10,84,14,4
2005-05,Violent Crime,primary,941,1176,885,1069,967,15,68,13,6
2005-06,Violent Crime,primary,975,1162,1005,1259,1178,10,56,12,3
2005-07,Violent Crime,primary,859,1042,843,1023,942,9,57,13,2
2005-08,Violent Crime,primary,962,1113,1068,1258,1151,17,73,15,2
2005-09,Violent Crime,primary,1002,1299,992,1274,1146,17,102,9,0
2005-10,Violent Crime,primary,786,936,885,1116,1030,9,70,6,1
2005-11,Violent Crime,primary,915,1103,861,1104,1021,9,67,6,1
2005-12,Violent Crime,primary,818,956,860,1031,958,10,55,8,0
2006-01,Violent Crime,primary,866,1051,966,1152,1063,14,66,6,3
2006-02,Violent Crime,primary,916,1081,902,1150,1049,15,79,6,1
2006-03,Violent Crime,primary,1017,1249,979,1182,1084,14,71,12,1
2006-04,Violent Crime,primary,914,1113,838,1109,1042,9,46,11,1
2006-05,Violent Crime,primary,924,1116,930,1239,1144,16,61,18,0
2006-06,Violent Crime,primary,977,1249,993,1275,1204,14,49,5,3
2006-07,Violent Crime,primary,837,1040,854,1053,959,15,62,17,0
2006-08,Violent Crime,primary,997,1244,1020,1284,1192,9,74,7,2
2006-09,Violent Crime,primary,981,1266,933,1131,1050,10,64,5,2
2006-10,Violent Crime,primary,880,1086,910,1083,982,14,74,2,11
2006-11,Violent Crime,primary,871,1070,902,1145,1080,11,45,7,2
2006-12,Violent Crime,primary,788,956,814,999,923,6,62,7,1
2007-01,Violent Crime,primary,838,1020,965,1136,1039,13,76,5,3
2007-02,Violent Crime,primary,962,1168,869,1004,913,14,65,11,1
2007-03,Violent Crime,primary,1083,1335,946,1151,1063,11,65,9,3
2007-04,Violent Crime,primary,990,1188,929,1092,999,14,62,10,7
2007-05,Violent Crime,primary,1086,1311,915,1117,1026,7,79,2,3
2007-06,Violent Crime,primary,1033,1264,959,1237,1147,10,71,4,5
2007-07,Violent Crime,primary,880,1040,887,1064,959,21,73,10,1
2007-08,Violent Crime,primary,1072,1281,994,1183,1081,6,82,7,7
2007-09,Violent Crime,primary,919,1147,854,1035,962,9,51,10,3
2007-10,Violent Crime,primary,981,1150,993,1193,1098,13,71,9,2
2007-11,Violent Crime,primary,998,1231,998,1254,1148,11,88,7,0
2007-12,Violent Crime,primary,852,1001,827,1015,942,11,50,12,0
2008-01,Violent Crime,primary,917,1114,1000,1216,1107,8,73,26,2
2008-02,Violent Crime,primary,1002,1232,910,1094,990,15,76,12,1
2008-03,Violent Crime,primary,924,1074,945,1158,1055,11,72,17,3
2008-04,Violent Crime,primary,1091,1313,1062,1279,1158,22,88,8,3
2008-05,Violent Crime,primary,1056,1240,902,1096,1034,10,48,3,1
2008-06,Violent Crime,primary,877,1065,913,1129,1039,15,64,9,2
2008-07,Violent Crime,primary,972,1108,908,1134,1050,12,54,15,3
2008-08,Violent Crime,primary,1063,1274,911,1101,1030,8,50,12,1
2008-09,Violent Crime,primary,917,1184,1015,1245,1148,14,70,10,3
2008-10,Violent Crime,primary,1000,1211,1016,1216,1110,16,78,9,3
2008-11,Violent Crime,primary,847,1035,885,1050,980,15,53,2,0
2008-12,Violent Crime,primary,908,1211,887,1061,976,8,61,12,4
2009-01,Violent Crime,primary,911,1089,1048,1235,1139,11,71,8,6
2009-02,Violent Crime,primary,1063,1282,918,1153,1078,17,51,6,1
2009-03,Violent Crime,primary,1004,1201,973,1188,1113,10,52,12,1
2009-04,Violent Crime,primary,1118,1319,877,1081,1008,12,50,9,2
2009-05,Violent Crime,primary,990,1262,911,1074,990,10,64,4,6
2009-06,Violent Crime,primary,937,1102,1051,1230,1163,9,52,4,2
2009-07,Violent Crime,primary,993,1194,985,1185,1100,9,62,13,1
2009-08,Violent Crime,primary,904,1047,853,1043,971,10,49,9,4
2009-09,Violent Crime,primary,1027,1258,1039,1252,1152,6,75,14,5
2009-10,Violent Crime,primary,902,1067,977,1168,1093,9,53,12,1
2009-11,Violent Crime,primary,794,942,937,1137,1068,10,51,5,3
2009-12,Violent Crime,primary,842,1048,918,1153,1096,7,41,6,3
2010-01,Violent Crime,primary,842,990,961,1184,1091,12,67,12,2
2010-02,Violent Crime,primary,885,1031,845,1047,977,7,56,5,2
2010-03,Violent Crime,primary,1051,1260,1076,1348,1253,9,67,9,10
2010-04,Violent Crime,primary,1046,1225,930,1107,1014,20,63,8,2
2010-05,Violent Crime,primary,936,1139,902,1058,980,13,56,8,1
2010-06,Violent Crime,primary,1008,1302,987,1192,1109,5,67,7,4
2010-07,Violent Crime,primary,950,1150,915,1090,1019,11,52,8,0
2010-08,Violent Crime,primary,860,1047,957,1172,1088,7,61,9,7
2010-09,Violent Crime,primary,1040,1355,930,1092,998,7,66,9,12
2010-10,Violent Crime,primary,844,1055,842,976,891,8,68,3,6
2010-11,Violent Crime,primary,883,1140,951,1169,1100,3,49,6,11
2010-12,Violent Crime,primary,874,1055,948,1130,1064,6,48,7,5
2011-01,Violent Crime,primary,815,1025,954,1164,1102,12,40,2,8
2011-02,Violent Crime,primary,939,1159,933,1236,1160,19,49,2,6
2011-03,Violent Crime,primary,1167,1482,1069,1373,1279,9,75,9,1
2011-04,Violent Crime,primary,1023,1215,892,1054,974,3,63,4,10
2011-05,Violent Crime,primary,875,1063,952,1160,1066,7,70,5,12
2011-06,Violent Crime,primary,987,1211,945,1134,1066,9,51,7,1
2011-07,Violent Crime,primary,923,1076,860,1117,1049,7,53,4,4
2011-08,Violent Crime,primary,1027,1219,957,1149,1080,7,52,9,1
2011-09,Violent Crime,primary,1075,1305,1014,1203,1112,9,73,5,4
2011-10,Violent Crime,primary,893,1083,992,1172,1072,7,66,6,21
2011-11,Violent Crime,primary,932,1158,876,1058,997,6,44,7,4
2011-12,Violent Crime,primary,877,1024,851,1046,977,10,52,5,2
2012-01,Violent Crime,primary,900,1110,1010,1213,1134,10,50,8,11
2012-02,Violent Crime,primary,1129,1365,940,1166,1071,14,70,6,5
2012-03,Violent Crime,primary,1116,1325,949,1155,1067,6,58,13,11
2012-04,Violent Crime,primary,972,1206,971,1202,1111,2,70,5,14
2012-05,Violent Crime,primary,1128,1337,1049,1227,1150,6,58,3,10
2012-06,Violent Crime,primary,942,1174,1019,1231,1166,6,49,5,5
2012-07,Violent Crime,primary,933,1161,926,1114,1048,5,50,7,4
2012-08,Violent Crime,primary,980,1194,1040,1292,1201,9,64,13,5
2012-09,Violent Crime,primary,916,1061,975,1140,1053,6,65,4,12
2012-10,Violent Crime,primary,948,1145,1033,1222,1105,12,70,11,24
2012-11,Violent Crime,primary,909,1065,899,1057,978,11,52,9,7
2012-12,Violent Crime,primary,835,966,779,915,856,4,41,8,6
2013-01,Violent Crime,primary,878,1057,1149,1378,1276,9,62,15,16
2013-02,Violent Crime,primary,992,1150,863,1075,1009,7,50,5,4
2013-03,Violent Crime,primary,1048,1280,952,1136,1049,13,55,7,12
2013-04,Violent Crime,primary,1107,1348,960,1166,1090,7,55,9,5
2013-05,Violent Crime,primary,1127,1337,943,1119,1056,4,52,5,2
2013-06,Violent Crime,primary,965,1134,920,1106,1035,7,40,1,23
2013-07,Violent Crime,primary,912,1106,956,1115,1035,10,55,0,15
2013-08,Violent Crime,primary,1015,1266,990,1167,1088,13,56,2,8
2013-09,Violent Crime,primary,906,1093,1020,1242,1164,9,55,6,8
2013-10,Violent Crime,primary,961,1154,992,1222,1142,7,58,5,10
2013-11,Violent Crime,primary,917,1094,915,1142,1073,13,50,4,2
2013-12,Violent Crime,primary,756,901,897,1098,993,3,96,2,4
2014-01,Violent Crime,primary,831,1017,1028,1173,1080,14,68,4,7
2014-02,Violent Crime,primary,922,1106,876,1049,982,3,48,5,11
2014-03,Violent Crime,primary,920,1162,947,1178,1089,3,75,8,3
2014-04,Violent Crime,primary,1066,1351,1059,1303,1226,5,55,12,5
2014-05,Violent Crime,primary,965,1145,919,1100,1025,3,68,0,4
2014-06,Violent Crime,primary,857,1029,927,1119,1058,6,42,4,9
2014-07,Violent Crime,primary,900,1122,985,1198,1106,12,53,4,23
2014-08,Violent Crime,primary,865,1033,815,1017,953,8,43,5,8
2014-09,Violent Crime,primary,890,1143,952,1131,1047,6,62,2,14
2014-10,Violent Crime,primary,930,1109,1022,1251,1177,7,58,2,7
2014-11,Violent Crime,primary,827,1028,862,1063,1003,6,31,7,16
2014-12,Violent Crime,primary,808,990,894,1072,1006,4,54,6,2
2015-01,Violent Crime,primary,712,853,923,1085,1026,3,42,4,10
2015-02,Violent Crime,primary,901,1088,878,1098,1025,26,37,7,3
2015-03,Violent Crime,primary,1073,1291,987,1210,1140,6,56,5,3
2015-04,Violent Crime,primary,1057,1283,984,1185,1123,5,47,4,6
2015-05,Violent Crime,primary,992,1184,864,1052,982,5,53,6,6
2015-06,Violent Crime,primary,956,1151,969,1187,1095,8,53,13,18
2015-07,Violent Crime,primary,1043,1260,870,1025,948,4,59,7,7
2015-08,Violent Crime,primary,967,1162,857,1029,978,4,41,0,6
2015-09,Violent Crime,primary,1009,1231,980,1187,1116,3,53,5,10
2015-10,Violent Crime,primary,940,1237,992,1202,1109,9,61,3,20
2015-11,Violent Crime,primary,858,1038,883,1025,968,2,49,3,3
2015-12,Violent Crime,primary,886,1113,861,1063,1002,7,41,3,10
2016-01,Violent Crime,primary,840,995,970,1120,1067,3,41,1,8
2016-02,Violent Crime,primary,905,1105,956,1134,1056,7,58,9,4
2016-03,Violent Crime,primary,1172,1463,1094,1270,1179,1,69,5,16
2016-04,Violent Crime,primary,1032,1272,895,1107,1053,5,41,1,7
2016-05,Violent Crime,primary,994,1166,958,1121,1052,6,51,4,8
2016-06,Violent Crime,primary,1102,1348,1029,1218,1157,8,44,7,2
2016-07,Violent Crime,primary,904,1091,880,998,934,5,43,8,8
2016-08,Violent Crime,primary,989,1213,1054,1230,1159,5,53,5,8
2016-09,Violent Crime,primary,922,1101,940,1176,1029,5,46,1,95
2016-10,Violent Crime,primary,899,1051,945,1125,1053,6,60,5,1
2016-11,Violent Crime,primary,948,1075,1028,1254,1178,11,50,3,12
2016-12,Violent Crime,primary,847,1034,858,1059,998,4,40,5,12
2017-01,Violent Crime,primary,877,1046,997,1165,1103,6,47,2,7
2017-02,Violent Crime,primary,1109,1322,942,1134,1073,5,48,4,4
2017-03,Violent Crime,primary,1178,1445,1041,1241,1157,5,63,6,10
2017-04,Violent Crime,primary,1091,1300,1005,1218,1146,6,56,8,2
2017-05,Violent Crime,primary,1202,1563,1122,1337,1270,6,54,3,4
2017-06,Violent Crime,primary,1149,1446,1151,1406,1321,13,60,5,7
2017-07,Violent Crime,primary,995,1202,928,1115,1063,2,39,2,9
2017-08,Violent Crime,primary,1197,1479,1114,1337,1254,5,66,5,7
2017-09,Violent Crime,primary,1025,1217,978,1144,1063,7,60,2,12
2017-10,Violent Crime,primary,1011,1197,1043,1257,1172,5,61,7,12
2017-11,Violent Crime,primary,1190,1446,1057,1321,1204,8,70,6,33
2017-12,Violent Crime,primary,1024,1237,889,1080,1016,4,52,2,6
2018-01,Violent Crime,primary,997,1214,1110,1340,1262,19,52,5,2
2018-02,Violent Crime,primary,1226,1455,971,1166,1096,6,51,4,9
2018-03,Violent Crime,primary,1347,1634,1012,1204,1140,7,46,1,10
2018-04,Violent Crime,primary,1309,1525,1049,1273,1187,9,63,8,6
2018-05,Violent Crime,primary,1423,1653,1113,1367,1289,10,51,9,8
2018-06,Violent Crime,primary,1340,1589,1040,1200,1124,7,51,2,16
2018-07,Violent Crime,primary,1115,1285,1055,1220,1151,10,51,3,5
2018-08,Violent Crime,primary,1287,1533,1194,1447,1355,8,72,2,10
2018-09,Violent Crime,primary,1226,1414,1019,1176,1110,2,59,3,2
2018-10,Violent Crime,primary,1279,1557,1137,1371,1292,8,58,4,9
2018-11,Violent Crime,primary,1313,1641,1065,1230,1144,10,68,3,5
2018-12,Violent Crime,primary,1107,1339,863,1004,940,3,51,2,8
2019-01,Violent Crime,primary,1239,1512,1178,1389,1296,6,77,3,7
2019-02,Violent Crime,primary,1450,1704,1036,1271,1192,9,61,2,7
2019-03,Violent Crime,primary,1292,1563,1144,1449,1345,5,77,9,13
2019-04,Violent Crime,primary,1401,1706,1126,1351,1280,10,50,3,8
2019-05,Violent Crime,primary,1362,1605,1139,1398,1305,9,63,7,14
2019-06,Violent Crime,primary,1287,1518,1125,1347,1256,10,62,3,16
2019-07,Violent Crime,primary,1257,1509,1204,1451,1338,3,96,5,9
2019-08,Violent Crime,primary,1429,1657,1334,1514,1393,8,96,3,14
2019-09,Violent Crime,primary,1254,1480,1213,1423,1322,7,84,2,8
2019-10,Violent Crime,primary,1392,1653,1388,1715,1590,6,106,3,10
2019-11,Violent Crime,primary,1256,1451,1124,1336,1236,13,77,2,8
2019-12,Violent Crime,primary,1204,1413,1094,1273,1182,13,67,3,8
2020-01,Violent Crime,primary,1252,1440,1304,1592,1467,13,88,5,19
2020-02,Violent Crime,primary,1326,1583,1233,1461,1369,5,74,3,10
2020-03,Violent Crime,primary,847,997,877,1027,930,2,84,4,7
2020-04,Violent Crime,primary,119,129,407,444,393,0,44,2,5
2020-05,Violent Crime,primary,593,696,555,658,599,2,45,3,9
2020-06,Violent Crime,primary,1328,1571,927,1094,1024,4,52,3,11
2020-07,Violent Crime,primary,1406,1672,865,986,918,3,59,1,5
2020-08,Violent Crime,primary,1305,1573,876,1029,956,4,59,5,5
2020-09,Violent Crime,primary,1748,1999,1063,1215,1138,5,59,7,6
2020-10,Violent Crime,primary,1454,1769,1087,1284,1188,7,72,2,15
2020-11,Violent Crime,primary,1190,1396,851,1003,951,5,41,1,5
2020-12,Violent Crime,primary,996,1184,873,985,920,4,59,1,1
2021-01,Violent Crime,primary,870,1005,853,1011,959,1,43,5,3
2021-02,Violent Crime,primary,1181,1350,873,965,893,2,62,2,6
2021-03,Violent Crime,primary,1448,1650,1105,1334,1215,14,83,5,17
2021-04,Violent Crime,primary,1543,1795,1085,1298,1195,11,74,5,13
2021-05,Violent Crime,primary,1358,1519,1118,1294,1212,12,66,1,3
2021-06,Violent Crime,primary,1326,1576,1247,1469,1362,11,82,9,5
2021-07,Violent Crime,primary,1181,1383,1220,1414,1308,8,83,6,9
2021-08,Violent Crime,primary,1227,1426,1202,1455,1371,8,62,5,9
2021-09,Violent Crime,primary,1270,1521,1230,1444,1330,6,91,3,14
2021-10,Violent Crime,primary,1144,1287,1242,1432,1336,8,76,5,7
2021-11,Violent Crime,primary,943,1100,1179,1396,1284,12,86,1,13
2021-12,Violent Crime,primary,1078,1237,1139,1319,1226,6,81,2,4
2022-01,Violent Crime,primary,857,1013,1109,1282,1187,4,78,6,7
2022-02,Violent Crime,primary,1090,1361,1095,1257,1157,9,78,0,13
2022-03,Violent Crime,primary,1345,1586,1413,1681,1541,12,99,8,21
2022-04,Violent Crime,primary,1183,1421,1222,1436,1335,15,77,3,6
2022-05,Violent Crime,primary,1241,1402,1191,1392,1281,5,91,9,6
2022-06,Violent Crime,primary,1257,1504,1242,1432,1339,10,66,6,11
2022-07,Violent Crime,primary,1017,1181,1073,1274,1194,8,67,2,3
2022-08,Violent Crime,primary,1275,1477,1371,1611,1508,9,80,7,7
2022-09,Violent Crime,primary,1172,1364,1297,1518,1407,9,88,0,14
2022-10,Violent Crime,primary,1099,1274,1121,1292,1225,9,57,0,1
2022-11,Violent Crime,primary,1044,1275,1204,1403,1326,12,57,4,4
2022-12,Violent Crime,primary,900,1040,1021,1332,1264,6,53,1,8
2023-01,Violent Crime,primary,908,1034,1302,1539,1451,11,71,3,3
2023-02,Violent Crime,primary,1035,1191,1173,1386,1296,7,74,7,2
2023-03,Violent Crime,primary,1195,1403,1372,1577,1466,9,90,5,7
2023-04,Violent Crime,primary,1121,1326,1135,1366,1269,6,68,4,19
2023-05,Violent Crime,primary,1106,1291,1239,1461,1384,7,65,1,4
2023-06,Violent Crime,primary,1097,1295,1208,1439,1343,6,75,4,11
2023-07,Violent Crime,primary,923,1094,991,1168,1100,5,56,0,7
2023-08,Violent Crime,primary,1076,1370,1336,1633,1548,8,58,7,12
2023-09,Violent Crime,primary,1017,1232,1144,1399,1308,3,68,2,18
2023-10,Violent Crime,primary,1016,1172,1139,1378,1307,3,53,7,8
2023-11,Violent Crime,primary,1047,1174,1084,1273,1183,5,62,3,20
2023-12,Violent Crime,primary,824,1002,894,1049,991,6,50,0,2
2024-01,Violent Crime,primary,947,1096,1166,1403,1334,7,52,2,8
2024-02,Violent Crime,primary,1113,1313,1151,1357,1282,7,60,2,6
2024-03,Violent Crime,primary,1013,1220,1097,1276,1191,6,65,3,11
2024-04,Violent Crime,primary,1118,1320,1174,1426,1361,3,54,2,6
2024-05,Violent Crime,primary,1117,1319,1067,1313,1243,8,53,1,8
2024-06,Violent Crime,primary,950,1111,1037,1300,1220,5,67,1,7
2024-07,Violent Crime,primary,953,1173,1132,1302,1231,6,54,4,7
2024-08,Violent Crime,primary,1128,1282,1041,1251,1173,6,60,2,10
2024-09,Violent Crime,primary,1048,1313,1054,1265,1189,9,54,3,10
2024-10,Violent Crime,primary,1034,1234,1077,1332,1256,8,59,0,9
2024-11,Violent Crime,primary,980,1146,876,1004,939,1,56,1,7
2024-12,Violent Crime,primary,855,1012,927,1058,987,4,62,3,2
2025-01,Violent Crime,primary,834,997,1074,1300,1230,5,58,2,5
2025-02,Violent Crime,primary,1040,1298,1049,1182,1109,8,54,4,7
2025-03,Violent Crime,primary,1123,1327,1057,1253,1178,11,55,5,4
2025-04,Violent Crime,primary,1193,1379,1064,1302,1240,9,51,0,2
2025-05,Violent Crime,primary,1112,1284,1070,1254,1195,6,48,2,3
2025-06,Violent Crime,primary,950,1188,1008,1174,1101,9,59,0,5
2025-07,Violent Crime,primary,1012,1199,1086,1263,1203,5,48,1,6
2025-08,Violent Crime,primary,1168,1357,1047,1190,1117,6,55,2,10
2025-09,Violent Crime,primary,1094,1288,1090,1281,1194,4,71,1,11
2025-10,Violent Crime,primary,1093,1362,1094,1287,1239,10,33,0,5
2025-11,Violent Crime,primary,969,1139,786,907,855,5,41,2,4
2025-12,Violent Crime,primary,921,1077,793,901,846,4,42,4,5
2026-01,Violent Crime,primary,847,956,840,994,928,7,55,0,4
2026-02,Violent Crime,primary,963,1083,881,1019,954,5,57,0,3
2026-03,Violent Crime,primary,1050,1200,730,869,788,8,61,2,10
2026-04,Violent Crime,primary,1215,1384,599,693,618,5,53,5,12
2026-05,Violent Crime,primary,1033,1211,548,669,615,2,46,0,6
2026-06,Violent Crime,primary,844,998,471,538,496,3,39,0,0
1994-10,White Collar Crime,all,570,894,507,806,732,10,38,23,3
1994-11,White Collar Crime,all,511,875,495,865,777,7,57,24,0
1994-12,White Collar Crime,all,545,913,476,715,639,5,57,13,1
1995-01,White Collar Crime,all,493,845,496,744,683,7,34,18,2
1995-02,White Collar Crime,all,546,846,499,767,672,5,72,17,1
1995-03,White Collar Crime,all,694,1118,511,776,700,10,45,15,6
1995-04,White Collar Crime,all,679,1047,559,928,857,7,43,20,1
1995-05,White Collar Crime,all,536,893,574,912,833,3,53,19,4
1995-06,White Collar Crime,all,627,995,611,862,777,7,49,24,5
1995-07,White Collar Crime,all,538,824,505,807,713,3,58,32,1
1995-08,White Collar Crime,all,569,939,500,779,693,17,42,21,6
1995-09,White Collar Crime,all,629,1017,502,787,710,0,50,19,8
1995-10,White Collar Crime,all,531,850,542,772,695,8,50,14,5
1995-11,White Collar Crime,all,594,1064,535,805,709,18,45,23,10
1995-12,White Collar Crime,all,508,926,463,795,718,17,39,17,4
1996-01,White Collar Crime,all,501,815,568,839,767,10,51,10,1
1996-02,White Collar Crime,all,710,1057,591,939,835,24,35,25,20
1996-03,White Collar Crime,all,655,983,580,909,816,15,53,15,10
1996-04,White Collar Crime,all,689,992,539,859,786,6,50,10,7
1996-05,White Collar Crime,all,605,996,621,947,852,8,53,32,2
1996-06,White Collar Crime,all,589,950,564,967,854,8,80,22,3
1996-07,White Collar Crime,all,543,820,511,785,731,2,37,15,0
1996-08,White Collar Crime,all,491,789,574,872,802,13,48,8,1
1996-09,White Collar Crime,all,674,988,540,795,724,7,46,14,4
1996-10,White Collar Crime,all,539,856,593,883,795,7,58,19,4
1996-11,White Collar Crime,all,485,817,494,764,684,6,42,25,7
1996-12,White Collar Crime,all,438,703,464,717,630,5,54,25,3
1997-01,White Collar Crime,all,524,833,522,752,695,5,40,8,4
1997-02,White Collar Crime,all,544,876,436,649,605,12,20,10,2
1997-03,White Collar Crime,all,579,974,455,733,657,10,41,17,8
1997-04,White Collar Crime,all,696,1109,493,806,733,1,50,21,1
1997-05,White Collar Crime,all,565,826,467,730,673,2,40,14,1
1997-06,White Collar Crime,all,579,889,408,659,567,10,56,22,4
1997-07,White Collar Crime,all,523,828,395,586,512,3,43,27,1
1997-08,White Collar Crime,all,467,712,362,646,583,13,33,13,4
1997-09,White Collar Crime,all,656,1054,438,758,614,5,45,8,86
1997-10,White Collar Crime,all,532,822,553,803,729,16,45,13,0
1997-11,White Collar Crime,all,442,707,482,760,700,6,38,13,3
1997-12,White Collar Crime,all,562,879,526,798,738,3,35,13,9
1998-01,White Collar Crime,all,506,839,567,874,787,11,50,19,7
1998-02,White Collar Crime,all,546,787,543,869,804,5,45,14,1
1998-03,White Collar Crime,all,637,946,505,870,800,9,41,16,4
1998-04,White Collar Crime,all,727,1138,505,787,733,5,32,16,1
1998-05,White Collar Crime,all,529,882,510,827,768,2,41,11,5
1998-06,White Collar Crime,all,589,876,583,882,814,3,58,7,0
1998-07,White Collar Crime,all,594,982,624,882,827,2,33,12,8
1998-08,White Collar Crime,all,508,809,459,677,611,7,37,17,5
1998-09,White Collar Crime,all,605,976,520,872,771,9,51,21,20
1998-10,White Collar Crime,all,571,891,588,848,787,2,35,21,3
1998-11,White Collar Crime,all,461,757,548,789,728,10,36,14,1
1998-12,White Collar Crime,all,541,976,540,833,776,3,43,10,1
1999-01,White Collar Crime,all,444,664,523,817,778,1,28,9,1
1999-02,White Collar Crime,all,515,862,476,686,634,5,30,14,3
1999-03,White Collar Crime,all,608,984,607,912,837,9,50,11,5
1999-04,White Collar Crime,all,638,1030,534,781,708,8,57,8,0
1999-05,White Collar Crime,all,485,725,527,837,765,4,40,16,12
1999-06,White Collar Crime,all,587,842,532,861,776,2,54,28,1
1999-07,White Collar Crime,all,490,831,517,832,760,10,27,24,11
1999-08,White Collar Crime,all,515,793,481,733,672,5,42,13,1
1999-09,White Collar Crime,all,639,1018,557,834,791,11,24,6,2
1999-10,White Collar Crime,all,520,781,512,844,807,1,24,11,1
1999-11,White Collar Crime,all,495,784,547,779,728,2,39,9,1
1999-12,White Collar Crime,all,474,741,522,794,748,0,31,13,2
2000-01,White Collar Crime,all,459,714,548,898,849,1,39,7,2
2000-02,White Collar Crime,all,548,856,538,900,848,8,31,12,1
2000-03,White Collar Crime,all,708,1153,551,993,946,1,32,10,4
2000-04,White Collar Crime,all,701,1111,462,707,666,0,32,6,3
2000-05,White Collar Crime,all,643,977,509,843,777,7,36,22,1
2000-06,White Collar Crime,all,616,1071,572,880,826,5,30,17,2
2000-07,White Collar Crime,all,437,704,455,683,631,3,22,24,3
2000-08,White Collar Crime,all,603,1000,531,780,729,2,32,15,2
2000-09,White Collar Crime,all,631,918,554,903,824,6,45,20,8
2000-10,White Collar Crime,all,444,740,566,858,790,4,44,7,13
2000-11,White Collar Crime,all,459,638,521,799,762,4,12,16,5
2000-12,White Collar Crime,all,440,744,465,713,666,3,31,13,0
2001-01,White Collar Crime,all,497,791,660,1014,973,4,27,9,1
2001-02,White Collar Crime,all,534,853,480,708,656,5,31,14,2
2001-03,White Collar Crime,all,710,1231,512,792,727,7,41,14,3
2001-04,White Collar Crime,all,627,987,491,749,698,0,33,14,4
2001-05,White Collar Crime,all,616,1008,578,893,857,3,18,14,1
2001-06,White Collar Crime,all,581,900,524,767,705,8,39,13,2
2001-07,White Collar Crime,all,482,869,495,798,748,3,33,13,1
2001-08,White Collar Crime,all,568,967,559,854,800,3,47,4,0
2001-09,White Collar Crime,all,499,845,513,755,699,8,34,13,1
2001-10,White Collar Crime,all,489,760,623,970,924,4,28,12,2
2001-11,White Collar Crime,all,475,783,542,861,823,6,24,8,0
2001-12,White Collar Crime,all,454,717,463,731,693,1,26,7,4
2002-01,White Collar Crime,all,506,770,588,948,881,7,40,18,2
2002-02,White Collar Crime,all,453,719,480,820,773,0,45,2,0
2002-03,White Collar Crime,all,493,797,464,741,691,3,32,15,0
2002-04,White Collar Crime,all,649,1022,566,899,849,1,38,10,1
2002-05,White Collar Crime,all,647,1070,555,825,781,4,27,12,1
2002-06,White Collar Crime,all,567,981,472,847,799,4,25,10,9
2002-07,White Collar Crime,all,575,955,543,886,815,6,44,19,2
2002-08,White Collar Crime,all,550,953,488,794,731,0,53,6,4
2002-09,White Collar Crime,all,572,915,535,983,860,6,96,10,11
2002-10,White Collar Crime,all,547,823,587,946,884,20,29,12,1
2002-11,White Collar Crime,all,420,758,473,717,649,22,32,12,2
2002-12,White Collar Crime,all,442,653,519,825,775,5,33,12,0
2003-01,White Collar Crime,all,539,920,606,907,861,0,30,13,3
2003-02,White Collar Crime,all,543,944,474,719,663,8,36,7,5
2003-03,White Collar Crime,all,557,892,520,852,780,9,45,16,2
2003-04,White Collar Crime,all,591,1078,513,734,683,9,34,8,0
2003-05,White Collar Crime,all,554,948,462,745,690,7,31,15,2
2003-06,White Collar Crime,all,541,909,478,760,701,3,36,20,0
2003-07,White Collar Crime,all,511,805,523,759,692,6,48,13,0
2003-08,White Collar Crime,all,504,776,450,675,633,5,30,5,2
2003-09,White Collar Crime,all,537,868,520,827,774,1,36,13,3
2003-10,White Collar Crime,all,526,885,514,867,819,3,35,9,1
2003-11,White Collar Crime,all,407,692,416,782,744,3,27,7,1
2003-12,White Collar Crime,all,509,892,465,796,746,15,20,13,2
2004-01,White Collar Crime,all,426,781,550,906,852,4,30,5,15
2004-02,White Collar Crime,all,473,837,449,772,719,6,41,5,1
2004-03,White Collar Crime,all,644,1041,501,823,785,1,32,5,0
2004-04,White Collar Crime,all,603,932,545,788,736,2,40,10,0
2004-05,White Collar Crime,all,473,845,484,769,667,2,98,2,0
2004-06,White Collar Crime,all,459,785,500,767,721,2,34,8,2
2004-07,White Collar Crime,all,386,641,383,658,615,1,29,10,3
2004-08,White Collar Crime,all,427,742,444,743,707,6,21,8,1
2004-09,White Collar Crime,all,511,848,397,578,534,2,26,15,1
2004-10,White Collar Crime,all,371,606,411,598,536,7,40,14,1
2004-11,White Collar Crime,all,347,618,388,622,593,3,22,4,0
2004-12,White Collar Crime,all,445,678,380,620,591,0,24,4,1
2005-01,White Collar Crime,all,399,612,465,781,734,0,41,4,2
2005-02,White Collar Crime,all,447,708,493,810,769,5,28,4,4
2005-03,White Collar Crime,all,611,923,508,891,822,2,54,10,3
2005-04,White Collar Crime,all,626,1048,454,773,725,2,37,6,3
2005-05,White Collar Crime,all,463,811,510,788,730,11,34,12,1
2005-06,White Collar Crime,all,454,805,504,803,760,7,20,15,1
2005-07,White Collar Crime,all,442,715,423,665,621,3,26,13,2
2005-08,White Collar Crime,all,467,753,519,791,749,2,28,8,4
2005-09,White Collar Crime,all,485,817,479,817,788,3,22,3,1
2005-10,White Collar Crime,all,480,735,472,747,709,0,27,4,7
2005-11,White Collar Crime,all,470,713,456,706,678,4,16,6,2
2005-12,White Collar Crime,all,421,702,413,721,681,10,23,6,1
2006-01,White Collar Crime,all,414,699,496,770,728,7,28,7,0
2006-02,White Collar Crime,all,438,688,457,713,660,4,42,6,1
2006-03,White Collar Crime,all,607,967,492,789,740,5,35,6,3
2006-04,White Collar Crime,all,510,795,417,723,671,6,41,3,2
2006-05,White Collar Crime,all,497,807,457,709,666,2,33,7,1
2006-06,White Collar Crime,all,493,771,514,835,785,7,38,5,0
2006-07,White Collar Crime,all,400,660,460,696,654,13,23,6,0
2006-08,White Collar Crime,all,508,748,546,818,765,0,37,10,6
2006-09,White Collar Crime,all,526,808,487,754,717,0,33,4,0
2006-10,White Collar Crime,all,486,767,496,781,748,3,28,2,0
2006-11,White Collar Crime,all,579,866,462,771,725,1,32,12,1
2006-12,White Collar Crime,all,451,695,456,787,746,8,26,5,2
2007-01,White Collar Crime,all,499,787,492,787,749,4,28,5,1
2007-02,White Collar Crime,all,440,753,508,794,751,7,31,4,1
2007-03,White Collar Crime,all,553,896,497,847,787,1,45,13,1
2007-04,White Collar Crime,all,549,855,517,793,747,0,39,4,3
2007-05,White Collar Crime,all,524,833,500,807,721,5,72,6,3
2007-06,White Collar Crime,all,523,824,553,861,820,3,37,1,0
2007-07,White Collar Crime,all,437,732,449,708,679,2,17,8,2
2007-08,White Collar Crime,all,543,992,463,754,707,5,33,6,3
2007-09,White Collar Crime,all,470,782,481,737,693,4,32,7,1
2007-10,White Collar Crime,all,437,704,570,871,795,19,52,3,2
2007-11,White Collar Crime,all,510,788,479,778,739,9,25,2,3
2007-12,White Collar Crime,all,484,844,415,661,637,3,19,0,2
2008-01,White Collar Crime,all,503,767,471,733,669,5,51,7,1
2008-02,White Collar Crime,all,488,855,459,719,693,1,19,6,0
2008-03,White Collar Crime,all,516,828,459,695,662,0,26,5,2
2008-04,White Collar Crime,all,575,867,496,783,737,4,32,10,0
2008-05,White Collar Crime,all,498,887,477,749,712,5,28,3,1
2008-06,White Collar Crime,all,546,1009,490,775,723,2,43,2,5
2008-07,White Collar Crime,all,487,758,531,878,823,0,40,6,9
2008-08,White Collar Crime,all,472,774,472,774,749,2,18,5,0
2008-09,White Collar Crime,all,553,902,503,796,752,3,33,4,4
2008-10,White Collar Crime,all,523,865,534,833,758,8,57,9,1
2008-11,White Collar Crime,all,442,741,433,677,646,2,24,5,0
2008-12,White Collar Crime,all,479,814,485,819,776,2,36,3,2
2009-01,White Collar Crime,all,391,573,493,778,735,4,29,6,4
2009-02,White Collar Crime,all,533,811,463,670,619,1,43,1,6
2009-03,White Collar Crime,all,557,938,520,895,825,19,47,2,2
2009-04,White Collar Crime,all,634,972,495,720,680,7,25,5,3
2009-05,White Collar Crime,all,445,768,475,731,682,2,42,5,0
2009-06,White Collar Crime,all,553,965,519,803,753,1,42,5,2
2009-07,White Collar Crime,all,491,895,523,744,694,5,39,4,2
2009-08,White Collar Crime,all,471,796,447,712,688,0,15,9,0
2009-09,White Collar Crime,all,552,888,495,776,737,1,31,5,2
2009-10,White Collar Crime,all,590,1022,549,864,798,3,47,14,2
2009-11,White Collar Crime,all,417,690,497,750,706,2,23,16,3
2009-12,White Collar Crime,all,477,981,444,725,699,3,19,1,3
2010-01,White Collar Crime,all,443,735,491,820,736,0,48,22,14
2010-02,White Collar Crime,all,465,701,434,773,740,4,18,8,3
2010-03,White Collar Crime,all,597,1047,565,920,867,7,36,6,4
2010-04,White Collar Crime,all,699,1214,502,858,813,5,30,5,5
2010-05,White Collar Crime,all,556,890,466,729,699,1,21,2,6
2010-06,White Collar Crime,all,664,1308,522,816,774,3,30,9,0
2010-07,White Collar Crime,all,471,902,491,830,796,1,18,13,2
2010-08,White Collar Crime,all,545,912,466,785,743,5,25,11,1
2010-09,White Collar Crime,all,520,961,536,867,815,0,46,3,3
2010-10,White Collar Crime,all,474,863,502,806,774,3,24,2,3
2010-11,White Collar Crime,all,478,889,517,798,740,4,35,14,5
2010-12,White Collar Crime,all,490,852,519,821,783,2,29,7,0
2011-01,White Collar Crime,all,444,1311,517,939,902,0,24,2,11
2011-02,White Collar Crime,all,531,913,509,847,803,1,30,7,6
2011-03,White Collar Crime,all,684,1161,576,976,920,6,26,15,9
2011-04,White Collar Crime,all,589,953,480,812,760,10,37,4,1
2011-05,White Collar Crime,all,526,876,514,811,773,1,28,4,5
2011-06,White Collar Crime,all,607,966,542,822,773,6,31,4,8
2011-07,White Collar Crime,all,457,761,453,768,725,16,19,3,5
2011-08,White Collar Crime,all,582,1157,519,1118,1077,5,28,5,3
2011-09,White Collar Crime,all,590,1080,518,900,864,5,23,5,3
2011-10,White Collar Crime,all,458,824,499,811,777,5,20,8,1
2011-11,White Collar Crime,all,476,820,509,904,851,6,45,0,2
2011-12,White Collar Crime,all,498,918,447,705,685,0,16,2,2
2012-01,White Collar Crime,all,450,886,525,894,862,5,23,1,3
2012-02,White Collar Crime,all,524,1014,541,917,856,2,42,9,8
2012-03,White Collar Crime,all,557,881,534,860,812,2,33,4,9
2012-04,White Collar Crime,all,567,1016,511,858,810,6,28,10,4
2012-05,White Collar Crime,all,559,974,518,874,819,3,36,6,10
2012-06,White Collar Crime,all,516,896,528,953,899,7,42,5,0
2012-07,White Collar Crime,all,465,813,472,828,790,0,38,0,0
2012-08,White Collar Crime,all,508,885,498,874,830,1,25,4,14
2012-09,White Collar Crime,all,528,945,502,808,743,3,43,17,2
2012-10,White Collar Crime,all,493,902,511,852,800,3,36,3,10
2012-11,White Collar Crime,all,442,704,465,795,774,1,11,6,3
2012-12,White Collar Crime,all,433,768,427,701,667,0,28,1,5
2013-01,White Collar Crime,all,542,990,571,944,893,2,39,0,10
2013-02,White Collar Crime,all,495,833,455,757,722,6,19,8,2
2013-03,White Collar Crime,all,512,952,537,850,799,14,30,6,1
2013-04,White Collar Crime,all,568,940,504,839,800,0,29,5,5
2013-05,White Collar Crime,all,584,1052,580,884,835,1,39,6,3
2013-06,White Collar Crime,all,498,859,517,839,798,3,28,1,9
2013-07,White Collar Crime,all,542,930,538,966,911,14,37,0,4
2013-08,White Collar Crime,all,549,928,532,878,839,3,29,6,1
2013-09,White Collar Crime,all,569,1122,572,944,905,2,31,3,3
2013-10,White Collar Crime,all,531,903,554,993,957,0,31,2,3
2013-11,White Collar Crime,all,421,699,511,875,831,0,33,2,9
2013-12,White Collar Crime,all,418,754,481,981,960,0,17,4,0
2014-01,White Collar Crime,all,425,680,589,974,938,2,30,2,2
2014-02,White Collar Crime,all,460,792,475,878,808,2,54,7,7
2014-03,White Collar Crime,all,489,857,523,1030,968,2,54,0,6
2014-04,White Collar Crime,all,597,1095,524,926,868,0,49,8,1
2014-05,White Collar Crime,all,581,1037,513,838,803,3,27,4,1
2014-06,White Collar Crime,all,488,840,522,882,829,1,39,8,5
2014-07,White Collar Crime,all,451,745,514,865,825,2,20,5,13
2014-08,White Collar Crime,all,486,824,509,874,835,7,28,3,1
2014-09,White Collar Crime,all,516,899,515,875,845,3,23,0,4
2014-10,White Collar Crime,all,443,753,562,942,900,5,30,2,5
2014-11,White Collar Crime,all,415,700,429,765,724,8,25,6,2
2014-12,White Collar Crime,all,439,813,521,869,845,0,21,0,3
2015-01,White Collar Crime,all,370,565,541,1150,1111,1,26,2,10
2015-02,White Collar Crime,all,401,716,468,859,811,0,39,2,7
2015-03,White Collar Crime,all,463,830,507,867,787,0,72,3,5
2015-04,White Collar Crime,all,492,814,520,1008,967,1,36,2,2
2015-05,White Collar Crime,all,436,793,413,727,692,2,31,1,1
2015-06,White Collar Crime,all,494,870,510,809,779,2,19,4,5
2015-07,White Collar Crime,all,449,775,485,839,811,0,15,3,10
2015-08,White Collar Crime,all,404,689,466,907,873,1,29,3,1
2015-09,White Collar Crime,all,499,999,422,713,673,1,31,2,6
2015-10,White Collar Crime,all,456,807,446,809,768,0,35,3,3
2015-11,White Collar Crime,all,368,685,451,796,766,2,21,6,1
2015-12,White Collar Crime,all,394,661,456,763,723,2,23,9,6
2016-01,White Collar Crime,all,297,507,451,668,628,1,37,2,0
2016-02,White Collar Crime,all,372,645,441,718,671,8,32,5,2
2016-03,White Collar Crime,all,452,821,527,1045,999,2,40,4,0
2016-04,White Collar Crime,all,439,681,395,709,682,1,14,4,8
2016-05,White Collar Crime,all,391,640,411,739,700,0,24,15,0
2016-06,White Collar Crime,all,518,1026,459,860,827,3,24,0,6
2016-07,White Collar Crime,all,328,507,387,601,574,1,23,1,2
2016-08,White Collar Crime,all,365,616,438,887,830,2,38,8,9
2016-09,White Collar Crime,all,419,698,443,827,758,0,41,1,27
2016-10,White Collar Crime,all,301,540,408,746,718,1,23,2,2
2016-11,White Collar Crime,all,309,548,397,649,621,3,15,2,8
2016-12,White Collar Crime,all,388,682,387,682,640,3,24,0,15
2017-01,White Collar Crime,all,371,642,396,688,659,2,27,0,0
2017-02,White Collar Crime,all,356,651,382,809,774,2,27,3,3
2017-03,White Collar Crime,all,430,700,429,763,727,0,32,1,3
2017-04,White Collar Crime,all,421,658,412,717,680,1,25,2,9
2017-05,White Collar Crime,all,365,604,411,672,655,2,13,1,1
2017-06,White Collar Crime,all,442,772,438,763,717,0,35,4,7
2017-07,White Collar Crime,all,397,683,388,687,649,0,30,2,6
2017-08,White Collar Crime,all,427,762,385,688,654,4,27,1,2
2017-09,White Collar Crime,all,410,642,374,635,580,5,44,1,5
2017-10,White Collar Crime,all,360,660,428,799,772,0,23,1,3
2017-11,White Collar Crime,all,382,612,394,649,615,3,23,5,3
2017-12,White Collar Crime,all,301,519,337,642,611,5,21,4,1
2018-01,White Collar Crime,all,319,525,397,659,601,3,47,0,8
2018-02,White Collar Crime,all,366,625,383,704,681,0,21,2,0
2018-03,White Collar Crime,all,412,751,418,794,724,0,57,1,12
2018-04,White Collar Crime,all,446,745,421,725,681,2,27,1,14
2018-05,White Collar Crime,all,422,742,398,684,639,3,24,1,17
2018-06,White Collar Crime,all,529,986,355,625,588,1,26,4,6
2018-07,White Collar Crime,all,328,636,343,743,718,1,20,3,1
2018-08,White Collar Crime,all,476,819,433,659,622,8,19,7,3
2018-09,White Collar Crime,all,425,738,373,608,571,0,25,6,6
2018-10,White Collar Crime,all,453,705,384,618,568,7,29,7,7
2018-11,White Collar Crime,all,402,645,421,728,692,2,30,3,1
2018-12,White Collar Crime,all,347,616,301,526,479,12,29,2,4
2019-01,White Collar Crime,all,353,596,415,702,667,2,29,4,0
2019-02,White Collar Crime,all,370,569,342,560,524,1,25,3,7
2019-03,White Collar Crime,all,368,850,385,633,595,2,17,0,19
2019-04,White Collar Crime,all,446,923,389,643,610,2,21,4,6
2019-05,White Collar Crime,all,395,612,404,772,730,4,25,2,11
2019-06,White Collar Crime,all,384,739,403,708,669,5,31,2,1
2019-07,White Collar Crime,all,354,615,371,707,678,0,23,3,3
2019-08,White Collar Crime,all,386,626,355,617,579,0,30,3,5
2019-09,White Collar Crime,all,506,954,407,783,730,2,34,3,14
2019-10,White Collar Crime,all,377,663,399,697,648,0,24,16,9
2019-11,White Collar Crime,all,336,671,324,593,558,7,25,1,2
2019-12,White Collar Crime,all,386,660,352,571,534,2,30,2,3
2020-01,White Collar Crime,all,358,560,412,661,618,1,26,4,12
2020-02,White Collar Crime,all,306,512,363,641,598,5,34,1,3
2020-03,White Collar Crime,all,213,481,254,483,422,1,36,4,20
2020-04,White Collar Crime,all,67,91,102,162,143,0,10,1,8
2020-05,White Collar Crime,all,115,183,150,278,264,0,13,0,1
2020-06,White Collar Crime,all,290,502,257,453,432,0,18,2,1
2020-07,White Collar Crime,all,342,574,270,416,384,6,18,5,3
2020-08,White Collar Crime,all,310,643,251,458,432,0,16,6,4
2020-09,White Collar Crime,all,471,821,304,497,452,0,23,6,16
2020-10,White Collar Crime,all,381,689,308,698,676,0,19,2,1
2020-11,White Collar Crime,all,299,575,262,419,369,0,33,6,11
2020-12,White Collar Crime,all,297,499,210,340,322,0,12,2,4
2021-01,White Collar Crime,all,238,373,254,456,401,0,43,4,8
2021-02,White Collar Crime,all,309,529,233,354,325,0,27,0,2
2021-03,White Collar Crime,all,381,653,311,535,483,1,33,13,5
2021-04,White Collar Crime,all,466,980,309,534,488,0,43,2,1
2021-05,White Collar Crime,all,366,701,296,472,445,0,25,1,1
2021-06,White Collar Crime,all,322,591,309,534,496,0,34,2,2
2021-07,White Collar Crime,all,323,546,288,483,467,0,15,0,1
2021-08,White Collar Crime,all,332,647,330,534,493,1,35,2,3
2021-09,White Collar Crime,all,390,656,357,625,575,5,41,2,2
2021-10,White Collar Crime,all,310,540,332,521,480,2,36,2,1
2021-11,White Collar Crime,all,305,533,345,547,501,4,38,1,3
2021-12,White Collar Crime,all,281,513,286,472,436,4,27,2,3
2022-01,White Collar Crime,all,228,408,313,472,439,0,30,3,0
2022-02,White Collar Crime,all,293,481,352,689,642,2,42,2,1
2022-03,White Collar Crime,all,349,568,384,800,734,1,52,1,12
2022-04,White Collar Crime,all,345,556,320,567,534,2,23,4,4
2022-05,White Collar Crime,all,316,533,322,578,546,1,23,3,5
2022-06,White Collar Crime,all,314,559,317,554,527,1,22,1,3
2022-07,White Collar Crime,all,334,507,298,472,437,9,23,2,1
2022-08,White Collar Crime,all,350,554,342,579,517,2,44,3,13
2022-09,White Collar Crime,all,330,672,366,682,601,2,60,0,19
2022-10,White Collar Crime,all,293,474,318,606,573,4,29,0,0
2022-11,White Collar Crime,all,290,551,309,474,446,0,23,2,3
2022-12,White Collar Crime,all,278,451,298,530,489,5,32,1,3
2023-01,White Collar Crime,all,263,426,313,538,505,3,28,0,2
2023-02,White Collar Crime,all,286,507,316,568,544,2,21,1,0
2023-03,White Collar Crime,all,363,576,382,635,580,16,32,3,4
2023-04,White Collar Crime,all,311,647,310,511,454,13,39,1,4
2023-05,White Collar Crime,all,303,502,363,619,586,3,25,4,1
2023-06,White Collar Crime,all,342,572,288,556,501,18,24,2,11
2023-07,White Collar Crime,all,253,502,266,433,407,2,17,0,7
2023-08,White Collar Crime,all,308,551,332,550,509,0,23,1,17
2023-09,White Collar Crime,all,371,600,320,572,535,8,26,1,2
2023-10,White Collar Crime,all,305,554,290,496,464,0,32,0,0
2023-11,White Collar Crime,all,258,456,329,615,573,1,35,1,5
2023-12,White Collar Crime,all,279,475,270,449,414,2,24,3,6
2024-01,White Collar Crime,all,261,567,371,750,705,1,37,7,0
2024-02,White Collar Crime,all,298,514,339,676,646,0,27,0,3
2024-03,White Collar Crime,all,305,545,319,533,498,0,23,8,4
2024-04,White Collar Crime,all,332,565,337,629,610,2,14,2,1
2024-05,White Collar Crime,all,337,581,344,647,606,10,29,1,1
2024-06,White Collar Crime,all,356,649,289,514,487,0,24,0,3
2024-07,White Collar Crime,all,294,463,291,760,530,0,20,0,210
2024-08,White Collar Crime,all,360,587,311,538,510,1,19,2,6
2024-09,White Collar Crime,all,299,538,297,508,483,0,20,0,5
2024-10,White Collar Crime,all,313,580,348,545,527,0,16,0,2
2024-11,White Collar Crime,all,241,415,244,392,366,0,15,3,8
2024-12,White Collar Crime,all,268,434,262,449,426,2,17,0,4
2025-01,White Collar Crime,all,241,418,261,415,389,1,22,1,2
2025-02,White Collar Crime,all,283,484,288,535,510,4,19,0,2
2025-03,White Collar Crime,all,308,564,338,658,637,2,17,0,2
2025-04,White Collar Crime,all,357,646,310,578,543,1,27,1,6
2025-05,White Collar Crime,all,380,687,338,626,597,1,23,1,4
2025-06,White Collar Crime,all,379,702,257,442,417,1,11,1,12
2025-07,White Collar Crime,all,291,485,280,474,425,4,35,0,10
2025-08,White Collar Crime,all,294,561,249,435,405,1,25,1,3
2025-09,White Collar Crime,all,310,563,304,579,527,1,35,2,14
2025-10,White Collar Crime,all,321,604,285,555,523,2,22,2,6
2025-11,White Collar Crime,all,198,362,198,379,362,0,6,1,10
2025-12,White Collar Crime,all,231,395,224,394,366,3,24,0,1
2026-01,White Collar Crime,all,232,343,250,493,431,0,27,2,33
2026-02,White Collar Crime,all,223,410,201,391,343,0,45,1,2
2026-03,White Collar Crime,all,240,390,182,313,282,1,21,3,6
2026-04,White Collar Crime,all,292,502,119,278,254,0,8,0,16
2026-05,White Collar Crime,all,237,421,122,175,161,0,9,0,5
2026-06,White Collar Crime,all,273,524,108,220,204,0,13,1,2
1994-10,White Collar Crime,primary,570,894,507,806,732,10,38,23,3
1994-11,White Collar Crime,primary,507,866,495,865,777,7,57,24,0
1994-12,White Collar Crime,primary,542,892,475,714,638,5,57,13,1
1995-01,White Collar Crime,primary,491,841,496,744,683,7,34,18,2
1995-02,White Collar Crime,primary,544,826,499,767,672,5,72,17,1
1995-03,White Collar Crime,primary,690,1099,511,776,700,10,45,15,6
1995-04,White Collar Crime,primary,679,1047,557,920,849,7,43,20,1
1995-05,White Collar Crime,primary,536,893,570,900,825,3,51,19,2
1995-06,White Collar Crime,primary,624,988,608,857,772,7,49,24,5
1995-07,White Collar Crime,primary,537,823,503,803,711,3,56,32,1
1995-08,White Collar Crime,primary,567,936,499,771,685,17,42,21,6
1995-09,White Collar Crime,primary,627,1009,500,779,702,0,50,19,8
1995-10,White Collar Crime,primary,530,838,540,769,692,8,50,14,5
1995-11,White Collar Crime,primary,592,1058,534,803,707,18,45,23,10
1995-12,White Collar Crime,primary,508,926,460,773,696,17,39,17,4
1996-01,White Collar Crime,primary,501,815,568,839,767,10,51,10,1
1996-02,White Collar Crime,primary,708,1052,590,931,827,24,35,25,20
1996-03,White Collar Crime,primary,654,981,579,908,815,15,53,15,10
1996-04,White Collar Crime,primary,688,985,537,842,769,6,50,10,7
1996-05,White Collar Crime,primary,604,990,620,943,848,8,53,32,2
1996-06,White Collar Crime,primary,587,941,564,967,854,8,80,22,3
1996-07,White Collar Crime,primary,540,810,509,780,726,2,37,15,0
1996-08,White Collar Crime,primary,491,789,572,853,783,13,48,8,1
1996-09,White Collar Crime,primary,670,970,539,793,722,7,46,14,4
1996-10,White Collar Crime,primary,539,856,590,873,785,7,58,19,4
1996-11,White Collar Crime,primary,484,813,493,757,677,6,42,25,7
1996-12,White Collar Crime,primary,438,703,463,711,624,5,54,25,3
1997-01,White Collar Crime,primary,522,831,521,750,693,5,40,8,4
1997-02,White Collar Crime,primary,544,876,435,645,601,12,20,10,2
1997-03,White Collar Crime,primary,579,974,454,727,651,10,41,17,8
1997-04,White Collar Crime,primary,696,1109,493,806,733,1,50,21,1
1997-05,White Collar Crime,primary,565,826,466,729,672,2,40,14,1
1997-06,White Collar Crime,primary,577,882,408,659,567,10,56,22,4
1997-07,White Collar Crime,primary,522,827,395,586,512,3,43,27,1
1997-08,White Collar Crime,primary,465,706,362,646,583,13,33,13,4
1997-09,White Collar Crime,primary,656,1054,436,733,589,5,45,8,86
1997-10,White Collar Crime,primary,530,799,552,800,729,16,42,13,0
1997-11,White Collar Crime,primary,437,695,480,752,692,6,38,13,3
1997-12,White Collar Crime,primary,555,871,525,797,737,3,35,13,9
1998-01,White Collar Crime,primary,506,839,567,874,787,11,50,19,7
1998-02,White Collar Crime,primary,544,785,541,860,795,5,45,14,1
1998-03,White Collar Crime,primary,636,945,504,869,799,9,41,16,4
1998-04,White Collar Crime,primary,725,1136,504,786,732,5,32,16,1
1998-05,White Collar Crime,primary,527,876,507,824,765,2,41,11,5
1998-06,White Collar Crime,primary,587,874,582,881,813,3,58,7,0
1998-07,White Collar Crime,primary,586,966,619,861,806,2,33,12,8
1998-08,White Collar Crime,primary,506,807,457,669,603,7,37,17,5
1998-09,White Collar Crime,primary,602,971,516,858,757,9,51,21,20
1998-10,White Collar Crime,primary,564,875,583,840,779,2,35,21,3
1998-11,White Collar Crime,primary,460,756,547,788,727,10,36,14,1
1998-12,White Collar Crime,primary,537,953,533,825,768,3,43,10,1
1999-01,White Collar Crime,primary,440,657,521,814,775,1,28,9,1
1999-02,White Collar Crime,primary,513,860,475,685,633,5,30,14,3
1999-03,White Collar Crime,primary,605,976,603,907,832,9,50,11,5
1999-04,White Collar Crime,primary,636,1027,532,779,706,8,57,8,0
1999-05,White Collar Crime,primary,482,721,525,834,762,4,40,16,12
1999-06,White Collar Crime,primary,584,827,530,859,774,2,54,28,1
1999-07,White Collar Crime,primary,488,829,517,832,760,10,27,24,11
1999-08,White Collar Crime,primary,513,791,479,731,670,5,42,13,1
1999-09,White Collar Crime,primary,635,1012,555,832,789,11,24,6,2
1999-10,White Collar Crime,primary,515,767,511,842,805,1,24,11,1
1999-11,White Collar Crime,primary,492,780,545,767,716,2,39,9,1
1999-12,White Collar Crime,primary,473,739,519,790,744,0,31,13,2
2000-01,White Collar Crime,primary,458,713,546,890,841,1,39,7,2
2000-02,White Collar Crime,primary,547,845,532,890,838,8,31,12,1
2000-03,White Collar Crime,primary,702,1133,549,986,939,1,32,10,4
2000-04,White Collar Crime,primary,695,1103,459,704,663,0,32,6,3
2000-05,White Collar Crime,primary,642,976,506,826,760,7,36,22,1
2000-06,White Collar Crime,primary,613,1066,570,876,822,5,30,17,2
2000-07,White Collar Crime,primary,434,700,453,677,625,3,22,24,3
2000-08,White Collar Crime,primary,599,991,529,776,725,2,32,15,2
2000-09,White Collar Crime,primary,626,911,550,893,814,6,45,20,8
2000-10,White Collar Crime,primary,439,715,566,858,790,4,44,7,13
2000-11,White Collar Crime,primary,458,636,519,797,760,4,12,16,5
2000-12,White Collar Crime,primary,433,730,461,708,663,3,29,13,0
2001-01,White Collar Crime,primary,490,782,658,1012,971,4,27,9,1
2001-02,White Collar Crime,primary,531,850,478,705,653,5,31,14,2
2001-03,White Collar Crime,primary,706,1227,509,789,724,7,41,14,3
2001-04,White Collar Crime,primary,620,976,490,748,697,0,33,14,4
2001-05,White Collar Crime,primary,614,998,577,892,856,3,18,14,1
2001-06,White Collar Crime,primary,578,883,522,764,702,8,39,13,2
2001-07,White Collar Crime,primary,477,853,488,791,741,3,33,13,1
2001-08,White Collar Crime,primary,564,960,555,848,794,3,47,4,0
2001-09,White Collar Crime,primary,494,823,508,746,690,8,34,13,1
2001-10,White Collar Crime,primary,487,758,616,952,907,4,27,12,2
2001-11,White Collar Crime,primary,469,766,540,849,811,6,24,8,0
2001-12,White Collar Crime,primary,450,712,459,726,688,1,26,7,4
2002-01,White Collar Crime,primary,501,753,586,946,879,7,40,18,2
2002-02,White Collar Crime,primary,447,712,479,819,772,0,45,2,0
2002-03,White Collar Crime,primary,486,783,462,737,687,3,32,15,0
2002-04,White Collar Crime,primary,606,959,543,872,833,1,27,10,1
2002-05,White Collar Crime,primary,638,1045,544,804,762,4,25,12,1
2002-06,White Collar Crime,primary,564,978,465,835,787,4,25,10,9
2002-07,White Collar Crime,primary,573,953,539,878,807,6,44,19,2
2002-08,White Collar Crime,primary,548,947,476,775,713,0,52,6,4
2002-09,White Collar Crime,primary,570,912,529,972,849,6,96,10,11
2002-10,White Collar Crime,primary,543,808,575,916,859,20,24,12,1
2002-11,White Collar Crime,primary,409,728,471,695,627,22,32,12,2
2002-12,White Collar Crime,primary,434,641,516,814,764,5,33,12,0
2003-01,White Collar Crime,primary,534,912,598,890,844,0,30,13,3
2003-02,White Collar Crime,primary,538,938,468,710,654,8,36,7,5
2003-03,White Collar Crime,primary,550,878,512,840,768,9,45,16,2
2003-04,White Collar Crime,primary,575,1051,505,723,672,9,34,8,0
2003-05,White Collar Crime,primary,545,925,454,727,679,7,30,9,2
2003-06,White Collar Crime,primary,535,902,471,747,688,3,36,20,0
2003-07,White Collar Crime,primary,503,778,514,740,673,6,48,13,0
2003-08,White Collar Crime,primary,495,756,441,660,618,5,30,5,2
2003-09,White Collar Crime,primary,530,858,517,823,770,1,36,13,3
2003-10,White Collar Crime,primary,522,879,510,862,814,3,35,9,1
2003-11,White Collar Crime,primary,400,679,409,756,720,3,25,7,1
2003-12,White Collar Crime,primary,500,860,462,791,741,15,20,13,2
2004-01,White Collar Crime,primary,420,774,548,904,851,4,29,5,15
2004-02,White Collar Crime,primary,468,817,437,731,678,6,41,5,1
2004-03,White Collar Crime,primary,637,1025,492,795,757,1,32,5,0
2004-04,White Collar Crime,primary,600,928,540,779,728,2,39,10,0
2004-05,White Collar Crime,primary,469,810,479,762,660,2,98,2,0
2004-06,White Collar Crime,primary,453,779,496,763,717,2,34,8,2
2004-07,White Collar Crime,primary,384,639,379,652,609,1,29,10,3
2004-08,White Collar Crime,primary,421,729,442,740,704,6,21,8,1
2004-09,White Collar Crime,primary,500,808,395,576,533,1,26,15,1
2004-10,White Collar Crime,primary,364,567,405,591,530,7,39,14,1
2004-11,White Collar Crime,primary,341,592,382,616,587,3,22,4,0
2004-12,White Collar Crime,primary,438,670,378,618,589,0,24,4,1
2005-01,White Collar Crime,primary,395,602,459,773,727,0,40,4,2
2005-02,White Collar Crime,primary,443,702,492,809,768,5,28,4,4
2005-03,White Collar Crime,primary,603,897,496,857,789,2,54,9,3
2005-04,White Collar Crime,primary,620,1029,450,767,720,1,37,6,3
2005-05,White Collar Crime,primary,458,795,503,768,712,9,34,12,1
2005-06,White Collar Crime,primary,450,789,497,795,752,7,20,15,1
2005-07,White Collar Crime,primary,431,701,417,654,610,3,26,13,2
2005-08,White Collar Crime,primary,461,744,514,778,737,2,28,7,4
2005-09,White Collar Crime,primary,474,751,479,817,788,3,22,3,1
2005-10,White Collar Crime,primary,466,715,466,740,702,0,27,4,7
2005-11,White Collar Crime,primary,465,705,450,694,666,4,16,6,2
2005-12,White Collar Crime,primary,417,694,409,714,674,10,23,6,1
2006-01,White Collar Crime,primary,408,692,489,763,725,7,24,7,0
2006-02,White Collar Crime,primary,430,676,448,696,643,4,42,6,1
2006-03,White Collar Crime,primary,598,939,487,781,732,5,35,6,3
2006-04,White Collar Crime,primary,503,786,411,704,652,6,41,3,2
2006-05,White Collar Crime,primary,485,768,453,703,660,2,33,7,1
2006-06,White Collar Crime,primary,484,751,512,833,784,7,37,5,0
2006-07,White Collar Crime,primary,396,651,456,690,648,13,23,6,0
2006-08,White Collar Crime,primary,494,732,538,800,747,0,37,10,6
2006-09,White Collar Crime,primary,518,765,479,724,688,0,32,4,0
2006-10,White Collar Crime,primary,479,751,487,771,740,3,26,2,0
2006-11,White Collar Crime,primary,572,852,454,760,714,1,32,12,1
2006-12,White Collar Crime,primary,447,691,452,767,726,8,26,5,2
2007-01,White Collar Crime,primary,496,783,480,764,726,4,28,5,1
2007-02,White Collar Crime,primary,428,713,501,787,744,7,31,4,1
2007-03,White Collar Crime,primary,545,881,482,804,747,1,42,13,1
2007-04,White Collar Crime,primary,537,821,507,760,714,0,39,4,3
2007-05,White Collar Crime,primary,514,822,493,784,710,5,60,6,3
2007-06,White Collar Crime,primary,512,813,545,823,782,3,37,1,0
2007-07,White Collar Crime,primary,431,700,444,700,671,2,17,8,2
2007-08,White Collar Crime,primary,529,961,454,738,691,5,33,6,3
2007-09,White Collar Crime,primary,462,766,469,720,676,4,32,7,1
2007-10,White Collar Crime,primary,433,700,559,855,779,19,52,3,2
2007-11,White Collar Crime,primary,501,772,473,768,729,9,25,2,3
2007-12,White Collar Crime,primary,482,834,411,650,626,3,19,0,2
2008-01,White Collar Crime,primary,500,763,465,715,664,5,38,7,1
2008-02,White Collar Crime,primary,475,808,450,703,677,1,19,6,0
2008-03,White Collar Crime,primary,508,813,449,681,648,0,26,5,2
2008-04,White Collar Crime,primary,565,852,487,753,707,4,32,10,0
2008-05,White Collar Crime,primary,483,838,471,739,702,5,28,3,1
2008-06,White Collar Crime,primary,532,980,485,767,715,2,43,2,5
2008-07,White Collar Crime,primary,476,745,524,865,811,0,39,6,9
2008-08,White Collar Crime,primary,458,743,460,736,711,2,18,5,0
2008-09,White Collar Crime,primary,542,883,495,784,741,3,32,4,4
2008-10,White Collar Crime,primary,509,842,530,829,754,8,57,9,1
2008-11,White Collar Crime,primary,436,722,426,663,632,2,24,5,0
2008-12,White Collar Crime,primary,465,797,473,807,766,2,34,3,2
2009-01,White Collar Crime,primary,374,555,483,761,719,4,29,5,4
2009-02,White Collar Crime,primary,517,793,453,658,609,1,41,1,6
2009-03,White Collar Crime,primary,542,916,498,863,794,19,46,2,2
2009-04,White Collar Crime,primary,621,943,489,711,671,7,25,5,3
2009-05,White Collar Crime,primary,430,735,466,720,671,2,42,5,0
2009-06,White Collar Crime,primary,539,942,506,783,734,1,42,5,1
2009-07,White Collar Crime,primary,476,840,504,718,670,5,37,4,2
2009-08,White Collar Crime,primary,465,789,438,703,679,0,15,9,0
2009-09,White Collar Crime,primary,541,871,481,759,721,1,30,5,2
2009-10,White Collar Crime,primary,574,996,538,851,785,3,47,14,2
2009-11,White Collar Crime,primary,400,669,488,738,694,2,23,16,3
2009-12,White Collar Crime,primary,466,969,430,689,663,3,19,1,3
2010-01,White Collar Crime,primary,433,715,476,804,720,0,48,22,14
2010-02,White Collar Crime,primary,449,662,421,743,710,4,18,8,3
2010-03,White Collar Crime,primary,585,1029,547,885,833,7,36,5,4
2010-04,White Collar Crime,primary,688,1190,487,805,760,5,30,5,5
2010-05,White Collar Crime,primary,540,867,461,717,687,1,21,2,6
2010-06,White Collar Crime,primary,652,1282,511,805,764,3,29,9,0
2010-07,White Collar Crime,primary,455,873,474,794,761,1,17,13,2
2010-08,White Collar Crime,primary,538,898,452,754,712,5,25,11,1
2010-09,White Collar Crime,primary,501,906,524,827,775,0,46,3,3
2010-10,White Collar Crime,primary,458,836,495,795,763,3,24,2,3
2010-11,White Collar Crime,primary,467,876,503,780,723,4,34,14,5
2010-12,White Collar Crime,primary,468,811,510,807,769,2,29,7,0
2011-01,White Collar Crime,primary,435,1295,499,883,847,0,23,2,11
2011-02,White Collar Crime,primary,524,891,494,822,778,1,30,7,6
2011-03,White Collar Crime,primary,668,1111,555,944,889,6,25,15,9
2011-04,White Collar Crime,primary,573,930,466,788,736,10,37,4,1
2011-05,White Collar Crime,primary,514,841,502,778,740,1,28,4,5
2011-06,White Collar Crime,primary,590,928,531,807,758,6,31,4,8
2011-07,White Collar Crime,primary,448,745,445,760,717,16,19,3,5
2011-08,White Collar Crime,primary,569,1132,509,1098,1058,5,27,5,3
2011-09,White Collar Crime,primary,579,1058,508,874,838,5,23,5,3
2011-10,White Collar Crime,primary,446,771,484,790,759,5,17,8,1
2011-11,White Collar Crime,primary,461,762,501,889,836,6,45,0,2
2011-12,White Collar Crime,primary,489,891,434,686,666,0,16,2,2
2012-01,White Collar Crime,primary,440,821,511,866,834,5,23,1,3
2012-02,White Collar Crime,primary,506,917,524,885,824,2,42,9,8
2012-03,White Collar Crime,primary,542,837,523,842,795,2,32,4,9
2012-04,White Collar Crime,primary,560,1008,495,821,777,3,27,10,4
2012-05,White Collar Crime,primary,546,958,508,849,794,3,36,6,10
2012-06,White Collar Crime,primary,501,868,514,913,860,7,41,5,0
2012-07,White Collar Crime,primary,452,792,458,786,748,0,38,0,0
2012-08,White Collar Crime,primary,495,864,485,843,799,1,25,4,14
2012-09,White Collar Crime,primary,509,913,494,800,735,3,43,17,2
2012-10,White Collar Crime,primary,480,874,505,845,795,2,35,3,10
2012-11,White Collar Crime,primary,433,689,453,780,759,1,11,6,3
2012-12,White Collar Crime,primary,418,724,414,673,640,0,27,1,5
2013-01,White Collar Crime,primary,532,936,558,913,862,2,39,0,10
2013-02,White Collar Crime,primary,486,819,448,749,716,6,18,8,1
2013-03,White Collar Crime,primary,504,928,524,831,782,14,28,6,1
2013-04,White Collar Crime,primary,553,921,494,816,778,0,28,5,5
2013-05,White Collar Crime,primary,580,1046,567,865,819,1,36,6,3
2013-06,White Collar Crime,primary,487,820,506,811,770,3,28,1,9
2013-07,White Collar Crime,primary,530,909,530,940,885,14,37,0,4
2013-08,White Collar Crime,primary,533,870,527,872,833,3,29,6,1
2013-09,White Collar Crime,primary,554,1104,560,928,890,2,30,3,3
2013-10,White Collar Crime,primary,519,866,546,975,939,0,31,2,3
2013-11,White Collar Crime,primary,413,678,496,856,812,0,33,2,9
2013-12,White Collar Crime,primary,398,702,469,962,943,0,15,4,0
2014-01,White Collar Crime,primary,411,654,572,943,908,2,29,2,2
2014-02,White Collar Crime,primary,454,784,465,839,769,2,54,7,7
2014-03,White Collar Crime,primary,473,813,511,1006,945,2,53,0,6
2014-04,White Collar Crime,primary,573,1053,512,864,807,0,48,8,1
2014-05,White Collar Crime,primary,568,1011,496,791,756,3,27,4,1
2014-06,White Collar Crime,primary,475,816,511,868,816,1,38,8,5
2014-07,White Collar Crime,primary,444,736,497,847,808,2,20,5,12
2014-08,White Collar Crime,primary,471,777,491,841,802,7,28,3,1
2014-09,White Collar Crime,primary,498,866,502,854,825,3,22,0,4
2014-10,White Collar Crime,primary,430,732,549,913,871,5,30,2,5
2014-11,White Collar Crime,primary,401,676,416,741,701,8,24,6,2
2014-12,White Collar Crime,primary,428,792,510,849,825,0,21,0,3
2015-01,White Collar Crime,primary,360,547,524,1117,1079,1,25,2,10
2015-02,White Collar Crime,primary,390,699,458,838,791,0,38,2,7
2015-03,White Collar Crime,primary,445,798,492,827,756,0,63,3,5
2015-04,White Collar Crime,primary,475,784,510,988,948,1,35,2,2
2015-05,White Collar Crime,primary,419,757,403,710,675,2,31,1,1
2015-06,White Collar Crime,primary,479,848,500,787,758,2,18,4,5
2015-07,White Collar Crime,primary,430,726,471,810,782,0,15,3,10
2015-08,White Collar Crime,primary,390,662,446,866,836,1,25,3,1
2015-09,White Collar Crime,primary,480,958,408,690,652,1,30,1,6
2015-10,White Collar Crime,primary,443,768,430,773,733,0,34,3,3
2015-11,White Collar Crime,primary,351,624,440,779,750,2,20,6,1
2015-12,White Collar Crime,primary,384,646,441,742,704,2,22,8,6
2016-01,White Collar Crime,primary,286,489,438,635,596,1,36,2,0
2016-02,White Collar Crime,primary,356,592,428,689,647,8,27,5,2
2016-03,White Collar Crime,primary,438,733,509,1013,969,2,39,3,0
2016-04,White Collar Crime,primary,418,651,379,676,649,1,14,4,8
2016-05,White Collar Crime,primary,382,604,397,711,673,0,23,15,0
2016-06,White Collar Crime,primary,504,987,444,817,784,3,24,0,6
2016-07,White Collar Crime,primary,317,487,371,562,536,1,23,0,2
2016-08,White Collar Crime,primary,355,597,429,811,756,2,36,8,9
2016-09,White Collar Crime,primary,404,672,432,806,737,0,41,1,27
2016-10,White Collar Crime,primary,290,526,401,723,695,1,23,2,2
2016-11,White Collar Crime,primary,297,530,383,632,606,3,13,2,8
2016-12,White Collar Crime,primary,371,663,371,658,616,3,24,0,15
2017-01,White Collar Crime,primary,355,605,383,667,638,2,27,0,0
2017-02,White Collar Crime,primary,345,609,368,781,746,2,27,3,3
2017-03,White Collar Crime,primary,410,668,414,718,685,0,29,1,3
2017-04,White Collar Crime,primary,406,626,401,689,653,1,24,2,9
2017-05,White Collar Crime,primary,342,557,397,644,627,2,13,1,1
2017-06,White Collar Crime,primary,428,744,423,722,678,0,33,4,7
2017-07,White Collar Crime,primary,378,657,374,656,619,0,29,2,6
2017-08,White Collar Crime,primary,404,706,377,672,638,4,27,1,2
2017-09,White Collar Crime,primary,381,602,362,608,556,5,44,1,2
2017-10,White Collar Crime,primary,342,616,409,751,724,0,23,1,3
2017-11,White Collar Crime,primary,361,577,383,635,601,3,23,5,3
2017-12,White Collar Crime,primary,290,505,317,590,559,5,21,4,1
2018-01,White Collar Crime,primary,303,489,377,635,577,3,47,0,8
2018-02,White Collar Crime,primary,347,572,362,661,638,0,21,2,0
2018-03,White Collar Crime,primary,394,709,394,752,687,0,52,1,12
2018-04,White Collar Crime,primary,423,710,408,681,637,2,27,1,14
2018-05,White Collar Crime,primary,399,702,376,648,603,3,24,1,17
2018-06,White Collar Crime,primary,496,927,338,601,564,1,26,4,6
2018-07,White Collar Crime,primary,310,608,333,725,702,1,18,3,1
2018-08,White Collar Crime,primary,441,720,418,640,604,8,19,6,3
2018-09,White Collar Crime,primary,398,669,352,542,505,0,25,6,6
2018-10,White Collar Crime,primary,427,668,369,600,551,7,29,7,6
2018-11,White Collar Crime,primary,388,625,403,698,663,2,29,3,1
2018-12,White Collar Crime,primary,328,568,286,509,462,12,29,2,4
2019-01,White Collar Crime,primary,335,558,393,673,640,1,28,4,0
2019-02,White Collar Crime,primary,345,533,329,545,510,1,24,3,7
2019-03,White Collar Crime,primary,346,605,365,601,565,2,15,0,19
2019-04,White Collar Crime,primary,407,768,371,616,585,2,21,4,4
2019-05,White Collar Crime,primary,374,576,380,673,633,4,25,0,11
2019-06,White Collar Crime,primary,368,714,377,665,627,5,30,2,1
2019-07,White Collar Crime,primary,334,558,345,673,644,0,23,3,3
2019-08,White Collar Crime,primary,367,601,338,598,561,0,29,3,5
2019-09,White Collar Crime,primary,480,912,383,711,660,2,32,3,14
2019-10,White Collar Crime,primary,357,617,376,634,589,0,21,16,8
2019-11,White Collar Crime,primary,323,650,308,550,515,7,25,1,2
2019-12,White Collar Crime,primary,370,634,336,544,508,2,30,1,3
2020-01,White Collar Crime,primary,343,518,391,637,595,1,25,4,12
2020-02,White Collar Crime,primary,290,479,341,607,565,5,33,1,3
2020-03,White Collar Crime,primary,201,421,242,451,390,1,36,4,20
2020-04,White Collar Crime,primary,63,85,98,157,138,0,10,1,8
2020-05,White Collar Crime,primary,106,168,139,263,252,0,10,0,1
2020-06,White Collar Crime,primary,266,461,238,425,405,0,17,2,1
2020-07,White Collar Crime,primary,328,551,258,394,363,6,17,5,3
2020-08,White Collar Crime,primary,288,576,238,436,411,0,16,5,4
2020-09,White Collar Crime,primary,452,791,293,477,432,0,23,6,16
2020-10,White Collar Crime,primary,364,659,289,644,623,0,18,2,1
2020-11,White Collar Crime,primary,282,534,252,400,358,0,29,6,7
2020-12,White Collar Crime,primary,277,447,199,307,289,0,12,2,4
2021-01,White Collar Crime,primary,219,342,236,412,375,0,25,4,8
2021-02,White Collar Crime,primary,283,490,219,337,309,0,26,0,2
2021-03,White Collar Crime,primary,355,606,298,518,466,1,33,13,5
2021-04,White Collar Crime,primary,442,923,299,517,479,0,35,2,1
2021-05,White Collar Crime,primary,344,655,277,424,397,0,25,1,1
2021-06,White Collar Crime,primary,296,521,295,514,477,0,33,2,2
2021-07,White Collar Crime,primary,301,475,268,448,434,0,13,0,1
2021-08,White Collar Crime,primary,308,569,308,498,461,0,32,2,3
2021-09,White Collar Crime,primary,368,615,347,614,564,5,41,2,2
2021-10,White Collar Crime,primary,288,504,316,504,463,2,36,2,1
2021-11,White Collar Crime,primary,278,465,336,535,490,3,38,1,3
2021-12,White Collar Crime,primary,265,491,264,442,406,4,27,2,3
2022-01,White Collar Crime,primary,214,388,298,450,418,0,29,3,0
2022-02,White Collar Crime,primary,282,460,333,645,599,2,41,2,1
2022-03,White Collar Crime,primary,328,539,364,740,674,1,52,1,12
2022-04,White Collar Crime,primary,320,501,300,516,487,2,20,4,3
2022-05,White Collar Crime,primary,295,498,305,532,502,0,22,3,5
2022-06,White Collar Crime,primary,289,505,301,531,504,1,22,1,3
2022-07,White Collar Crime,primary,313,471,286,457,422,9,23,2,1
2022-08,White Collar Crime,primary,327,511,316,509,450,2,42,3,12
2022-09,White Collar Crime,primary,303,616,332,619,557,2,57,0,3
2022-10,White Collar Crime,primary,271,390,304,554,524,4,26,0,0
2022-11,White Collar Crime,primary,268,518,286,430,404,0,21,2,3
2022-12,White Collar Crime,primary,256,417,279,493,453,5,31,1,3
2023-01,White Collar Crime,primary,250,399,292,497,464,3,28,0,2
2023-02,White Collar Crime,primary,259,454,286,492,468,2,21,1,0
2023-03,White Collar Crime,primary,345,554,353,568,523,12,26,3,4
2023-04,White Collar Crime,primary,295,565,299,493,437,13,38,1,4
2023-05,White Collar Crime,primary,286,473,345,588,558,3,23,4,0
2023-06,White Collar Crime,primary,323,538,271,507,457,18,19,2,11
2023-07,White Collar Crime,primary,239,449,245,393,377,2,11,0,3
2023-08,White Collar Crime,primary,284,506,315,526,485,0,23,1,17
2023-09,White Collar Crime,primary,333,540,300,533,496,8,26,1,2
2023-10,White Collar Crime,primary,285,514,277,473,444,0,29,0,0
2023-11,White Collar Crime,primary,241,425,315,586,547,1,34,1,3
2023-12,White Collar Crime,primary,267,454,247,406,375,2,20,3,6
2024-01,White Collar Crime,primary,238,526,351,693,650,1,35,7,0
2024-02,White Collar Crime,primary,273,463,305,621,593,0,25,0,3
2024-03,White Collar Crime,primary,278,472,300,505,471,0,22,8,4
2024-04,White Collar Crime,primary,312,525,310,583,567,0,14,2,0
2024-05,White Collar Crime,primary,312,541,318,603,569,10,22,1,1
2024-06,White Collar Crime,primary,327,588,273,484,459,0,22,0,3
2024-07,White Collar Crime,primary,282,437,269,545,498,0,18,0,29
2024-08,White Collar Crime,primary,333,537,298,515,487,1,19,2,6
2024-09,White Collar Crime,primary,275,484,275,474,451,0,18,0,5
2024-10,White Collar Crime,primary,289,541,323,504,487,0,15,0,2
2024-11,White Collar Crime,primary,226,381,226,351,333,0,15,3,0
2024-12,White Collar Crime,primary,240,379,247,430,407,2,17,0,4
2025-01,White Collar Crime,primary,224,385,242,389,363,1,22,1,2
2025-02,White Collar Crime,primary,258,443,265,467,443,4,18,0,2
2025-03,White Collar Crime,primary,281,506,313,620,602,1,16,0,1
2025-04,White Collar Crime,primary,319,577,279,508,485,1,20,1,1
2025-05,White Collar Crime,primary,348,635,312,569,543,1,20,1,4
2025-06,White Collar Crime,primary,341,635,240,408,386,1,8,1,12
2025-07,White Collar Crime,primary,260,442,256,431,385,4,32,0,10
2025-08,White Collar Crime,primary,263,499,225,386,358,1,23,1,3
2025-09,White Collar Crime,primary,282,501,281,549,497,1,35,2,14
2025-10,White Collar Crime,primary,297,508,273,535,503,2,22,2,6
2025-11,White Collar Crime,primary,174,293,180,354,337,0,6,1,10
2025-12,White Collar Crime,primary,205,348,202,351,324,3,23,0,1
2026-01,White Collar Crime,primary,212,311,228,457,399,0,23,2,33
2026-02,White Collar Crime,primary,205,375,184,364,316,0,45,1,2
2026-03,White Collar Crime,primary,214,352,165,293,267,0,19,3,4
2026-04,White Collar Crime,primary,270,439,110,269,246,0,7,0,16
2026-05,White Collar Crime,primary,211,391,110,158,145,0,8,0,5
2026-06,White Collar Crime,primary,249,461,99,191,176,0,12,1,2
