ym,category,role,cases_pending
1994-10,ALL,Defendant,64685
1994-11,ALL,Defendant,65481
1994-12,ALL,Defendant,66219
1995-01,ALL,Defendant,66698
1995-02,ALL,Defendant,66802
1995-03,ALL,Defendant,67026
1995-04,ALL,Defendant,67435
1995-05,ALL,Defendant,67493
1995-06,ALL,Defendant,67518
1995-07,ALL,Defendant,67336
1995-08,ALL,Defendant,66714
1995-09,ALL,Defendant,66614
1995-10,ALL,Defendant,66705
1995-11,ALL,Defendant,67241
1995-12,ALL,Defendant,67761
1996-01,ALL,Defendant,68135
1996-02,ALL,Defendant,67922
1996-03,ALL,Defendant,68265
1996-04,ALL,Defendant,68820
1996-05,ALL,Defendant,69408
1996-06,ALL,Defendant,68596
1996-07,ALL,Defendant,68530
1996-08,ALL,Defendant,68242
1996-09,ALL,Defendant,68142
1996-10,ALL,Defendant,68800
1996-11,ALL,Defendant,69800
1996-12,ALL,Defendant,70607
1997-01,ALL,Defendant,71240
1997-02,ALL,Defendant,71747
1997-03,ALL,Defendant,72903
1997-04,ALL,Defendant,76424
1997-05,ALL,Defendant,77603
1997-06,ALL,Defendant,77930
1997-07,ALL,Defendant,77836
1997-08,ALL,Defendant,77886
1997-09,ALL,Defendant,78186
1997-10,ALL,Defendant,78632
1997-11,ALL,Defendant,79023
1997-12,ALL,Defendant,79831
1998-01,ALL,Defendant,80267
1998-02,ALL,Defendant,79661
1998-03,ALL,Defendant,79165
1998-04,ALL,Defendant,79412
1998-05,ALL,Defendant,79751
1998-06,ALL,Defendant,80414
1998-07,ALL,Defendant,80590
1998-08,ALL,Defendant,80037
1998-09,ALL,Defendant,79196
1998-10,ALL,Defendant,79390
1998-11,ALL,Defendant,79895
1998-12,ALL,Defendant,80336
1999-01,ALL,Defendant,79917
1999-02,ALL,Defendant,79869
1999-03,ALL,Defendant,79445
1999-04,ALL,Defendant,79375
1999-05,ALL,Defendant,79362
1999-06,ALL,Defendant,79376
1999-07,ALL,Defendant,78474
1999-08,ALL,Defendant,78030
1999-09,ALL,Defendant,76915
1999-10,ALL,Defendant,76727
1999-11,ALL,Defendant,76672
1999-12,ALL,Defendant,76582
2000-01,ALL,Defendant,76761
2000-02,ALL,Defendant,76539
2000-03,ALL,Defendant,74961
2000-04,ALL,Defendant,74854
2000-05,ALL,Defendant,74022
2000-06,ALL,Defendant,73638
2000-07,ALL,Defendant,73939
2000-08,ALL,Defendant,74159
2000-09,ALL,Defendant,74345
2000-10,ALL,Defendant,75319
2000-11,ALL,Defendant,76124
2000-12,ALL,Defendant,76530
2001-01,ALL,Defendant,76982
2001-02,ALL,Defendant,77506
2001-03,ALL,Defendant,77558
2001-04,ALL,Defendant,78164
2001-05,ALL,Defendant,78760
2001-06,ALL,Defendant,79026
2001-07,ALL,Defendant,78328
2001-08,ALL,Defendant,77340
2001-09,ALL,Defendant,76925
2001-10,ALL,Defendant,77289
2001-11,ALL,Defendant,77353
2001-12,ALL,Defendant,77804
2002-01,ALL,Defendant,78009
2002-02,ALL,Defendant,78291
2002-03,ALL,Defendant,78450
2002-04,ALL,Defendant,79214
2002-05,ALL,Defendant,78761
2002-06,ALL,Defendant,78413
2002-07,ALL,Defendant,77581
2002-08,ALL,Defendant,76752
2002-09,ALL,Defendant,76613
2002-10,ALL,Defendant,77314
2002-11,ALL,Defendant,78127
2002-12,ALL,Defendant,79204
2003-01,ALL,Defendant,79401
2003-02,ALL,Defendant,79522
2003-03,ALL,Defendant,79051
2003-04,ALL,Defendant,79313
2003-05,ALL,Defendant,79629
2003-06,ALL,Defendant,79637
2003-07,ALL,Defendant,79257
2003-08,ALL,Defendant,79334
2003-09,ALL,Defendant,78953
2003-10,ALL,Defendant,79398
2003-11,ALL,Defendant,79280
2003-12,ALL,Defendant,79787
2004-01,ALL,Defendant,79817
2004-02,ALL,Defendant,78220
2004-03,ALL,Defendant,76323
2004-04,ALL,Defendant,76352
2004-05,ALL,Defendant,76970
2004-06,ALL,Defendant,77634
2004-07,ALL,Defendant,77865
2004-08,ALL,Defendant,78386
2004-09,ALL,Defendant,78219
2004-10,ALL,Defendant,79047
2004-11,ALL,Defendant,79592
2004-12,ALL,Defendant,79948
2005-01,ALL,Defendant,79688
2005-02,ALL,Defendant,80171
2005-03,ALL,Defendant,78689
2005-04,ALL,Defendant,78307
2005-05,ALL,Defendant,78342
2005-06,ALL,Defendant,77367
2005-07,ALL,Defendant,77190
2005-08,ALL,Defendant,77054
2005-09,ALL,Defendant,76369
2005-10,ALL,Defendant,76875
2005-11,ALL,Defendant,77280
2005-12,ALL,Defendant,77459
2006-01,ALL,Defendant,77692
2006-02,ALL,Defendant,77614
2006-03,ALL,Defendant,76466
2006-04,ALL,Defendant,76305
2006-05,ALL,Defendant,75683
2006-06,ALL,Defendant,75405
2006-07,ALL,Defendant,75160
2006-08,ALL,Defendant,75318
2006-09,ALL,Defendant,75019
2006-10,ALL,Defendant,75361
2006-11,ALL,Defendant,75935
2006-12,ALL,Defendant,75998
2007-01,ALL,Defendant,76038
2007-02,ALL,Defendant,76278
2007-03,ALL,Defendant,75378
2007-04,ALL,Defendant,75341
2007-05,ALL,Defendant,75367
2007-06,ALL,Defendant,75175
2007-07,ALL,Defendant,75554
2007-08,ALL,Defendant,75953
2007-09,ALL,Defendant,75793
2007-10,ALL,Defendant,76422
2007-11,ALL,Defendant,77204
2007-12,ALL,Defendant,77974
2008-01,ALL,Defendant,79550
2008-02,ALL,Defendant,84507
2008-03,ALL,Defendant,88677
2008-04,ALL,Defendant,89690
2008-05,ALL,Defendant,88498
2008-06,ALL,Defendant,86818
2008-07,ALL,Defendant,86023
2008-08,ALL,Defendant,86628
2008-09,ALL,Defendant,85780
2008-10,ALL,Defendant,85144
2008-11,ALL,Defendant,85871
2008-12,ALL,Defendant,85607
2009-01,ALL,Defendant,86017
2009-02,ALL,Defendant,85579
2009-03,ALL,Defendant,84859
2009-04,ALL,Defendant,84731
2009-05,ALL,Defendant,85363
2009-06,ALL,Defendant,85567
2009-07,ALL,Defendant,85764
2009-08,ALL,Defendant,85993
2009-09,ALL,Defendant,85935
2009-10,ALL,Defendant,84271
2009-11,ALL,Defendant,85639
2009-12,ALL,Defendant,86850
2010-01,ALL,Defendant,87894
2010-02,ALL,Defendant,88628
2010-03,ALL,Defendant,87423
2010-04,ALL,Defendant,87786
2010-05,ALL,Defendant,88563
2010-06,ALL,Defendant,89484
2010-07,ALL,Defendant,90072
2010-08,ALL,Defendant,90463
2010-09,ALL,Defendant,90406
2010-10,ALL,Defendant,91731
2010-11,ALL,Defendant,92167
2010-12,ALL,Defendant,92663
2011-01,ALL,Defendant,93151
2011-02,ALL,Defendant,92470
2011-03,ALL,Defendant,87741
2011-04,ALL,Defendant,86537
2011-05,ALL,Defendant,85423
2011-06,ALL,Defendant,86202
2011-07,ALL,Defendant,87552
2011-08,ALL,Defendant,87935
2011-09,ALL,Defendant,88278
2011-10,ALL,Defendant,90954
2011-11,ALL,Defendant,93485
2011-12,ALL,Defendant,94737
2012-01,ALL,Defendant,95172
2012-02,ALL,Defendant,94857
2012-03,ALL,Defendant,94173
2012-04,ALL,Defendant,94986
2012-05,ALL,Defendant,96333
2012-06,ALL,Defendant,97061
2012-07,ALL,Defendant,98371
2012-08,ALL,Defendant,98736
2012-09,ALL,Defendant,98992
2012-10,ALL,Defendant,100947
2012-11,ALL,Defendant,101918
2012-12,ALL,Defendant,102911
2013-01,ALL,Defendant,103388
2013-02,ALL,Defendant,103350
2013-03,ALL,Defendant,103035
2013-04,ALL,Defendant,96297
2013-05,ALL,Defendant,97118
2013-06,ALL,Defendant,98078
2013-07,ALL,Defendant,98427
2013-08,ALL,Defendant,99009
2013-09,ALL,Defendant,98553
2013-10,ALL,Defendant,100588
2013-11,ALL,Defendant,100745
2013-12,ALL,Defendant,101130
2014-01,ALL,Defendant,101539
2014-02,ALL,Defendant,101165
2014-03,ALL,Defendant,99539
2014-04,ALL,Defendant,100269
2014-05,ALL,Defendant,100731
2014-06,ALL,Defendant,101195
2014-07,ALL,Defendant,101337
2014-08,ALL,Defendant,101423
2014-09,ALL,Defendant,100724
2014-10,ALL,Defendant,101917
2014-11,ALL,Defendant,106046
2014-12,ALL,Defendant,108787
2015-01,ALL,Defendant,110090
2015-02,ALL,Defendant,109514
2015-03,ALL,Defendant,107767
2015-04,ALL,Defendant,106521
2015-05,ALL,Defendant,106313
2015-06,ALL,Defendant,104855
2015-07,ALL,Defendant,103836
2015-08,ALL,Defendant,102812
2015-09,ALL,Defendant,96520
2015-10,ALL,Defendant,96463
2015-11,ALL,Defendant,96548
2015-12,ALL,Defendant,96579
2016-01,ALL,Defendant,96196
2016-02,ALL,Defendant,96114
2016-03,ALL,Defendant,94951
2016-04,ALL,Defendant,95624
2016-05,ALL,Defendant,97211
2016-06,ALL,Defendant,104755
2016-07,ALL,Defendant,104200
2016-08,ALL,Defendant,103563
2016-09,ALL,Defendant,102370
2016-10,ALL,Defendant,102530
2016-11,ALL,Defendant,102624
2016-12,ALL,Defendant,102607
2017-01,ALL,Defendant,101745
2017-02,ALL,Defendant,101232
2017-03,ALL,Defendant,97890
2017-04,ALL,Defendant,97010
2017-05,ALL,Defendant,96769
2017-06,ALL,Defendant,96216
2017-07,ALL,Defendant,95996
2017-08,ALL,Defendant,95442
2017-09,ALL,Defendant,93598
2017-10,ALL,Defendant,93936
2017-11,ALL,Defendant,93838
2017-12,ALL,Defendant,93265
2018-01,ALL,Defendant,93677
2018-02,ALL,Defendant,93209
2018-03,ALL,Defendant,91205
2018-04,ALL,Defendant,91488
2018-05,ALL,Defendant,91808
2018-06,ALL,Defendant,92135
2018-07,ALL,Defendant,91733
2018-08,ALL,Defendant,91377
2018-09,ALL,Defendant,89591
2018-10,ALL,Defendant,89619
2018-11,ALL,Defendant,89927
2018-12,ALL,Defendant,90721
2019-01,ALL,Defendant,92921
2019-02,ALL,Defendant,92695
2019-03,ALL,Defendant,76404
2019-04,ALL,Defendant,76698
2019-05,ALL,Defendant,76808
2019-06,ALL,Defendant,72975
2019-07,ALL,Defendant,72685
2019-08,ALL,Defendant,72349
2019-09,ALL,Defendant,70925
2019-10,ALL,Defendant,71093
2019-11,ALL,Defendant,72018
2019-12,ALL,Defendant,72308
2020-01,ALL,Defendant,71759
2020-02,ALL,Defendant,71297
2020-03,ALL,Defendant,69923
2020-04,ALL,Defendant,71682
2020-05,ALL,Defendant,73888
2020-06,ALL,Defendant,76290
2020-07,ALL,Defendant,77913
2020-08,ALL,Defendant,78790
2020-09,ALL,Defendant,79557
2020-10,ALL,Defendant,79846
2020-11,ALL,Defendant,80566
2020-12,ALL,Defendant,81575
2021-01,ALL,Defendant,81943
2021-02,ALL,Defendant,81647
2021-03,ALL,Defendant,80446
2021-04,ALL,Defendant,79912
2021-05,ALL,Defendant,79198
2021-06,ALL,Defendant,78602
2021-07,ALL,Defendant,77420
2021-08,ALL,Defendant,75374
2021-09,ALL,Defendant,72508
2021-10,ALL,Defendant,71243
2021-11,ALL,Defendant,70432
2021-12,ALL,Defendant,69372
2022-01,ALL,Defendant,68601
2022-02,ALL,Defendant,67884
2022-03,ALL,Defendant,66391
2022-04,ALL,Defendant,66135
2022-05,ALL,Defendant,65741
2022-06,ALL,Defendant,65553
2022-07,ALL,Defendant,65536
2022-08,ALL,Defendant,65175
2022-09,ALL,Defendant,63633
2022-10,ALL,Defendant,64383
2022-11,ALL,Defendant,64634
2022-12,ALL,Defendant,65520
2023-01,ALL,Defendant,65561
2023-02,ALL,Defendant,66133
2023-03,ALL,Defendant,65892
2023-04,ALL,Defendant,66229
2023-05,ALL,Defendant,66807
2023-06,ALL,Defendant,67262
2023-07,ALL,Defendant,67078
2023-08,ALL,Defendant,67028
2023-09,ALL,Defendant,65571
2023-10,ALL,Defendant,66265
2023-11,ALL,Defendant,69944
2023-12,ALL,Defendant,72060
2024-01,ALL,Defendant,73382
2024-02,ALL,Defendant,74124
2024-03,ALL,Defendant,73359
2024-04,ALL,Defendant,73840
2024-05,ALL,Defendant,74018
2024-06,ALL,Defendant,74090
2024-07,ALL,Defendant,74804
2024-08,ALL,Defendant,75401
2024-09,ALL,Defendant,75350
2024-10,ALL,Defendant,76487
2024-11,ALL,Defendant,77737
2024-12,ALL,Defendant,79089
2025-01,ALL,Defendant,80501
2025-02,ALL,Defendant,81232
2025-03,ALL,Defendant,80072
2025-04,ALL,Defendant,80719
2025-05,ALL,Defendant,81974
2025-06,ALL,Defendant,83542
2025-07,ALL,Defendant,85022
2025-08,ALL,Defendant,86610
2025-09,ALL,Defendant,88650
2025-10,ALL,Defendant,92913
2025-11,ALL,Defendant,97093
2025-12,ALL,Defendant,102158
2026-01,ALL,Defendant,108914
2026-02,ALL,Defendant,116173
2026-03,ALL,Defendant,122584
2026-04,ALL,Defendant,130534
2026-05,ALL,Defendant,137395
2026-06,ALL,Defendant,144354
2026-07,ALL,Defendant,148696
1994-10,Admiralty,Defendant,199
1994-11,Admiralty,Defendant,206
1994-12,Admiralty,Defendant,213
1995-01,Admiralty,Defendant,218
1995-02,Admiralty,Defendant,213
1995-03,Admiralty,Defendant,210
1995-04,Admiralty,Defendant,201
1995-05,Admiralty,Defendant,207
1995-06,Admiralty,Defendant,204
1995-07,Admiralty,Defendant,193
1995-08,Admiralty,Defendant,183
1995-09,Admiralty,Defendant,180
1995-10,Admiralty,Defendant,177
1995-11,Admiralty,Defendant,173
1995-12,Admiralty,Defendant,172
1996-01,Admiralty,Defendant,166
1996-02,Admiralty,Defendant,163
1996-03,Admiralty,Defendant,170
1996-04,Admiralty,Defendant,170
1996-05,Admiralty,Defendant,163
1996-06,Admiralty,Defendant,157
1996-07,Admiralty,Defendant,154
1996-08,Admiralty,Defendant,157
1996-09,Admiralty,Defendant,145
1996-10,Admiralty,Defendant,142
1996-11,Admiralty,Defendant,141
1996-12,Admiralty,Defendant,144
1997-01,Admiralty,Defendant,142
1997-02,Admiralty,Defendant,131
1997-03,Admiralty,Defendant,131
1997-04,Admiralty,Defendant,129
1997-05,Admiralty,Defendant,126
1997-06,Admiralty,Defendant,118
1997-07,Admiralty,Defendant,104
1997-08,Admiralty,Defendant,102
1997-09,Admiralty,Defendant,102
1997-10,Admiralty,Defendant,101
1997-11,Admiralty,Defendant,98
1997-12,Admiralty,Defendant,98
1998-01,Admiralty,Defendant,102
1998-02,Admiralty,Defendant,103
1998-03,Admiralty,Defendant,109
1998-04,Admiralty,Defendant,110
1998-05,Admiralty,Defendant,110
1998-06,Admiralty,Defendant,103
1998-07,Admiralty,Defendant,106
1998-08,Admiralty,Defendant,107
1998-09,Admiralty,Defendant,103
1998-10,Admiralty,Defendant,106
1998-11,Admiralty,Defendant,105
1998-12,Admiralty,Defendant,95
1999-01,Admiralty,Defendant,102
1999-02,Admiralty,Defendant,98
1999-03,Admiralty,Defendant,93
1999-04,Admiralty,Defendant,96
1999-05,Admiralty,Defendant,98
1999-06,Admiralty,Defendant,102
1999-07,Admiralty,Defendant,108
1999-08,Admiralty,Defendant,111
1999-09,Admiralty,Defendant,107
1999-10,Admiralty,Defendant,108
1999-11,Admiralty,Defendant,113
1999-12,Admiralty,Defendant,120
2000-01,Admiralty,Defendant,118
2000-02,Admiralty,Defendant,119
2000-03,Admiralty,Defendant,118
2000-04,Admiralty,Defendant,111
2000-05,Admiralty,Defendant,112
2000-06,Admiralty,Defendant,119
2000-07,Admiralty,Defendant,123
2000-08,Admiralty,Defendant,130
2000-09,Admiralty,Defendant,121
2000-10,Admiralty,Defendant,110
2000-11,Admiralty,Defendant,100
2000-12,Admiralty,Defendant,94
2001-01,Admiralty,Defendant,94
2001-02,Admiralty,Defendant,99
2001-03,Admiralty,Defendant,99
2001-04,Admiralty,Defendant,100
2001-05,Admiralty,Defendant,97
2001-06,Admiralty,Defendant,97
2001-07,Admiralty,Defendant,101
2001-08,Admiralty,Defendant,100
2001-09,Admiralty,Defendant,95
2001-10,Admiralty,Defendant,92
2001-11,Admiralty,Defendant,95
2001-12,Admiralty,Defendant,95
2002-01,Admiralty,Defendant,93
2002-02,Admiralty,Defendant,91
2002-03,Admiralty,Defendant,90
2002-04,Admiralty,Defendant,93
2002-05,Admiralty,Defendant,88
2002-06,Admiralty,Defendant,87
2002-07,Admiralty,Defendant,79
2002-08,Admiralty,Defendant,78
2002-09,Admiralty,Defendant,73
2002-10,Admiralty,Defendant,72
2002-11,Admiralty,Defendant,72
2002-12,Admiralty,Defendant,73
2003-01,Admiralty,Defendant,72
2003-02,Admiralty,Defendant,69
2003-03,Admiralty,Defendant,69
2003-04,Admiralty,Defendant,72
2003-05,Admiralty,Defendant,72
2003-06,Admiralty,Defendant,71
2003-07,Admiralty,Defendant,71
2003-08,Admiralty,Defendant,75
2003-09,Admiralty,Defendant,72
2003-10,Admiralty,Defendant,77
2003-11,Admiralty,Defendant,72
2003-12,Admiralty,Defendant,69
2004-01,Admiralty,Defendant,80
2004-02,Admiralty,Defendant,79
2004-03,Admiralty,Defendant,80
2004-04,Admiralty,Defendant,80
2004-05,Admiralty,Defendant,75
2004-06,Admiralty,Defendant,74
2004-07,Admiralty,Defendant,74
2004-08,Admiralty,Defendant,73
2004-09,Admiralty,Defendant,72
2004-10,Admiralty,Defendant,73
2004-11,Admiralty,Defendant,73
2004-12,Admiralty,Defendant,73
2005-01,Admiralty,Defendant,68
2005-02,Admiralty,Defendant,67
2005-03,Admiralty,Defendant,66
2005-04,Admiralty,Defendant,65
2005-05,Admiralty,Defendant,70
2005-06,Admiralty,Defendant,71
2005-07,Admiralty,Defendant,72
2005-08,Admiralty,Defendant,72
2005-09,Admiralty,Defendant,76
2005-10,Admiralty,Defendant,81
2005-11,Admiralty,Defendant,79
2005-12,Admiralty,Defendant,81
2006-01,Admiralty,Defendant,79
2006-02,Admiralty,Defendant,77
2006-03,Admiralty,Defendant,76
2006-04,Admiralty,Defendant,73
2006-05,Admiralty,Defendant,76
2006-06,Admiralty,Defendant,73
2006-07,Admiralty,Defendant,71
2006-08,Admiralty,Defendant,75
2006-09,Admiralty,Defendant,73
2006-10,Admiralty,Defendant,74
2006-11,Admiralty,Defendant,72
2006-12,Admiralty,Defendant,70
2007-01,Admiralty,Defendant,66
2007-02,Admiralty,Defendant,67
2007-03,Admiralty,Defendant,72
2007-04,Admiralty,Defendant,70
2007-05,Admiralty,Defendant,70
2007-06,Admiralty,Defendant,71
2007-07,Admiralty,Defendant,73
2007-08,Admiralty,Defendant,72
2007-09,Admiralty,Defendant,72
2007-10,Admiralty,Defendant,69
2007-11,Admiralty,Defendant,68
2007-12,Admiralty,Defendant,65
2008-01,Admiralty,Defendant,63
2008-02,Admiralty,Defendant,61
2008-03,Admiralty,Defendant,62
2008-04,Admiralty,Defendant,58
2008-05,Admiralty,Defendant,55
2008-06,Admiralty,Defendant,50
2008-07,Admiralty,Defendant,47
2008-08,Admiralty,Defendant,49
2008-09,Admiralty,Defendant,47
2008-10,Admiralty,Defendant,45
2008-11,Admiralty,Defendant,42
2008-12,Admiralty,Defendant,41
2009-01,Admiralty,Defendant,39
2009-02,Admiralty,Defendant,35
2009-03,Admiralty,Defendant,36
2009-04,Admiralty,Defendant,36
2009-05,Admiralty,Defendant,36
2009-06,Admiralty,Defendant,34
2009-07,Admiralty,Defendant,33
2009-08,Admiralty,Defendant,34
2009-09,Admiralty,Defendant,32
2009-10,Admiralty,Defendant,33
2009-11,Admiralty,Defendant,34
2009-12,Admiralty,Defendant,34
2010-01,Admiralty,Defendant,34
2010-02,Admiralty,Defendant,36
2010-03,Admiralty,Defendant,35
2010-04,Admiralty,Defendant,36
2010-05,Admiralty,Defendant,37
2010-06,Admiralty,Defendant,38
2010-07,Admiralty,Defendant,38
2010-08,Admiralty,Defendant,35
2010-09,Admiralty,Defendant,34
2010-10,Admiralty,Defendant,31
2010-11,Admiralty,Defendant,34
2010-12,Admiralty,Defendant,37
2011-01,Admiralty,Defendant,37
2011-02,Admiralty,Defendant,35
2011-03,Admiralty,Defendant,34
2011-04,Admiralty,Defendant,36
2011-05,Admiralty,Defendant,39
2011-06,Admiralty,Defendant,39
2011-07,Admiralty,Defendant,38
2011-08,Admiralty,Defendant,37
2011-09,Admiralty,Defendant,41
2011-10,Admiralty,Defendant,43
2011-11,Admiralty,Defendant,42
2011-12,Admiralty,Defendant,40
2012-01,Admiralty,Defendant,41
2012-02,Admiralty,Defendant,41
2012-03,Admiralty,Defendant,41
2012-04,Admiralty,Defendant,40
2012-05,Admiralty,Defendant,38
2012-06,Admiralty,Defendant,34
2012-07,Admiralty,Defendant,36
2012-08,Admiralty,Defendant,34
2012-09,Admiralty,Defendant,35
2012-10,Admiralty,Defendant,36
2012-11,Admiralty,Defendant,36
2012-12,Admiralty,Defendant,40
2013-01,Admiralty,Defendant,39
2013-02,Admiralty,Defendant,38
2013-03,Admiralty,Defendant,39
2013-04,Admiralty,Defendant,38
2013-05,Admiralty,Defendant,36
2013-06,Admiralty,Defendant,38
2013-07,Admiralty,Defendant,38
2013-08,Admiralty,Defendant,38
2013-09,Admiralty,Defendant,37
2013-10,Admiralty,Defendant,37
2013-11,Admiralty,Defendant,36
2013-12,Admiralty,Defendant,40
2014-01,Admiralty,Defendant,41
2014-02,Admiralty,Defendant,39
2014-03,Admiralty,Defendant,38
2014-04,Admiralty,Defendant,35
2014-05,Admiralty,Defendant,32
2014-06,Admiralty,Defendant,30
2014-07,Admiralty,Defendant,28
2014-08,Admiralty,Defendant,26
2014-09,Admiralty,Defendant,29
2014-10,Admiralty,Defendant,23
2014-11,Admiralty,Defendant,28
2014-12,Admiralty,Defendant,29
2015-01,Admiralty,Defendant,29
2015-02,Admiralty,Defendant,27
2015-03,Admiralty,Defendant,28
2015-04,Admiralty,Defendant,27
2015-05,Admiralty,Defendant,27
2015-06,Admiralty,Defendant,26
2015-07,Admiralty,Defendant,26
2015-08,Admiralty,Defendant,28
2015-09,Admiralty,Defendant,29
2015-10,Admiralty,Defendant,30
2015-11,Admiralty,Defendant,27
2015-12,Admiralty,Defendant,24
2016-01,Admiralty,Defendant,23
2016-02,Admiralty,Defendant,24
2016-03,Admiralty,Defendant,23
2016-04,Admiralty,Defendant,23
2016-05,Admiralty,Defendant,22
2016-06,Admiralty,Defendant,23
2016-07,Admiralty,Defendant,23
2016-08,Admiralty,Defendant,24
2016-09,Admiralty,Defendant,23
2016-10,Admiralty,Defendant,20
2016-11,Admiralty,Defendant,18
2016-12,Admiralty,Defendant,17
2017-01,Admiralty,Defendant,19
2017-02,Admiralty,Defendant,18
2017-03,Admiralty,Defendant,21
2017-04,Admiralty,Defendant,21
2017-05,Admiralty,Defendant,20
2017-06,Admiralty,Defendant,21
2017-07,Admiralty,Defendant,24
2017-08,Admiralty,Defendant,24
2017-09,Admiralty,Defendant,24
2017-10,Admiralty,Defendant,22
2017-11,Admiralty,Defendant,22
2017-12,Admiralty,Defendant,22
2018-01,Admiralty,Defendant,23
2018-02,Admiralty,Defendant,21
2018-03,Admiralty,Defendant,22
2018-04,Admiralty,Defendant,22
2018-05,Admiralty,Defendant,19
2018-06,Admiralty,Defendant,18
2018-07,Admiralty,Defendant,15
2018-08,Admiralty,Defendant,13
2018-09,Admiralty,Defendant,11
2018-10,Admiralty,Defendant,12
2018-11,Admiralty,Defendant,12
2018-12,Admiralty,Defendant,13
2019-01,Admiralty,Defendant,13
2019-02,Admiralty,Defendant,13
2019-03,Admiralty,Defendant,12
2019-04,Admiralty,Defendant,11
2019-05,Admiralty,Defendant,13
2019-06,Admiralty,Defendant,14
2019-07,Admiralty,Defendant,15
2019-08,Admiralty,Defendant,16
2019-09,Admiralty,Defendant,20
2019-10,Admiralty,Defendant,18
2019-11,Admiralty,Defendant,19
2019-12,Admiralty,Defendant,18
2020-01,Admiralty,Defendant,18
2020-02,Admiralty,Defendant,17
2020-03,Admiralty,Defendant,22
2020-04,Admiralty,Defendant,22
2020-05,Admiralty,Defendant,23
2020-06,Admiralty,Defendant,21
2020-07,Admiralty,Defendant,22
2020-08,Admiralty,Defendant,23
2020-09,Admiralty,Defendant,27
2020-10,Admiralty,Defendant,27
2020-11,Admiralty,Defendant,27
2020-12,Admiralty,Defendant,27
2021-01,Admiralty,Defendant,27
2021-02,Admiralty,Defendant,27
2021-03,Admiralty,Defendant,21
2021-04,Admiralty,Defendant,23
2021-05,Admiralty,Defendant,23
2021-06,Admiralty,Defendant,24
2021-07,Admiralty,Defendant,22
2021-08,Admiralty,Defendant,19
2021-09,Admiralty,Defendant,23
2021-10,Admiralty,Defendant,23
2021-11,Admiralty,Defendant,21
2021-12,Admiralty,Defendant,23
2022-01,Admiralty,Defendant,24
2022-02,Admiralty,Defendant,22
2022-03,Admiralty,Defendant,21
2022-04,Admiralty,Defendant,22
2022-05,Admiralty,Defendant,20
2022-06,Admiralty,Defendant,19
2022-07,Admiralty,Defendant,21
2022-08,Admiralty,Defendant,21
2022-09,Admiralty,Defendant,20
2022-10,Admiralty,Defendant,24
2022-11,Admiralty,Defendant,24
2022-12,Admiralty,Defendant,25
2023-01,Admiralty,Defendant,24
2023-02,Admiralty,Defendant,22
2023-03,Admiralty,Defendant,22
2023-04,Admiralty,Defendant,21
2023-05,Admiralty,Defendant,21
2023-06,Admiralty,Defendant,23
2023-07,Admiralty,Defendant,24
2023-08,Admiralty,Defendant,24
2023-09,Admiralty,Defendant,24
2023-10,Admiralty,Defendant,24
2023-11,Admiralty,Defendant,23
2023-12,Admiralty,Defendant,24
2024-01,Admiralty,Defendant,26
2024-02,Admiralty,Defendant,21
2024-03,Admiralty,Defendant,20
2024-04,Admiralty,Defendant,20
2024-05,Admiralty,Defendant,21
2024-06,Admiralty,Defendant,18
2024-07,Admiralty,Defendant,19
2024-08,Admiralty,Defendant,20
2024-09,Admiralty,Defendant,21
2024-10,Admiralty,Defendant,23
2024-11,Admiralty,Defendant,22
2024-12,Admiralty,Defendant,22
2025-01,Admiralty,Defendant,23
2025-02,Admiralty,Defendant,20
2025-03,Admiralty,Defendant,22
2025-04,Admiralty,Defendant,23
2025-05,Admiralty,Defendant,20
2025-06,Admiralty,Defendant,20
2025-07,Admiralty,Defendant,19
2025-08,Admiralty,Defendant,19
2025-09,Admiralty,Defendant,19
2025-10,Admiralty,Defendant,20
2025-11,Admiralty,Defendant,21
2025-12,Admiralty,Defendant,21
2026-01,Admiralty,Defendant,20
2026-02,Admiralty,Defendant,19
2026-03,Admiralty,Defendant,20
2026-04,Admiralty,Defendant,23
2026-05,Admiralty,Defendant,24
2026-06,Admiralty,Defendant,22
2026-07,Admiralty,Defendant,23
1994-10,Asset Forfeiture,Defendant,24
1994-11,Asset Forfeiture,Defendant,23
1994-12,Asset Forfeiture,Defendant,23
1995-01,Asset Forfeiture,Defendant,23
1995-02,Asset Forfeiture,Defendant,22
1995-03,Asset Forfeiture,Defendant,22
1995-04,Asset Forfeiture,Defendant,22
1995-05,Asset Forfeiture,Defendant,22
1995-06,Asset Forfeiture,Defendant,22
1995-07,Asset Forfeiture,Defendant,23
1995-08,Asset Forfeiture,Defendant,23
1995-09,Asset Forfeiture,Defendant,24
1995-10,Asset Forfeiture,Defendant,24
1995-11,Asset Forfeiture,Defendant,25
1995-12,Asset Forfeiture,Defendant,25
1996-01,Asset Forfeiture,Defendant,26
1996-02,Asset Forfeiture,Defendant,26
1996-03,Asset Forfeiture,Defendant,27
1996-04,Asset Forfeiture,Defendant,28
1996-05,Asset Forfeiture,Defendant,29
1996-06,Asset Forfeiture,Defendant,29
1996-07,Asset Forfeiture,Defendant,31
1996-08,Asset Forfeiture,Defendant,31
1996-09,Asset Forfeiture,Defendant,34
1996-10,Asset Forfeiture,Defendant,36
1996-11,Asset Forfeiture,Defendant,36
1996-12,Asset Forfeiture,Defendant,36
1997-01,Asset Forfeiture,Defendant,35
1997-02,Asset Forfeiture,Defendant,32
1997-03,Asset Forfeiture,Defendant,32
1997-04,Asset Forfeiture,Defendant,32
1997-05,Asset Forfeiture,Defendant,33
1997-06,Asset Forfeiture,Defendant,34
1997-07,Asset Forfeiture,Defendant,36
1997-08,Asset Forfeiture,Defendant,35
1997-09,Asset Forfeiture,Defendant,35
1997-10,Asset Forfeiture,Defendant,38
1997-11,Asset Forfeiture,Defendant,37
1997-12,Asset Forfeiture,Defendant,39
1998-01,Asset Forfeiture,Defendant,39
1998-02,Asset Forfeiture,Defendant,43
1998-03,Asset Forfeiture,Defendant,44
1998-04,Asset Forfeiture,Defendant,47
1998-05,Asset Forfeiture,Defendant,48
1998-06,Asset Forfeiture,Defendant,48
1998-07,Asset Forfeiture,Defendant,49
1998-08,Asset Forfeiture,Defendant,53
1998-09,Asset Forfeiture,Defendant,56
1998-10,Asset Forfeiture,Defendant,61
1998-11,Asset Forfeiture,Defendant,64
1998-12,Asset Forfeiture,Defendant,67
1999-01,Asset Forfeiture,Defendant,67
1999-02,Asset Forfeiture,Defendant,76
1999-03,Asset Forfeiture,Defendant,98
1999-04,Asset Forfeiture,Defendant,111
1999-05,Asset Forfeiture,Defendant,112
1999-06,Asset Forfeiture,Defendant,121
1999-07,Asset Forfeiture,Defendant,137
1999-08,Asset Forfeiture,Defendant,143
1999-09,Asset Forfeiture,Defendant,148
1999-10,Asset Forfeiture,Defendant,149
1999-11,Asset Forfeiture,Defendant,145
1999-12,Asset Forfeiture,Defendant,135
2000-01,Asset Forfeiture,Defendant,135
2000-02,Asset Forfeiture,Defendant,132
2000-03,Asset Forfeiture,Defendant,124
2000-04,Asset Forfeiture,Defendant,119
2000-05,Asset Forfeiture,Defendant,118
2000-06,Asset Forfeiture,Defendant,123
2000-07,Asset Forfeiture,Defendant,122
2000-08,Asset Forfeiture,Defendant,121
2000-09,Asset Forfeiture,Defendant,109
2000-10,Asset Forfeiture,Defendant,108
2000-11,Asset Forfeiture,Defendant,111
2000-12,Asset Forfeiture,Defendant,85
2001-01,Asset Forfeiture,Defendant,91
2001-02,Asset Forfeiture,Defendant,88
2001-03,Asset Forfeiture,Defendant,91
2001-04,Asset Forfeiture,Defendant,92
2001-05,Asset Forfeiture,Defendant,95
2001-06,Asset Forfeiture,Defendant,94
2001-07,Asset Forfeiture,Defendant,93
2001-08,Asset Forfeiture,Defendant,88
2001-09,Asset Forfeiture,Defendant,83
2001-10,Asset Forfeiture,Defendant,80
2001-11,Asset Forfeiture,Defendant,81
2001-12,Asset Forfeiture,Defendant,82
2002-01,Asset Forfeiture,Defendant,87
2002-02,Asset Forfeiture,Defendant,83
2002-03,Asset Forfeiture,Defendant,80
2002-04,Asset Forfeiture,Defendant,75
2002-05,Asset Forfeiture,Defendant,69
2002-06,Asset Forfeiture,Defendant,62
2002-07,Asset Forfeiture,Defendant,63
2002-08,Asset Forfeiture,Defendant,62
2002-09,Asset Forfeiture,Defendant,57
2002-10,Asset Forfeiture,Defendant,59
2002-11,Asset Forfeiture,Defendant,59
2002-12,Asset Forfeiture,Defendant,56
2003-01,Asset Forfeiture,Defendant,58
2003-02,Asset Forfeiture,Defendant,56
2003-03,Asset Forfeiture,Defendant,58
2003-04,Asset Forfeiture,Defendant,60
2003-05,Asset Forfeiture,Defendant,61
2003-06,Asset Forfeiture,Defendant,59
2003-07,Asset Forfeiture,Defendant,63
2003-08,Asset Forfeiture,Defendant,66
2003-09,Asset Forfeiture,Defendant,66
2003-10,Asset Forfeiture,Defendant,63
2003-11,Asset Forfeiture,Defendant,73
2003-12,Asset Forfeiture,Defendant,69
2004-01,Asset Forfeiture,Defendant,66
2004-02,Asset Forfeiture,Defendant,68
2004-03,Asset Forfeiture,Defendant,73
2004-04,Asset Forfeiture,Defendant,73
2004-05,Asset Forfeiture,Defendant,77
2004-06,Asset Forfeiture,Defendant,76
2004-07,Asset Forfeiture,Defendant,77
2004-08,Asset Forfeiture,Defendant,70
2004-09,Asset Forfeiture,Defendant,67
2004-10,Asset Forfeiture,Defendant,66
2004-11,Asset Forfeiture,Defendant,61
2004-12,Asset Forfeiture,Defendant,61
2005-01,Asset Forfeiture,Defendant,63
2005-02,Asset Forfeiture,Defendant,61
2005-03,Asset Forfeiture,Defendant,61
2005-04,Asset Forfeiture,Defendant,59
2005-05,Asset Forfeiture,Defendant,60
2005-06,Asset Forfeiture,Defendant,64
2005-07,Asset Forfeiture,Defendant,73
2005-08,Asset Forfeiture,Defendant,72
2005-09,Asset Forfeiture,Defendant,68
2005-10,Asset Forfeiture,Defendant,73
2005-11,Asset Forfeiture,Defendant,75
2005-12,Asset Forfeiture,Defendant,75
2006-01,Asset Forfeiture,Defendant,74
2006-02,Asset Forfeiture,Defendant,65
2006-03,Asset Forfeiture,Defendant,59
2006-04,Asset Forfeiture,Defendant,59
2006-05,Asset Forfeiture,Defendant,60
2006-06,Asset Forfeiture,Defendant,66
2006-07,Asset Forfeiture,Defendant,61
2006-08,Asset Forfeiture,Defendant,59
2006-09,Asset Forfeiture,Defendant,57
2006-10,Asset Forfeiture,Defendant,58
2006-11,Asset Forfeiture,Defendant,60
2006-12,Asset Forfeiture,Defendant,62
2007-01,Asset Forfeiture,Defendant,63
2007-02,Asset Forfeiture,Defendant,64
2007-03,Asset Forfeiture,Defendant,60
2007-04,Asset Forfeiture,Defendant,59
2007-05,Asset Forfeiture,Defendant,60
2007-06,Asset Forfeiture,Defendant,66
2007-07,Asset Forfeiture,Defendant,67
2007-08,Asset Forfeiture,Defendant,63
2007-09,Asset Forfeiture,Defendant,61
2007-10,Asset Forfeiture,Defendant,63
2007-11,Asset Forfeiture,Defendant,65
2007-12,Asset Forfeiture,Defendant,68
2008-01,Asset Forfeiture,Defendant,71
2008-02,Asset Forfeiture,Defendant,76
2008-03,Asset Forfeiture,Defendant,73
2008-04,Asset Forfeiture,Defendant,71
2008-05,Asset Forfeiture,Defendant,71
2008-06,Asset Forfeiture,Defendant,72
2008-07,Asset Forfeiture,Defendant,70
2008-08,Asset Forfeiture,Defendant,69
2008-09,Asset Forfeiture,Defendant,64
2008-10,Asset Forfeiture,Defendant,64
2008-11,Asset Forfeiture,Defendant,63
2008-12,Asset Forfeiture,Defendant,57
2009-01,Asset Forfeiture,Defendant,59
2009-02,Asset Forfeiture,Defendant,58
2009-03,Asset Forfeiture,Defendant,56
2009-04,Asset Forfeiture,Defendant,55
2009-05,Asset Forfeiture,Defendant,53
2009-06,Asset Forfeiture,Defendant,54
2009-07,Asset Forfeiture,Defendant,54
2009-08,Asset Forfeiture,Defendant,58
2009-09,Asset Forfeiture,Defendant,55
2009-10,Asset Forfeiture,Defendant,52
2009-11,Asset Forfeiture,Defendant,53
2009-12,Asset Forfeiture,Defendant,56
2010-01,Asset Forfeiture,Defendant,57
2010-02,Asset Forfeiture,Defendant,56
2010-03,Asset Forfeiture,Defendant,55
2010-04,Asset Forfeiture,Defendant,52
2010-05,Asset Forfeiture,Defendant,46
2010-06,Asset Forfeiture,Defendant,42
2010-07,Asset Forfeiture,Defendant,39
2010-08,Asset Forfeiture,Defendant,42
2010-09,Asset Forfeiture,Defendant,43
2010-10,Asset Forfeiture,Defendant,42
2010-11,Asset Forfeiture,Defendant,46
2010-12,Asset Forfeiture,Defendant,48
2011-01,Asset Forfeiture,Defendant,49
2011-02,Asset Forfeiture,Defendant,53
2011-03,Asset Forfeiture,Defendant,50
2011-04,Asset Forfeiture,Defendant,48
2011-05,Asset Forfeiture,Defendant,48
2011-06,Asset Forfeiture,Defendant,50
2011-07,Asset Forfeiture,Defendant,48
2011-08,Asset Forfeiture,Defendant,44
2011-09,Asset Forfeiture,Defendant,42
2011-10,Asset Forfeiture,Defendant,43
2011-11,Asset Forfeiture,Defendant,49
2011-12,Asset Forfeiture,Defendant,44
2012-01,Asset Forfeiture,Defendant,45
2012-02,Asset Forfeiture,Defendant,45
2012-03,Asset Forfeiture,Defendant,47
2012-04,Asset Forfeiture,Defendant,50
2012-05,Asset Forfeiture,Defendant,46
2012-06,Asset Forfeiture,Defendant,49
2012-07,Asset Forfeiture,Defendant,49
2012-08,Asset Forfeiture,Defendant,47
2012-09,Asset Forfeiture,Defendant,41
2012-10,Asset Forfeiture,Defendant,47
2012-11,Asset Forfeiture,Defendant,53
2012-12,Asset Forfeiture,Defendant,52
2013-01,Asset Forfeiture,Defendant,51
2013-02,Asset Forfeiture,Defendant,50
2013-03,Asset Forfeiture,Defendant,50
2013-04,Asset Forfeiture,Defendant,50
2013-05,Asset Forfeiture,Defendant,47
2013-06,Asset Forfeiture,Defendant,49
2013-07,Asset Forfeiture,Defendant,47
2013-08,Asset Forfeiture,Defendant,44
2013-09,Asset Forfeiture,Defendant,46
2013-10,Asset Forfeiture,Defendant,44
2013-11,Asset Forfeiture,Defendant,51
2013-12,Asset Forfeiture,Defendant,45
2014-01,Asset Forfeiture,Defendant,47
2014-02,Asset Forfeiture,Defendant,48
2014-03,Asset Forfeiture,Defendant,52
2014-04,Asset Forfeiture,Defendant,54
2014-05,Asset Forfeiture,Defendant,54
2014-06,Asset Forfeiture,Defendant,53
2014-07,Asset Forfeiture,Defendant,60
2014-08,Asset Forfeiture,Defendant,68
2014-09,Asset Forfeiture,Defendant,62
2014-10,Asset Forfeiture,Defendant,56
2014-11,Asset Forfeiture,Defendant,56
2014-12,Asset Forfeiture,Defendant,55
2015-01,Asset Forfeiture,Defendant,51
2015-02,Asset Forfeiture,Defendant,51
2015-03,Asset Forfeiture,Defendant,52
2015-04,Asset Forfeiture,Defendant,56
2015-05,Asset Forfeiture,Defendant,47
2015-06,Asset Forfeiture,Defendant,51
2015-07,Asset Forfeiture,Defendant,52
2015-08,Asset Forfeiture,Defendant,51
2015-09,Asset Forfeiture,Defendant,50
2015-10,Asset Forfeiture,Defendant,48
2015-11,Asset Forfeiture,Defendant,45
2015-12,Asset Forfeiture,Defendant,43
2016-01,Asset Forfeiture,Defendant,46
2016-02,Asset Forfeiture,Defendant,45
2016-03,Asset Forfeiture,Defendant,42
2016-04,Asset Forfeiture,Defendant,42
2016-05,Asset Forfeiture,Defendant,41
2016-06,Asset Forfeiture,Defendant,39
2016-07,Asset Forfeiture,Defendant,39
2016-08,Asset Forfeiture,Defendant,40
2016-09,Asset Forfeiture,Defendant,33
2016-10,Asset Forfeiture,Defendant,32
2016-11,Asset Forfeiture,Defendant,33
2016-12,Asset Forfeiture,Defendant,36
2017-01,Asset Forfeiture,Defendant,36
2017-02,Asset Forfeiture,Defendant,36
2017-03,Asset Forfeiture,Defendant,35
2017-04,Asset Forfeiture,Defendant,34
2017-05,Asset Forfeiture,Defendant,33
2017-06,Asset Forfeiture,Defendant,26
2017-07,Asset Forfeiture,Defendant,27
2017-08,Asset Forfeiture,Defendant,30
2017-09,Asset Forfeiture,Defendant,29
2017-10,Asset Forfeiture,Defendant,30
2017-11,Asset Forfeiture,Defendant,34
2017-12,Asset Forfeiture,Defendant,39
2018-01,Asset Forfeiture,Defendant,38
2018-02,Asset Forfeiture,Defendant,41
2018-03,Asset Forfeiture,Defendant,42
2018-04,Asset Forfeiture,Defendant,39
2018-05,Asset Forfeiture,Defendant,36
2018-06,Asset Forfeiture,Defendant,38
2018-07,Asset Forfeiture,Defendant,39
2018-08,Asset Forfeiture,Defendant,41
2018-09,Asset Forfeiture,Defendant,41
2018-10,Asset Forfeiture,Defendant,40
2018-11,Asset Forfeiture,Defendant,39
2018-12,Asset Forfeiture,Defendant,39
2019-01,Asset Forfeiture,Defendant,39
2019-02,Asset Forfeiture,Defendant,37
2019-03,Asset Forfeiture,Defendant,32
2019-04,Asset Forfeiture,Defendant,34
2019-05,Asset Forfeiture,Defendant,36
2019-06,Asset Forfeiture,Defendant,40
2019-07,Asset Forfeiture,Defendant,40
2019-08,Asset Forfeiture,Defendant,37
2019-09,Asset Forfeiture,Defendant,38
2019-10,Asset Forfeiture,Defendant,41
2019-11,Asset Forfeiture,Defendant,42
2019-12,Asset Forfeiture,Defendant,42
2020-01,Asset Forfeiture,Defendant,43
2020-02,Asset Forfeiture,Defendant,39
2020-03,Asset Forfeiture,Defendant,39
2020-04,Asset Forfeiture,Defendant,38
2020-05,Asset Forfeiture,Defendant,41
2020-06,Asset Forfeiture,Defendant,45
2020-07,Asset Forfeiture,Defendant,47
2020-08,Asset Forfeiture,Defendant,44
2020-09,Asset Forfeiture,Defendant,43
2020-10,Asset Forfeiture,Defendant,41
2020-11,Asset Forfeiture,Defendant,40
2020-12,Asset Forfeiture,Defendant,43
2021-01,Asset Forfeiture,Defendant,46
2021-02,Asset Forfeiture,Defendant,46
2021-03,Asset Forfeiture,Defendant,42
2021-04,Asset Forfeiture,Defendant,49
2021-05,Asset Forfeiture,Defendant,50
2021-06,Asset Forfeiture,Defendant,51
2021-07,Asset Forfeiture,Defendant,52
2021-08,Asset Forfeiture,Defendant,49
2021-09,Asset Forfeiture,Defendant,39
2021-10,Asset Forfeiture,Defendant,43
2021-11,Asset Forfeiture,Defendant,44
2021-12,Asset Forfeiture,Defendant,48
2022-01,Asset Forfeiture,Defendant,47
2022-02,Asset Forfeiture,Defendant,45
2022-03,Asset Forfeiture,Defendant,45
2022-04,Asset Forfeiture,Defendant,45
2022-05,Asset Forfeiture,Defendant,44
2022-06,Asset Forfeiture,Defendant,44
2022-07,Asset Forfeiture,Defendant,44
2022-08,Asset Forfeiture,Defendant,39
2022-09,Asset Forfeiture,Defendant,38
2022-10,Asset Forfeiture,Defendant,37
2022-11,Asset Forfeiture,Defendant,37
2022-12,Asset Forfeiture,Defendant,36
2023-01,Asset Forfeiture,Defendant,37
2023-02,Asset Forfeiture,Defendant,36
2023-03,Asset Forfeiture,Defendant,37
2023-04,Asset Forfeiture,Defendant,34
2023-05,Asset Forfeiture,Defendant,34
2023-06,Asset Forfeiture,Defendant,34
2023-07,Asset Forfeiture,Defendant,35
2023-08,Asset Forfeiture,Defendant,35
2023-09,Asset Forfeiture,Defendant,30
2023-10,Asset Forfeiture,Defendant,32
2023-11,Asset Forfeiture,Defendant,30
2023-12,Asset Forfeiture,Defendant,29
2024-01,Asset Forfeiture,Defendant,30
2024-02,Asset Forfeiture,Defendant,28
2024-03,Asset Forfeiture,Defendant,27
2024-04,Asset Forfeiture,Defendant,26
2024-05,Asset Forfeiture,Defendant,28
2024-06,Asset Forfeiture,Defendant,30
2024-07,Asset Forfeiture,Defendant,34
2024-08,Asset Forfeiture,Defendant,32
2024-09,Asset Forfeiture,Defendant,31
2024-10,Asset Forfeiture,Defendant,31
2024-11,Asset Forfeiture,Defendant,30
2024-12,Asset Forfeiture,Defendant,31
2025-01,Asset Forfeiture,Defendant,32
2025-02,Asset Forfeiture,Defendant,34
2025-03,Asset Forfeiture,Defendant,29
2025-04,Asset Forfeiture,Defendant,29
2025-05,Asset Forfeiture,Defendant,28
2025-06,Asset Forfeiture,Defendant,26
2025-07,Asset Forfeiture,Defendant,29
2025-08,Asset Forfeiture,Defendant,29
2025-09,Asset Forfeiture,Defendant,27
2025-10,Asset Forfeiture,Defendant,28
2025-11,Asset Forfeiture,Defendant,30
2025-12,Asset Forfeiture,Defendant,31
2026-01,Asset Forfeiture,Defendant,31
2026-02,Asset Forfeiture,Defendant,31
2026-03,Asset Forfeiture,Defendant,33
2026-04,Asset Forfeiture,Defendant,34
2026-05,Asset Forfeiture,Defendant,33
2026-06,Asset Forfeiture,Defendant,33
2026-07,Asset Forfeiture,Defendant,32
1994-10,Bankruptcy,Defendant,129
1994-11,Bankruptcy,Defendant,133
1994-12,Bankruptcy,Defendant,146
1995-01,Bankruptcy,Defendant,151
1995-02,Bankruptcy,Defendant,154
1995-03,Bankruptcy,Defendant,162
1995-04,Bankruptcy,Defendant,166
1995-05,Bankruptcy,Defendant,168
1995-06,Bankruptcy,Defendant,177
1995-07,Bankruptcy,Defendant,184
1995-08,Bankruptcy,Defendant,192
1995-09,Bankruptcy,Defendant,198
1995-10,Bankruptcy,Defendant,205
1995-11,Bankruptcy,Defendant,211
1995-12,Bankruptcy,Defendant,208
1996-01,Bankruptcy,Defendant,216
1996-02,Bankruptcy,Defendant,218
1996-03,Bankruptcy,Defendant,232
1996-04,Bankruptcy,Defendant,248
1996-05,Bankruptcy,Defendant,263
1996-06,Bankruptcy,Defendant,276
1996-07,Bankruptcy,Defendant,292
1996-08,Bankruptcy,Defendant,303
1996-09,Bankruptcy,Defendant,314
1996-10,Bankruptcy,Defendant,331
1996-11,Bankruptcy,Defendant,346
1996-12,Bankruptcy,Defendant,359
1997-01,Bankruptcy,Defendant,372
1997-02,Bankruptcy,Defendant,396
1997-03,Bankruptcy,Defendant,415
1997-04,Bankruptcy,Defendant,442
1997-05,Bankruptcy,Defendant,489
1997-06,Bankruptcy,Defendant,515
1997-07,Bankruptcy,Defendant,543
1997-08,Bankruptcy,Defendant,567
1997-09,Bankruptcy,Defendant,607
1997-10,Bankruptcy,Defendant,620
1997-11,Bankruptcy,Defendant,614
1997-12,Bankruptcy,Defendant,606
1998-01,Bankruptcy,Defendant,605
1998-02,Bankruptcy,Defendant,600
1998-03,Bankruptcy,Defendant,647
1998-04,Bankruptcy,Defendant,672
1998-05,Bankruptcy,Defendant,644
1998-06,Bankruptcy,Defendant,669
1998-07,Bankruptcy,Defendant,673
1998-08,Bankruptcy,Defendant,700
1998-09,Bankruptcy,Defendant,714
1998-10,Bankruptcy,Defendant,750
1998-11,Bankruptcy,Defendant,769
1998-12,Bankruptcy,Defendant,799
1999-01,Bankruptcy,Defendant,844
1999-02,Bankruptcy,Defendant,892
1999-03,Bankruptcy,Defendant,966
1999-04,Bankruptcy,Defendant,1031
1999-05,Bankruptcy,Defendant,1107
1999-06,Bankruptcy,Defendant,1203
1999-07,Bankruptcy,Defendant,1322
1999-08,Bankruptcy,Defendant,1404
1999-09,Bankruptcy,Defendant,1457
1999-10,Bankruptcy,Defendant,1457
1999-11,Bankruptcy,Defendant,1467
1999-12,Bankruptcy,Defendant,1453
2000-01,Bankruptcy,Defendant,1369
2000-02,Bankruptcy,Defendant,1358
2000-03,Bankruptcy,Defendant,1320
2000-04,Bankruptcy,Defendant,1305
2000-05,Bankruptcy,Defendant,1338
2000-06,Bankruptcy,Defendant,1311
2000-07,Bankruptcy,Defendant,1285
2000-08,Bankruptcy,Defendant,1283
2000-09,Bankruptcy,Defendant,1256
2000-10,Bankruptcy,Defendant,1268
2000-11,Bankruptcy,Defendant,1286
2000-12,Bankruptcy,Defendant,1276
2001-01,Bankruptcy,Defendant,1265
2001-02,Bankruptcy,Defendant,1274
2001-03,Bankruptcy,Defendant,1262
2001-04,Bankruptcy,Defendant,1242
2001-05,Bankruptcy,Defendant,1244
2001-06,Bankruptcy,Defendant,1266
2001-07,Bankruptcy,Defendant,1285
2001-08,Bankruptcy,Defendant,1262
2001-09,Bankruptcy,Defendant,1270
2001-10,Bankruptcy,Defendant,1261
2001-11,Bankruptcy,Defendant,1286
2001-12,Bankruptcy,Defendant,1245
2002-01,Bankruptcy,Defendant,1223
2002-02,Bankruptcy,Defendant,1216
2002-03,Bankruptcy,Defendant,1206
2002-04,Bankruptcy,Defendant,1190
2002-05,Bankruptcy,Defendant,1164
2002-06,Bankruptcy,Defendant,1155
2002-07,Bankruptcy,Defendant,1130
2002-08,Bankruptcy,Defendant,1090
2002-09,Bankruptcy,Defendant,1081
2002-10,Bankruptcy,Defendant,1073
2002-11,Bankruptcy,Defendant,1087
2002-12,Bankruptcy,Defendant,1071
2003-01,Bankruptcy,Defendant,1066
2003-02,Bankruptcy,Defendant,1069
2003-03,Bankruptcy,Defendant,1061
2003-04,Bankruptcy,Defendant,1076
2003-05,Bankruptcy,Defendant,1093
2003-06,Bankruptcy,Defendant,1084
2003-07,Bankruptcy,Defendant,1086
2003-08,Bankruptcy,Defendant,1093
2003-09,Bankruptcy,Defendant,1056
2003-10,Bankruptcy,Defendant,1029
2003-11,Bankruptcy,Defendant,1027
2003-12,Bankruptcy,Defendant,1014
2004-01,Bankruptcy,Defendant,1025
2004-02,Bankruptcy,Defendant,1021
2004-03,Bankruptcy,Defendant,970
2004-04,Bankruptcy,Defendant,963
2004-05,Bankruptcy,Defendant,949
2004-06,Bankruptcy,Defendant,982
2004-07,Bankruptcy,Defendant,1018
2004-08,Bankruptcy,Defendant,1060
2004-09,Bankruptcy,Defendant,1067
2004-10,Bankruptcy,Defendant,1091
2004-11,Bankruptcy,Defendant,1097
2004-12,Bankruptcy,Defendant,1117
2005-01,Bankruptcy,Defendant,1132
2005-02,Bankruptcy,Defendant,1124
2005-03,Bankruptcy,Defendant,1028
2005-04,Bankruptcy,Defendant,995
2005-05,Bankruptcy,Defendant,966
2005-06,Bankruptcy,Defendant,1001
2005-07,Bankruptcy,Defendant,1008
2005-08,Bankruptcy,Defendant,998
2005-09,Bankruptcy,Defendant,1007
2005-10,Bankruptcy,Defendant,1116
2005-11,Bankruptcy,Defendant,1128
2005-12,Bankruptcy,Defendant,1149
2006-01,Bankruptcy,Defendant,1165
2006-02,Bankruptcy,Defendant,1152
2006-03,Bankruptcy,Defendant,1104
2006-04,Bankruptcy,Defendant,1056
2006-05,Bankruptcy,Defendant,1041
2006-06,Bankruptcy,Defendant,998
2006-07,Bankruptcy,Defendant,984
2006-08,Bankruptcy,Defendant,924
2006-09,Bankruptcy,Defendant,848
2006-10,Bankruptcy,Defendant,820
2006-11,Bankruptcy,Defendant,805
2006-12,Bankruptcy,Defendant,806
2007-01,Bankruptcy,Defendant,791
2007-02,Bankruptcy,Defendant,795
2007-03,Bankruptcy,Defendant,763
2007-04,Bankruptcy,Defendant,742
2007-05,Bankruptcy,Defendant,743
2007-06,Bankruptcy,Defendant,745
2007-07,Bankruptcy,Defendant,766
2007-08,Bankruptcy,Defendant,767
2007-09,Bankruptcy,Defendant,752
2007-10,Bankruptcy,Defendant,749
2007-11,Bankruptcy,Defendant,727
2007-12,Bankruptcy,Defendant,725
2008-01,Bankruptcy,Defendant,707
2008-02,Bankruptcy,Defendant,708
2008-03,Bankruptcy,Defendant,711
2008-04,Bankruptcy,Defendant,696
2008-05,Bankruptcy,Defendant,683
2008-06,Bankruptcy,Defendant,681
2008-07,Bankruptcy,Defendant,677
2008-08,Bankruptcy,Defendant,672
2008-09,Bankruptcy,Defendant,649
2008-10,Bankruptcy,Defendant,641
2008-11,Bankruptcy,Defendant,656
2008-12,Bankruptcy,Defendant,663
2009-01,Bankruptcy,Defendant,673
2009-02,Bankruptcy,Defendant,658
2009-03,Bankruptcy,Defendant,634
2009-04,Bankruptcy,Defendant,624
2009-05,Bankruptcy,Defendant,616
2009-06,Bankruptcy,Defendant,608
2009-07,Bankruptcy,Defendant,597
2009-08,Bankruptcy,Defendant,589
2009-09,Bankruptcy,Defendant,586
2009-10,Bankruptcy,Defendant,589
2009-11,Bankruptcy,Defendant,576
2009-12,Bankruptcy,Defendant,570
2010-01,Bankruptcy,Defendant,564
2010-02,Bankruptcy,Defendant,572
2010-03,Bankruptcy,Defendant,550
2010-04,Bankruptcy,Defendant,562
2010-05,Bankruptcy,Defendant,584
2010-06,Bankruptcy,Defendant,610
2010-07,Bankruptcy,Defendant,621
2010-08,Bankruptcy,Defendant,618
2010-09,Bankruptcy,Defendant,631
2010-10,Bankruptcy,Defendant,638
2010-11,Bankruptcy,Defendant,639
2010-12,Bankruptcy,Defendant,661
2011-01,Bankruptcy,Defendant,658
2011-02,Bankruptcy,Defendant,656
2011-03,Bankruptcy,Defendant,637
2011-04,Bankruptcy,Defendant,653
2011-05,Bankruptcy,Defendant,659
2011-06,Bankruptcy,Defendant,695
2011-07,Bankruptcy,Defendant,673
2011-08,Bankruptcy,Defendant,666
2011-09,Bankruptcy,Defendant,680
2011-10,Bankruptcy,Defendant,684
2011-11,Bankruptcy,Defendant,684
2011-12,Bankruptcy,Defendant,666
2012-01,Bankruptcy,Defendant,679
2012-02,Bankruptcy,Defendant,687
2012-03,Bankruptcy,Defendant,692
2012-04,Bankruptcy,Defendant,688
2012-05,Bankruptcy,Defendant,697
2012-06,Bankruptcy,Defendant,685
2012-07,Bankruptcy,Defendant,670
2012-08,Bankruptcy,Defendant,661
2012-09,Bankruptcy,Defendant,674
2012-10,Bankruptcy,Defendant,689
2012-11,Bankruptcy,Defendant,695
2012-12,Bankruptcy,Defendant,688
2013-01,Bankruptcy,Defendant,676
2013-02,Bankruptcy,Defendant,671
2013-03,Bankruptcy,Defendant,668
2013-04,Bankruptcy,Defendant,676
2013-05,Bankruptcy,Defendant,690
2013-06,Bankruptcy,Defendant,692
2013-07,Bankruptcy,Defendant,713
2013-08,Bankruptcy,Defendant,714
2013-09,Bankruptcy,Defendant,714
2013-10,Bankruptcy,Defendant,737
2013-11,Bankruptcy,Defendant,714
2013-12,Bankruptcy,Defendant,696
2014-01,Bankruptcy,Defendant,693
2014-02,Bankruptcy,Defendant,730
2014-03,Bankruptcy,Defendant,697
2014-04,Bankruptcy,Defendant,755
2014-05,Bankruptcy,Defendant,815
2014-06,Bankruptcy,Defendant,863
2014-07,Bankruptcy,Defendant,891
2014-08,Bankruptcy,Defendant,851
2014-09,Bankruptcy,Defendant,838
2014-10,Bankruptcy,Defendant,845
2014-11,Bankruptcy,Defendant,873
2014-12,Bankruptcy,Defendant,874
2015-01,Bankruptcy,Defendant,862
2015-02,Bankruptcy,Defendant,883
2015-03,Bankruptcy,Defendant,875
2015-04,Bankruptcy,Defendant,830
2015-05,Bankruptcy,Defendant,832
2015-06,Bankruptcy,Defendant,819
2015-07,Bankruptcy,Defendant,793
2015-08,Bankruptcy,Defendant,786
2015-09,Bankruptcy,Defendant,779
2015-10,Bankruptcy,Defendant,770
2015-11,Bankruptcy,Defendant,763
2015-12,Bankruptcy,Defendant,742
2016-01,Bankruptcy,Defendant,684
2016-02,Bankruptcy,Defendant,676
2016-03,Bankruptcy,Defendant,644
2016-04,Bankruptcy,Defendant,663
2016-05,Bankruptcy,Defendant,646
2016-06,Bankruptcy,Defendant,652
2016-07,Bankruptcy,Defendant,645
2016-08,Bankruptcy,Defendant,641
2016-09,Bankruptcy,Defendant,636
2016-10,Bankruptcy,Defendant,639
2016-11,Bankruptcy,Defendant,643
2016-12,Bankruptcy,Defendant,640
2017-01,Bankruptcy,Defendant,621
2017-02,Bankruptcy,Defendant,620
2017-03,Bankruptcy,Defendant,618
2017-04,Bankruptcy,Defendant,633
2017-05,Bankruptcy,Defendant,650
2017-06,Bankruptcy,Defendant,644
2017-07,Bankruptcy,Defendant,634
2017-08,Bankruptcy,Defendant,652
2017-09,Bankruptcy,Defendant,623
2017-10,Bankruptcy,Defendant,627
2017-11,Bankruptcy,Defendant,640
2017-12,Bankruptcy,Defendant,641
2018-01,Bankruptcy,Defendant,647
2018-02,Bankruptcy,Defendant,653
2018-03,Bankruptcy,Defendant,618
2018-04,Bankruptcy,Defendant,608
2018-05,Bankruptcy,Defendant,614
2018-06,Bankruptcy,Defendant,605
2018-07,Bankruptcy,Defendant,627
2018-08,Bankruptcy,Defendant,613
2018-09,Bankruptcy,Defendant,616
2018-10,Bankruptcy,Defendant,645
2018-11,Bankruptcy,Defendant,664
2018-12,Bankruptcy,Defendant,647
2019-01,Bankruptcy,Defendant,664
2019-02,Bankruptcy,Defendant,678
2019-03,Bankruptcy,Defendant,675
2019-04,Bankruptcy,Defendant,667
2019-05,Bankruptcy,Defendant,672
2019-06,Bankruptcy,Defendant,657
2019-07,Bankruptcy,Defendant,663
2019-08,Bankruptcy,Defendant,686
2019-09,Bankruptcy,Defendant,721
2019-10,Bankruptcy,Defendant,787
2019-11,Bankruptcy,Defendant,849
2019-12,Bankruptcy,Defendant,924
2020-01,Bankruptcy,Defendant,1009
2020-02,Bankruptcy,Defendant,1042
2020-03,Bankruptcy,Defendant,1094
2020-04,Bankruptcy,Defendant,1145
2020-05,Bankruptcy,Defendant,1236
2020-06,Bankruptcy,Defendant,1331
2020-07,Bankruptcy,Defendant,1294
2020-08,Bankruptcy,Defendant,1292
2020-09,Bankruptcy,Defendant,1254
2020-10,Bankruptcy,Defendant,975
2020-11,Bankruptcy,Defendant,932
2020-12,Bankruptcy,Defendant,799
2021-01,Bankruptcy,Defendant,708
2021-02,Bankruptcy,Defendant,620
2021-03,Bankruptcy,Defendant,619
2021-04,Bankruptcy,Defendant,601
2021-05,Bankruptcy,Defendant,589
2021-06,Bankruptcy,Defendant,597
2021-07,Bankruptcy,Defendant,576
2021-08,Bankruptcy,Defendant,572
2021-09,Bankruptcy,Defendant,560
2021-10,Bankruptcy,Defendant,552
2021-11,Bankruptcy,Defendant,555
2021-12,Bankruptcy,Defendant,540
2022-01,Bankruptcy,Defendant,520
2022-02,Bankruptcy,Defendant,521
2022-03,Bankruptcy,Defendant,516
2022-04,Bankruptcy,Defendant,510
2022-05,Bankruptcy,Defendant,483
2022-06,Bankruptcy,Defendant,484
2022-07,Bankruptcy,Defendant,490
2022-08,Bankruptcy,Defendant,510
2022-09,Bankruptcy,Defendant,495
2022-10,Bankruptcy,Defendant,489
2022-11,Bankruptcy,Defendant,480
2022-12,Bankruptcy,Defendant,513
2023-01,Bankruptcy,Defendant,520
2023-02,Bankruptcy,Defendant,551
2023-03,Bankruptcy,Defendant,598
2023-04,Bankruptcy,Defendant,629
2023-05,Bankruptcy,Defendant,679
2023-06,Bankruptcy,Defendant,729
2023-07,Bankruptcy,Defendant,760
2023-08,Bankruptcy,Defendant,827
2023-09,Bankruptcy,Defendant,858
2023-10,Bankruptcy,Defendant,899
2023-11,Bankruptcy,Defendant,971
2023-12,Bankruptcy,Defendant,1020
2024-01,Bankruptcy,Defendant,1065
2024-02,Bankruptcy,Defendant,1115
2024-03,Bankruptcy,Defendant,1169
2024-04,Bankruptcy,Defendant,1221
2024-05,Bankruptcy,Defendant,1255
2024-06,Bankruptcy,Defendant,1300
2024-07,Bankruptcy,Defendant,1329
2024-08,Bankruptcy,Defendant,1346
2024-09,Bankruptcy,Defendant,1378
2024-10,Bankruptcy,Defendant,1420
2024-11,Bankruptcy,Defendant,1497
2024-12,Bankruptcy,Defendant,1561
2025-01,Bankruptcy,Defendant,1556
2025-02,Bankruptcy,Defendant,1579
2025-03,Bankruptcy,Defendant,1590
2025-04,Bankruptcy,Defendant,1580
2025-05,Bankruptcy,Defendant,1574
2025-06,Bankruptcy,Defendant,1604
2025-07,Bankruptcy,Defendant,1666
2025-08,Bankruptcy,Defendant,1715
2025-09,Bankruptcy,Defendant,1752
2025-10,Bankruptcy,Defendant,1832
2025-11,Bankruptcy,Defendant,1908
2025-12,Bankruptcy,Defendant,2016
2026-01,Bankruptcy,Defendant,2110
2026-02,Bankruptcy,Defendant,2204
2026-03,Bankruptcy,Defendant,2298
2026-04,Bankruptcy,Defendant,2388
2026-05,Bankruptcy,Defendant,2516
2026-06,Bankruptcy,Defendant,2670
2026-07,Bankruptcy,Defendant,2712
1994-10,Civil Rights,Defendant,326
1994-11,Civil Rights,Defendant,332
1994-12,Civil Rights,Defendant,347
1995-01,Civil Rights,Defendant,358
1995-02,Civil Rights,Defendant,357
1995-03,Civil Rights,Defendant,377
1995-04,Civil Rights,Defendant,388
1995-05,Civil Rights,Defendant,408
1995-06,Civil Rights,Defendant,413
1995-07,Civil Rights,Defendant,411
1995-08,Civil Rights,Defendant,407
1995-09,Civil Rights,Defendant,422
1995-10,Civil Rights,Defendant,416
1995-11,Civil Rights,Defendant,405
1995-12,Civil Rights,Defendant,411
1996-01,Civil Rights,Defendant,411
1996-02,Civil Rights,Defendant,405
1996-03,Civil Rights,Defendant,405
1996-04,Civil Rights,Defendant,409
1996-05,Civil Rights,Defendant,404
1996-06,Civil Rights,Defendant,405
1996-07,Civil Rights,Defendant,416
1996-08,Civil Rights,Defendant,422
1996-09,Civil Rights,Defendant,430
1996-10,Civil Rights,Defendant,436
1996-11,Civil Rights,Defendant,440
1996-12,Civil Rights,Defendant,441
1997-01,Civil Rights,Defendant,448
1997-02,Civil Rights,Defendant,449
1997-03,Civil Rights,Defendant,463
1997-04,Civil Rights,Defendant,460
1997-05,Civil Rights,Defendant,462
1997-06,Civil Rights,Defendant,440
1997-07,Civil Rights,Defendant,436
1997-08,Civil Rights,Defendant,431
1997-09,Civil Rights,Defendant,422
1997-10,Civil Rights,Defendant,434
1997-11,Civil Rights,Defendant,441
1997-12,Civil Rights,Defendant,446
1998-01,Civil Rights,Defendant,457
1998-02,Civil Rights,Defendant,459
1998-03,Civil Rights,Defendant,468
1998-04,Civil Rights,Defendant,468
1998-05,Civil Rights,Defendant,455
1998-06,Civil Rights,Defendant,465
1998-07,Civil Rights,Defendant,450
1998-08,Civil Rights,Defendant,448
1998-09,Civil Rights,Defendant,435
1998-10,Civil Rights,Defendant,418
1998-11,Civil Rights,Defendant,411
1998-12,Civil Rights,Defendant,419
1999-01,Civil Rights,Defendant,408
1999-02,Civil Rights,Defendant,412
1999-03,Civil Rights,Defendant,391
1999-04,Civil Rights,Defendant,402
1999-05,Civil Rights,Defendant,417
1999-06,Civil Rights,Defendant,426
1999-07,Civil Rights,Defendant,430
1999-08,Civil Rights,Defendant,435
1999-09,Civil Rights,Defendant,421
1999-10,Civil Rights,Defendant,435
1999-11,Civil Rights,Defendant,438
1999-12,Civil Rights,Defendant,457
2000-01,Civil Rights,Defendant,462
2000-02,Civil Rights,Defendant,481
2000-03,Civil Rights,Defendant,476
2000-04,Civil Rights,Defendant,482
2000-05,Civil Rights,Defendant,481
2000-06,Civil Rights,Defendant,475
2000-07,Civil Rights,Defendant,476
2000-08,Civil Rights,Defendant,472
2000-09,Civil Rights,Defendant,481
2000-10,Civil Rights,Defendant,476
2000-11,Civil Rights,Defendant,480
2000-12,Civil Rights,Defendant,483
2001-01,Civil Rights,Defendant,473
2001-02,Civil Rights,Defendant,487
2001-03,Civil Rights,Defendant,484
2001-04,Civil Rights,Defendant,480
2001-05,Civil Rights,Defendant,492
2001-06,Civil Rights,Defendant,483
2001-07,Civil Rights,Defendant,487
2001-08,Civil Rights,Defendant,492
2001-09,Civil Rights,Defendant,493
2001-10,Civil Rights,Defendant,485
2001-11,Civil Rights,Defendant,494
2001-12,Civil Rights,Defendant,502
2002-01,Civil Rights,Defendant,506
2002-02,Civil Rights,Defendant,507
2002-03,Civil Rights,Defendant,499
2002-04,Civil Rights,Defendant,473
2002-05,Civil Rights,Defendant,470
2002-06,Civil Rights,Defendant,473
2002-07,Civil Rights,Defendant,477
2002-08,Civil Rights,Defendant,455
2002-09,Civil Rights,Defendant,453
2002-10,Civil Rights,Defendant,451
2002-11,Civil Rights,Defendant,449
2002-12,Civil Rights,Defendant,457
2003-01,Civil Rights,Defendant,448
2003-02,Civil Rights,Defendant,442
2003-03,Civil Rights,Defendant,423
2003-04,Civil Rights,Defendant,425
2003-05,Civil Rights,Defendant,430
2003-06,Civil Rights,Defendant,416
2003-07,Civil Rights,Defendant,399
2003-08,Civil Rights,Defendant,400
2003-09,Civil Rights,Defendant,404
2003-10,Civil Rights,Defendant,400
2003-11,Civil Rights,Defendant,396
2003-12,Civil Rights,Defendant,390
2004-01,Civil Rights,Defendant,401
2004-02,Civil Rights,Defendant,396
2004-03,Civil Rights,Defendant,389
2004-04,Civil Rights,Defendant,402
2004-05,Civil Rights,Defendant,403
2004-06,Civil Rights,Defendant,402
2004-07,Civil Rights,Defendant,404
2004-08,Civil Rights,Defendant,404
2004-09,Civil Rights,Defendant,408
2004-10,Civil Rights,Defendant,414
2004-11,Civil Rights,Defendant,424
2004-12,Civil Rights,Defendant,428
2005-01,Civil Rights,Defendant,430
2005-02,Civil Rights,Defendant,416
2005-03,Civil Rights,Defendant,417
2005-04,Civil Rights,Defendant,426
2005-05,Civil Rights,Defendant,428
2005-06,Civil Rights,Defendant,416
2005-07,Civil Rights,Defendant,418
2005-08,Civil Rights,Defendant,412
2005-09,Civil Rights,Defendant,403
2005-10,Civil Rights,Defendant,402
2005-11,Civil Rights,Defendant,406
2005-12,Civil Rights,Defendant,407
2006-01,Civil Rights,Defendant,399
2006-02,Civil Rights,Defendant,392
2006-03,Civil Rights,Defendant,395
2006-04,Civil Rights,Defendant,403
2006-05,Civil Rights,Defendant,391
2006-06,Civil Rights,Defendant,396
2006-07,Civil Rights,Defendant,390
2006-08,Civil Rights,Defendant,392
2006-09,Civil Rights,Defendant,378
2006-10,Civil Rights,Defendant,380
2006-11,Civil Rights,Defendant,392
2006-12,Civil Rights,Defendant,392
2007-01,Civil Rights,Defendant,395
2007-02,Civil Rights,Defendant,397
2007-03,Civil Rights,Defendant,408
2007-04,Civil Rights,Defendant,410
2007-05,Civil Rights,Defendant,407
2007-06,Civil Rights,Defendant,423
2007-07,Civil Rights,Defendant,425
2007-08,Civil Rights,Defendant,423
2007-09,Civil Rights,Defendant,419
2007-10,Civil Rights,Defendant,415
2007-11,Civil Rights,Defendant,411
2007-12,Civil Rights,Defendant,412
2008-01,Civil Rights,Defendant,402
2008-02,Civil Rights,Defendant,390
2008-03,Civil Rights,Defendant,382
2008-04,Civil Rights,Defendant,381
2008-05,Civil Rights,Defendant,377
2008-06,Civil Rights,Defendant,379
2008-07,Civil Rights,Defendant,372
2008-08,Civil Rights,Defendant,378
2008-09,Civil Rights,Defendant,380
2008-10,Civil Rights,Defendant,386
2008-11,Civil Rights,Defendant,385
2008-12,Civil Rights,Defendant,384
2009-01,Civil Rights,Defendant,377
2009-02,Civil Rights,Defendant,382
2009-03,Civil Rights,Defendant,376
2009-04,Civil Rights,Defendant,369
2009-05,Civil Rights,Defendant,369
2009-06,Civil Rights,Defendant,381
2009-07,Civil Rights,Defendant,383
2009-08,Civil Rights,Defendant,370
2009-09,Civil Rights,Defendant,360
2009-10,Civil Rights,Defendant,339
2009-11,Civil Rights,Defendant,346
2009-12,Civil Rights,Defendant,346
2010-01,Civil Rights,Defendant,339
2010-02,Civil Rights,Defendant,332
2010-03,Civil Rights,Defendant,333
2010-04,Civil Rights,Defendant,326
2010-05,Civil Rights,Defendant,349
2010-06,Civil Rights,Defendant,363
2010-07,Civil Rights,Defendant,354
2010-08,Civil Rights,Defendant,357
2010-09,Civil Rights,Defendant,352
2010-10,Civil Rights,Defendant,365
2010-11,Civil Rights,Defendant,366
2010-12,Civil Rights,Defendant,363
2011-01,Civil Rights,Defendant,369
2011-02,Civil Rights,Defendant,376
2011-03,Civil Rights,Defendant,375
2011-04,Civil Rights,Defendant,375
2011-05,Civil Rights,Defendant,385
2011-06,Civil Rights,Defendant,368
2011-07,Civil Rights,Defendant,373
2011-08,Civil Rights,Defendant,380
2011-09,Civil Rights,Defendant,368
2011-10,Civil Rights,Defendant,374
2011-11,Civil Rights,Defendant,379
2011-12,Civil Rights,Defendant,372
2012-01,Civil Rights,Defendant,370
2012-02,Civil Rights,Defendant,370
2012-03,Civil Rights,Defendant,372
2012-04,Civil Rights,Defendant,369
2012-05,Civil Rights,Defendant,374
2012-06,Civil Rights,Defendant,369
2012-07,Civil Rights,Defendant,355
2012-08,Civil Rights,Defendant,355
2012-09,Civil Rights,Defendant,352
2012-10,Civil Rights,Defendant,358
2012-11,Civil Rights,Defendant,372
2012-12,Civil Rights,Defendant,371
2013-01,Civil Rights,Defendant,354
2013-02,Civil Rights,Defendant,339
2013-03,Civil Rights,Defendant,325
2013-04,Civil Rights,Defendant,330
2013-05,Civil Rights,Defendant,334
2013-06,Civil Rights,Defendant,331
2013-07,Civil Rights,Defendant,313
2013-08,Civil Rights,Defendant,316
2013-09,Civil Rights,Defendant,312
2013-10,Civil Rights,Defendant,320
2013-11,Civil Rights,Defendant,321
2013-12,Civil Rights,Defendant,322
2014-01,Civil Rights,Defendant,319
2014-02,Civil Rights,Defendant,311
2014-03,Civil Rights,Defendant,312
2014-04,Civil Rights,Defendant,308
2014-05,Civil Rights,Defendant,313
2014-06,Civil Rights,Defendant,303
2014-07,Civil Rights,Defendant,306
2014-08,Civil Rights,Defendant,303
2014-09,Civil Rights,Defendant,302
2014-10,Civil Rights,Defendant,307
2014-11,Civil Rights,Defendant,313
2014-12,Civil Rights,Defendant,315
2015-01,Civil Rights,Defendant,310
2015-02,Civil Rights,Defendant,311
2015-03,Civil Rights,Defendant,311
2015-04,Civil Rights,Defendant,306
2015-05,Civil Rights,Defendant,310
2015-06,Civil Rights,Defendant,318
2015-07,Civil Rights,Defendant,310
2015-08,Civil Rights,Defendant,307
2015-09,Civil Rights,Defendant,309
2015-10,Civil Rights,Defendant,302
2015-11,Civil Rights,Defendant,296
2015-12,Civil Rights,Defendant,295
2016-01,Civil Rights,Defendant,293
2016-02,Civil Rights,Defendant,274
2016-03,Civil Rights,Defendant,270
2016-04,Civil Rights,Defendant,283
2016-05,Civil Rights,Defendant,300
2016-06,Civil Rights,Defendant,296
2016-07,Civil Rights,Defendant,299
2016-08,Civil Rights,Defendant,293
2016-09,Civil Rights,Defendant,303
2016-10,Civil Rights,Defendant,294
2016-11,Civil Rights,Defendant,301
2016-12,Civil Rights,Defendant,304
2017-01,Civil Rights,Defendant,306
2017-02,Civil Rights,Defendant,304
2017-03,Civil Rights,Defendant,290
2017-04,Civil Rights,Defendant,293
2017-05,Civil Rights,Defendant,288
2017-06,Civil Rights,Defendant,286
2017-07,Civil Rights,Defendant,283
2017-08,Civil Rights,Defendant,279
2017-09,Civil Rights,Defendant,272
2017-10,Civil Rights,Defendant,272
2017-11,Civil Rights,Defendant,268
2017-12,Civil Rights,Defendant,279
2018-01,Civil Rights,Defendant,281
2018-02,Civil Rights,Defendant,278
2018-03,Civil Rights,Defendant,270
2018-04,Civil Rights,Defendant,276
2018-05,Civil Rights,Defendant,277
2018-06,Civil Rights,Defendant,271
2018-07,Civil Rights,Defendant,271
2018-08,Civil Rights,Defendant,261
2018-09,Civil Rights,Defendant,259
2018-10,Civil Rights,Defendant,265
2018-11,Civil Rights,Defendant,264
2018-12,Civil Rights,Defendant,263
2019-01,Civil Rights,Defendant,270
2019-02,Civil Rights,Defendant,278
2019-03,Civil Rights,Defendant,274
2019-04,Civil Rights,Defendant,270
2019-05,Civil Rights,Defendant,278
2019-06,Civil Rights,Defendant,281
2019-07,Civil Rights,Defendant,282
2019-08,Civil Rights,Defendant,286
2019-09,Civil Rights,Defendant,285
2019-10,Civil Rights,Defendant,286
2019-11,Civil Rights,Defendant,286
2019-12,Civil Rights,Defendant,287
2020-01,Civil Rights,Defendant,294
2020-02,Civil Rights,Defendant,292
2020-03,Civil Rights,Defendant,295
2020-04,Civil Rights,Defendant,294
2020-05,Civil Rights,Defendant,292
2020-06,Civil Rights,Defendant,294
2020-07,Civil Rights,Defendant,304
2020-08,Civil Rights,Defendant,316
2020-09,Civil Rights,Defendant,311
2020-10,Civil Rights,Defendant,312
2020-11,Civil Rights,Defendant,303
2020-12,Civil Rights,Defendant,312
2021-01,Civil Rights,Defendant,307
2021-02,Civil Rights,Defendant,301
2021-03,Civil Rights,Defendant,291
2021-04,Civil Rights,Defendant,290
2021-05,Civil Rights,Defendant,287
2021-06,Civil Rights,Defendant,291
2021-07,Civil Rights,Defendant,278
2021-08,Civil Rights,Defendant,282
2021-09,Civil Rights,Defendant,271
2021-10,Civil Rights,Defendant,274
2021-11,Civil Rights,Defendant,282
2021-12,Civil Rights,Defendant,279
2022-01,Civil Rights,Defendant,278
2022-02,Civil Rights,Defendant,269
2022-03,Civil Rights,Defendant,267
2022-04,Civil Rights,Defendant,265
2022-05,Civil Rights,Defendant,267
2022-06,Civil Rights,Defendant,262
2022-07,Civil Rights,Defendant,252
2022-08,Civil Rights,Defendant,255
2022-09,Civil Rights,Defendant,250
2022-10,Civil Rights,Defendant,260
2022-11,Civil Rights,Defendant,260
2022-12,Civil Rights,Defendant,259
2023-01,Civil Rights,Defendant,259
2023-02,Civil Rights,Defendant,246
2023-03,Civil Rights,Defendant,243
2023-04,Civil Rights,Defendant,233
2023-05,Civil Rights,Defendant,234
2023-06,Civil Rights,Defendant,229
2023-07,Civil Rights,Defendant,236
2023-08,Civil Rights,Defendant,239
2023-09,Civil Rights,Defendant,236
2023-10,Civil Rights,Defendant,247
2023-11,Civil Rights,Defendant,246
2023-12,Civil Rights,Defendant,248
2024-01,Civil Rights,Defendant,252
2024-02,Civil Rights,Defendant,254
2024-03,Civil Rights,Defendant,249
2024-04,Civil Rights,Defendant,257
2024-05,Civil Rights,Defendant,267
2024-06,Civil Rights,Defendant,265
2024-07,Civil Rights,Defendant,267
2024-08,Civil Rights,Defendant,264
2024-09,Civil Rights,Defendant,269
2024-10,Civil Rights,Defendant,274
2024-11,Civil Rights,Defendant,284
2024-12,Civil Rights,Defendant,283
2025-01,Civil Rights,Defendant,281
2025-02,Civil Rights,Defendant,291
2025-03,Civil Rights,Defendant,290
2025-04,Civil Rights,Defendant,286
2025-05,Civil Rights,Defendant,290
2025-06,Civil Rights,Defendant,294
2025-07,Civil Rights,Defendant,302
2025-08,Civil Rights,Defendant,313
2025-09,Civil Rights,Defendant,317
2025-10,Civil Rights,Defendant,332
2025-11,Civil Rights,Defendant,340
2025-12,Civil Rights,Defendant,349
2026-01,Civil Rights,Defendant,360
2026-02,Civil Rights,Defendant,372
2026-03,Civil Rights,Defendant,368
2026-04,Civil Rights,Defendant,373
2026-05,Civil Rights,Defendant,379
2026-06,Civil Rights,Defendant,395
2026-07,Civil Rights,Defendant,395
1994-10,Commercial Litigation,Defendant,30471
1994-11,Commercial Litigation,Defendant,30710
1994-12,Commercial Litigation,Defendant,31107
1995-01,Commercial Litigation,Defendant,31370
1995-02,Commercial Litigation,Defendant,31396
1995-03,Commercial Litigation,Defendant,31657
1995-04,Commercial Litigation,Defendant,31943
1995-05,Commercial Litigation,Defendant,31995
1995-06,Commercial Litigation,Defendant,32159
1995-07,Commercial Litigation,Defendant,32065
1995-08,Commercial Litigation,Defendant,31808
1995-09,Commercial Litigation,Defendant,31979
1995-10,Commercial Litigation,Defendant,31916
1995-11,Commercial Litigation,Defendant,32452
1995-12,Commercial Litigation,Defendant,32679
1996-01,Commercial Litigation,Defendant,32712
1996-02,Commercial Litigation,Defendant,32441
1996-03,Commercial Litigation,Defendant,32810
1996-04,Commercial Litigation,Defendant,33259
1996-05,Commercial Litigation,Defendant,33518
1996-06,Commercial Litigation,Defendant,33163
1996-07,Commercial Litigation,Defendant,32982
1996-08,Commercial Litigation,Defendant,32691
1996-09,Commercial Litigation,Defendant,32731
1996-10,Commercial Litigation,Defendant,33243
1996-11,Commercial Litigation,Defendant,33911
1996-12,Commercial Litigation,Defendant,34131
1997-01,Commercial Litigation,Defendant,34454
1997-02,Commercial Litigation,Defendant,34626
1997-03,Commercial Litigation,Defendant,34963
1997-04,Commercial Litigation,Defendant,35443
1997-05,Commercial Litigation,Defendant,36057
1997-06,Commercial Litigation,Defendant,36422
1997-07,Commercial Litigation,Defendant,36173
1997-08,Commercial Litigation,Defendant,36088
1997-09,Commercial Litigation,Defendant,36533
1997-10,Commercial Litigation,Defendant,36783
1997-11,Commercial Litigation,Defendant,36989
1997-12,Commercial Litigation,Defendant,37549
1998-01,Commercial Litigation,Defendant,37912
1998-02,Commercial Litigation,Defendant,37377
1998-03,Commercial Litigation,Defendant,37094
1998-04,Commercial Litigation,Defendant,36980
1998-05,Commercial Litigation,Defendant,37021
1998-06,Commercial Litigation,Defendant,37186
1998-07,Commercial Litigation,Defendant,37007
1998-08,Commercial Litigation,Defendant,36546
1998-09,Commercial Litigation,Defendant,36100
1998-10,Commercial Litigation,Defendant,35904
1998-11,Commercial Litigation,Defendant,36123
1998-12,Commercial Litigation,Defendant,36239
1999-01,Commercial Litigation,Defendant,35788
1999-02,Commercial Litigation,Defendant,35846
1999-03,Commercial Litigation,Defendant,35888
1999-04,Commercial Litigation,Defendant,35594
1999-05,Commercial Litigation,Defendant,35275
1999-06,Commercial Litigation,Defendant,35244
1999-07,Commercial Litigation,Defendant,34473
1999-08,Commercial Litigation,Defendant,34332
1999-09,Commercial Litigation,Defendant,33849
1999-10,Commercial Litigation,Defendant,33782
1999-11,Commercial Litigation,Defendant,33761
1999-12,Commercial Litigation,Defendant,33429
2000-01,Commercial Litigation,Defendant,33494
2000-02,Commercial Litigation,Defendant,33484
2000-03,Commercial Litigation,Defendant,33022
2000-04,Commercial Litigation,Defendant,32716
2000-05,Commercial Litigation,Defendant,31266
2000-06,Commercial Litigation,Defendant,30293
2000-07,Commercial Litigation,Defendant,30229
2000-08,Commercial Litigation,Defendant,29891
2000-09,Commercial Litigation,Defendant,29934
2000-10,Commercial Litigation,Defendant,30039
2000-11,Commercial Litigation,Defendant,30056
2000-12,Commercial Litigation,Defendant,30090
2001-01,Commercial Litigation,Defendant,30243
2001-02,Commercial Litigation,Defendant,30708
2001-03,Commercial Litigation,Defendant,31104
2001-04,Commercial Litigation,Defendant,31403
2001-05,Commercial Litigation,Defendant,31465
2001-06,Commercial Litigation,Defendant,30751
2001-07,Commercial Litigation,Defendant,29893
2001-08,Commercial Litigation,Defendant,29104
2001-09,Commercial Litigation,Defendant,29273
2001-10,Commercial Litigation,Defendant,29556
2001-11,Commercial Litigation,Defendant,29275
2001-12,Commercial Litigation,Defendant,29692
2002-01,Commercial Litigation,Defendant,30222
2002-02,Commercial Litigation,Defendant,30644
2002-03,Commercial Litigation,Defendant,31346
2002-04,Commercial Litigation,Defendant,31625
2002-05,Commercial Litigation,Defendant,30626
2002-06,Commercial Litigation,Defendant,29954
2002-07,Commercial Litigation,Defendant,29072
2002-08,Commercial Litigation,Defendant,28806
2002-09,Commercial Litigation,Defendant,28969
2002-10,Commercial Litigation,Defendant,29482
2002-11,Commercial Litigation,Defendant,29979
2002-12,Commercial Litigation,Defendant,30702
2003-01,Commercial Litigation,Defendant,30895
2003-02,Commercial Litigation,Defendant,31165
2003-03,Commercial Litigation,Defendant,31406
2003-04,Commercial Litigation,Defendant,31706
2003-05,Commercial Litigation,Defendant,31871
2003-06,Commercial Litigation,Defendant,32019
2003-07,Commercial Litigation,Defendant,32014
2003-08,Commercial Litigation,Defendant,32123
2003-09,Commercial Litigation,Defendant,32164
2003-10,Commercial Litigation,Defendant,32596
2003-11,Commercial Litigation,Defendant,32395
2003-12,Commercial Litigation,Defendant,32719
2004-01,Commercial Litigation,Defendant,33039
2004-02,Commercial Litigation,Defendant,32112
2004-03,Commercial Litigation,Defendant,31640
2004-04,Commercial Litigation,Defendant,31791
2004-05,Commercial Litigation,Defendant,32137
2004-06,Commercial Litigation,Defendant,32397
2004-07,Commercial Litigation,Defendant,32087
2004-08,Commercial Litigation,Defendant,32397
2004-09,Commercial Litigation,Defendant,32456
2004-10,Commercial Litigation,Defendant,32803
2004-11,Commercial Litigation,Defendant,33432
2004-12,Commercial Litigation,Defendant,33860
2005-01,Commercial Litigation,Defendant,33887
2005-02,Commercial Litigation,Defendant,34375
2005-03,Commercial Litigation,Defendant,33760
2005-04,Commercial Litigation,Defendant,33544
2005-05,Commercial Litigation,Defendant,33236
2005-06,Commercial Litigation,Defendant,32441
2005-07,Commercial Litigation,Defendant,32635
2005-08,Commercial Litigation,Defendant,32990
2005-09,Commercial Litigation,Defendant,33145
2005-10,Commercial Litigation,Defendant,33578
2005-11,Commercial Litigation,Defendant,33992
2005-12,Commercial Litigation,Defendant,34236
2006-01,Commercial Litigation,Defendant,34589
2006-02,Commercial Litigation,Defendant,34975
2006-03,Commercial Litigation,Defendant,35276
2006-04,Commercial Litigation,Defendant,35181
2006-05,Commercial Litigation,Defendant,34764
2006-06,Commercial Litigation,Defendant,34733
2006-07,Commercial Litigation,Defendant,34651
2006-08,Commercial Litigation,Defendant,34884
2006-09,Commercial Litigation,Defendant,35215
2006-10,Commercial Litigation,Defendant,35367
2006-11,Commercial Litigation,Defendant,35663
2006-12,Commercial Litigation,Defendant,35474
2007-01,Commercial Litigation,Defendant,35797
2007-02,Commercial Litigation,Defendant,36139
2007-03,Commercial Litigation,Defendant,36146
2007-04,Commercial Litigation,Defendant,36088
2007-05,Commercial Litigation,Defendant,36346
2007-06,Commercial Litigation,Defendant,36024
2007-07,Commercial Litigation,Defendant,36355
2007-08,Commercial Litigation,Defendant,36890
2007-09,Commercial Litigation,Defendant,37371
2007-10,Commercial Litigation,Defendant,37831
2007-11,Commercial Litigation,Defendant,38133
2007-12,Commercial Litigation,Defendant,38309
2008-01,Commercial Litigation,Defendant,38529
2008-02,Commercial Litigation,Defendant,38850
2008-03,Commercial Litigation,Defendant,39606
2008-04,Commercial Litigation,Defendant,40093
2008-05,Commercial Litigation,Defendant,39280
2008-06,Commercial Litigation,Defendant,38111
2008-07,Commercial Litigation,Defendant,37966
2008-08,Commercial Litigation,Defendant,39050
2008-09,Commercial Litigation,Defendant,39379
2008-10,Commercial Litigation,Defendant,39110
2008-11,Commercial Litigation,Defendant,39572
2008-12,Commercial Litigation,Defendant,39648
2009-01,Commercial Litigation,Defendant,40333
2009-02,Commercial Litigation,Defendant,40633
2009-03,Commercial Litigation,Defendant,41406
2009-04,Commercial Litigation,Defendant,41588
2009-05,Commercial Litigation,Defendant,42321
2009-06,Commercial Litigation,Defendant,42889
2009-07,Commercial Litigation,Defendant,43485
2009-08,Commercial Litigation,Defendant,44058
2009-09,Commercial Litigation,Defendant,45006
2009-10,Commercial Litigation,Defendant,43298
2009-11,Commercial Litigation,Defendant,44401
2009-12,Commercial Litigation,Defendant,45952
2010-01,Commercial Litigation,Defendant,47273
2010-02,Commercial Litigation,Defendant,48455
2010-03,Commercial Litigation,Defendant,48940
2010-04,Commercial Litigation,Defendant,49659
2010-05,Commercial Litigation,Defendant,50358
2010-06,Commercial Litigation,Defendant,51342
2010-07,Commercial Litigation,Defendant,51645
2010-08,Commercial Litigation,Defendant,52042
2010-09,Commercial Litigation,Defendant,52293
2010-10,Commercial Litigation,Defendant,52934
2010-11,Commercial Litigation,Defendant,52807
2010-12,Commercial Litigation,Defendant,53004
2011-01,Commercial Litigation,Defendant,53364
2011-02,Commercial Litigation,Defendant,52803
2011-03,Commercial Litigation,Defendant,48881
2011-04,Commercial Litigation,Defendant,47373
2011-05,Commercial Litigation,Defendant,45918
2011-06,Commercial Litigation,Defendant,46505
2011-07,Commercial Litigation,Defendant,47336
2011-08,Commercial Litigation,Defendant,47327
2011-09,Commercial Litigation,Defendant,47302
2011-10,Commercial Litigation,Defendant,47820
2011-11,Commercial Litigation,Defendant,48521
2011-12,Commercial Litigation,Defendant,48918
2012-01,Commercial Litigation,Defendant,49351
2012-02,Commercial Litigation,Defendant,49560
2012-03,Commercial Litigation,Defendant,49980
2012-04,Commercial Litigation,Defendant,50994
2012-05,Commercial Litigation,Defendant,51968
2012-06,Commercial Litigation,Defendant,52258
2012-07,Commercial Litigation,Defendant,53378
2012-08,Commercial Litigation,Defendant,53903
2012-09,Commercial Litigation,Defendant,54827
2012-10,Commercial Litigation,Defendant,56445
2012-11,Commercial Litigation,Defendant,56970
2012-12,Commercial Litigation,Defendant,57671
2013-01,Commercial Litigation,Defendant,58306
2013-02,Commercial Litigation,Defendant,58443
2013-03,Commercial Litigation,Defendant,58954
2013-04,Commercial Litigation,Defendant,52129
2013-05,Commercial Litigation,Defendant,52594
2013-06,Commercial Litigation,Defendant,53137
2013-07,Commercial Litigation,Defendant,53300
2013-08,Commercial Litigation,Defendant,53610
2013-09,Commercial Litigation,Defendant,53841
2013-10,Commercial Litigation,Defendant,54918
2013-11,Commercial Litigation,Defendant,54801
2013-12,Commercial Litigation,Defendant,55142
2014-01,Commercial Litigation,Defendant,55548
2014-02,Commercial Litigation,Defendant,55608
2014-03,Commercial Litigation,Defendant,55343
2014-04,Commercial Litigation,Defendant,55853
2014-05,Commercial Litigation,Defendant,56054
2014-06,Commercial Litigation,Defendant,56061
2014-07,Commercial Litigation,Defendant,56066
2014-08,Commercial Litigation,Defendant,56202
2014-09,Commercial Litigation,Defendant,56426
2014-10,Commercial Litigation,Defendant,55985
2014-11,Commercial Litigation,Defendant,56403
2014-12,Commercial Litigation,Defendant,57374
2015-01,Commercial Litigation,Defendant,57826
2015-02,Commercial Litigation,Defendant,56790
2015-03,Commercial Litigation,Defendant,56326
2015-04,Commercial Litigation,Defendant,55449
2015-05,Commercial Litigation,Defendant,55333
2015-06,Commercial Litigation,Defendant,54372
2015-07,Commercial Litigation,Defendant,53775
2015-08,Commercial Litigation,Defendant,53375
2015-09,Commercial Litigation,Defendant,48397
2015-10,Commercial Litigation,Defendant,48630
2015-11,Commercial Litigation,Defendant,49089
2015-12,Commercial Litigation,Defendant,49566
2016-01,Commercial Litigation,Defendant,49556
2016-02,Commercial Litigation,Defendant,49802
2016-03,Commercial Litigation,Defendant,50360
2016-04,Commercial Litigation,Defendant,50398
2016-05,Commercial Litigation,Defendant,50352
2016-06,Commercial Litigation,Defendant,49976
2016-07,Commercial Litigation,Defendant,48882
2016-08,Commercial Litigation,Defendant,48673
2016-09,Commercial Litigation,Defendant,48678
2016-10,Commercial Litigation,Defendant,48545
2016-11,Commercial Litigation,Defendant,48424
2016-12,Commercial Litigation,Defendant,48330
2017-01,Commercial Litigation,Defendant,48166
2017-02,Commercial Litigation,Defendant,48024
2017-03,Commercial Litigation,Defendant,47503
2017-04,Commercial Litigation,Defendant,47351
2017-05,Commercial Litigation,Defendant,47409
2017-06,Commercial Litigation,Defendant,47138
2017-07,Commercial Litigation,Defendant,47005
2017-08,Commercial Litigation,Defendant,47139
2017-09,Commercial Litigation,Defendant,46733
2017-10,Commercial Litigation,Defendant,46784
2017-11,Commercial Litigation,Defendant,46403
2017-12,Commercial Litigation,Defendant,45768
2018-01,Commercial Litigation,Defendant,46005
2018-02,Commercial Litigation,Defendant,45934
2018-03,Commercial Litigation,Defendant,45558
2018-04,Commercial Litigation,Defendant,45540
2018-05,Commercial Litigation,Defendant,45768
2018-06,Commercial Litigation,Defendant,45795
2018-07,Commercial Litigation,Defendant,45253
2018-08,Commercial Litigation,Defendant,45191
2018-09,Commercial Litigation,Defendant,45059
2018-10,Commercial Litigation,Defendant,45036
2018-11,Commercial Litigation,Defendant,45108
2018-12,Commercial Litigation,Defendant,45601
2019-01,Commercial Litigation,Defendant,46728
2019-02,Commercial Litigation,Defendant,46245
2019-03,Commercial Litigation,Defendant,31163
2019-04,Commercial Litigation,Defendant,31150
2019-05,Commercial Litigation,Defendant,31005
2019-06,Commercial Litigation,Defendant,27130
2019-07,Commercial Litigation,Defendant,26739
2019-08,Commercial Litigation,Defendant,26645
2019-09,Commercial Litigation,Defendant,26316
2019-10,Commercial Litigation,Defendant,25901
2019-11,Commercial Litigation,Defendant,26146
2019-12,Commercial Litigation,Defendant,26266
2020-01,Commercial Litigation,Defendant,26031
2020-02,Commercial Litigation,Defendant,26121
2020-03,Commercial Litigation,Defendant,25638
2020-04,Commercial Litigation,Defendant,25182
2020-05,Commercial Litigation,Defendant,24602
2020-06,Commercial Litigation,Defendant,24175
2020-07,Commercial Litigation,Defendant,23711
2020-08,Commercial Litigation,Defendant,22961
2020-09,Commercial Litigation,Defendant,22606
2020-10,Commercial Litigation,Defendant,22270
2020-11,Commercial Litigation,Defendant,21882
2020-12,Commercial Litigation,Defendant,21612
2021-01,Commercial Litigation,Defendant,21162
2021-02,Commercial Litigation,Defendant,20862
2021-03,Commercial Litigation,Defendant,20656
2021-04,Commercial Litigation,Defendant,20388
2021-05,Commercial Litigation,Defendant,20176
2021-06,Commercial Litigation,Defendant,20001
2021-07,Commercial Litigation,Defendant,19585
2021-08,Commercial Litigation,Defendant,18499
2021-09,Commercial Litigation,Defendant,17386
2021-10,Commercial Litigation,Defendant,16757
2021-11,Commercial Litigation,Defendant,16731
2021-12,Commercial Litigation,Defendant,16212
2022-01,Commercial Litigation,Defendant,16238
2022-02,Commercial Litigation,Defendant,16410
2022-03,Commercial Litigation,Defendant,16882
2022-04,Commercial Litigation,Defendant,16786
2022-05,Commercial Litigation,Defendant,16622
2022-06,Commercial Litigation,Defendant,16695
2022-07,Commercial Litigation,Defendant,17130
2022-08,Commercial Litigation,Defendant,17458
2022-09,Commercial Litigation,Defendant,17719
2022-10,Commercial Litigation,Defendant,17921
2022-11,Commercial Litigation,Defendant,17983
2022-12,Commercial Litigation,Defendant,18548
2023-01,Commercial Litigation,Defendant,18786
2023-02,Commercial Litigation,Defendant,19223
2023-03,Commercial Litigation,Defendant,19533
2023-04,Commercial Litigation,Defendant,19916
2023-05,Commercial Litigation,Defendant,20236
2023-06,Commercial Litigation,Defendant,20465
2023-07,Commercial Litigation,Defendant,20420
2023-08,Commercial Litigation,Defendant,20785
2023-09,Commercial Litigation,Defendant,20349
2023-10,Commercial Litigation,Defendant,20669
2023-11,Commercial Litigation,Defendant,21067
2023-12,Commercial Litigation,Defendant,21631
2024-01,Commercial Litigation,Defendant,22143
2024-02,Commercial Litigation,Defendant,22416
2024-03,Commercial Litigation,Defendant,22123
2024-04,Commercial Litigation,Defendant,22562
2024-05,Commercial Litigation,Defendant,23055
2024-06,Commercial Litigation,Defendant,23216
2024-07,Commercial Litigation,Defendant,23785
2024-08,Commercial Litigation,Defendant,24675
2024-09,Commercial Litigation,Defendant,25292
2024-10,Commercial Litigation,Defendant,26137
2024-11,Commercial Litigation,Defendant,26781
2024-12,Commercial Litigation,Defendant,27434
2025-01,Commercial Litigation,Defendant,28542
2025-02,Commercial Litigation,Defendant,29449
2025-03,Commercial Litigation,Defendant,29118
2025-04,Commercial Litigation,Defendant,29592
2025-05,Commercial Litigation,Defendant,30535
2025-06,Commercial Litigation,Defendant,31447
2025-07,Commercial Litigation,Defendant,32296
2025-08,Commercial Litigation,Defendant,32962
2025-09,Commercial Litigation,Defendant,34030
2025-10,Commercial Litigation,Defendant,35467
2025-11,Commercial Litigation,Defendant,36457
2025-12,Commercial Litigation,Defendant,37862
2026-01,Commercial Litigation,Defendant,39235
2026-02,Commercial Litigation,Defendant,40311
2026-03,Commercial Litigation,Defendant,40761
2026-04,Commercial Litigation,Defendant,42086
2026-05,Commercial Litigation,Defendant,42866
2026-06,Commercial Litigation,Defendant,43550
2026-07,Commercial Litigation,Defendant,43557
1994-10,Employment Discrimination,Defendant,2210
1994-11,Employment Discrimination,Defendant,2243
1994-12,Employment Discrimination,Defendant,2285
1995-01,Employment Discrimination,Defendant,2319
1995-02,Employment Discrimination,Defendant,2342
1995-03,Employment Discrimination,Defendant,2401
1995-04,Employment Discrimination,Defendant,2411
1995-05,Employment Discrimination,Defendant,2419
1995-06,Employment Discrimination,Defendant,2413
1995-07,Employment Discrimination,Defendant,2427
1995-08,Employment Discrimination,Defendant,2442
1995-09,Employment Discrimination,Defendant,2454
1995-10,Employment Discrimination,Defendant,2479
1995-11,Employment Discrimination,Defendant,2490
1995-12,Employment Discrimination,Defendant,2504
1996-01,Employment Discrimination,Defendant,2491
1996-02,Employment Discrimination,Defendant,2470
1996-03,Employment Discrimination,Defendant,2450
1996-04,Employment Discrimination,Defendant,2425
1996-05,Employment Discrimination,Defendant,2420
1996-06,Employment Discrimination,Defendant,2397
1996-07,Employment Discrimination,Defendant,2380
1996-08,Employment Discrimination,Defendant,2396
1996-09,Employment Discrimination,Defendant,2396
1996-10,Employment Discrimination,Defendant,2400
1996-11,Employment Discrimination,Defendant,2417
1996-12,Employment Discrimination,Defendant,2459
1997-01,Employment Discrimination,Defendant,2444
1997-02,Employment Discrimination,Defendant,2472
1997-03,Employment Discrimination,Defendant,2483
1997-04,Employment Discrimination,Defendant,2466
1997-05,Employment Discrimination,Defendant,2483
1997-06,Employment Discrimination,Defendant,2494
1997-07,Employment Discrimination,Defendant,2504
1997-08,Employment Discrimination,Defendant,2527
1997-09,Employment Discrimination,Defendant,2540
1997-10,Employment Discrimination,Defendant,2614
1997-11,Employment Discrimination,Defendant,2605
1997-12,Employment Discrimination,Defendant,2625
1998-01,Employment Discrimination,Defendant,2597
1998-02,Employment Discrimination,Defendant,2615
1998-03,Employment Discrimination,Defendant,2597
1998-04,Employment Discrimination,Defendant,2625
1998-05,Employment Discrimination,Defendant,2616
1998-06,Employment Discrimination,Defendant,2623
1998-07,Employment Discrimination,Defendant,2649
1998-08,Employment Discrimination,Defendant,2634
1998-09,Employment Discrimination,Defendant,2633
1998-10,Employment Discrimination,Defendant,2631
1998-11,Employment Discrimination,Defendant,2622
1998-12,Employment Discrimination,Defendant,2625
1999-01,Employment Discrimination,Defendant,2626
1999-02,Employment Discrimination,Defendant,2626
1999-03,Employment Discrimination,Defendant,2623
1999-04,Employment Discrimination,Defendant,2615
1999-05,Employment Discrimination,Defendant,2650
1999-06,Employment Discrimination,Defendant,2668
1999-07,Employment Discrimination,Defendant,2677
1999-08,Employment Discrimination,Defendant,2719
1999-09,Employment Discrimination,Defendant,2684
1999-10,Employment Discrimination,Defendant,2691
1999-11,Employment Discrimination,Defendant,2713
1999-12,Employment Discrimination,Defendant,2742
2000-01,Employment Discrimination,Defendant,2766
2000-02,Employment Discrimination,Defendant,2764
2000-03,Employment Discrimination,Defendant,2693
2000-04,Employment Discrimination,Defendant,2689
2000-05,Employment Discrimination,Defendant,2703
2000-06,Employment Discrimination,Defendant,2733
2000-07,Employment Discrimination,Defendant,2721
2000-08,Employment Discrimination,Defendant,2738
2000-09,Employment Discrimination,Defendant,2732
2000-10,Employment Discrimination,Defendant,2751
2000-11,Employment Discrimination,Defendant,2745
2000-12,Employment Discrimination,Defendant,2760
2001-01,Employment Discrimination,Defendant,2723
2001-02,Employment Discrimination,Defendant,2703
2001-03,Employment Discrimination,Defendant,2690
2001-04,Employment Discrimination,Defendant,2691
2001-05,Employment Discrimination,Defendant,2667
2001-06,Employment Discrimination,Defendant,2659
2001-07,Employment Discrimination,Defendant,2682
2001-08,Employment Discrimination,Defendant,2668
2001-09,Employment Discrimination,Defendant,2654
2001-10,Employment Discrimination,Defendant,2688
2001-11,Employment Discrimination,Defendant,2695
2001-12,Employment Discrimination,Defendant,2704
2002-01,Employment Discrimination,Defendant,2686
2002-02,Employment Discrimination,Defendant,2698
2002-03,Employment Discrimination,Defendant,2664
2002-04,Employment Discrimination,Defendant,2645
2002-05,Employment Discrimination,Defendant,2656
2002-06,Employment Discrimination,Defendant,2651
2002-07,Employment Discrimination,Defendant,2681
2002-08,Employment Discrimination,Defendant,2638
2002-09,Employment Discrimination,Defendant,2626
2002-10,Employment Discrimination,Defendant,2648
2002-11,Employment Discrimination,Defendant,2696
2002-12,Employment Discrimination,Defendant,2714
2003-01,Employment Discrimination,Defendant,2675
2003-02,Employment Discrimination,Defendant,2656
2003-03,Employment Discrimination,Defendant,2651
2003-04,Employment Discrimination,Defendant,2639
2003-05,Employment Discrimination,Defendant,2646
2003-06,Employment Discrimination,Defendant,2677
2003-07,Employment Discrimination,Defendant,2655
2003-08,Employment Discrimination,Defendant,2674
2003-09,Employment Discrimination,Defendant,2667
2003-10,Employment Discrimination,Defendant,2676
2003-11,Employment Discrimination,Defendant,2692
2003-12,Employment Discrimination,Defendant,2715
2004-01,Employment Discrimination,Defendant,2723
2004-02,Employment Discrimination,Defendant,2685
2004-03,Employment Discrimination,Defendant,2665
2004-04,Employment Discrimination,Defendant,2698
2004-05,Employment Discrimination,Defendant,2718
2004-06,Employment Discrimination,Defendant,2750
2004-07,Employment Discrimination,Defendant,2781
2004-08,Employment Discrimination,Defendant,2805
2004-09,Employment Discrimination,Defendant,2797
2004-10,Employment Discrimination,Defendant,2811
2004-11,Employment Discrimination,Defendant,2845
2004-12,Employment Discrimination,Defendant,2875
2005-01,Employment Discrimination,Defendant,2868
2005-02,Employment Discrimination,Defendant,2856
2005-03,Employment Discrimination,Defendant,2795
2005-04,Employment Discrimination,Defendant,2769
2005-05,Employment Discrimination,Defendant,2761
2005-06,Employment Discrimination,Defendant,2768
2005-07,Employment Discrimination,Defendant,2759
2005-08,Employment Discrimination,Defendant,2718
2005-09,Employment Discrimination,Defendant,2716
2005-10,Employment Discrimination,Defendant,2710
2005-11,Employment Discrimination,Defendant,2694
2005-12,Employment Discrimination,Defendant,2692
2006-01,Employment Discrimination,Defendant,2645
2006-02,Employment Discrimination,Defendant,2632
2006-03,Employment Discrimination,Defendant,2564
2006-04,Employment Discrimination,Defendant,2537
2006-05,Employment Discrimination,Defendant,2534
2006-06,Employment Discrimination,Defendant,2508
2006-07,Employment Discrimination,Defendant,2479
2006-08,Employment Discrimination,Defendant,2466
2006-09,Employment Discrimination,Defendant,2416
2006-10,Employment Discrimination,Defendant,2397
2006-11,Employment Discrimination,Defendant,2397
2006-12,Employment Discrimination,Defendant,2403
2007-01,Employment Discrimination,Defendant,2399
2007-02,Employment Discrimination,Defendant,2379
2007-03,Employment Discrimination,Defendant,2314
2007-04,Employment Discrimination,Defendant,2320
2007-05,Employment Discrimination,Defendant,2270
2007-06,Employment Discrimination,Defendant,2261
2007-07,Employment Discrimination,Defendant,2251
2007-08,Employment Discrimination,Defendant,2232
2007-09,Employment Discrimination,Defendant,2217
2007-10,Employment Discrimination,Defendant,2204
2007-11,Employment Discrimination,Defendant,2201
2007-12,Employment Discrimination,Defendant,2236
2008-01,Employment Discrimination,Defendant,2219
2008-02,Employment Discrimination,Defendant,2172
2008-03,Employment Discrimination,Defendant,2135
2008-04,Employment Discrimination,Defendant,2127
2008-05,Employment Discrimination,Defendant,2129
2008-06,Employment Discrimination,Defendant,2131
2008-07,Employment Discrimination,Defendant,2128
2008-08,Employment Discrimination,Defendant,2116
2008-09,Employment Discrimination,Defendant,2099
2008-10,Employment Discrimination,Defendant,2093
2008-11,Employment Discrimination,Defendant,2108
2008-12,Employment Discrimination,Defendant,2105
2009-01,Employment Discrimination,Defendant,2098
2009-02,Employment Discrimination,Defendant,2076
2009-03,Employment Discrimination,Defendant,2033
2009-04,Employment Discrimination,Defendant,2012
2009-05,Employment Discrimination,Defendant,1986
2009-06,Employment Discrimination,Defendant,1919
2009-07,Employment Discrimination,Defendant,1891
2009-08,Employment Discrimination,Defendant,1877
2009-09,Employment Discrimination,Defendant,1845
2009-10,Employment Discrimination,Defendant,1819
2009-11,Employment Discrimination,Defendant,1823
2009-12,Employment Discrimination,Defendant,1798
2010-01,Employment Discrimination,Defendant,1755
2010-02,Employment Discrimination,Defendant,1746
2010-03,Employment Discrimination,Defendant,1682
2010-04,Employment Discrimination,Defendant,1655
2010-05,Employment Discrimination,Defendant,1643
2010-06,Employment Discrimination,Defendant,1640
2010-07,Employment Discrimination,Defendant,1626
2010-08,Employment Discrimination,Defendant,1620
2010-09,Employment Discrimination,Defendant,1610
2010-10,Employment Discrimination,Defendant,1630
2010-11,Employment Discrimination,Defendant,1642
2010-12,Employment Discrimination,Defendant,1661
2011-01,Employment Discrimination,Defendant,1641
2011-02,Employment Discrimination,Defendant,1639
2011-03,Employment Discrimination,Defendant,1627
2011-04,Employment Discrimination,Defendant,1617
2011-05,Employment Discrimination,Defendant,1613
2011-06,Employment Discrimination,Defendant,1609
2011-07,Employment Discrimination,Defendant,1618
2011-08,Employment Discrimination,Defendant,1614
2011-09,Employment Discrimination,Defendant,1602
2011-10,Employment Discrimination,Defendant,1603
2011-11,Employment Discrimination,Defendant,1608
2011-12,Employment Discrimination,Defendant,1615
2012-01,Employment Discrimination,Defendant,1612
2012-02,Employment Discrimination,Defendant,1597
2012-03,Employment Discrimination,Defendant,1562
2012-04,Employment Discrimination,Defendant,1547
2012-05,Employment Discrimination,Defendant,1540
2012-06,Employment Discrimination,Defendant,1549
2012-07,Employment Discrimination,Defendant,1532
2012-08,Employment Discrimination,Defendant,1518
2012-09,Employment Discrimination,Defendant,1499
2012-10,Employment Discrimination,Defendant,1470
2012-11,Employment Discrimination,Defendant,1482
2012-12,Employment Discrimination,Defendant,1487
2013-01,Employment Discrimination,Defendant,1483
2013-02,Employment Discrimination,Defendant,1487
2013-03,Employment Discrimination,Defendant,1459
2013-04,Employment Discrimination,Defendant,1457
2013-05,Employment Discrimination,Defendant,1460
2013-06,Employment Discrimination,Defendant,1443
2013-07,Employment Discrimination,Defendant,1450
2013-08,Employment Discrimination,Defendant,1453
2013-09,Employment Discrimination,Defendant,1425
2013-10,Employment Discrimination,Defendant,1436
2013-11,Employment Discrimination,Defendant,1419
2013-12,Employment Discrimination,Defendant,1422
2014-01,Employment Discrimination,Defendant,1401
2014-02,Employment Discrimination,Defendant,1399
2014-03,Employment Discrimination,Defendant,1372
2014-04,Employment Discrimination,Defendant,1385
2014-05,Employment Discrimination,Defendant,1399
2014-06,Employment Discrimination,Defendant,1380
2014-07,Employment Discrimination,Defendant,1378
2014-08,Employment Discrimination,Defendant,1381
2014-09,Employment Discrimination,Defendant,1381
2014-10,Employment Discrimination,Defendant,1379
2014-11,Employment Discrimination,Defendant,1392
2014-12,Employment Discrimination,Defendant,1384
2015-01,Employment Discrimination,Defendant,1374
2015-02,Employment Discrimination,Defendant,1382
2015-03,Employment Discrimination,Defendant,1365
2015-04,Employment Discrimination,Defendant,1363
2015-05,Employment Discrimination,Defendant,1356
2015-06,Employment Discrimination,Defendant,1360
2015-07,Employment Discrimination,Defendant,1337
2015-08,Employment Discrimination,Defendant,1340
2015-09,Employment Discrimination,Defendant,1328
2015-10,Employment Discrimination,Defendant,1339
2015-11,Employment Discrimination,Defendant,1319
2015-12,Employment Discrimination,Defendant,1303
2016-01,Employment Discrimination,Defendant,1309
2016-02,Employment Discrimination,Defendant,1319
2016-03,Employment Discrimination,Defendant,1311
2016-04,Employment Discrimination,Defendant,1302
2016-05,Employment Discrimination,Defendant,1283
2016-06,Employment Discrimination,Defendant,1267
2016-07,Employment Discrimination,Defendant,1260
2016-08,Employment Discrimination,Defendant,1269
2016-09,Employment Discrimination,Defendant,1267
2016-10,Employment Discrimination,Defendant,1266
2016-11,Employment Discrimination,Defendant,1264
2016-12,Employment Discrimination,Defendant,1261
2017-01,Employment Discrimination,Defendant,1252
2017-02,Employment Discrimination,Defendant,1236
2017-03,Employment Discrimination,Defendant,1203
2017-04,Employment Discrimination,Defendant,1209
2017-05,Employment Discrimination,Defendant,1206
2017-06,Employment Discrimination,Defendant,1203
2017-07,Employment Discrimination,Defendant,1206
2017-08,Employment Discrimination,Defendant,1212
2017-09,Employment Discrimination,Defendant,1213
2017-10,Employment Discrimination,Defendant,1215
2017-11,Employment Discrimination,Defendant,1227
2017-12,Employment Discrimination,Defendant,1258
2018-01,Employment Discrimination,Defendant,1266
2018-02,Employment Discrimination,Defendant,1281
2018-03,Employment Discrimination,Defendant,1251
2018-04,Employment Discrimination,Defendant,1248
2018-05,Employment Discrimination,Defendant,1258
2018-06,Employment Discrimination,Defendant,1265
2018-07,Employment Discrimination,Defendant,1277
2018-08,Employment Discrimination,Defendant,1299
2018-09,Employment Discrimination,Defendant,1307
2018-10,Employment Discrimination,Defendant,1303
2018-11,Employment Discrimination,Defendant,1305
2018-12,Employment Discrimination,Defendant,1337
2019-01,Employment Discrimination,Defendant,1375
2019-02,Employment Discrimination,Defendant,1398
2019-03,Employment Discrimination,Defendant,1383
2019-04,Employment Discrimination,Defendant,1355
2019-05,Employment Discrimination,Defendant,1349
2019-06,Employment Discrimination,Defendant,1375
2019-07,Employment Discrimination,Defendant,1376
2019-08,Employment Discrimination,Defendant,1392
2019-09,Employment Discrimination,Defendant,1407
2019-10,Employment Discrimination,Defendant,1425
2019-11,Employment Discrimination,Defendant,1419
2019-12,Employment Discrimination,Defendant,1411
2020-01,Employment Discrimination,Defendant,1399
2020-02,Employment Discrimination,Defendant,1372
2020-03,Employment Discrimination,Defendant,1399
2020-04,Employment Discrimination,Defendant,1422
2020-05,Employment Discrimination,Defendant,1439
2020-06,Employment Discrimination,Defendant,1463
2020-07,Employment Discrimination,Defendant,1478
2020-08,Employment Discrimination,Defendant,1464
2020-09,Employment Discrimination,Defendant,1455
2020-10,Employment Discrimination,Defendant,1464
2020-11,Employment Discrimination,Defendant,1465
2020-12,Employment Discrimination,Defendant,1491
2021-01,Employment Discrimination,Defendant,1501
2021-02,Employment Discrimination,Defendant,1516
2021-03,Employment Discrimination,Defendant,1509
2021-04,Employment Discrimination,Defendant,1524
2021-05,Employment Discrimination,Defendant,1513
2021-06,Employment Discrimination,Defendant,1515
2021-07,Employment Discrimination,Defendant,1540
2021-08,Employment Discrimination,Defendant,1540
2021-09,Employment Discrimination,Defendant,1536
2021-10,Employment Discrimination,Defendant,1548
2021-11,Employment Discrimination,Defendant,1542
2021-12,Employment Discrimination,Defendant,1539
2022-01,Employment Discrimination,Defendant,1550
2022-02,Employment Discrimination,Defendant,1560
2022-03,Employment Discrimination,Defendant,1550
2022-04,Employment Discrimination,Defendant,1556
2022-05,Employment Discrimination,Defendant,1573
2022-06,Employment Discrimination,Defendant,1587
2022-07,Employment Discrimination,Defendant,1595
2022-08,Employment Discrimination,Defendant,1597
2022-09,Employment Discrimination,Defendant,1599
2022-10,Employment Discrimination,Defendant,1601
2022-11,Employment Discrimination,Defendant,1582
2022-12,Employment Discrimination,Defendant,1592
2023-01,Employment Discrimination,Defendant,1586
2023-02,Employment Discrimination,Defendant,1571
2023-03,Employment Discrimination,Defendant,1546
2023-04,Employment Discrimination,Defendant,1535
2023-05,Employment Discrimination,Defendant,1531
2023-06,Employment Discrimination,Defendant,1529
2023-07,Employment Discrimination,Defendant,1531
2023-08,Employment Discrimination,Defendant,1497
2023-09,Employment Discrimination,Defendant,1468
2023-10,Employment Discrimination,Defendant,1480
2023-11,Employment Discrimination,Defendant,1487
2023-12,Employment Discrimination,Defendant,1502
2024-01,Employment Discrimination,Defendant,1508
2024-02,Employment Discrimination,Defendant,1514
2024-03,Employment Discrimination,Defendant,1514
2024-04,Employment Discrimination,Defendant,1521
2024-05,Employment Discrimination,Defendant,1510
2024-06,Employment Discrimination,Defendant,1494
2024-07,Employment Discrimination,Defendant,1479
2024-08,Employment Discrimination,Defendant,1478
2024-09,Employment Discrimination,Defendant,1459
2024-10,Employment Discrimination,Defendant,1464
2024-11,Employment Discrimination,Defendant,1464
2024-12,Employment Discrimination,Defendant,1463
2025-01,Employment Discrimination,Defendant,1466
2025-02,Employment Discrimination,Defendant,1441
2025-03,Employment Discrimination,Defendant,1417
2025-04,Employment Discrimination,Defendant,1397
2025-05,Employment Discrimination,Defendant,1390
2025-06,Employment Discrimination,Defendant,1396
2025-07,Employment Discrimination,Defendant,1397
2025-08,Employment Discrimination,Defendant,1417
2025-09,Employment Discrimination,Defendant,1431
2025-10,Employment Discrimination,Defendant,1468
2025-11,Employment Discrimination,Defendant,1494
2025-12,Employment Discrimination,Defendant,1530
2026-01,Employment Discrimination,Defendant,1538
2026-02,Employment Discrimination,Defendant,1548
2026-03,Employment Discrimination,Defendant,1543
2026-04,Employment Discrimination,Defendant,1583
2026-05,Employment Discrimination,Defendant,1610
2026-06,Employment Discrimination,Defendant,1641
2026-07,Employment Discrimination,Defendant,1635
1994-10,Environmental/Lands,Defendant,1259
1994-11,Environmental/Lands,Defendant,1278
1994-12,Environmental/Lands,Defendant,1287
1995-01,Environmental/Lands,Defendant,1279
1995-02,Environmental/Lands,Defendant,1283
1995-03,Environmental/Lands,Defendant,1287
1995-04,Environmental/Lands,Defendant,1291
1995-05,Environmental/Lands,Defendant,1277
1995-06,Environmental/Lands,Defendant,1231
1995-07,Environmental/Lands,Defendant,1249
1995-08,Environmental/Lands,Defendant,1240
1995-09,Environmental/Lands,Defendant,1257
1995-10,Environmental/Lands,Defendant,1259
1995-11,Environmental/Lands,Defendant,1262
1995-12,Environmental/Lands,Defendant,1282
1996-01,Environmental/Lands,Defendant,1296
1996-02,Environmental/Lands,Defendant,1287
1996-03,Environmental/Lands,Defendant,1293
1996-04,Environmental/Lands,Defendant,1308
1996-05,Environmental/Lands,Defendant,1323
1996-06,Environmental/Lands,Defendant,1274
1996-07,Environmental/Lands,Defendant,1262
1996-08,Environmental/Lands,Defendant,1278
1996-09,Environmental/Lands,Defendant,1277
1996-10,Environmental/Lands,Defendant,1287
1996-11,Environmental/Lands,Defendant,1272
1996-12,Environmental/Lands,Defendant,1274
1997-01,Environmental/Lands,Defendant,1255
1997-02,Environmental/Lands,Defendant,1273
1997-03,Environmental/Lands,Defendant,1272
1997-04,Environmental/Lands,Defendant,1293
1997-05,Environmental/Lands,Defendant,1275
1997-06,Environmental/Lands,Defendant,1262
1997-07,Environmental/Lands,Defendant,1271
1997-08,Environmental/Lands,Defendant,1254
1997-09,Environmental/Lands,Defendant,1251
1997-10,Environmental/Lands,Defendant,1255
1997-11,Environmental/Lands,Defendant,1253
1997-12,Environmental/Lands,Defendant,1254
1998-01,Environmental/Lands,Defendant,1260
1998-02,Environmental/Lands,Defendant,1244
1998-03,Environmental/Lands,Defendant,1238
1998-04,Environmental/Lands,Defendant,1236
1998-05,Environmental/Lands,Defendant,1250
1998-06,Environmental/Lands,Defendant,1265
1998-07,Environmental/Lands,Defendant,1275
1998-08,Environmental/Lands,Defendant,1259
1998-09,Environmental/Lands,Defendant,1227
1998-10,Environmental/Lands,Defendant,1227
1998-11,Environmental/Lands,Defendant,1223
1998-12,Environmental/Lands,Defendant,1241
1999-01,Environmental/Lands,Defendant,1222
1999-02,Environmental/Lands,Defendant,1219
1999-03,Environmental/Lands,Defendant,1215
1999-04,Environmental/Lands,Defendant,1214
1999-05,Environmental/Lands,Defendant,1228
1999-06,Environmental/Lands,Defendant,1253
1999-07,Environmental/Lands,Defendant,1214
1999-08,Environmental/Lands,Defendant,1218
1999-09,Environmental/Lands,Defendant,1224
1999-10,Environmental/Lands,Defendant,1218
1999-11,Environmental/Lands,Defendant,1191
1999-12,Environmental/Lands,Defendant,1176
2000-01,Environmental/Lands,Defendant,1172
2000-02,Environmental/Lands,Defendant,1150
2000-03,Environmental/Lands,Defendant,1112
2000-04,Environmental/Lands,Defendant,1113
2000-05,Environmental/Lands,Defendant,1122
2000-06,Environmental/Lands,Defendant,1128
2000-07,Environmental/Lands,Defendant,1109
2000-08,Environmental/Lands,Defendant,1117
2000-09,Environmental/Lands,Defendant,1104
2000-10,Environmental/Lands,Defendant,1114
2000-11,Environmental/Lands,Defendant,1173
2000-12,Environmental/Lands,Defendant,1203
2001-01,Environmental/Lands,Defendant,1215
2001-02,Environmental/Lands,Defendant,1214
2001-03,Environmental/Lands,Defendant,1202
2001-04,Environmental/Lands,Defendant,1199
2001-05,Environmental/Lands,Defendant,1207
2001-06,Environmental/Lands,Defendant,1179
2001-07,Environmental/Lands,Defendant,1164
2001-08,Environmental/Lands,Defendant,1146
2001-09,Environmental/Lands,Defendant,1137
2001-10,Environmental/Lands,Defendant,1133
2001-11,Environmental/Lands,Defendant,1113
2001-12,Environmental/Lands,Defendant,1111
2002-01,Environmental/Lands,Defendant,1129
2002-02,Environmental/Lands,Defendant,1128
2002-03,Environmental/Lands,Defendant,1132
2002-04,Environmental/Lands,Defendant,1140
2002-05,Environmental/Lands,Defendant,1121
2002-06,Environmental/Lands,Defendant,1132
2002-07,Environmental/Lands,Defendant,1134
2002-08,Environmental/Lands,Defendant,1032
2002-09,Environmental/Lands,Defendant,1042
2002-10,Environmental/Lands,Defendant,1046
2002-11,Environmental/Lands,Defendant,1055
2002-12,Environmental/Lands,Defendant,1061
2003-01,Environmental/Lands,Defendant,1039
2003-02,Environmental/Lands,Defendant,1037
2003-03,Environmental/Lands,Defendant,1021
2003-04,Environmental/Lands,Defendant,1010
2003-05,Environmental/Lands,Defendant,1017
2003-06,Environmental/Lands,Defendant,1018
2003-07,Environmental/Lands,Defendant,993
2003-08,Environmental/Lands,Defendant,996
2003-09,Environmental/Lands,Defendant,995
2003-10,Environmental/Lands,Defendant,993
2003-11,Environmental/Lands,Defendant,999
2003-12,Environmental/Lands,Defendant,1009
2004-01,Environmental/Lands,Defendant,1019
2004-02,Environmental/Lands,Defendant,1003
2004-03,Environmental/Lands,Defendant,1009
2004-04,Environmental/Lands,Defendant,1031
2004-05,Environmental/Lands,Defendant,1051
2004-06,Environmental/Lands,Defendant,1046
2004-07,Environmental/Lands,Defendant,1056
2004-08,Environmental/Lands,Defendant,1037
2004-09,Environmental/Lands,Defendant,1044
2004-10,Environmental/Lands,Defendant,1037
2004-11,Environmental/Lands,Defendant,1027
2004-12,Environmental/Lands,Defendant,1019
2005-01,Environmental/Lands,Defendant,1000
2005-02,Environmental/Lands,Defendant,1000
2005-03,Environmental/Lands,Defendant,986
2005-04,Environmental/Lands,Defendant,987
2005-05,Environmental/Lands,Defendant,972
2005-06,Environmental/Lands,Defendant,990
2005-07,Environmental/Lands,Defendant,979
2005-08,Environmental/Lands,Defendant,969
2005-09,Environmental/Lands,Defendant,940
2005-10,Environmental/Lands,Defendant,935
2005-11,Environmental/Lands,Defendant,919
2005-12,Environmental/Lands,Defendant,923
2006-01,Environmental/Lands,Defendant,937
2006-02,Environmental/Lands,Defendant,940
2006-03,Environmental/Lands,Defendant,915
2006-04,Environmental/Lands,Defendant,915
2006-05,Environmental/Lands,Defendant,917
2006-06,Environmental/Lands,Defendant,909
2006-07,Environmental/Lands,Defendant,938
2006-08,Environmental/Lands,Defendant,923
2006-09,Environmental/Lands,Defendant,918
2006-10,Environmental/Lands,Defendant,915
2006-11,Environmental/Lands,Defendant,929
2006-12,Environmental/Lands,Defendant,965
2007-01,Environmental/Lands,Defendant,924
2007-02,Environmental/Lands,Defendant,930
2007-03,Environmental/Lands,Defendant,892
2007-04,Environmental/Lands,Defendant,872
2007-05,Environmental/Lands,Defendant,877
2007-06,Environmental/Lands,Defendant,872
2007-07,Environmental/Lands,Defendant,879
2007-08,Environmental/Lands,Defendant,872
2007-09,Environmental/Lands,Defendant,849
2007-10,Environmental/Lands,Defendant,848
2007-11,Environmental/Lands,Defendant,848
2007-12,Environmental/Lands,Defendant,837
2008-01,Environmental/Lands,Defendant,828
2008-02,Environmental/Lands,Defendant,803
2008-03,Environmental/Lands,Defendant,801
2008-04,Environmental/Lands,Defendant,785
2008-05,Environmental/Lands,Defendant,780
2008-06,Environmental/Lands,Defendant,783
2008-07,Environmental/Lands,Defendant,779
2008-08,Environmental/Lands,Defendant,776
2008-09,Environmental/Lands,Defendant,778
2008-10,Environmental/Lands,Defendant,775
2008-11,Environmental/Lands,Defendant,790
2008-12,Environmental/Lands,Defendant,796
2009-01,Environmental/Lands,Defendant,831
2009-02,Environmental/Lands,Defendant,830
2009-03,Environmental/Lands,Defendant,831
2009-04,Environmental/Lands,Defendant,832
2009-05,Environmental/Lands,Defendant,829
2009-06,Environmental/Lands,Defendant,841
2009-07,Environmental/Lands,Defendant,810
2009-08,Environmental/Lands,Defendant,791
2009-09,Environmental/Lands,Defendant,795
2009-10,Environmental/Lands,Defendant,813
2009-11,Environmental/Lands,Defendant,808
2009-12,Environmental/Lands,Defendant,820
2010-01,Environmental/Lands,Defendant,825
2010-02,Environmental/Lands,Defendant,831
2010-03,Environmental/Lands,Defendant,818
2010-04,Environmental/Lands,Defendant,782
2010-05,Environmental/Lands,Defendant,780
2010-06,Environmental/Lands,Defendant,790
2010-07,Environmental/Lands,Defendant,783
2010-08,Environmental/Lands,Defendant,779
2010-09,Environmental/Lands,Defendant,738
2010-10,Environmental/Lands,Defendant,750
2010-11,Environmental/Lands,Defendant,759
2010-12,Environmental/Lands,Defendant,752
2011-01,Environmental/Lands,Defendant,766
2011-02,Environmental/Lands,Defendant,758
2011-03,Environmental/Lands,Defendant,713
2011-04,Environmental/Lands,Defendant,703
2011-05,Environmental/Lands,Defendant,709
2011-06,Environmental/Lands,Defendant,701
2011-07,Environmental/Lands,Defendant,707
2011-08,Environmental/Lands,Defendant,717
2011-09,Environmental/Lands,Defendant,703
2011-10,Environmental/Lands,Defendant,693
2011-11,Environmental/Lands,Defendant,707
2011-12,Environmental/Lands,Defendant,712
2012-01,Environmental/Lands,Defendant,698
2012-02,Environmental/Lands,Defendant,694
2012-03,Environmental/Lands,Defendant,680
2012-04,Environmental/Lands,Defendant,674
2012-05,Environmental/Lands,Defendant,687
2012-06,Environmental/Lands,Defendant,694
2012-07,Environmental/Lands,Defendant,699
2012-08,Environmental/Lands,Defendant,711
2012-09,Environmental/Lands,Defendant,704
2012-10,Environmental/Lands,Defendant,702
2012-11,Environmental/Lands,Defendant,705
2012-12,Environmental/Lands,Defendant,704
2013-01,Environmental/Lands,Defendant,703
2013-02,Environmental/Lands,Defendant,695
2013-03,Environmental/Lands,Defendant,685
2013-04,Environmental/Lands,Defendant,690
2013-05,Environmental/Lands,Defendant,695
2013-06,Environmental/Lands,Defendant,707
2013-07,Environmental/Lands,Defendant,691
2013-08,Environmental/Lands,Defendant,679
2013-09,Environmental/Lands,Defendant,661
2013-10,Environmental/Lands,Defendant,670
2013-11,Environmental/Lands,Defendant,669
2013-12,Environmental/Lands,Defendant,678
2014-01,Environmental/Lands,Defendant,685
2014-02,Environmental/Lands,Defendant,682
2014-03,Environmental/Lands,Defendant,678
2014-04,Environmental/Lands,Defendant,676
2014-05,Environmental/Lands,Defendant,680
2014-06,Environmental/Lands,Defendant,682
2014-07,Environmental/Lands,Defendant,668
2014-08,Environmental/Lands,Defendant,654
2014-09,Environmental/Lands,Defendant,633
2014-10,Environmental/Lands,Defendant,631
2014-11,Environmental/Lands,Defendant,642
2014-12,Environmental/Lands,Defendant,632
2015-01,Environmental/Lands,Defendant,653
2015-02,Environmental/Lands,Defendant,642
2015-03,Environmental/Lands,Defendant,661
2015-04,Environmental/Lands,Defendant,651
2015-05,Environmental/Lands,Defendant,645
2015-06,Environmental/Lands,Defendant,640
2015-07,Environmental/Lands,Defendant,643
2015-08,Environmental/Lands,Defendant,617
2015-09,Environmental/Lands,Defendant,603
2015-10,Environmental/Lands,Defendant,601
2015-11,Environmental/Lands,Defendant,600
2015-12,Environmental/Lands,Defendant,591
2016-01,Environmental/Lands,Defendant,588
2016-02,Environmental/Lands,Defendant,592
2016-03,Environmental/Lands,Defendant,579
2016-04,Environmental/Lands,Defendant,578
2016-05,Environmental/Lands,Defendant,589
2016-06,Environmental/Lands,Defendant,601
2016-07,Environmental/Lands,Defendant,606
2016-08,Environmental/Lands,Defendant,597
2016-09,Environmental/Lands,Defendant,589
2016-10,Environmental/Lands,Defendant,602
2016-11,Environmental/Lands,Defendant,598
2016-12,Environmental/Lands,Defendant,605
2017-01,Environmental/Lands,Defendant,588
2017-02,Environmental/Lands,Defendant,583
2017-03,Environmental/Lands,Defendant,562
2017-04,Environmental/Lands,Defendant,553
2017-05,Environmental/Lands,Defendant,556
2017-06,Environmental/Lands,Defendant,547
2017-07,Environmental/Lands,Defendant,539
2017-08,Environmental/Lands,Defendant,531
2017-09,Environmental/Lands,Defendant,531
2017-10,Environmental/Lands,Defendant,541
2017-11,Environmental/Lands,Defendant,542
2017-12,Environmental/Lands,Defendant,538
2018-01,Environmental/Lands,Defendant,527
2018-02,Environmental/Lands,Defendant,528
2018-03,Environmental/Lands,Defendant,516
2018-04,Environmental/Lands,Defendant,529
2018-05,Environmental/Lands,Defendant,528
2018-06,Environmental/Lands,Defendant,533
2018-07,Environmental/Lands,Defendant,524
2018-08,Environmental/Lands,Defendant,514
2018-09,Environmental/Lands,Defendant,507
2018-10,Environmental/Lands,Defendant,505
2018-11,Environmental/Lands,Defendant,513
2018-12,Environmental/Lands,Defendant,502
2019-01,Environmental/Lands,Defendant,511
2019-02,Environmental/Lands,Defendant,506
2019-03,Environmental/Lands,Defendant,496
2019-04,Environmental/Lands,Defendant,504
2019-05,Environmental/Lands,Defendant,502
2019-06,Environmental/Lands,Defendant,511
2019-07,Environmental/Lands,Defendant,517
2019-08,Environmental/Lands,Defendant,518
2019-09,Environmental/Lands,Defendant,516
2019-10,Environmental/Lands,Defendant,522
2019-11,Environmental/Lands,Defendant,538
2019-12,Environmental/Lands,Defendant,536
2020-01,Environmental/Lands,Defendant,547
2020-02,Environmental/Lands,Defendant,547
2020-03,Environmental/Lands,Defendant,543
2020-04,Environmental/Lands,Defendant,547
2020-05,Environmental/Lands,Defendant,560
2020-06,Environmental/Lands,Defendant,560
2020-07,Environmental/Lands,Defendant,574
2020-08,Environmental/Lands,Defendant,577
2020-09,Environmental/Lands,Defendant,573
2020-10,Environmental/Lands,Defendant,577
2020-11,Environmental/Lands,Defendant,591
2020-12,Environmental/Lands,Defendant,597
2021-01,Environmental/Lands,Defendant,609
2021-02,Environmental/Lands,Defendant,602
2021-03,Environmental/Lands,Defendant,591
2021-04,Environmental/Lands,Defendant,601
2021-05,Environmental/Lands,Defendant,601
2021-06,Environmental/Lands,Defendant,596
2021-07,Environmental/Lands,Defendant,601
2021-08,Environmental/Lands,Defendant,598
2021-09,Environmental/Lands,Defendant,589
2021-10,Environmental/Lands,Defendant,575
2021-11,Environmental/Lands,Defendant,579
2021-12,Environmental/Lands,Defendant,580
2022-01,Environmental/Lands,Defendant,585
2022-02,Environmental/Lands,Defendant,597
2022-03,Environmental/Lands,Defendant,575
2022-04,Environmental/Lands,Defendant,578
2022-05,Environmental/Lands,Defendant,583
2022-06,Environmental/Lands,Defendant,584
2022-07,Environmental/Lands,Defendant,585
2022-08,Environmental/Lands,Defendant,557
2022-09,Environmental/Lands,Defendant,526
2022-10,Environmental/Lands,Defendant,527
2022-11,Environmental/Lands,Defendant,532
2022-12,Environmental/Lands,Defendant,527
2023-01,Environmental/Lands,Defendant,517
2023-02,Environmental/Lands,Defendant,509
2023-03,Environmental/Lands,Defendant,502
2023-04,Environmental/Lands,Defendant,509
2023-05,Environmental/Lands,Defendant,510
2023-06,Environmental/Lands,Defendant,517
2023-07,Environmental/Lands,Defendant,516
2023-08,Environmental/Lands,Defendant,514
2023-09,Environmental/Lands,Defendant,520
2023-10,Environmental/Lands,Defendant,514
2023-11,Environmental/Lands,Defendant,521
2023-12,Environmental/Lands,Defendant,528
2024-01,Environmental/Lands,Defendant,539
2024-02,Environmental/Lands,Defendant,530
2024-03,Environmental/Lands,Defendant,531
2024-04,Environmental/Lands,Defendant,544
2024-05,Environmental/Lands,Defendant,554
2024-06,Environmental/Lands,Defendant,572
2024-07,Environmental/Lands,Defendant,601
2024-08,Environmental/Lands,Defendant,634
2024-09,Environmental/Lands,Defendant,670
2024-10,Environmental/Lands,Defendant,703
2024-11,Environmental/Lands,Defendant,713
2024-12,Environmental/Lands,Defendant,738
2025-01,Environmental/Lands,Defendant,759
2025-02,Environmental/Lands,Defendant,758
2025-03,Environmental/Lands,Defendant,767
2025-04,Environmental/Lands,Defendant,806
2025-05,Environmental/Lands,Defendant,848
2025-06,Environmental/Lands,Defendant,916
2025-07,Environmental/Lands,Defendant,967
2025-08,Environmental/Lands,Defendant,1028
2025-09,Environmental/Lands,Defendant,1062
2025-10,Environmental/Lands,Defendant,1139
2025-11,Environmental/Lands,Defendant,1194
2025-12,Environmental/Lands,Defendant,1271
2026-01,Environmental/Lands,Defendant,1317
2026-02,Environmental/Lands,Defendant,1355
2026-03,Environmental/Lands,Defendant,1396
2026-04,Environmental/Lands,Defendant,1388
2026-05,Environmental/Lands,Defendant,1419
2026-06,Environmental/Lands,Defendant,1472
2026-07,Environmental/Lands,Defendant,1452
1994-10,Fraud,Defendant,99
1994-11,Fraud,Defendant,105
1994-12,Fraud,Defendant,109
1995-01,Fraud,Defendant,112
1995-02,Fraud,Defendant,115
1995-03,Fraud,Defendant,118
1995-04,Fraud,Defendant,118
1995-05,Fraud,Defendant,116
1995-06,Fraud,Defendant,116
1995-07,Fraud,Defendant,114
1995-08,Fraud,Defendant,117
1995-09,Fraud,Defendant,119
1995-10,Fraud,Defendant,118
1995-11,Fraud,Defendant,117
1995-12,Fraud,Defendant,120
1996-01,Fraud,Defendant,123
1996-02,Fraud,Defendant,107
1996-03,Fraud,Defendant,101
1996-04,Fraud,Defendant,103
1996-05,Fraud,Defendant,101
1996-06,Fraud,Defendant,104
1996-07,Fraud,Defendant,103
1996-08,Fraud,Defendant,104
1996-09,Fraud,Defendant,104
1996-10,Fraud,Defendant,114
1996-11,Fraud,Defendant,117
1996-12,Fraud,Defendant,120
1997-01,Fraud,Defendant,119
1997-02,Fraud,Defendant,123
1997-03,Fraud,Defendant,128
1997-04,Fraud,Defendant,127
1997-05,Fraud,Defendant,123
1997-06,Fraud,Defendant,124
1997-07,Fraud,Defendant,118
1997-08,Fraud,Defendant,124
1997-09,Fraud,Defendant,121
1997-10,Fraud,Defendant,118
1997-11,Fraud,Defendant,113
1997-12,Fraud,Defendant,111
1998-01,Fraud,Defendant,113
1998-02,Fraud,Defendant,113
1998-03,Fraud,Defendant,112
1998-04,Fraud,Defendant,112
1998-05,Fraud,Defendant,113
1998-06,Fraud,Defendant,111
1998-07,Fraud,Defendant,106
1998-08,Fraud,Defendant,102
1998-09,Fraud,Defendant,103
1998-10,Fraud,Defendant,104
1998-11,Fraud,Defendant,101
1998-12,Fraud,Defendant,102
1999-01,Fraud,Defendant,101
1999-02,Fraud,Defendant,102
1999-03,Fraud,Defendant,103
1999-04,Fraud,Defendant,105
1999-05,Fraud,Defendant,104
1999-06,Fraud,Defendant,99
1999-07,Fraud,Defendant,96
1999-08,Fraud,Defendant,95
1999-09,Fraud,Defendant,93
1999-10,Fraud,Defendant,95
1999-11,Fraud,Defendant,95
1999-12,Fraud,Defendant,94
2000-01,Fraud,Defendant,88
2000-02,Fraud,Defendant,86
2000-03,Fraud,Defendant,80
2000-04,Fraud,Defendant,82
2000-05,Fraud,Defendant,82
2000-06,Fraud,Defendant,78
2000-07,Fraud,Defendant,79
2000-08,Fraud,Defendant,75
2000-09,Fraud,Defendant,68
2000-10,Fraud,Defendant,69
2000-11,Fraud,Defendant,72
2000-12,Fraud,Defendant,69
2001-01,Fraud,Defendant,68
2001-02,Fraud,Defendant,67
2001-03,Fraud,Defendant,65
2001-04,Fraud,Defendant,63
2001-05,Fraud,Defendant,63
2001-06,Fraud,Defendant,67
2001-07,Fraud,Defendant,66
2001-08,Fraud,Defendant,62
2001-09,Fraud,Defendant,64
2001-10,Fraud,Defendant,66
2001-11,Fraud,Defendant,63
2001-12,Fraud,Defendant,61
2002-01,Fraud,Defendant,60
2002-02,Fraud,Defendant,62
2002-03,Fraud,Defendant,59
2002-04,Fraud,Defendant,55
2002-05,Fraud,Defendant,53
2002-06,Fraud,Defendant,53
2002-07,Fraud,Defendant,57
2002-08,Fraud,Defendant,61
2002-09,Fraud,Defendant,65
2002-10,Fraud,Defendant,66
2002-11,Fraud,Defendant,66
2002-12,Fraud,Defendant,62
2003-01,Fraud,Defendant,63
2003-02,Fraud,Defendant,60
2003-03,Fraud,Defendant,57
2003-04,Fraud,Defendant,56
2003-05,Fraud,Defendant,56
2003-06,Fraud,Defendant,54
2003-07,Fraud,Defendant,56
2003-08,Fraud,Defendant,56
2003-09,Fraud,Defendant,56
2003-10,Fraud,Defendant,55
2003-11,Fraud,Defendant,55
2003-12,Fraud,Defendant,55
2004-01,Fraud,Defendant,56
2004-02,Fraud,Defendant,54
2004-03,Fraud,Defendant,52
2004-04,Fraud,Defendant,56
2004-05,Fraud,Defendant,57
2004-06,Fraud,Defendant,61
2004-07,Fraud,Defendant,60
2004-08,Fraud,Defendant,58
2004-09,Fraud,Defendant,57
2004-10,Fraud,Defendant,59
2004-11,Fraud,Defendant,63
2004-12,Fraud,Defendant,61
2005-01,Fraud,Defendant,59
2005-02,Fraud,Defendant,64
2005-03,Fraud,Defendant,61
2005-04,Fraud,Defendant,63
2005-05,Fraud,Defendant,59
2005-06,Fraud,Defendant,62
2005-07,Fraud,Defendant,62
2005-08,Fraud,Defendant,59
2005-09,Fraud,Defendant,61
2005-10,Fraud,Defendant,62
2005-11,Fraud,Defendant,66
2005-12,Fraud,Defendant,66
2006-01,Fraud,Defendant,64
2006-02,Fraud,Defendant,62
2006-03,Fraud,Defendant,63
2006-04,Fraud,Defendant,63
2006-05,Fraud,Defendant,61
2006-06,Fraud,Defendant,64
2006-07,Fraud,Defendant,65
2006-08,Fraud,Defendant,63
2006-09,Fraud,Defendant,63
2006-10,Fraud,Defendant,65
2006-11,Fraud,Defendant,66
2006-12,Fraud,Defendant,67
2007-01,Fraud,Defendant,63
2007-02,Fraud,Defendant,62
2007-03,Fraud,Defendant,64
2007-04,Fraud,Defendant,65
2007-05,Fraud,Defendant,60
2007-06,Fraud,Defendant,64
2007-07,Fraud,Defendant,57
2007-08,Fraud,Defendant,55
2007-09,Fraud,Defendant,54
2007-10,Fraud,Defendant,54
2007-11,Fraud,Defendant,57
2007-12,Fraud,Defendant,56
2008-01,Fraud,Defendant,53
2008-02,Fraud,Defendant,49
2008-03,Fraud,Defendant,49
2008-04,Fraud,Defendant,45
2008-05,Fraud,Defendant,45
2008-06,Fraud,Defendant,45
2008-07,Fraud,Defendant,43
2008-08,Fraud,Defendant,45
2008-09,Fraud,Defendant,43
2008-10,Fraud,Defendant,45
2008-11,Fraud,Defendant,44
2008-12,Fraud,Defendant,38
2009-01,Fraud,Defendant,41
2009-02,Fraud,Defendant,40
2009-03,Fraud,Defendant,35
2009-04,Fraud,Defendant,35
2009-05,Fraud,Defendant,36
2009-06,Fraud,Defendant,37
2009-07,Fraud,Defendant,42
2009-08,Fraud,Defendant,47
2009-09,Fraud,Defendant,47
2009-10,Fraud,Defendant,49
2009-11,Fraud,Defendant,51
2009-12,Fraud,Defendant,53
2010-01,Fraud,Defendant,56
2010-02,Fraud,Defendant,59
2010-03,Fraud,Defendant,57
2010-04,Fraud,Defendant,55
2010-05,Fraud,Defendant,53
2010-06,Fraud,Defendant,49
2010-07,Fraud,Defendant,47
2010-08,Fraud,Defendant,49
2010-09,Fraud,Defendant,48
2010-10,Fraud,Defendant,48
2010-11,Fraud,Defendant,47
2010-12,Fraud,Defendant,46
2011-01,Fraud,Defendant,48
2011-02,Fraud,Defendant,47
2011-03,Fraud,Defendant,48
2011-04,Fraud,Defendant,50
2011-05,Fraud,Defendant,50
2011-06,Fraud,Defendant,47
2011-07,Fraud,Defendant,47
2011-08,Fraud,Defendant,48
2011-09,Fraud,Defendant,50
2011-10,Fraud,Defendant,53
2011-11,Fraud,Defendant,53
2011-12,Fraud,Defendant,54
2012-01,Fraud,Defendant,56
2012-02,Fraud,Defendant,54
2012-03,Fraud,Defendant,53
2012-04,Fraud,Defendant,53
2012-05,Fraud,Defendant,50
2012-06,Fraud,Defendant,49
2012-07,Fraud,Defendant,51
2012-08,Fraud,Defendant,51
2012-09,Fraud,Defendant,51
2012-10,Fraud,Defendant,51
2012-11,Fraud,Defendant,52
2012-12,Fraud,Defendant,50
2013-01,Fraud,Defendant,51
2013-02,Fraud,Defendant,49
2013-03,Fraud,Defendant,49
2013-04,Fraud,Defendant,50
2013-05,Fraud,Defendant,51
2013-06,Fraud,Defendant,49
2013-07,Fraud,Defendant,51
2013-08,Fraud,Defendant,51
2013-09,Fraud,Defendant,49
2013-10,Fraud,Defendant,48
2013-11,Fraud,Defendant,51
2013-12,Fraud,Defendant,52
2014-01,Fraud,Defendant,55
2014-02,Fraud,Defendant,57
2014-03,Fraud,Defendant,54
2014-04,Fraud,Defendant,54
2014-05,Fraud,Defendant,55
2014-06,Fraud,Defendant,56
2014-07,Fraud,Defendant,56
2014-08,Fraud,Defendant,56
2014-09,Fraud,Defendant,56
2014-10,Fraud,Defendant,57
2014-11,Fraud,Defendant,56
2014-12,Fraud,Defendant,52
2015-01,Fraud,Defendant,49
2015-02,Fraud,Defendant,51
2015-03,Fraud,Defendant,53
2015-04,Fraud,Defendant,53
2015-05,Fraud,Defendant,53
2015-06,Fraud,Defendant,55
2015-07,Fraud,Defendant,58
2015-08,Fraud,Defendant,60
2015-09,Fraud,Defendant,62
2015-10,Fraud,Defendant,66
2015-11,Fraud,Defendant,68
2015-12,Fraud,Defendant,68
2016-01,Fraud,Defendant,72
2016-02,Fraud,Defendant,67
2016-03,Fraud,Defendant,61
2016-04,Fraud,Defendant,61
2016-05,Fraud,Defendant,59
2016-06,Fraud,Defendant,59
2016-07,Fraud,Defendant,57
2016-08,Fraud,Defendant,54
2016-09,Fraud,Defendant,53
2016-10,Fraud,Defendant,51
2016-11,Fraud,Defendant,48
2016-12,Fraud,Defendant,49
2017-01,Fraud,Defendant,45
2017-02,Fraud,Defendant,44
2017-03,Fraud,Defendant,41
2017-04,Fraud,Defendant,41
2017-05,Fraud,Defendant,40
2017-06,Fraud,Defendant,40
2017-07,Fraud,Defendant,36
2017-08,Fraud,Defendant,33
2017-09,Fraud,Defendant,32
2017-10,Fraud,Defendant,32
2017-11,Fraud,Defendant,33
2017-12,Fraud,Defendant,35
2018-01,Fraud,Defendant,33
2018-02,Fraud,Defendant,31
2018-03,Fraud,Defendant,32
2018-04,Fraud,Defendant,31
2018-05,Fraud,Defendant,31
2018-06,Fraud,Defendant,32
2018-07,Fraud,Defendant,30
2018-08,Fraud,Defendant,31
2018-09,Fraud,Defendant,31
2018-10,Fraud,Defendant,31
2018-11,Fraud,Defendant,30
2018-12,Fraud,Defendant,33
2019-01,Fraud,Defendant,31
2019-02,Fraud,Defendant,33
2019-03,Fraud,Defendant,33
2019-04,Fraud,Defendant,38
2019-05,Fraud,Defendant,39
2019-06,Fraud,Defendant,41
2019-07,Fraud,Defendant,42
2019-08,Fraud,Defendant,40
2019-09,Fraud,Defendant,36
2019-10,Fraud,Defendant,38
2019-11,Fraud,Defendant,38
2019-12,Fraud,Defendant,38
2020-01,Fraud,Defendant,38
2020-02,Fraud,Defendant,37
2020-03,Fraud,Defendant,39
2020-04,Fraud,Defendant,39
2020-05,Fraud,Defendant,36
2020-06,Fraud,Defendant,37
2020-07,Fraud,Defendant,39
2020-08,Fraud,Defendant,41
2020-09,Fraud,Defendant,44
2020-10,Fraud,Defendant,44
2020-11,Fraud,Defendant,49
2020-12,Fraud,Defendant,49
2021-01,Fraud,Defendant,48
2021-02,Fraud,Defendant,46
2021-03,Fraud,Defendant,41
2021-04,Fraud,Defendant,44
2021-05,Fraud,Defendant,45
2021-06,Fraud,Defendant,45
2021-07,Fraud,Defendant,43
2021-08,Fraud,Defendant,46
2021-09,Fraud,Defendant,47
2021-10,Fraud,Defendant,50
2021-11,Fraud,Defendant,49
2021-12,Fraud,Defendant,51
2022-01,Fraud,Defendant,54
2022-02,Fraud,Defendant,52
2022-03,Fraud,Defendant,53
2022-04,Fraud,Defendant,52
2022-05,Fraud,Defendant,50
2022-06,Fraud,Defendant,54
2022-07,Fraud,Defendant,55
2022-08,Fraud,Defendant,55
2022-09,Fraud,Defendant,49
2022-10,Fraud,Defendant,48
2022-11,Fraud,Defendant,48
2022-12,Fraud,Defendant,49
2023-01,Fraud,Defendant,46
2023-02,Fraud,Defendant,48
2023-03,Fraud,Defendant,47
2023-04,Fraud,Defendant,46
2023-05,Fraud,Defendant,42
2023-06,Fraud,Defendant,45
2023-07,Fraud,Defendant,46
2023-08,Fraud,Defendant,45
2023-09,Fraud,Defendant,44
2023-10,Fraud,Defendant,45
2023-11,Fraud,Defendant,48
2023-12,Fraud,Defendant,47
2024-01,Fraud,Defendant,45
2024-02,Fraud,Defendant,46
2024-03,Fraud,Defendant,46
2024-04,Fraud,Defendant,45
2024-05,Fraud,Defendant,43
2024-06,Fraud,Defendant,47
2024-07,Fraud,Defendant,48
2024-08,Fraud,Defendant,51
2024-09,Fraud,Defendant,57
2024-10,Fraud,Defendant,58
2024-11,Fraud,Defendant,61
2024-12,Fraud,Defendant,64
2025-01,Fraud,Defendant,78
2025-02,Fraud,Defendant,79
2025-03,Fraud,Defendant,79
2025-04,Fraud,Defendant,83
2025-05,Fraud,Defendant,86
2025-06,Fraud,Defendant,89
2025-07,Fraud,Defendant,86
2025-08,Fraud,Defendant,87
2025-09,Fraud,Defendant,91
2025-10,Fraud,Defendant,89
2025-11,Fraud,Defendant,91
2025-12,Fraud,Defendant,91
2026-01,Fraud,Defendant,93
2026-02,Fraud,Defendant,90
2026-03,Fraud,Defendant,93
2026-04,Fraud,Defendant,93
2026-05,Fraud,Defendant,94
2026-06,Fraud,Defendant,95
2026-07,Fraud,Defendant,100
1994-10,Immigration,Defendant,945
1994-11,Immigration,Defendant,934
1994-12,Immigration,Defendant,942
1995-01,Immigration,Defendant,939
1995-02,Immigration,Defendant,940
1995-03,Immigration,Defendant,935
1995-04,Immigration,Defendant,942
1995-05,Immigration,Defendant,965
1995-06,Immigration,Defendant,988
1995-07,Immigration,Defendant,1000
1995-08,Immigration,Defendant,959
1995-09,Immigration,Defendant,963
1995-10,Immigration,Defendant,960
1995-11,Immigration,Defendant,815
1995-12,Immigration,Defendant,829
1996-01,Immigration,Defendant,819
1996-02,Immigration,Defendant,720
1996-03,Immigration,Defendant,713
1996-04,Immigration,Defendant,706
1996-05,Immigration,Defendant,736
1996-06,Immigration,Defendant,701
1996-07,Immigration,Defendant,713
1996-08,Immigration,Defendant,737
1996-09,Immigration,Defendant,759
1996-10,Immigration,Defendant,800
1996-11,Immigration,Defendant,766
1996-12,Immigration,Defendant,791
1997-01,Immigration,Defendant,792
1997-02,Immigration,Defendant,795
1997-03,Immigration,Defendant,826
1997-04,Immigration,Defendant,831
1997-05,Immigration,Defendant,848
1997-06,Immigration,Defendant,837
1997-07,Immigration,Defendant,864
1997-08,Immigration,Defendant,908
1997-09,Immigration,Defendant,934
1997-10,Immigration,Defendant,985
1997-11,Immigration,Defendant,1002
1997-12,Immigration,Defendant,1025
1998-01,Immigration,Defendant,1032
1998-02,Immigration,Defendant,1005
1998-03,Immigration,Defendant,1037
1998-04,Immigration,Defendant,1076
1998-05,Immigration,Defendant,1110
1998-06,Immigration,Defendant,1185
1998-07,Immigration,Defendant,1241
1998-08,Immigration,Defendant,1194
1998-09,Immigration,Defendant,1222
1998-10,Immigration,Defendant,1233
1998-11,Immigration,Defendant,1309
1998-12,Immigration,Defendant,1364
1999-01,Immigration,Defendant,1399
1999-02,Immigration,Defendant,1429
1999-03,Immigration,Defendant,1478
1999-04,Immigration,Defendant,1549
1999-05,Immigration,Defendant,1641
1999-06,Immigration,Defendant,1722
1999-07,Immigration,Defendant,1773
1999-08,Immigration,Defendant,1819
1999-09,Immigration,Defendant,1878
1999-10,Immigration,Defendant,1984
1999-11,Immigration,Defendant,2075
1999-12,Immigration,Defendant,2219
2000-01,Immigration,Defendant,2309
2000-02,Immigration,Defendant,2417
2000-03,Immigration,Defendant,2424
2000-04,Immigration,Defendant,2417
2000-05,Immigration,Defendant,2419
2000-06,Immigration,Defendant,2385
2000-07,Immigration,Defendant,2367
2000-08,Immigration,Defendant,2411
2000-09,Immigration,Defendant,2502
2000-10,Immigration,Defendant,2553
2000-11,Immigration,Defendant,2579
2000-12,Immigration,Defendant,2575
2001-01,Immigration,Defendant,2592
2001-02,Immigration,Defendant,2624
2001-03,Immigration,Defendant,2575
2001-04,Immigration,Defendant,2588
2001-05,Immigration,Defendant,2602
2001-06,Immigration,Defendant,2591
2001-07,Immigration,Defendant,2565
2001-08,Immigration,Defendant,2371
2001-09,Immigration,Defendant,2360
2001-10,Immigration,Defendant,2407
2001-11,Immigration,Defendant,2409
2001-12,Immigration,Defendant,2399
2002-01,Immigration,Defendant,2361
2002-02,Immigration,Defendant,2395
2002-03,Immigration,Defendant,2420
2002-04,Immigration,Defendant,2479
2002-05,Immigration,Defendant,2519
2002-06,Immigration,Defendant,2514
2002-07,Immigration,Defendant,2498
2002-08,Immigration,Defendant,2478
2002-09,Immigration,Defendant,2522
2002-10,Immigration,Defendant,2552
2002-11,Immigration,Defendant,2572
2002-12,Immigration,Defendant,2695
2003-01,Immigration,Defendant,2753
2003-02,Immigration,Defendant,2803
2003-03,Immigration,Defendant,2820
2003-04,Immigration,Defendant,2842
2003-05,Immigration,Defendant,2857
2003-06,Immigration,Defendant,2793
2003-07,Immigration,Defendant,2750
2003-08,Immigration,Defendant,2770
2003-09,Immigration,Defendant,2784
2003-10,Immigration,Defendant,2732
2003-11,Immigration,Defendant,2756
2003-12,Immigration,Defendant,2846
2004-01,Immigration,Defendant,2873
2004-02,Immigration,Defendant,2874
2004-03,Immigration,Defendant,2843
2004-04,Immigration,Defendant,2831
2004-05,Immigration,Defendant,2894
2004-06,Immigration,Defendant,2896
2004-07,Immigration,Defendant,2949
2004-08,Immigration,Defendant,2893
2004-09,Immigration,Defendant,2919
2004-10,Immigration,Defendant,2927
2004-11,Immigration,Defendant,2988
2004-12,Immigration,Defendant,3116
2005-01,Immigration,Defendant,3160
2005-02,Immigration,Defendant,3215
2005-03,Immigration,Defendant,3257
2005-04,Immigration,Defendant,3286
2005-05,Immigration,Defendant,3381
2005-06,Immigration,Defendant,3264
2005-07,Immigration,Defendant,3276
2005-08,Immigration,Defendant,3248
2005-09,Immigration,Defendant,3185
2005-10,Immigration,Defendant,3138
2005-11,Immigration,Defendant,3099
2005-12,Immigration,Defendant,3127
2006-01,Immigration,Defendant,3135
2006-02,Immigration,Defendant,3097
2006-03,Immigration,Defendant,3089
2006-04,Immigration,Defendant,3190
2006-05,Immigration,Defendant,3207
2006-06,Immigration,Defendant,3215
2006-07,Immigration,Defendant,3210
2006-08,Immigration,Defendant,3272
2006-09,Immigration,Defendant,3378
2006-10,Immigration,Defendant,3472
2006-11,Immigration,Defendant,3571
2006-12,Immigration,Defendant,3693
2007-01,Immigration,Defendant,3788
2007-02,Immigration,Defendant,3941
2007-03,Immigration,Defendant,4047
2007-04,Immigration,Defendant,4098
2007-05,Immigration,Defendant,3940
2007-06,Immigration,Defendant,3847
2007-07,Immigration,Defendant,3809
2007-08,Immigration,Defendant,3715
2007-09,Immigration,Defendant,3675
2007-10,Immigration,Defendant,3642
2007-11,Immigration,Defendant,3617
2007-12,Immigration,Defendant,3603
2008-01,Immigration,Defendant,3532
2008-02,Immigration,Defendant,3372
2008-03,Immigration,Defendant,3110
2008-04,Immigration,Defendant,2845
2008-05,Immigration,Defendant,2721
2008-06,Immigration,Defendant,2557
2008-07,Immigration,Defendant,2359
2008-08,Immigration,Defendant,2286
2008-09,Immigration,Defendant,2144
2008-10,Immigration,Defendant,2104
2008-11,Immigration,Defendant,2051
2008-12,Immigration,Defendant,1994
2009-01,Immigration,Defendant,1985
2009-02,Immigration,Defendant,1997
2009-03,Immigration,Defendant,1943
2009-04,Immigration,Defendant,1902
2009-05,Immigration,Defendant,1862
2009-06,Immigration,Defendant,1795
2009-07,Immigration,Defendant,1725
2009-08,Immigration,Defendant,1685
2009-09,Immigration,Defendant,1627
2009-10,Immigration,Defendant,1541
2009-11,Immigration,Defendant,1529
2009-12,Immigration,Defendant,1504
2010-01,Immigration,Defendant,1524
2010-02,Immigration,Defendant,1507
2010-03,Immigration,Defendant,1454
2010-04,Immigration,Defendant,1451
2010-05,Immigration,Defendant,1422
2010-06,Immigration,Defendant,1394
2010-07,Immigration,Defendant,1381
2010-08,Immigration,Defendant,1346
2010-09,Immigration,Defendant,1285
2010-10,Immigration,Defendant,1291
2010-11,Immigration,Defendant,1311
2010-12,Immigration,Defendant,1326
2011-01,Immigration,Defendant,1324
2011-02,Immigration,Defendant,1358
2011-03,Immigration,Defendant,1367
2011-04,Immigration,Defendant,1366
2011-05,Immigration,Defendant,1349
2011-06,Immigration,Defendant,1353
2011-07,Immigration,Defendant,1312
2011-08,Immigration,Defendant,1296
2011-09,Immigration,Defendant,1288
2011-10,Immigration,Defendant,1288
2011-11,Immigration,Defendant,1299
2011-12,Immigration,Defendant,1357
2012-01,Immigration,Defendant,1386
2012-02,Immigration,Defendant,1402
2012-03,Immigration,Defendant,1328
2012-04,Immigration,Defendant,1333
2012-05,Immigration,Defendant,1359
2012-06,Immigration,Defendant,1354
2012-07,Immigration,Defendant,1356
2012-08,Immigration,Defendant,1341
2012-09,Immigration,Defendant,1308
2012-10,Immigration,Defendant,1293
2012-11,Immigration,Defendant,1281
2012-12,Immigration,Defendant,1257
2013-01,Immigration,Defendant,1272
2013-02,Immigration,Defendant,1266
2013-03,Immigration,Defendant,1233
2013-04,Immigration,Defendant,1232
2013-05,Immigration,Defendant,1203
2013-06,Immigration,Defendant,1177
2013-07,Immigration,Defendant,1187
2013-08,Immigration,Defendant,1165
2013-09,Immigration,Defendant,1156
2013-10,Immigration,Defendant,1212
2013-11,Immigration,Defendant,1192
2013-12,Immigration,Defendant,1204
2014-01,Immigration,Defendant,1170
2014-02,Immigration,Defendant,1152
2014-03,Immigration,Defendant,1166
2014-04,Immigration,Defendant,1185
2014-05,Immigration,Defendant,1216
2014-06,Immigration,Defendant,1205
2014-07,Immigration,Defendant,1235
2014-08,Immigration,Defendant,1249
2014-09,Immigration,Defendant,1231
2014-10,Immigration,Defendant,1208
2014-11,Immigration,Defendant,1194
2014-12,Immigration,Defendant,1198
2015-01,Immigration,Defendant,1193
2015-02,Immigration,Defendant,1195
2015-03,Immigration,Defendant,1192
2015-04,Immigration,Defendant,1250
2015-05,Immigration,Defendant,1264
2015-06,Immigration,Defendant,1230
2015-07,Immigration,Defendant,1247
2015-08,Immigration,Defendant,1299
2015-09,Immigration,Defendant,1351
2015-10,Immigration,Defendant,1391
2015-11,Immigration,Defendant,1430
2015-12,Immigration,Defendant,1428
2016-01,Immigration,Defendant,1434
2016-02,Immigration,Defendant,1451
2016-03,Immigration,Defendant,1431
2016-04,Immigration,Defendant,1430
2016-05,Immigration,Defendant,1476
2016-06,Immigration,Defendant,1502
2016-07,Immigration,Defendant,1576
2016-08,Immigration,Defendant,1624
2016-09,Immigration,Defendant,1644
2016-10,Immigration,Defendant,1680
2016-11,Immigration,Defendant,1699
2016-12,Immigration,Defendant,1882
2017-01,Immigration,Defendant,1979
2017-02,Immigration,Defendant,2034
2017-03,Immigration,Defendant,1988
2017-04,Immigration,Defendant,1930
2017-05,Immigration,Defendant,1856
2017-06,Immigration,Defendant,1794
2017-07,Immigration,Defendant,1723
2017-08,Immigration,Defendant,1712
2017-09,Immigration,Defendant,1739
2017-10,Immigration,Defendant,1785
2017-11,Immigration,Defendant,1835
2017-12,Immigration,Defendant,1920
2018-01,Immigration,Defendant,1986
2018-02,Immigration,Defendant,1968
2018-03,Immigration,Defendant,1992
2018-04,Immigration,Defendant,1996
2018-05,Immigration,Defendant,1975
2018-06,Immigration,Defendant,1960
2018-07,Immigration,Defendant,2018
2018-08,Immigration,Defendant,2037
2018-09,Immigration,Defendant,1925
2018-10,Immigration,Defendant,1867
2018-11,Immigration,Defendant,1879
2018-12,Immigration,Defendant,1932
2019-01,Immigration,Defendant,2001
2019-02,Immigration,Defendant,2062
2019-03,Immigration,Defendant,2091
2019-04,Immigration,Defendant,2141
2019-05,Immigration,Defendant,2201
2019-06,Immigration,Defendant,2208
2019-07,Immigration,Defendant,2243
2019-08,Immigration,Defendant,2241
2019-09,Immigration,Defendant,2263
2019-10,Immigration,Defendant,2287
2019-11,Immigration,Defendant,2377
2019-12,Immigration,Defendant,2430
2020-01,Immigration,Defendant,2417
2020-02,Immigration,Defendant,2397
2020-03,Immigration,Defendant,2473
2020-04,Immigration,Defendant,2745
2020-05,Immigration,Defendant,2862
2020-06,Immigration,Defendant,2940
2020-07,Immigration,Defendant,2999
2020-08,Immigration,Defendant,3118
2020-09,Immigration,Defendant,3225
2020-10,Immigration,Defendant,3123
2020-11,Immigration,Defendant,3086
2020-12,Immigration,Defendant,3126
2021-01,Immigration,Defendant,3175
2021-02,Immigration,Defendant,3135
2021-03,Immigration,Defendant,3182
2021-04,Immigration,Defendant,3196
2021-05,Immigration,Defendant,3173
2021-06,Immigration,Defendant,3341
2021-07,Immigration,Defendant,3265
2021-08,Immigration,Defendant,3311
2021-09,Immigration,Defendant,3336
2021-10,Immigration,Defendant,3276
2021-11,Immigration,Defendant,3284
2021-12,Immigration,Defendant,3219
2022-01,Immigration,Defendant,3155
2022-02,Immigration,Defendant,3159
2022-03,Immigration,Defendant,3313
2022-04,Immigration,Defendant,3408
2022-05,Immigration,Defendant,3501
2022-06,Immigration,Defendant,3644
2022-07,Immigration,Defendant,3775
2022-08,Immigration,Defendant,3934
2022-09,Immigration,Defendant,4124
2022-10,Immigration,Defendant,4350
2022-11,Immigration,Defendant,4487
2022-12,Immigration,Defendant,4491
2023-01,Immigration,Defendant,4613
2023-02,Immigration,Defendant,4940
2023-03,Immigration,Defendant,5333
2023-04,Immigration,Defendant,5573
2023-05,Immigration,Defendant,5827
2023-06,Immigration,Defendant,6075
2023-07,Immigration,Defendant,6178
2023-08,Immigration,Defendant,6368
2023-09,Immigration,Defendant,6526
2023-10,Immigration,Defendant,6598
2023-11,Immigration,Defendant,6673
2023-12,Immigration,Defendant,6645
2024-01,Immigration,Defendant,6665
2024-02,Immigration,Defendant,6863
2024-03,Immigration,Defendant,6969
2024-04,Immigration,Defendant,7154
2024-05,Immigration,Defendant,7403
2024-06,Immigration,Defendant,7547
2024-07,Immigration,Defendant,7786
2024-08,Immigration,Defendant,7953
2024-09,Immigration,Defendant,8105
2024-10,Immigration,Defendant,8306
2024-11,Immigration,Defendant,8650
2024-12,Immigration,Defendant,8955
2025-01,Immigration,Defendant,9088
2025-02,Immigration,Defendant,9111
2025-03,Immigration,Defendant,9107
2025-04,Immigration,Defendant,9199
2025-05,Immigration,Defendant,9338
2025-06,Immigration,Defendant,9546
2025-07,Immigration,Defendant,9829
2025-08,Immigration,Defendant,10156
2025-09,Immigration,Defendant,10800
2025-10,Immigration,Defendant,12081
2025-11,Immigration,Defendant,13930
2025-12,Immigration,Defendant,16316
2026-01,Immigration,Defendant,20640
2026-02,Immigration,Defendant,25938
2026-03,Immigration,Defendant,31715
2026-04,Immigration,Defendant,37484
2026-05,Immigration,Defendant,42465
2026-06,Immigration,Defendant,47503
2026-07,Immigration,Defendant,51202
1994-10,Prisoner Litigation,Defendant,4996
1994-11,Prisoner Litigation,Defendant,5110
1994-12,Prisoner Litigation,Defendant,5185
1995-01,Prisoner Litigation,Defendant,5310
1995-02,Prisoner Litigation,Defendant,5394
1995-03,Prisoner Litigation,Defendant,5531
1995-04,Prisoner Litigation,Defendant,5711
1995-05,Prisoner Litigation,Defendant,5800
1995-06,Prisoner Litigation,Defendant,5930
1995-07,Prisoner Litigation,Defendant,6062
1995-08,Prisoner Litigation,Defendant,6150
1995-09,Prisoner Litigation,Defendant,6189
1995-10,Prisoner Litigation,Defendant,6268
1995-11,Prisoner Litigation,Defendant,6335
1995-12,Prisoner Litigation,Defendant,6556
1996-01,Prisoner Litigation,Defendant,7009
1996-02,Prisoner Litigation,Defendant,7371
1996-03,Prisoner Litigation,Defendant,7689
1996-04,Prisoner Litigation,Defendant,7977
1996-05,Prisoner Litigation,Defendant,8127
1996-06,Prisoner Litigation,Defendant,8057
1996-07,Prisoner Litigation,Defendant,8052
1996-08,Prisoner Litigation,Defendant,8054
1996-09,Prisoner Litigation,Defendant,8030
1996-10,Prisoner Litigation,Defendant,7983
1996-11,Prisoner Litigation,Defendant,7935
1996-12,Prisoner Litigation,Defendant,7967
1997-01,Prisoner Litigation,Defendant,7902
1997-02,Prisoner Litigation,Defendant,7966
1997-03,Prisoner Litigation,Defendant,8314
1997-04,Prisoner Litigation,Defendant,10973
1997-05,Prisoner Litigation,Defendant,11193
1997-06,Prisoner Litigation,Defendant,11198
1997-07,Prisoner Litigation,Defendant,11040
1997-08,Prisoner Litigation,Defendant,10980
1997-09,Prisoner Litigation,Defendant,10876
1997-10,Prisoner Litigation,Defendant,10773
1997-11,Prisoner Litigation,Defendant,10697
1997-12,Prisoner Litigation,Defendant,10641
1998-01,Prisoner Litigation,Defendant,10586
1998-02,Prisoner Litigation,Defendant,10500
1998-03,Prisoner Litigation,Defendant,10390
1998-04,Prisoner Litigation,Defendant,10304
1998-05,Prisoner Litigation,Defendant,10248
1998-06,Prisoner Litigation,Defendant,10213
1998-07,Prisoner Litigation,Defendant,10169
1998-08,Prisoner Litigation,Defendant,10062
1998-09,Prisoner Litigation,Defendant,9936
1998-10,Prisoner Litigation,Defendant,10054
1998-11,Prisoner Litigation,Defendant,10087
1998-12,Prisoner Litigation,Defendant,10081
1999-01,Prisoner Litigation,Defendant,10060
1999-02,Prisoner Litigation,Defendant,10006
1999-03,Prisoner Litigation,Defendant,9957
1999-04,Prisoner Litigation,Defendant,9968
1999-05,Prisoner Litigation,Defendant,9926
1999-06,Prisoner Litigation,Defendant,9827
1999-07,Prisoner Litigation,Defendant,9755
1999-08,Prisoner Litigation,Defendant,9587
1999-09,Prisoner Litigation,Defendant,9543
1999-10,Prisoner Litigation,Defendant,9542
1999-11,Prisoner Litigation,Defendant,9437
1999-12,Prisoner Litigation,Defendant,9415
2000-01,Prisoner Litigation,Defendant,9476
2000-02,Prisoner Litigation,Defendant,9522
2000-03,Prisoner Litigation,Defendant,9359
2000-04,Prisoner Litigation,Defendant,9330
2000-05,Prisoner Litigation,Defendant,9283
2000-06,Prisoner Litigation,Defendant,9239
2000-07,Prisoner Litigation,Defendant,9247
2000-08,Prisoner Litigation,Defendant,9323
2000-09,Prisoner Litigation,Defendant,9478
2000-10,Prisoner Litigation,Defendant,9653
2000-11,Prisoner Litigation,Defendant,9787
2000-12,Prisoner Litigation,Defendant,9841
2001-01,Prisoner Litigation,Defendant,9971
2001-02,Prisoner Litigation,Defendant,10072
2001-03,Prisoner Litigation,Defendant,10155
2001-04,Prisoner Litigation,Defendant,10258
2001-05,Prisoner Litigation,Defendant,10402
2001-06,Prisoner Litigation,Defendant,11122
2001-07,Prisoner Litigation,Defendant,11131
2001-08,Prisoner Litigation,Defendant,10896
2001-09,Prisoner Litigation,Defendant,10772
2001-10,Prisoner Litigation,Defendant,10701
2001-11,Prisoner Litigation,Defendant,10609
2001-12,Prisoner Litigation,Defendant,10475
2002-01,Prisoner Litigation,Defendant,10326
2002-02,Prisoner Litigation,Defendant,10244
2002-03,Prisoner Litigation,Defendant,10117
2002-04,Prisoner Litigation,Defendant,10054
2002-05,Prisoner Litigation,Defendant,9963
2002-06,Prisoner Litigation,Defendant,9861
2002-07,Prisoner Litigation,Defendant,9711
2002-08,Prisoner Litigation,Defendant,9601
2002-09,Prisoner Litigation,Defendant,9540
2002-10,Prisoner Litigation,Defendant,9514
2002-11,Prisoner Litigation,Defendant,9408
2002-12,Prisoner Litigation,Defendant,9344
2003-01,Prisoner Litigation,Defendant,9356
2003-02,Prisoner Litigation,Defendant,9249
2003-03,Prisoner Litigation,Defendant,9147
2003-04,Prisoner Litigation,Defendant,9022
2003-05,Prisoner Litigation,Defendant,8960
2003-06,Prisoner Litigation,Defendant,8934
2003-07,Prisoner Litigation,Defendant,8877
2003-08,Prisoner Litigation,Defendant,8816
2003-09,Prisoner Litigation,Defendant,8790
2003-10,Prisoner Litigation,Defendant,8815
2003-11,Prisoner Litigation,Defendant,8793
2003-12,Prisoner Litigation,Defendant,8834
2004-01,Prisoner Litigation,Defendant,8949
2004-02,Prisoner Litigation,Defendant,8959
2004-03,Prisoner Litigation,Defendant,8867
2004-04,Prisoner Litigation,Defendant,8959
2004-05,Prisoner Litigation,Defendant,9046
2004-06,Prisoner Litigation,Defendant,9182
2004-07,Prisoner Litigation,Defendant,9486
2004-08,Prisoner Litigation,Defendant,9849
2004-09,Prisoner Litigation,Defendant,10124
2004-10,Prisoner Litigation,Defendant,10444
2004-11,Prisoner Litigation,Defendant,10589
2004-12,Prisoner Litigation,Defendant,10753
2005-01,Prisoner Litigation,Defendant,11076
2005-02,Prisoner Litigation,Defendant,11340
2005-03,Prisoner Litigation,Defendant,11628
2005-04,Prisoner Litigation,Defendant,11795
2005-05,Prisoner Litigation,Defendant,11903
2005-06,Prisoner Litigation,Defendant,11873
2005-07,Prisoner Litigation,Defendant,11727
2005-08,Prisoner Litigation,Defendant,11541
2005-09,Prisoner Litigation,Defendant,11277
2005-10,Prisoner Litigation,Defendant,11005
2005-11,Prisoner Litigation,Defendant,10875
2005-12,Prisoner Litigation,Defendant,10736
2006-01,Prisoner Litigation,Defendant,10811
2006-02,Prisoner Litigation,Defendant,10629
2006-03,Prisoner Litigation,Defendant,10276
2006-04,Prisoner Litigation,Defendant,10067
2006-05,Prisoner Litigation,Defendant,9774
2006-06,Prisoner Litigation,Defendant,9544
2006-07,Prisoner Litigation,Defendant,9366
2006-08,Prisoner Litigation,Defendant,9274
2006-09,Prisoner Litigation,Defendant,9124
2006-10,Prisoner Litigation,Defendant,9108
2006-11,Prisoner Litigation,Defendant,9065
2006-12,Prisoner Litigation,Defendant,9061
2007-01,Prisoner Litigation,Defendant,9002
2007-02,Prisoner Litigation,Defendant,8980
2007-03,Prisoner Litigation,Defendant,8841
2007-04,Prisoner Litigation,Defendant,8832
2007-05,Prisoner Litigation,Defendant,8743
2007-06,Prisoner Litigation,Defendant,8715
2007-07,Prisoner Litigation,Defendant,8687
2007-08,Prisoner Litigation,Defendant,8550
2007-09,Prisoner Litigation,Defendant,8503
2007-10,Prisoner Litigation,Defendant,8478
2007-11,Prisoner Litigation,Defendant,8694
2007-12,Prisoner Litigation,Defendant,9167
2008-01,Prisoner Litigation,Defendant,10627
2008-02,Prisoner Litigation,Defendant,15587
2008-03,Prisoner Litigation,Defendant,19993
2008-04,Prisoner Litigation,Defendant,20664
2008-05,Prisoner Litigation,Defendant,20368
2008-06,Prisoner Litigation,Defendant,19950
2008-07,Prisoner Litigation,Defendant,19492
2008-08,Prisoner Litigation,Defendant,19059
2008-09,Prisoner Litigation,Defendant,18590
2008-10,Prisoner Litigation,Defendant,18060
2008-11,Prisoner Litigation,Defendant,17935
2008-12,Prisoner Litigation,Defendant,17386
2009-01,Prisoner Litigation,Defendant,16996
2009-02,Prisoner Litigation,Defendant,16517
2009-03,Prisoner Litigation,Defendant,15943
2009-04,Prisoner Litigation,Defendant,15510
2009-05,Prisoner Litigation,Defendant,15148
2009-06,Prisoner Litigation,Defendant,14589
2009-07,Prisoner Litigation,Defendant,14072
2009-08,Prisoner Litigation,Defendant,13720
2009-09,Prisoner Litigation,Defendant,13299
2009-10,Prisoner Litigation,Defendant,13070
2009-11,Prisoner Litigation,Defendant,12964
2009-12,Prisoner Litigation,Defendant,12640
2010-01,Prisoner Litigation,Defendant,12472
2010-02,Prisoner Litigation,Defendant,12308
2010-03,Prisoner Litigation,Defendant,12019
2010-04,Prisoner Litigation,Defendant,11836
2010-05,Prisoner Litigation,Defendant,11772
2010-06,Prisoner Litigation,Defendant,11597
2010-07,Prisoner Litigation,Defendant,11668
2010-08,Prisoner Litigation,Defendant,11691
2010-09,Prisoner Litigation,Defendant,11649
2010-10,Prisoner Litigation,Defendant,11667
2010-11,Prisoner Litigation,Defendant,11695
2010-12,Prisoner Litigation,Defendant,11585
2011-01,Prisoner Litigation,Defendant,11555
2011-02,Prisoner Litigation,Defendant,11406
2011-03,Prisoner Litigation,Defendant,11274
2011-04,Prisoner Litigation,Defendant,11176
2011-05,Prisoner Litigation,Defendant,11129
2011-06,Prisoner Litigation,Defendant,11086
2011-07,Prisoner Litigation,Defendant,11452
2011-08,Prisoner Litigation,Defendant,11939
2011-09,Prisoner Litigation,Defendant,12679
2011-10,Prisoner Litigation,Defendant,14344
2011-11,Prisoner Litigation,Defendant,15655
2011-12,Prisoner Litigation,Defendant,16098
2012-01,Prisoner Litigation,Defendant,15925
2012-02,Prisoner Litigation,Defendant,15623
2012-03,Prisoner Litigation,Defendant,15282
2012-04,Prisoner Litigation,Defendant,14997
2012-05,Prisoner Litigation,Defendant,14910
2012-06,Prisoner Litigation,Defendant,14802
2012-07,Prisoner Litigation,Defendant,14787
2012-08,Prisoner Litigation,Defendant,14634
2012-09,Prisoner Litigation,Defendant,14429
2012-10,Prisoner Litigation,Defendant,14241
2012-11,Prisoner Litigation,Defendant,14008
2012-12,Prisoner Litigation,Defendant,13980
2013-01,Prisoner Litigation,Defendant,13766
2013-02,Prisoner Litigation,Defendant,13544
2013-03,Prisoner Litigation,Defendant,13273
2013-04,Prisoner Litigation,Defendant,12858
2013-05,Prisoner Litigation,Defendant,12787
2013-06,Prisoner Litigation,Defendant,12749
2013-07,Prisoner Litigation,Defendant,12622
2013-08,Prisoner Litigation,Defendant,12684
2013-09,Prisoner Litigation,Defendant,12543
2013-10,Prisoner Litigation,Defendant,12413
2013-11,Prisoner Litigation,Defendant,12348
2013-12,Prisoner Litigation,Defendant,12318
2014-01,Prisoner Litigation,Defendant,12197
2014-02,Prisoner Litigation,Defendant,12119
2014-03,Prisoner Litigation,Defendant,11994
2014-04,Prisoner Litigation,Defendant,11860
2014-05,Prisoner Litigation,Defendant,11718
2014-06,Prisoner Litigation,Defendant,12034
2014-07,Prisoner Litigation,Defendant,11956
2014-08,Prisoner Litigation,Defendant,11937
2014-09,Prisoner Litigation,Defendant,11949
2014-10,Prisoner Litigation,Defendant,13367
2014-11,Prisoner Litigation,Defendant,16566
2014-12,Prisoner Litigation,Defendant,18136
2015-01,Prisoner Litigation,Defendant,19192
2015-02,Prisoner Litigation,Defendant,19912
2015-03,Prisoner Litigation,Defendant,19871
2015-04,Prisoner Litigation,Defendant,19458
2015-05,Prisoner Litigation,Defendant,19126
2015-06,Prisoner Litigation,Defendant,18461
2015-07,Prisoner Litigation,Defendant,18045
2015-08,Prisoner Litigation,Defendant,17619
2015-09,Prisoner Litigation,Defendant,17227
2015-10,Prisoner Litigation,Defendant,16592
2015-11,Prisoner Litigation,Defendant,16063
2015-12,Prisoner Litigation,Defendant,15663
2016-01,Prisoner Litigation,Defendant,15409
2016-02,Prisoner Litigation,Defendant,15391
2016-03,Prisoner Litigation,Defendant,15060
2016-04,Prisoner Litigation,Defendant,15130
2016-05,Prisoner Litigation,Defendant,16067
2016-06,Prisoner Litigation,Defendant,23402
2016-07,Prisoner Litigation,Defendant,23484
2016-08,Prisoner Litigation,Defendant,23241
2016-09,Prisoner Litigation,Defendant,22869
2016-10,Prisoner Litigation,Defendant,22667
2016-11,Prisoner Litigation,Defendant,22331
2016-12,Prisoner Litigation,Defendant,21820
2017-01,Prisoner Litigation,Defendant,21358
2017-02,Prisoner Litigation,Defendant,21073
2017-03,Prisoner Litigation,Defendant,19555
2017-04,Prisoner Litigation,Defendant,18606
2017-05,Prisoner Litigation,Defendant,17928
2017-06,Prisoner Litigation,Defendant,17524
2017-07,Prisoner Litigation,Defendant,17166
2017-08,Prisoner Litigation,Defendant,16534
2017-09,Prisoner Litigation,Defendant,16136
2017-10,Prisoner Litigation,Defendant,15764
2017-11,Prisoner Litigation,Defendant,15466
2017-12,Prisoner Litigation,Defendant,15131
2018-01,Prisoner Litigation,Defendant,14916
2018-02,Prisoner Litigation,Defendant,14709
2018-03,Prisoner Litigation,Defendant,14400
2018-04,Prisoner Litigation,Defendant,14185
2018-05,Prisoner Litigation,Defendant,14031
2018-06,Prisoner Litigation,Defendant,13941
2018-07,Prisoner Litigation,Defendant,13855
2018-08,Prisoner Litigation,Defendant,13741
2018-09,Prisoner Litigation,Defendant,13492
2018-10,Prisoner Litigation,Defendant,13372
2018-11,Prisoner Litigation,Defendant,13175
2018-12,Prisoner Litigation,Defendant,13054
2019-01,Prisoner Litigation,Defendant,13698
2019-02,Prisoner Litigation,Defendant,14133
2019-03,Prisoner Litigation,Defendant,14226
2019-04,Prisoner Litigation,Defendant,14218
2019-05,Prisoner Litigation,Defendant,14162
2019-06,Prisoner Litigation,Defendant,14127
2019-07,Prisoner Litigation,Defendant,14012
2019-08,Prisoner Litigation,Defendant,13980
2019-09,Prisoner Litigation,Defendant,13634
2019-10,Prisoner Litigation,Defendant,13605
2019-11,Prisoner Litigation,Defendant,13600
2019-12,Prisoner Litigation,Defendant,13528
2020-01,Prisoner Litigation,Defendant,13294
2020-02,Prisoner Litigation,Defendant,13111
2020-03,Prisoner Litigation,Defendant,12995
2020-04,Prisoner Litigation,Defendant,14596
2020-05,Prisoner Litigation,Defendant,16648
2020-06,Prisoner Litigation,Defendant,18438
2020-07,Prisoner Litigation,Defendant,19309
2020-08,Prisoner Litigation,Defendant,19745
2020-09,Prisoner Litigation,Defendant,19907
2020-10,Prisoner Litigation,Defendant,19805
2020-11,Prisoner Litigation,Defendant,19900
2020-12,Prisoner Litigation,Defendant,19771
2021-01,Prisoner Litigation,Defendant,19614
2021-02,Prisoner Litigation,Defendant,19313
2021-03,Prisoner Litigation,Defendant,18765
2021-04,Prisoner Litigation,Defendant,18068
2021-05,Prisoner Litigation,Defendant,17572
2021-06,Prisoner Litigation,Defendant,16924
2021-07,Prisoner Litigation,Defendant,16476
2021-08,Prisoner Litigation,Defendant,16076
2021-09,Prisoner Litigation,Defendant,15588
2021-10,Prisoner Litigation,Defendant,15251
2021-11,Prisoner Litigation,Defendant,14901
2021-12,Prisoner Litigation,Defendant,14707
2022-01,Prisoner Litigation,Defendant,14555
2022-02,Prisoner Litigation,Defendant,14373
2022-03,Prisoner Litigation,Defendant,14005
2022-04,Prisoner Litigation,Defendant,13784
2022-05,Prisoner Litigation,Defendant,13609
2022-06,Prisoner Litigation,Defendant,13447
2022-07,Prisoner Litigation,Defendant,13238
2022-08,Prisoner Litigation,Defendant,13179
2022-09,Prisoner Litigation,Defendant,12877
2022-10,Prisoner Litigation,Defendant,12752
2022-11,Prisoner Litigation,Defendant,12552
2022-12,Prisoner Litigation,Defendant,12457
2023-01,Prisoner Litigation,Defendant,12352
2023-02,Prisoner Litigation,Defendant,12399
2023-03,Prisoner Litigation,Defendant,12222
2023-04,Prisoner Litigation,Defendant,12061
2023-05,Prisoner Litigation,Defendant,11982
2023-06,Prisoner Litigation,Defendant,11900
2023-07,Prisoner Litigation,Defendant,11706
2023-08,Prisoner Litigation,Defendant,11597
2023-09,Prisoner Litigation,Defendant,11418
2023-10,Prisoner Litigation,Defendant,11502
2023-11,Prisoner Litigation,Defendant,14550
2023-12,Prisoner Litigation,Defendant,16104
2024-01,Prisoner Litigation,Defendant,16980
2024-02,Prisoner Litigation,Defendant,17647
2024-03,Prisoner Litigation,Defendant,17798
2024-04,Prisoner Litigation,Defendant,17493
2024-05,Prisoner Litigation,Defendant,16810
2024-06,Prisoner Litigation,Defendant,16382
2024-07,Prisoner Litigation,Defendant,16134
2024-08,Prisoner Litigation,Defendant,15812
2024-09,Prisoner Litigation,Defendant,15463
2024-10,Prisoner Litigation,Defendant,15128
2024-11,Prisoner Litigation,Defendant,14917
2024-12,Prisoner Litigation,Defendant,14833
2025-01,Prisoner Litigation,Defendant,14609
2025-02,Prisoner Litigation,Defendant,14334
2025-03,Prisoner Litigation,Defendant,13991
2025-04,Prisoner Litigation,Defendant,13548
2025-05,Prisoner Litigation,Defendant,13317
2025-06,Prisoner Litigation,Defendant,13068
2025-07,Prisoner Litigation,Defendant,12793
2025-08,Prisoner Litigation,Defendant,12675
2025-09,Prisoner Litigation,Defendant,12475
2025-10,Prisoner Litigation,Defendant,12347
2025-11,Prisoner Litigation,Defendant,12345
2025-12,Prisoner Litigation,Defendant,12334
2026-01,Prisoner Litigation,Defendant,12423
2026-02,Prisoner Litigation,Defendant,12502
2026-03,Prisoner Litigation,Defendant,12562
2026-04,Prisoner Litigation,Defendant,12636
2026-05,Prisoner Litigation,Defendant,12722
2026-06,Prisoner Litigation,Defendant,12824
2026-07,Prisoner Litigation,Defendant,12803
1994-10,Program Litigation,Defendant,3995
1994-11,Program Litigation,Defendant,4034
1994-12,Program Litigation,Defendant,4055
1995-01,Program Litigation,Defendant,4075
1995-02,Program Litigation,Defendant,4093
1995-03,Program Litigation,Defendant,4127
1995-04,Program Litigation,Defendant,4118
1995-05,Program Litigation,Defendant,4132
1995-06,Program Litigation,Defendant,4020
1995-07,Program Litigation,Defendant,4002
1995-08,Program Litigation,Defendant,4001
1995-09,Program Litigation,Defendant,3988
1995-10,Program Litigation,Defendant,4023
1995-11,Program Litigation,Defendant,4048
1995-12,Program Litigation,Defendant,4084
1996-01,Program Litigation,Defendant,4071
1996-02,Program Litigation,Defendant,4069
1996-03,Program Litigation,Defendant,4060
1996-04,Program Litigation,Defendant,4040
1996-05,Program Litigation,Defendant,4034
1996-06,Program Litigation,Defendant,3868
1996-07,Program Litigation,Defendant,3804
1996-08,Program Litigation,Defendant,3796
1996-09,Program Litigation,Defendant,3774
1996-10,Program Litigation,Defendant,3788
1996-11,Program Litigation,Defendant,3816
1996-12,Program Litigation,Defendant,3771
1997-01,Program Litigation,Defendant,3717
1997-02,Program Litigation,Defendant,3700
1997-03,Program Litigation,Defendant,3732
1997-04,Program Litigation,Defendant,3708
1997-05,Program Litigation,Defendant,3659
1997-06,Program Litigation,Defendant,3529
1997-07,Program Litigation,Defendant,3534
1997-08,Program Litigation,Defendant,3483
1997-09,Program Litigation,Defendant,3469
1997-10,Program Litigation,Defendant,3445
1997-11,Program Litigation,Defendant,3405
1997-12,Program Litigation,Defendant,3404
1998-01,Program Litigation,Defendant,3413
1998-02,Program Litigation,Defendant,3430
1998-03,Program Litigation,Defendant,3389
1998-04,Program Litigation,Defendant,3368
1998-05,Program Litigation,Defendant,3363
1998-06,Program Litigation,Defendant,3398
1998-07,Program Litigation,Defendant,3389
1998-08,Program Litigation,Defendant,3318
1998-09,Program Litigation,Defendant,3275
1998-10,Program Litigation,Defendant,3296
1998-11,Program Litigation,Defendant,3337
1998-12,Program Litigation,Defendant,3336
1999-01,Program Litigation,Defendant,3327
1999-02,Program Litigation,Defendant,3323
1999-03,Program Litigation,Defendant,3301
1999-04,Program Litigation,Defendant,3286
1999-05,Program Litigation,Defendant,3277
1999-06,Program Litigation,Defendant,3278
1999-07,Program Litigation,Defendant,3184
1999-08,Program Litigation,Defendant,3123
1999-09,Program Litigation,Defendant,2993
1999-10,Program Litigation,Defendant,3001
1999-11,Program Litigation,Defendant,3013
1999-12,Program Litigation,Defendant,3026
2000-01,Program Litigation,Defendant,3053
2000-02,Program Litigation,Defendant,3051
2000-03,Program Litigation,Defendant,2966
2000-04,Program Litigation,Defendant,2956
2000-05,Program Litigation,Defendant,2977
2000-06,Program Litigation,Defendant,2986
2000-07,Program Litigation,Defendant,2923
2000-08,Program Litigation,Defendant,2932
2000-09,Program Litigation,Defendant,2864
2000-10,Program Litigation,Defendant,2893
2000-11,Program Litigation,Defendant,2906
2000-12,Program Litigation,Defendant,2900
2001-01,Program Litigation,Defendant,2882
2001-02,Program Litigation,Defendant,2819
2001-03,Program Litigation,Defendant,2804
2001-04,Program Litigation,Defendant,2834
2001-05,Program Litigation,Defendant,2859
2001-06,Program Litigation,Defendant,2874
2001-07,Program Litigation,Defendant,2858
2001-08,Program Litigation,Defendant,2831
2001-09,Program Litigation,Defendant,2779
2001-10,Program Litigation,Defendant,2767
2001-11,Program Litigation,Defendant,2755
2001-12,Program Litigation,Defendant,2776
2002-01,Program Litigation,Defendant,2790
2002-02,Program Litigation,Defendant,2811
2002-03,Program Litigation,Defendant,2813
2002-04,Program Litigation,Defendant,2805
2002-05,Program Litigation,Defendant,2817
2002-06,Program Litigation,Defendant,2851
2002-07,Program Litigation,Defendant,2880
2002-08,Program Litigation,Defendant,2539
2002-09,Program Litigation,Defendant,2495
2002-10,Program Litigation,Defendant,2453
2002-11,Program Litigation,Defendant,2465
2002-12,Program Litigation,Defendant,2485
2003-01,Program Litigation,Defendant,2429
2003-02,Program Litigation,Defendant,2440
2003-03,Program Litigation,Defendant,2438
2003-04,Program Litigation,Defendant,2414
2003-05,Program Litigation,Defendant,2449
2003-06,Program Litigation,Defendant,2449
2003-07,Program Litigation,Defendant,2400
2003-08,Program Litigation,Defendant,2368
2003-09,Program Litigation,Defendant,2342
2003-10,Program Litigation,Defendant,2356
2003-11,Program Litigation,Defendant,2340
2003-12,Program Litigation,Defendant,2366
2004-01,Program Litigation,Defendant,2353
2004-02,Program Litigation,Defendant,2329
2004-03,Program Litigation,Defendant,2292
2004-04,Program Litigation,Defendant,2302
2004-05,Program Litigation,Defendant,2299
2004-06,Program Litigation,Defendant,2323
2004-07,Program Litigation,Defendant,2335
2004-08,Program Litigation,Defendant,2303
2004-09,Program Litigation,Defendant,2252
2004-10,Program Litigation,Defendant,2243
2004-11,Program Litigation,Defendant,2207
2004-12,Program Litigation,Defendant,2207
2005-01,Program Litigation,Defendant,2204
2005-02,Program Litigation,Defendant,2187
2005-03,Program Litigation,Defendant,2120
2005-04,Program Litigation,Defendant,2138
2005-05,Program Litigation,Defendant,2184
2005-06,Program Litigation,Defendant,2157
2005-07,Program Litigation,Defendant,2142
2005-08,Program Litigation,Defendant,2099
2005-09,Program Litigation,Defendant,2067
2005-10,Program Litigation,Defendant,2042
2005-11,Program Litigation,Defendant,2061
2005-12,Program Litigation,Defendant,2077
2006-01,Program Litigation,Defendant,2078
2006-02,Program Litigation,Defendant,2087
2006-03,Program Litigation,Defendant,2065
2006-04,Program Litigation,Defendant,2064
2006-05,Program Litigation,Defendant,2066
2006-06,Program Litigation,Defendant,2047
2006-07,Program Litigation,Defendant,2055
2006-08,Program Litigation,Defendant,2002
2006-09,Program Litigation,Defendant,1953
2006-10,Program Litigation,Defendant,1946
2006-11,Program Litigation,Defendant,1964
2006-12,Program Litigation,Defendant,2015
2007-01,Program Litigation,Defendant,2017
2007-02,Program Litigation,Defendant,1984
2007-03,Program Litigation,Defendant,1968
2007-04,Program Litigation,Defendant,1955
2007-05,Program Litigation,Defendant,1954
2007-06,Program Litigation,Defendant,1933
2007-07,Program Litigation,Defendant,1933
2007-08,Program Litigation,Defendant,1937
2007-09,Program Litigation,Defendant,1907
2007-10,Program Litigation,Defendant,1860
2007-11,Program Litigation,Defendant,1869
2007-12,Program Litigation,Defendant,1872
2008-01,Program Litigation,Defendant,1894
2008-02,Program Litigation,Defendant,1936
2008-03,Program Litigation,Defendant,1894
2008-04,Program Litigation,Defendant,1904
2008-05,Program Litigation,Defendant,1943
2008-06,Program Litigation,Defendant,1938
2008-07,Program Litigation,Defendant,1952
2008-08,Program Litigation,Defendant,1967
2008-09,Program Litigation,Defendant,1918
2008-10,Program Litigation,Defendant,1905
2008-11,Program Litigation,Defendant,1918
2008-12,Program Litigation,Defendant,1940
2009-01,Program Litigation,Defendant,1992
2009-02,Program Litigation,Defendant,2011
2009-03,Program Litigation,Defendant,2002
2009-04,Program Litigation,Defendant,2032
2009-05,Program Litigation,Defendant,2015
2009-06,Program Litigation,Defendant,2008
2009-07,Program Litigation,Defendant,2015
2009-08,Program Litigation,Defendant,1980
2009-09,Program Litigation,Defendant,1920
2009-10,Program Litigation,Defendant,1965
2009-11,Program Litigation,Defendant,2002
2009-12,Program Litigation,Defendant,2002
2010-01,Program Litigation,Defendant,2005
2010-02,Program Litigation,Defendant,1994
2010-03,Program Litigation,Defendant,1908
2010-04,Program Litigation,Defendant,1887
2010-05,Program Litigation,Defendant,1842
2010-06,Program Litigation,Defendant,1833
2010-07,Program Litigation,Defendant,1858
2010-08,Program Litigation,Defendant,1851
2010-09,Program Litigation,Defendant,1820
2010-10,Program Litigation,Defendant,1845
2010-11,Program Litigation,Defendant,1871
2010-12,Program Litigation,Defendant,1910
2011-01,Program Litigation,Defendant,1937
2011-02,Program Litigation,Defendant,1951
2011-03,Program Litigation,Defendant,1904
2011-04,Program Litigation,Defendant,1895
2011-05,Program Litigation,Defendant,1896
2011-06,Program Litigation,Defendant,1894
2011-07,Program Litigation,Defendant,1931
2011-08,Program Litigation,Defendant,1909
2011-09,Program Litigation,Defendant,1885
2011-10,Program Litigation,Defendant,1893
2011-11,Program Litigation,Defendant,1912
2011-12,Program Litigation,Defendant,1917
2012-01,Program Litigation,Defendant,1933
2012-02,Program Litigation,Defendant,1883
2012-03,Program Litigation,Defendant,1831
2012-04,Program Litigation,Defendant,1831
2012-05,Program Litigation,Defendant,1834
2012-06,Program Litigation,Defendant,1870
2012-07,Program Litigation,Defendant,1839
2012-08,Program Litigation,Defendant,1818
2012-09,Program Litigation,Defendant,1755
2012-10,Program Litigation,Defendant,1787
2012-11,Program Litigation,Defendant,1801
2012-12,Program Litigation,Defendant,1849
2013-01,Program Litigation,Defendant,1867
2013-02,Program Litigation,Defendant,1887
2013-03,Program Litigation,Defendant,1910
2013-04,Program Litigation,Defendant,1905
2013-05,Program Litigation,Defendant,1906
2013-06,Program Litigation,Defendant,1930
2013-07,Program Litigation,Defendant,1929
2013-08,Program Litigation,Defendant,1952
2013-09,Program Litigation,Defendant,1902
2013-10,Program Litigation,Defendant,1921
2013-11,Program Litigation,Defendant,1944
2013-12,Program Litigation,Defendant,1910
2014-01,Program Litigation,Defendant,1893
2014-02,Program Litigation,Defendant,1885
2014-03,Program Litigation,Defendant,1749
2014-04,Program Litigation,Defendant,1763
2014-05,Program Litigation,Defendant,1787
2014-06,Program Litigation,Defendant,1797
2014-07,Program Litigation,Defendant,1792
2014-08,Program Litigation,Defendant,1811
2014-09,Program Litigation,Defendant,1782
2014-10,Program Litigation,Defendant,1811
2014-11,Program Litigation,Defendant,1814
2014-12,Program Litigation,Defendant,1818
2015-01,Program Litigation,Defendant,1812
2015-02,Program Litigation,Defendant,1814
2015-03,Program Litigation,Defendant,1821
2015-04,Program Litigation,Defendant,1812
2015-05,Program Litigation,Defendant,1802
2015-06,Program Litigation,Defendant,1793
2015-07,Program Litigation,Defendant,1804
2015-08,Program Litigation,Defendant,1806
2015-09,Program Litigation,Defendant,1781
2015-10,Program Litigation,Defendant,1809
2015-11,Program Litigation,Defendant,1799
2015-12,Program Litigation,Defendant,1798
2016-01,Program Litigation,Defendant,1815
2016-02,Program Litigation,Defendant,1811
2016-03,Program Litigation,Defendant,1769
2016-04,Program Litigation,Defendant,1798
2016-05,Program Litigation,Defendant,1795
2016-06,Program Litigation,Defendant,1820
2016-07,Program Litigation,Defendant,1809
2016-08,Program Litigation,Defendant,1841
2016-09,Program Litigation,Defendant,1836
2016-10,Program Litigation,Defendant,1874
2016-11,Program Litigation,Defendant,1880
2016-12,Program Litigation,Defendant,1887
2017-01,Program Litigation,Defendant,1922
2017-02,Program Litigation,Defendant,1924
2017-03,Program Litigation,Defendant,1893
2017-04,Program Litigation,Defendant,1887
2017-05,Program Litigation,Defendant,1901
2017-06,Program Litigation,Defendant,1911
2017-07,Program Litigation,Defendant,1952
2017-08,Program Litigation,Defendant,1974
2017-09,Program Litigation,Defendant,1970
2017-10,Program Litigation,Defendant,2004
2017-11,Program Litigation,Defendant,2025
2017-12,Program Litigation,Defendant,2041
2018-01,Program Litigation,Defendant,2034
2018-02,Program Litigation,Defendant,2040
2018-03,Program Litigation,Defendant,2036
2018-04,Program Litigation,Defendant,2108
2018-05,Program Litigation,Defendant,2147
2018-06,Program Litigation,Defendant,2152
2018-07,Program Litigation,Defendant,2190
2018-08,Program Litigation,Defendant,2230
2018-09,Program Litigation,Defendant,2208
2018-10,Program Litigation,Defendant,2224
2018-11,Program Litigation,Defendant,2212
2018-12,Program Litigation,Defendant,2219
2019-01,Program Litigation,Defendant,2277
2019-02,Program Litigation,Defendant,2261
2019-03,Program Litigation,Defendant,2257
2019-04,Program Litigation,Defendant,2289
2019-05,Program Litigation,Defendant,2303
2019-06,Program Litigation,Defendant,2333
2019-07,Program Litigation,Defendant,2381
2019-08,Program Litigation,Defendant,2417
2019-09,Program Litigation,Defendant,2432
2019-10,Program Litigation,Defendant,2456
2019-11,Program Litigation,Defendant,2496
2019-12,Program Litigation,Defendant,2509
2020-01,Program Litigation,Defendant,2497
2020-02,Program Litigation,Defendant,2516
2020-03,Program Litigation,Defendant,2491
2020-04,Program Litigation,Defendant,2490
2020-05,Program Litigation,Defendant,2496
2020-06,Program Litigation,Defendant,2513
2020-07,Program Litigation,Defendant,2549
2020-08,Program Litigation,Defendant,2568
2020-09,Program Litigation,Defendant,2621
2020-10,Program Litigation,Defendant,2609
2020-11,Program Litigation,Defendant,2654
2020-12,Program Litigation,Defendant,2657
2021-01,Program Litigation,Defendant,2672
2021-02,Program Litigation,Defendant,2660
2021-03,Program Litigation,Defendant,2607
2021-04,Program Litigation,Defendant,2589
2021-05,Program Litigation,Defendant,2589
2021-06,Program Litigation,Defendant,2583
2021-07,Program Litigation,Defendant,2585
2021-08,Program Litigation,Defendant,2592
2021-09,Program Litigation,Defendant,2604
2021-10,Program Litigation,Defendant,2640
2021-11,Program Litigation,Defendant,2651
2021-12,Program Litigation,Defendant,2677
2022-01,Program Litigation,Defendant,2711
2022-02,Program Litigation,Defendant,2760
2022-03,Program Litigation,Defendant,2750
2022-04,Program Litigation,Defendant,2773
2022-05,Program Litigation,Defendant,2774
2022-06,Program Litigation,Defendant,2806
2022-07,Program Litigation,Defendant,2851
2022-08,Program Litigation,Defendant,2856
2022-09,Program Litigation,Defendant,2855
2022-10,Program Litigation,Defendant,2911
2022-11,Program Litigation,Defendant,2949
2022-12,Program Litigation,Defendant,2952
2023-01,Program Litigation,Defendant,2940
2023-02,Program Litigation,Defendant,2973
2023-03,Program Litigation,Defendant,3015
2023-04,Program Litigation,Defendant,3070
2023-05,Program Litigation,Defendant,3133
2023-06,Program Litigation,Defendant,3140
2023-07,Program Litigation,Defendant,3153
2023-08,Program Litigation,Defendant,3183
2023-09,Program Litigation,Defendant,3188
2023-10,Program Litigation,Defendant,3249
2023-11,Program Litigation,Defendant,3300
2023-12,Program Litigation,Defendant,3291
2024-01,Program Litigation,Defendant,3333
2024-02,Program Litigation,Defendant,3406
2024-03,Program Litigation,Defendant,3429
2024-04,Program Litigation,Defendant,3471
2024-05,Program Litigation,Defendant,3520
2024-06,Program Litigation,Defendant,3568
2024-07,Program Litigation,Defendant,3644
2024-08,Program Litigation,Defendant,3689
2024-09,Program Litigation,Defendant,3708
2024-10,Program Litigation,Defendant,3790
2024-11,Program Litigation,Defendant,3853
2024-12,Program Litigation,Defendant,3895
2025-01,Program Litigation,Defendant,3930
2025-02,Program Litigation,Defendant,4006
2025-03,Program Litigation,Defendant,4008
2025-04,Program Litigation,Defendant,4110
2025-05,Program Litigation,Defendant,4211
2025-06,Program Litigation,Defendant,4253
2025-07,Program Litigation,Defendant,4338
2025-08,Program Litigation,Defendant,4385
2025-09,Program Litigation,Defendant,4412
2025-10,Program Litigation,Defendant,4522
2025-11,Program Litigation,Defendant,4603
2025-12,Program Litigation,Defendant,4699
2026-01,Program Litigation,Defendant,4773
2026-02,Program Litigation,Defendant,4892
2026-03,Program Litigation,Defendant,4994
2026-04,Program Litigation,Defendant,5181
2026-05,Program Litigation,Defendant,5334
2026-06,Program Litigation,Defendant,5482
2026-07,Program Litigation,Defendant,5562
1994-10,Social Security,Defendant,14340
1994-11,Social Security,Defendant,14608
1994-12,Social Security,Defendant,14705
1995-01,Social Security,Defendant,14676
1995-02,Social Security,Defendant,14611
1995-03,Social Security,Defendant,14344
1995-04,Social Security,Defendant,14230
1995-05,Social Security,Defendant,14052
1995-06,Social Security,Defendant,13862
1995-07,Social Security,Defendant,13616
1995-08,Social Security,Defendant,13225
1995-09,Social Security,Defendant,12866
1995-10,Social Security,Defendant,12847
1995-11,Social Security,Defendant,12833
1995-12,Social Security,Defendant,12781
1996-01,Social Security,Defendant,12676
1996-02,Social Security,Defendant,12570
1996-03,Social Security,Defendant,12328
1996-04,Social Security,Defendant,12172
1996-05,Social Security,Defendant,12338
1996-06,Social Security,Defendant,12312
1996-07,Social Security,Defendant,12505
1996-08,Social Security,Defendant,12468
1996-09,Social Security,Defendant,12420
1996-10,Social Security,Defendant,12542
1996-11,Social Security,Defendant,12881
1996-12,Social Security,Defendant,13366
1997-01,Social Security,Defendant,13810
1997-02,Social Security,Defendant,14055
1997-03,Social Security,Defendant,14458
1997-04,Social Security,Defendant,14879
1997-05,Social Security,Defendant,15266
1997-06,Social Security,Defendant,15567
1997-07,Social Security,Defendant,15840
1997-08,Social Security,Defendant,16036
1997-09,Social Security,Defendant,16043
1997-10,Social Security,Defendant,16204
1997-11,Social Security,Defendant,16561
1997-12,Social Security,Defendant,16825
1998-01,Social Security,Defendant,16993
1998-02,Social Security,Defendant,17036
1998-03,Social Security,Defendant,16964
1998-04,Social Security,Defendant,17321
1998-05,Social Security,Defendant,17702
1998-06,Social Security,Defendant,18036
1998-07,Social Security,Defendant,18338
1998-08,Social Security,Defendant,18530
1998-09,Social Security,Defendant,18375
1998-10,Social Security,Defendant,18592
1998-11,Social Security,Defendant,18738
1998-12,Social Security,Defendant,18967
1999-01,Social Security,Defendant,18960
1999-02,Social Security,Defendant,18843
1999-03,Social Security,Defendant,18370
1999-04,Social Security,Defendant,18418
1999-05,Social Security,Defendant,18491
1999-06,Social Security,Defendant,18385
1999-07,Social Security,Defendant,18330
1999-08,Social Security,Defendant,18086
1999-09,Social Security,Defendant,17589
1999-10,Social Security,Defendant,17352
1999-11,Social Security,Defendant,17261
1999-12,Social Security,Defendant,17344
2000-01,Social Security,Defendant,17356
2000-02,Social Security,Defendant,17066
2000-03,Social Security,Defendant,16454
2000-04,Social Security,Defendant,16751
2000-05,Social Security,Defendant,17378
2000-06,Social Security,Defendant,18054
2000-07,Social Security,Defendant,18540
2000-08,Social Security,Defendant,18977
2000-09,Social Security,Defendant,19066
2000-10,Social Security,Defendant,19634
2000-11,Social Security,Defendant,20164
2000-12,Social Security,Defendant,20476
2001-01,Social Security,Defendant,20716
2001-02,Social Security,Defendant,20653
2001-03,Social Security,Defendant,20341
2001-04,Social Security,Defendant,20471
2001-05,Social Security,Defendant,20864
2001-06,Social Security,Defendant,21131
2001-07,Social Security,Defendant,21286
2001-08,Social Security,Defendant,21600
2001-09,Social Security,Defendant,21276
2001-10,Social Security,Defendant,21416
2001-11,Social Security,Defendant,21814
2001-12,Social Security,Defendant,22022
2002-01,Social Security,Defendant,21918
2002-02,Social Security,Defendant,21800
2002-03,Social Security,Defendant,21460
2002-04,Social Security,Defendant,22027
2002-05,Social Security,Defendant,22644
2002-06,Social Security,Defendant,23041
2002-07,Social Security,Defendant,23224
2002-08,Social Security,Defendant,23331
2002-09,Social Security,Defendant,23113
2002-10,Social Security,Defendant,23336
2002-11,Social Security,Defendant,23649
2002-12,Social Security,Defendant,23884
2003-01,Social Security,Defendant,23952
2003-02,Social Security,Defendant,23901
2003-03,Social Security,Defendant,23345
2003-04,Social Security,Defendant,23425
2003-05,Social Security,Defendant,23477
2003-06,Social Security,Defendant,23403
2003-07,Social Security,Defendant,23267
2003-08,Social Security,Defendant,23216
2003-09,Social Security,Defendant,22899
2003-10,Social Security,Defendant,22907
2003-11,Social Security,Defendant,22950
2003-12,Social Security,Defendant,22928
2004-01,Social Security,Defendant,22502
2004-02,Social Security,Defendant,21929
2004-03,Social Security,Defendant,20796
2004-04,Social Security,Defendant,20541
2004-05,Social Security,Defendant,20653
2004-06,Social Security,Defendant,20832
2004-07,Social Security,Defendant,20927
2004-08,Social Security,Defendant,20855
2004-09,Social Security,Defendant,20403
2004-10,Social Security,Defendant,20538
2004-11,Social Security,Defendant,20218
2004-12,Social Security,Defendant,19786
2005-01,Social Security,Defendant,19142
2005-02,Social Security,Defendant,18854
2005-03,Social Security,Defendant,17950
2005-04,Social Security,Defendant,17636
2005-05,Social Security,Defendant,17766
2005-06,Social Security,Defendant,17669
2005-07,Social Security,Defendant,17440
2005-08,Social Security,Defendant,17299
2005-09,Social Security,Defendant,16839
2005-10,Social Security,Defendant,17132
2005-11,Social Security,Defendant,17273
2005-12,Social Security,Defendant,17281
2006-01,Social Security,Defendant,17090
2006-02,Social Security,Defendant,16860
2006-03,Social Security,Defendant,15999
2006-04,Social Security,Defendant,16061
2006-05,Social Security,Defendant,16146
2006-06,Social Security,Defendant,16193
2006-07,Social Security,Defendant,16223
2006-08,Social Security,Defendant,16216
2006-09,Social Security,Defendant,15824
2006-10,Social Security,Defendant,16029
2006-11,Social Security,Defendant,16210
2006-12,Social Security,Defendant,16210
2007-01,Social Security,Defendant,16002
2007-02,Social Security,Defendant,15781
2007-03,Social Security,Defendant,15051
2007-04,Social Security,Defendant,15078
2007-05,Social Security,Defendant,15204
2007-06,Social Security,Defendant,15469
2007-07,Social Security,Defendant,15609
2007-08,Social Security,Defendant,15644
2007-09,Social Security,Defendant,15219
2007-10,Social Security,Defendant,15566
2007-11,Social Security,Defendant,15830
2007-12,Social Security,Defendant,15912
2008-01,Social Security,Defendant,15919
2008-02,Social Security,Defendant,15755
2008-03,Social Security,Defendant,15240
2008-04,Social Security,Defendant,15404
2008-05,Social Security,Defendant,15418
2008-06,Social Security,Defendant,15475
2008-07,Social Security,Defendant,15540
2008-08,Social Security,Defendant,15540
2008-09,Social Security,Defendant,15137
2008-10,Social Security,Defendant,15359
2008-11,Social Security,Defendant,15735
2008-12,Social Security,Defendant,15961
2009-01,Social Security,Defendant,15942
2009-02,Social Security,Defendant,15699
2009-03,Social Security,Defendant,14981
2009-04,Social Security,Defendant,15177
2009-05,Social Security,Defendant,15480
2009-06,Social Security,Defendant,15824
2009-07,Social Security,Defendant,16033
2009-08,Social Security,Defendant,16175
2009-09,Social Security,Defendant,15843
2009-10,Social Security,Defendant,16197
2009-11,Social Security,Defendant,16522
2009-12,Social Security,Defendant,16462
2010-01,Social Security,Defendant,16383
2010-02,Social Security,Defendant,16130
2010-03,Social Security,Defendant,15006
2010-04,Social Security,Defendant,14968
2010-05,Social Security,Defendant,15187
2010-06,Social Security,Defendant,15282
2010-07,Social Security,Defendant,15516
2010-08,Social Security,Defendant,15483
2010-09,Social Security,Defendant,15389
2010-10,Social Security,Defendant,15974
2010-11,Social Security,Defendant,16413
2010-12,Social Security,Defendant,16689
2011-01,Social Security,Defendant,16738
2011-02,Social Security,Defendant,16736
2011-03,Social Security,Defendant,16216
2011-04,Social Security,Defendant,16620
2011-05,Social Security,Defendant,17002
2011-06,Social Security,Defendant,17153
2011-07,Social Security,Defendant,17313
2011-08,Social Security,Defendant,17321
2011-09,Social Security,Defendant,17006
2011-10,Social Security,Defendant,17439
2011-11,Social Security,Defendant,17853
2011-12,Social Security,Defendant,18195
2012-01,Social Security,Defendant,18300
2012-02,Social Security,Defendant,18139
2012-03,Social Security,Defendant,17597
2012-04,Social Security,Defendant,17790
2012-05,Social Security,Defendant,18195
2012-06,Social Security,Defendant,18671
2012-07,Social Security,Defendant,18947
2012-08,Social Security,Defendant,18978
2012-09,Social Security,Defendant,18666
2012-10,Social Security,Defendant,19153
2012-11,Social Security,Defendant,19762
2012-12,Social Security,Defendant,19973
2013-01,Social Security,Defendant,20043
2013-02,Social Security,Defendant,19998
2013-03,Social Security,Defendant,19519
2013-04,Social Security,Defendant,19938
2013-05,Social Security,Defendant,20313
2013-06,Social Security,Defendant,20876
2013-07,Social Security,Defendant,21274
2013-08,Social Security,Defendant,21611
2013-09,Social Security,Defendant,21251
2013-10,Social Security,Defendant,22207
2013-11,Social Security,Defendant,22550
2013-12,Social Security,Defendant,22677
2014-01,Social Security,Defendant,22883
2014-02,Social Security,Defendant,22590
2014-03,Social Security,Defendant,21701
2014-04,Social Security,Defendant,22034
2014-05,Social Security,Defendant,22312
2014-06,Social Security,Defendant,22413
2014-07,Social Security,Defendant,22561
2014-08,Social Security,Defendant,22563
2014-09,Social Security,Defendant,21785
2014-10,Social Security,Defendant,22048
2014-11,Social Security,Defendant,22510
2014-12,Social Security,Defendant,22728
2015-01,Social Security,Defendant,22565
2015-02,Social Security,Defendant,22284
2015-03,Social Security,Defendant,21027
2015-04,Social Security,Defendant,21082
2015-05,Social Security,Defendant,21350
2015-06,Social Security,Defendant,21560
2015-07,Social Security,Defendant,21607
2015-08,Social Security,Defendant,21359
2015-09,Social Security,Defendant,20393
2015-10,Social Security,Defendant,20656
2015-11,Social Security,Defendant,20828
2015-12,Social Security,Defendant,20797
2016-01,Social Security,Defendant,20726
2016-02,Social Security,Defendant,20393
2016-03,Social Security,Defendant,19215
2016-04,Social Security,Defendant,19716
2016-05,Social Security,Defendant,20409
2016-06,Social Security,Defendant,20933
2016-07,Social Security,Defendant,21332
2016-08,Social Security,Defendant,21122
2016-09,Social Security,Defendant,20321
2016-10,Social Security,Defendant,20771
2016-11,Social Security,Defendant,21249
2016-12,Social Security,Defendant,21622
2017-01,Social Security,Defendant,21314
2017-02,Social Security,Defendant,21170
2017-03,Social Security,Defendant,20058
2017-04,Social Security,Defendant,20282
2017-05,Social Security,Defendant,20705
2017-06,Social Security,Defendant,20949
2017-07,Social Security,Defendant,21273
2017-08,Social Security,Defendant,21226
2017-09,Social Security,Defendant,20271
2017-10,Social Security,Defendant,20798
2017-11,Social Security,Defendant,21270
2017-12,Social Security,Defendant,21482
2018-01,Social Security,Defendant,21772
2018-02,Social Security,Defendant,21576
2018-03,Social Security,Defendant,20367
2018-04,Social Security,Defendant,20777
2018-05,Social Security,Defendant,20981
2018-06,Social Security,Defendant,21367
2018-07,Social Security,Defendant,21425
2018-08,Social Security,Defendant,21226
2018-09,Social Security,Defendant,20011
2018-10,Social Security,Defendant,20215
2018-11,Social Security,Defendant,20617
2018-12,Social Security,Defendant,20929
2019-01,Social Security,Defendant,21015
2019-02,Social Security,Defendant,20737
2019-03,Social Security,Defendant,19483
2019-04,Social Security,Defendant,19738
2019-05,Social Security,Defendant,19929
2019-06,Social Security,Defendant,19892
2019-07,Social Security,Defendant,20001
2019-08,Social Security,Defendant,19755
2019-09,Social Security,Defendant,18906
2019-10,Social Security,Defendant,19353
2019-11,Social Security,Defendant,19820
2019-12,Social Security,Defendant,19957
2020-01,Social Security,Defendant,19851
2020-02,Social Security,Defendant,19503
2020-03,Social Security,Defendant,18641
2020-04,Social Security,Defendant,18906
2020-05,Social Security,Defendant,19337
2020-06,Social Security,Defendant,20104
2020-07,Social Security,Defendant,21187
2020-08,Social Security,Defendant,22203
2020-09,Social Security,Defendant,23023
2020-10,Social Security,Defendant,24164
2020-11,Social Security,Defendant,25202
2020-12,Social Security,Defendant,26554
2021-01,Social Security,Defendant,27492
2021-02,Social Security,Defendant,27889
2021-03,Social Security,Defendant,27545
2021-04,Social Security,Defendant,27955
2021-05,Social Security,Defendant,27972
2021-06,Social Security,Defendant,27920
2021-07,Social Security,Defendant,27623
2021-08,Social Security,Defendant,27012
2021-09,Social Security,Defendant,25792
2021-10,Social Security,Defendant,25508
2021-11,Social Security,Defendant,25081
2021-12,Social Security,Defendant,24795
2022-01,Social Security,Defendant,24171
2022-02,Social Security,Defendant,23377
2022-03,Social Security,Defendant,21708
2022-04,Social Security,Defendant,21639
2022-05,Social Security,Defendant,21486
2022-06,Social Security,Defendant,21238
2022-07,Social Security,Defendant,20829
2022-08,Social Security,Defendant,20069
2022-09,Social Security,Defendant,18425
2022-10,Social Security,Defendant,18785
2022-11,Social Security,Defendant,19061
2022-12,Social Security,Defendant,19480
2023-01,Social Security,Defendant,19301
2023-02,Social Security,Defendant,19063
2023-03,Social Security,Defendant,18202
2023-04,Social Security,Defendant,18082
2023-05,Social Security,Defendant,18076
2023-06,Social Security,Defendant,18091
2023-07,Social Security,Defendant,17976
2023-08,Social Security,Defendant,17461
2023-09,Social Security,Defendant,16501
2023-10,Social Security,Defendant,16603
2023-11,Social Security,Defendant,16624
2023-12,Social Security,Defendant,16649
2024-01,Social Security,Defendant,16496
2024-02,Social Security,Defendant,15973
2024-03,Social Security,Defendant,15163
2024-04,Social Security,Defendant,15232
2024-05,Social Security,Defendant,15235
2024-06,Social Security,Defendant,15326
2024-07,Social Security,Defendant,15326
2024-08,Social Security,Defendant,15064
2024-09,Social Security,Defendant,14594
2024-10,Social Security,Defendant,14828
2024-11,Social Security,Defendant,15139
2024-12,Social Security,Defendant,15483
2025-01,Social Security,Defendant,15782
2025-02,Social Security,Defendant,15780
2025-03,Social Security,Defendant,15385
2025-04,Social Security,Defendant,15734
2025-05,Social Security,Defendant,15952
2025-06,Social Security,Defendant,16445
2025-07,Social Security,Defendant,16837
2025-08,Social Security,Defendant,17324
2025-09,Social Security,Defendant,17664
2025-10,Social Security,Defendant,18924
2025-11,Social Security,Defendant,19903
2025-12,Social Security,Defendant,20769
2026-01,Social Security,Defendant,21384
2026-02,Social Security,Defendant,21827
2026-03,Social Security,Defendant,21632
2026-04,Social Security,Defendant,21999
2026-05,Social Security,Defendant,22593
2026-06,Social Security,Defendant,23278
2026-07,Social Security,Defendant,23817
1998-11,Terrorism,Defendant,1
1998-12,Terrorism,Defendant,1
1999-01,Terrorism,Defendant,1
1999-02,Terrorism,Defendant,1
1999-03,Terrorism,Defendant,1
1999-04,Terrorism,Defendant,1
1999-05,Terrorism,Defendant,1
1999-06,Terrorism,Defendant,1
1999-07,Terrorism,Defendant,1
1999-08,Terrorism,Defendant,1
1999-09,Terrorism,Defendant,1
1999-10,Terrorism,Defendant,1
1999-11,Terrorism,Defendant,1
1999-12,Terrorism,Defendant,1
2000-01,Terrorism,Defendant,1
2000-02,Terrorism,Defendant,1
2000-03,Terrorism,Defendant,1
2000-04,Terrorism,Defendant,1
2000-05,Terrorism,Defendant,1
2000-06,Terrorism,Defendant,1
2000-07,Terrorism,Defendant,1
2000-08,Terrorism,Defendant,1
2000-09,Terrorism,Defendant,1
2000-10,Terrorism,Defendant,1
2000-11,Terrorism,Defendant,1
2000-12,Terrorism,Defendant,1
2001-01,Terrorism,Defendant,1
2001-02,Terrorism,Defendant,1
2001-03,Terrorism,Defendant,1
2001-04,Terrorism,Defendant,1
2001-05,Terrorism,Defendant,1
2001-06,Terrorism,Defendant,1
2001-07,Terrorism,Defendant,1
2001-08,Terrorism,Defendant,1
2001-09,Terrorism,Defendant,1
2001-10,Terrorism,Defendant,1
2001-11,Terrorism,Defendant,1
2001-12,Terrorism,Defendant,1
2002-01,Terrorism,Defendant,1
2002-02,Terrorism,Defendant,1
2002-03,Terrorism,Defendant,1
2002-04,Terrorism,Defendant,4
2002-05,Terrorism,Defendant,6
2002-06,Terrorism,Defendant,9
2002-07,Terrorism,Defendant,7
2002-08,Terrorism,Defendant,9
2002-09,Terrorism,Defendant,9
2002-10,Terrorism,Defendant,9
2002-11,Terrorism,Defendant,10
2002-12,Terrorism,Defendant,10
2003-01,Terrorism,Defendant,10
2003-02,Terrorism,Defendant,10
2003-03,Terrorism,Defendant,10
2003-04,Terrorism,Defendant,10
2003-05,Terrorism,Defendant,10
2003-06,Terrorism,Defendant,10
2003-07,Terrorism,Defendant,10
2003-08,Terrorism,Defendant,9
2003-09,Terrorism,Defendant,9
2003-10,Terrorism,Defendant,7
2003-11,Terrorism,Defendant,7
2003-12,Terrorism,Defendant,7
2004-01,Terrorism,Defendant,8
2004-02,Terrorism,Defendant,8
2004-03,Terrorism,Defendant,9
2004-04,Terrorism,Defendant,12
2004-05,Terrorism,Defendant,13
2004-06,Terrorism,Defendant,13
2004-07,Terrorism,Defendant,13
2004-08,Terrorism,Defendant,12
2004-09,Terrorism,Defendant,13
2004-10,Terrorism,Defendant,12
2004-11,Terrorism,Defendant,12
2004-12,Terrorism,Defendant,11
2005-01,Terrorism,Defendant,10
2005-02,Terrorism,Defendant,10
2005-03,Terrorism,Defendant,10
2005-04,Terrorism,Defendant,10
2005-05,Terrorism,Defendant,10
2005-06,Terrorism,Defendant,10
2005-07,Terrorism,Defendant,10
2005-08,Terrorism,Defendant,10
2005-09,Terrorism,Defendant,9
2005-10,Terrorism,Defendant,9
2005-11,Terrorism,Defendant,9
2005-12,Terrorism,Defendant,9
2006-01,Terrorism,Defendant,9
2006-02,Terrorism,Defendant,9
2006-03,Terrorism,Defendant,9
2006-04,Terrorism,Defendant,9
2006-05,Terrorism,Defendant,9
2006-06,Terrorism,Defendant,9
2006-07,Terrorism,Defendant,9
2006-08,Terrorism,Defendant,9
2006-09,Terrorism,Defendant,8
2006-10,Terrorism,Defendant,8
2006-11,Terrorism,Defendant,8
2006-12,Terrorism,Defendant,8
2007-01,Terrorism,Defendant,8
2007-02,Terrorism,Defendant,9
2007-03,Terrorism,Defendant,9
2007-04,Terrorism,Defendant,9
2007-05,Terrorism,Defendant,10
2007-06,Terrorism,Defendant,11
2007-07,Terrorism,Defendant,10
2007-08,Terrorism,Defendant,12
2007-09,Terrorism,Defendant,12
2007-10,Terrorism,Defendant,12
2007-11,Terrorism,Defendant,12
2007-12,Terrorism,Defendant,12
2008-01,Terrorism,Defendant,12
2008-02,Terrorism,Defendant,12
2008-03,Terrorism,Defendant,12
2008-04,Terrorism,Defendant,12
2008-05,Terrorism,Defendant,12
2008-06,Terrorism,Defendant,12
2008-07,Terrorism,Defendant,12
2008-08,Terrorism,Defendant,12
2008-09,Terrorism,Defendant,12
2008-10,Terrorism,Defendant,12
2008-11,Terrorism,Defendant,12
2008-12,Terrorism,Defendant,13
2009-01,Terrorism,Defendant,13
2009-02,Terrorism,Defendant,14
2009-03,Terrorism,Defendant,14
2009-04,Terrorism,Defendant,14
2009-05,Terrorism,Defendant,14
2009-06,Terrorism,Defendant,12
2009-07,Terrorism,Defendant,12
2009-08,Terrorism,Defendant,12
2009-09,Terrorism,Defendant,12
2009-10,Terrorism,Defendant,12
2009-11,Terrorism,Defendant,10
2009-12,Terrorism,Defendant,10
2010-01,Terrorism,Defendant,9
2010-02,Terrorism,Defendant,9
2010-03,Terrorism,Defendant,9
2010-04,Terrorism,Defendant,9
2010-05,Terrorism,Defendant,9
2010-06,Terrorism,Defendant,9
2010-07,Terrorism,Defendant,9
2010-08,Terrorism,Defendant,9
2010-09,Terrorism,Defendant,9
2010-10,Terrorism,Defendant,9
2010-11,Terrorism,Defendant,9
2010-12,Terrorism,Defendant,9
2011-01,Terrorism,Defendant,9
2011-02,Terrorism,Defendant,9
2011-03,Terrorism,Defendant,9
2011-04,Terrorism,Defendant,9
2011-05,Terrorism,Defendant,7
2011-06,Terrorism,Defendant,5
2011-07,Terrorism,Defendant,5
2011-08,Terrorism,Defendant,4
2011-09,Terrorism,Defendant,4
2011-10,Terrorism,Defendant,4
2011-11,Terrorism,Defendant,4
2011-12,Terrorism,Defendant,4
2012-01,Terrorism,Defendant,4
2012-02,Terrorism,Defendant,4
2012-03,Terrorism,Defendant,4
2012-04,Terrorism,Defendant,4
2012-05,Terrorism,Defendant,4
2012-06,Terrorism,Defendant,4
2012-07,Terrorism,Defendant,4
2012-08,Terrorism,Defendant,4
2012-09,Terrorism,Defendant,4
2012-10,Terrorism,Defendant,4
2012-11,Terrorism,Defendant,5
2012-12,Terrorism,Defendant,5
2013-01,Terrorism,Defendant,5
2013-02,Terrorism,Defendant,5
2013-03,Terrorism,Defendant,5
2013-04,Terrorism,Defendant,4
2013-05,Terrorism,Defendant,4
2013-06,Terrorism,Defendant,4
2013-07,Terrorism,Defendant,4
2013-08,Terrorism,Defendant,4
2013-09,Terrorism,Defendant,4
2013-10,Terrorism,Defendant,4
2013-11,Terrorism,Defendant,4
2013-12,Terrorism,Defendant,4
2014-01,Terrorism,Defendant,4
2014-02,Terrorism,Defendant,3
2014-03,Terrorism,Defendant,3
2014-04,Terrorism,Defendant,3
2014-05,Terrorism,Defendant,3
2014-06,Terrorism,Defendant,3
2014-07,Terrorism,Defendant,3
2014-08,Terrorism,Defendant,3
2014-09,Terrorism,Defendant,2
2014-10,Terrorism,Defendant,2
2014-11,Terrorism,Defendant,2
2014-12,Terrorism,Defendant,2
2015-01,Terrorism,Defendant,2
2015-02,Terrorism,Defendant,2
2015-03,Terrorism,Defendant,1
2015-04,Terrorism,Defendant,1
2015-05,Terrorism,Defendant,1
2015-06,Terrorism,Defendant,1
2015-07,Terrorism,Defendant,1
2015-08,Terrorism,Defendant,3
2015-09,Terrorism,Defendant,3
2015-10,Terrorism,Defendant,3
2015-11,Terrorism,Defendant,3
2015-12,Terrorism,Defendant,3
2016-01,Terrorism,Defendant,3
2016-02,Terrorism,Defendant,3
2016-03,Terrorism,Defendant,3
2016-04,Terrorism,Defendant,1
2016-05,Terrorism,Defendant,1
2016-06,Terrorism,Defendant,1
2016-07,Terrorism,Defendant,1
2016-08,Terrorism,Defendant,1
2016-09,Terrorism,Defendant,1
2016-10,Terrorism,Defendant,1
2016-11,Terrorism,Defendant,1
2016-12,Terrorism,Defendant,1
2017-01,Terrorism,Defendant,1
2017-02,Terrorism,Defendant,1
2017-03,Terrorism,Defendant,1
2017-04,Terrorism,Defendant,1
2017-05,Terrorism,Defendant,1
2017-06,Terrorism,Defendant,1
2017-07,Terrorism,Defendant,1
2017-08,Terrorism,Defendant,1
2017-09,Terrorism,Defendant,1
2017-10,Terrorism,Defendant,1
2017-11,Terrorism,Defendant,1
2017-12,Terrorism,Defendant,1
2018-01,Terrorism,Defendant,1
2018-02,Terrorism,Defendant,1
2018-03,Terrorism,Defendant,1
2018-04,Terrorism,Defendant,1
2018-05,Terrorism,Defendant,1
2018-06,Terrorism,Defendant,1
2018-07,Terrorism,Defendant,1
2018-08,Terrorism,Defendant,1
2018-09,Terrorism,Defendant,1
2018-10,Terrorism,Defendant,1
2018-11,Terrorism,Defendant,1
2018-12,Terrorism,Defendant,1
2019-01,Terrorism,Defendant,1
2019-02,Terrorism,Defendant,1
2019-03,Terrorism,Defendant,1
2019-04,Terrorism,Defendant,1
2019-05,Terrorism,Defendant,1
2019-06,Terrorism,Defendant,1
2019-07,Terrorism,Defendant,1
2019-08,Terrorism,Defendant,1
2019-09,Terrorism,Defendant,1
2019-10,Terrorism,Defendant,1
2019-11,Terrorism,Defendant,1
2019-12,Terrorism,Defendant,1
2020-01,Terrorism,Defendant,1
2020-02,Terrorism,Defendant,1
2020-03,Terrorism,Defendant,1
2020-04,Terrorism,Defendant,2
2020-05,Terrorism,Defendant,2
2020-06,Terrorism,Defendant,2
2020-07,Terrorism,Defendant,2
2020-08,Terrorism,Defendant,2
2020-09,Terrorism,Defendant,2
2020-10,Terrorism,Defendant,2
2020-11,Terrorism,Defendant,2
2020-12,Terrorism,Defendant,2
2021-01,Terrorism,Defendant,2
2021-02,Terrorism,Defendant,2
2021-03,Terrorism,Defendant,2
2021-04,Terrorism,Defendant,2
2021-05,Terrorism,Defendant,2
2021-06,Terrorism,Defendant,2
2021-07,Terrorism,Defendant,2
2021-08,Terrorism,Defendant,2
2021-09,Terrorism,Defendant,2
2021-10,Terrorism,Defendant,2
2021-11,Terrorism,Defendant,2
2021-12,Terrorism,Defendant,3
2022-01,Terrorism,Defendant,3
2022-02,Terrorism,Defendant,3
2022-03,Terrorism,Defendant,3
2022-04,Terrorism,Defendant,3
2022-05,Terrorism,Defendant,3
2022-06,Terrorism,Defendant,3
2022-07,Terrorism,Defendant,4
2022-08,Terrorism,Defendant,4
2022-09,Terrorism,Defendant,4
2022-10,Terrorism,Defendant,4
2022-11,Terrorism,Defendant,4
2022-12,Terrorism,Defendant,4
2023-01,Terrorism,Defendant,4
2023-02,Terrorism,Defendant,4
2023-03,Terrorism,Defendant,4
2023-04,Terrorism,Defendant,4
2023-05,Terrorism,Defendant,4
2023-06,Terrorism,Defendant,4
2023-07,Terrorism,Defendant,3
2023-08,Terrorism,Defendant,3
2023-09,Terrorism,Defendant,4
2023-10,Terrorism,Defendant,4
2023-11,Terrorism,Defendant,4
2023-12,Terrorism,Defendant,3
2024-01,Terrorism,Defendant,3
2024-02,Terrorism,Defendant,3
2024-03,Terrorism,Defendant,3
2024-04,Terrorism,Defendant,2
2024-05,Terrorism,Defendant,2
2024-06,Terrorism,Defendant,2
2024-07,Terrorism,Defendant,2
2024-08,Terrorism,Defendant,2
2024-09,Terrorism,Defendant,2
2024-10,Terrorism,Defendant,2
2024-11,Terrorism,Defendant,2
2024-12,Terrorism,Defendant,2
2025-01,Terrorism,Defendant,2
2025-02,Terrorism,Defendant,2
2025-03,Terrorism,Defendant,2
2025-04,Terrorism,Defendant,2
2025-05,Terrorism,Defendant,2
2025-06,Terrorism,Defendant,2
2025-07,Terrorism,Defendant,2
2025-08,Terrorism,Defendant,2
2025-09,Terrorism,Defendant,2
2025-10,Terrorism,Defendant,2
2025-11,Terrorism,Defendant,2
2025-12,Terrorism,Defendant,2
2026-01,Terrorism,Defendant,2
2026-02,Terrorism,Defendant,2
2026-03,Terrorism,Defendant,2
2026-04,Terrorism,Defendant,2
2026-05,Terrorism,Defendant,2
2026-06,Terrorism,Defendant,2
2026-07,Terrorism,Defendant,2
1994-10,Torts,Defendant,5692
1994-11,Torts,Defendant,5765
1994-12,Torts,Defendant,5815
1995-01,Torts,Defendant,5868
1995-02,Torts,Defendant,5882
1995-03,Torts,Defendant,5855
1995-04,Torts,Defendant,5894
1995-05,Torts,Defendant,5932
1995-06,Torts,Defendant,5983
1995-07,Torts,Defendant,5990
1995-08,Torts,Defendant,5967
1995-09,Torts,Defendant,5975
1995-10,Torts,Defendant,6013
1995-11,Torts,Defendant,6075
1995-12,Torts,Defendant,6110
1996-01,Torts,Defendant,6119
1996-02,Torts,Defendant,6075
1996-03,Torts,Defendant,5987
1996-04,Torts,Defendant,5975
1996-05,Torts,Defendant,5952
1996-06,Torts,Defendant,5853
1996-07,Torts,Defendant,5836
1996-08,Torts,Defendant,5805
1996-09,Torts,Defendant,5728
1996-10,Torts,Defendant,5698
1996-11,Torts,Defendant,5722
1996-12,Torts,Defendant,5748
1997-01,Torts,Defendant,5750
1997-02,Torts,Defendant,5729
1997-03,Torts,Defendant,5686
1997-04,Torts,Defendant,5641
1997-05,Torts,Defendant,5589
1997-06,Torts,Defendant,5390
1997-07,Torts,Defendant,5373
1997-08,Torts,Defendant,5351
1997-09,Torts,Defendant,5253
1997-10,Torts,Defendant,5262
1997-11,Torts,Defendant,5208
1997-12,Torts,Defendant,5208
1998-01,Torts,Defendant,5158
1998-02,Torts,Defendant,5136
1998-03,Torts,Defendant,5076
1998-04,Torts,Defendant,5093
1998-05,Torts,Defendant,5071
1998-06,Torts,Defendant,5112
1998-07,Torts,Defendant,5138
1998-08,Torts,Defendant,5084
1998-09,Torts,Defendant,5017
1998-10,Torts,Defendant,5014
1998-11,Torts,Defendant,5005
1998-12,Torts,Defendant,5000
1999-01,Torts,Defendant,5012
1999-02,Torts,Defendant,4996
1999-03,Torts,Defendant,4961
1999-04,Torts,Defendant,4985
1999-05,Torts,Defendant,5035
1999-06,Torts,Defendant,5047
1999-07,Torts,Defendant,4974
1999-08,Torts,Defendant,4957
1999-09,Torts,Defendant,4928
1999-10,Torts,Defendant,4912
1999-11,Torts,Defendant,4962
1999-12,Torts,Defendant,4971
2000-01,Torts,Defendant,4962
2000-02,Torts,Defendant,4908
2000-03,Torts,Defendant,4812
2000-04,Torts,Defendant,4782
2000-05,Torts,Defendant,4742
2000-06,Torts,Defendant,4713
2000-07,Torts,Defendant,4717
2000-08,Torts,Defendant,4688
2000-09,Torts,Defendant,4629
2000-10,Torts,Defendant,4650
2000-11,Torts,Defendant,4664
2000-12,Torts,Defendant,4677
2001-01,Torts,Defendant,4648
2001-02,Torts,Defendant,4697
2001-03,Torts,Defendant,4685
2001-04,Torts,Defendant,4742
2001-05,Torts,Defendant,4702
2001-06,Torts,Defendant,4711
2001-07,Torts,Defendant,4716
2001-08,Torts,Defendant,4719
2001-09,Torts,Defendant,4668
2001-10,Torts,Defendant,4636
2001-11,Torts,Defendant,4663
2001-12,Torts,Defendant,4639
2002-01,Torts,Defendant,4607
2002-02,Torts,Defendant,4611
2002-03,Torts,Defendant,4563
2002-04,Torts,Defendant,4549
2002-05,Torts,Defendant,4565
2002-06,Torts,Defendant,4570
2002-07,Torts,Defendant,4568
2002-08,Torts,Defendant,4572
2002-09,Torts,Defendant,4568
2002-10,Torts,Defendant,4553
2002-11,Torts,Defendant,4560
2002-12,Torts,Defendant,4590
2003-01,Torts,Defendant,4585
2003-02,Torts,Defendant,4565
2003-03,Torts,Defendant,4545
2003-04,Torts,Defendant,4556
2003-05,Torts,Defendant,4630
2003-06,Torts,Defendant,4650
2003-07,Torts,Defendant,4616
2003-08,Torts,Defendant,4672
2003-09,Torts,Defendant,4649
2003-10,Torts,Defendant,4692
2003-11,Torts,Defendant,4725
2003-12,Torts,Defendant,4766
2004-01,Torts,Defendant,4723
2004-02,Torts,Defendant,4703
2004-03,Torts,Defendant,4638
2004-04,Torts,Defendant,4613
2004-05,Torts,Defendant,4598
2004-06,Torts,Defendant,4600
2004-07,Torts,Defendant,4598
2004-08,Torts,Defendant,4570
2004-09,Torts,Defendant,4540
2004-10,Torts,Defendant,4529
2004-11,Torts,Defendant,4556
2004-12,Torts,Defendant,4581
2005-01,Torts,Defendant,4589
2005-02,Torts,Defendant,4602
2005-03,Torts,Defendant,4550
2005-04,Torts,Defendant,4534
2005-05,Torts,Defendant,4546
2005-06,Torts,Defendant,4581
2005-07,Torts,Defendant,4589
2005-08,Torts,Defendant,4567
2005-09,Torts,Defendant,4576
2005-10,Torts,Defendant,4592
2005-11,Torts,Defendant,4604
2005-12,Torts,Defendant,4600
2006-01,Torts,Defendant,4617
2006-02,Torts,Defendant,4637
2006-03,Torts,Defendant,4576
2006-04,Torts,Defendant,4627
2006-05,Torts,Defendant,4637
2006-06,Torts,Defendant,4650
2006-07,Torts,Defendant,4658
2006-08,Torts,Defendant,4759
2006-09,Torts,Defendant,4764
2006-10,Torts,Defendant,4722
2006-11,Torts,Defendant,4733
2006-12,Torts,Defendant,4772
2007-01,Torts,Defendant,4723
2007-02,Torts,Defendant,4750
2007-03,Torts,Defendant,4743
2007-04,Torts,Defendant,4743
2007-05,Torts,Defendant,4683
2007-06,Torts,Defendant,4674
2007-07,Torts,Defendant,4633
2007-08,Torts,Defendant,4721
2007-09,Torts,Defendant,4682
2007-10,Torts,Defendant,4631
2007-11,Torts,Defendant,4672
2007-12,Torts,Defendant,4700
2008-01,Torts,Defendant,4694
2008-02,Torts,Defendant,4736
2008-03,Torts,Defendant,4609
2008-04,Torts,Defendant,4605
2008-05,Torts,Defendant,4616
2008-06,Torts,Defendant,4634
2008-07,Torts,Defendant,4586
2008-08,Torts,Defendant,4609
2008-09,Torts,Defendant,4540
2008-10,Torts,Defendant,4545
2008-11,Torts,Defendant,4560
2008-12,Torts,Defendant,4581
2009-01,Torts,Defendant,4638
2009-02,Torts,Defendant,4629
2009-03,Torts,Defendant,4569
2009-04,Torts,Defendant,4545
2009-05,Torts,Defendant,4598
2009-06,Torts,Defendant,4576
2009-07,Torts,Defendant,4612
2009-08,Torts,Defendant,4597
2009-09,Torts,Defendant,4508
2009-10,Torts,Defendant,4494
2009-11,Torts,Defendant,4520
2009-12,Torts,Defendant,4603
2010-01,Torts,Defendant,4598
2010-02,Torts,Defendant,4593
2010-03,Torts,Defendant,4557
2010-04,Torts,Defendant,4508
2010-05,Torts,Defendant,4481
2010-06,Torts,Defendant,4495
2010-07,Torts,Defendant,4487
2010-08,Torts,Defendant,4541
2010-09,Torts,Defendant,4505
2010-10,Torts,Defendant,4507
2010-11,Torts,Defendant,4528
2010-12,Torts,Defendant,4572
2011-01,Torts,Defendant,4656
2011-02,Torts,Defendant,4643
2011-03,Torts,Defendant,4606
2011-04,Torts,Defendant,4616
2011-05,Torts,Defendant,4619
2011-06,Torts,Defendant,4697
2011-07,Torts,Defendant,4699
2011-08,Torts,Defendant,4633
2011-09,Torts,Defendant,4628
2011-10,Torts,Defendant,4673
2011-11,Torts,Defendant,4719
2011-12,Torts,Defendant,4745
2012-01,Torts,Defendant,4772
2012-02,Torts,Defendant,4758
2012-03,Torts,Defendant,4704
2012-04,Torts,Defendant,4616
2012-05,Torts,Defendant,4631
2012-06,Torts,Defendant,4673
2012-07,Torts,Defendant,4668
2012-08,Torts,Defendant,4681
2012-09,Torts,Defendant,4647
2012-10,Torts,Defendant,4671
2012-11,Torts,Defendant,4696
2012-12,Torts,Defendant,4784
2013-01,Torts,Defendant,4772
2013-02,Torts,Defendant,4878
2013-03,Torts,Defendant,4866
2013-04,Torts,Defendant,4940
2013-05,Torts,Defendant,4998
2013-06,Torts,Defendant,4896
2013-07,Torts,Defendant,4808
2013-08,Torts,Defendant,4688
2013-09,Torts,Defendant,4612
2013-10,Torts,Defendant,4621
2013-11,Torts,Defendant,4645
2013-12,Torts,Defendant,4620
2014-01,Torts,Defendant,4603
2014-02,Torts,Defendant,4542
2014-03,Torts,Defendant,4380
2014-04,Torts,Defendant,4304
2014-05,Torts,Defendant,4293
2014-06,Torts,Defendant,4315
2014-07,Torts,Defendant,4337
2014-08,Torts,Defendant,4319
2014-09,Torts,Defendant,4248
2014-10,Torts,Defendant,4198
2014-11,Torts,Defendant,4197
2014-12,Torts,Defendant,4190
2015-01,Torts,Defendant,4172
2015-02,Torts,Defendant,4170
2015-03,Torts,Defendant,4184
2015-04,Torts,Defendant,4183
2015-05,Torts,Defendant,4167
2015-06,Torts,Defendant,4169
2015-07,Torts,Defendant,4138
2015-08,Torts,Defendant,4162
2015-09,Torts,Defendant,4208
2015-10,Torts,Defendant,4226
2015-11,Torts,Defendant,4218
2015-12,Torts,Defendant,4258
2016-01,Torts,Defendant,4238
2016-02,Torts,Defendant,4266
2016-03,Torts,Defendant,4183
2016-04,Torts,Defendant,4199
2016-05,Torts,Defendant,4171
2016-06,Torts,Defendant,4184
2016-07,Torts,Defendant,4187
2016-08,Torts,Defendant,4143
2016-09,Torts,Defendant,4117
2016-10,Torts,Defendant,4088
2016-11,Torts,Defendant,4135
2016-12,Torts,Defendant,4153
2017-01,Torts,Defendant,4138
2017-02,Torts,Defendant,4165
2017-03,Torts,Defendant,4122
2017-04,Torts,Defendant,4169
2017-05,Torts,Defendant,4176
2017-06,Torts,Defendant,4132
2017-07,Torts,Defendant,4127
2017-08,Torts,Defendant,4095
2017-09,Torts,Defendant,4024
2017-10,Torts,Defendant,4061
2017-11,Torts,Defendant,4072
2017-12,Torts,Defendant,4110
2018-01,Torts,Defendant,4148
2018-02,Torts,Defendant,4148
2018-03,Torts,Defendant,4100
2018-04,Torts,Defendant,4128
2018-05,Torts,Defendant,4142
2018-06,Torts,Defendant,4157
2018-07,Torts,Defendant,4208
2018-08,Torts,Defendant,4179
2018-09,Torts,Defendant,4123
2018-10,Torts,Defendant,4103
2018-11,Torts,Defendant,4108
2018-12,Torts,Defendant,4151
2019-01,Torts,Defendant,4298
2019-02,Torts,Defendant,4313
2019-03,Torts,Defendant,4278
2019-04,Torts,Defendant,4282
2019-05,Torts,Defendant,4318
2019-06,Torts,Defendant,4365
2019-07,Torts,Defendant,4373
2019-08,Torts,Defendant,4335
2019-09,Torts,Defendant,4350
2019-10,Torts,Defendant,4373
2019-11,Torts,Defendant,4387
2019-12,Torts,Defendant,4361
2020-01,Torts,Defendant,4320
2020-02,Torts,Defendant,4302
2020-03,Torts,Defendant,4253
2020-04,Torts,Defendant,4254
2020-05,Torts,Defendant,4314
2020-06,Torts,Defendant,4367
2020-07,Torts,Defendant,4398
2020-08,Torts,Defendant,4436
2020-09,Torts,Defendant,4466
2020-10,Torts,Defendant,4433
2020-11,Torts,Defendant,4433
2020-12,Torts,Defendant,4535
2021-01,Torts,Defendant,4580
2021-02,Torts,Defendant,4628
2021-03,Torts,Defendant,4575
2021-04,Torts,Defendant,4582
2021-05,Torts,Defendant,4606
2021-06,Torts,Defendant,4712
2021-07,Torts,Defendant,4772
2021-08,Torts,Defendant,4776
2021-09,Torts,Defendant,4735
2021-10,Torts,Defendant,4744
2021-11,Torts,Defendant,4710
2021-12,Torts,Defendant,4699
2022-01,Torts,Defendant,4710
2022-02,Torts,Defendant,4736
2022-03,Torts,Defendant,4703
2022-04,Torts,Defendant,4714
2022-05,Torts,Defendant,4726
2022-06,Torts,Defendant,4686
2022-07,Torts,Defendant,4667
2022-08,Torts,Defendant,4641
2022-09,Torts,Defendant,4652
2022-10,Torts,Defendant,4674
2022-11,Torts,Defendant,4635
2022-12,Torts,Defendant,4587
2023-01,Torts,Defendant,4576
2023-02,Torts,Defendant,4548
2023-03,Torts,Defendant,4588
2023-04,Torts,Defendant,4516
2023-05,Torts,Defendant,4498
2023-06,Torts,Defendant,4481
2023-07,Torts,Defendant,4494
2023-08,Torts,Defendant,4450
2023-09,Torts,Defendant,4405
2023-10,Torts,Defendant,4399
2023-11,Torts,Defendant,4400
2023-12,Torts,Defendant,4339
2024-01,Torts,Defendant,4297
2024-02,Torts,Defendant,4308
2024-03,Torts,Defendant,4318
2024-04,Torts,Defendant,4292
2024-05,Torts,Defendant,4315
2024-06,Torts,Defendant,4323
2024-07,Torts,Defendant,4350
2024-08,Torts,Defendant,4381
2024-09,Torts,Defendant,4301
2024-10,Torts,Defendant,4323
2024-11,Torts,Defendant,4324
2024-12,Torts,Defendant,4325
2025-01,Torts,Defendant,4353
2025-02,Torts,Defendant,4348
2025-03,Torts,Defendant,4267
2025-04,Torts,Defendant,4330
2025-05,Torts,Defendant,4383
2025-06,Torts,Defendant,4436
2025-07,Torts,Defendant,4461
2025-08,Torts,Defendant,4498
2025-09,Torts,Defendant,4568
2025-10,Torts,Defendant,4662
2025-11,Torts,Defendant,4775
2025-12,Torts,Defendant,4867
2026-01,Torts,Defendant,4988
2026-02,Torts,Defendant,5082
2026-03,Torts,Defendant,5167
2026-04,Torts,Defendant,5264
2026-05,Torts,Defendant,5338
2026-06,Torts,Defendant,5387
2026-07,Torts,Defendant,5404
1994-10,ALL,Other,28335
1994-11,ALL,Other,28342
1994-12,ALL,Other,28432
1995-01,ALL,Other,28483
1995-02,ALL,Other,28738
1995-03,ALL,Other,29037
1995-04,ALL,Other,29264
1995-05,ALL,Other,29541
1995-06,ALL,Other,29758
1995-07,ALL,Other,29990
1995-08,ALL,Other,30103
1995-09,ALL,Other,30086
1995-10,ALL,Other,30250
1995-11,ALL,Other,30653
1995-12,ALL,Other,30895
1996-01,ALL,Other,31041
1996-02,ALL,Other,30996
1996-03,ALL,Other,30940
1996-04,ALL,Other,31193
1996-05,ALL,Other,31218
1996-06,ALL,Other,28064
1996-07,ALL,Other,28024
1996-08,ALL,Other,28073
1996-09,ALL,Other,27569
1996-10,ALL,Other,27364
1996-11,ALL,Other,27221
1996-12,ALL,Other,26920
1997-01,ALL,Other,26891
1997-02,ALL,Other,26826
1997-03,ALL,Other,27081
1997-04,ALL,Other,26736
1997-05,ALL,Other,26213
1997-06,ALL,Other,25952
1997-07,ALL,Other,25610
1997-08,ALL,Other,25552
1997-09,ALL,Other,25298
1997-10,ALL,Other,25203
1997-11,ALL,Other,25135
1997-12,ALL,Other,25139
1998-01,ALL,Other,25120
1998-02,ALL,Other,24923
1998-03,ALL,Other,24589
1998-04,ALL,Other,24675
1998-05,ALL,Other,24405
1998-06,ALL,Other,23997
1998-07,ALL,Other,23755
1998-08,ALL,Other,23533
1998-09,ALL,Other,23090
1998-10,ALL,Other,23172
1998-11,ALL,Other,23076
1998-12,ALL,Other,23030
1999-01,ALL,Other,23097
1999-02,ALL,Other,22769
1999-03,ALL,Other,22707
1999-04,ALL,Other,22592
1999-05,ALL,Other,22540
1999-06,ALL,Other,22405
1999-07,ALL,Other,22221
1999-08,ALL,Other,21894
1999-09,ALL,Other,21304
1999-10,ALL,Other,21133
1999-11,ALL,Other,20934
1999-12,ALL,Other,21176
2000-01,ALL,Other,21092
2000-02,ALL,Other,21104
2000-03,ALL,Other,20760
2000-04,ALL,Other,20779
2000-05,ALL,Other,20781
2000-06,ALL,Other,20581
2000-07,ALL,Other,20353
2000-08,ALL,Other,20176
2000-09,ALL,Other,19956
2000-10,ALL,Other,19742
2000-11,ALL,Other,19755
2000-12,ALL,Other,19745
2001-01,ALL,Other,20035
2001-02,ALL,Other,20368
2001-03,ALL,Other,20529
2001-04,ALL,Other,20575
2001-05,ALL,Other,20795
2001-06,ALL,Other,20917
2001-07,ALL,Other,20951
2001-08,ALL,Other,20606
2001-09,ALL,Other,20267
2001-10,ALL,Other,20097
2001-11,ALL,Other,19998
2001-12,ALL,Other,20043
2002-01,ALL,Other,20492
2002-02,ALL,Other,20928
2002-03,ALL,Other,20903
2002-04,ALL,Other,21009
2002-05,ALL,Other,21002
2002-06,ALL,Other,21201
2002-07,ALL,Other,21104
2002-08,ALL,Other,21168
2002-09,ALL,Other,20964
2002-10,ALL,Other,20782
2002-11,ALL,Other,20895
2002-12,ALL,Other,21109
2003-01,ALL,Other,21868
2003-02,ALL,Other,22374
2003-03,ALL,Other,22766
2003-04,ALL,Other,22998
2003-05,ALL,Other,23459
2003-06,ALL,Other,23610
2003-07,ALL,Other,23799
2003-08,ALL,Other,23799
2003-09,ALL,Other,23568
2003-10,ALL,Other,23851
2003-11,ALL,Other,23878
2003-12,ALL,Other,24059
2004-01,ALL,Other,24469
2004-02,ALL,Other,24708
2004-03,ALL,Other,24561
2004-04,ALL,Other,25006
2004-05,ALL,Other,25280
2004-06,ALL,Other,25562
2004-07,ALL,Other,25790
2004-08,ALL,Other,25668
2004-09,ALL,Other,25560
2004-10,ALL,Other,25841
2004-11,ALL,Other,25892
2004-12,ALL,Other,26075
2005-01,ALL,Other,26252
2005-02,ALL,Other,26322
2005-03,ALL,Other,26355
2005-04,ALL,Other,26622
2005-05,ALL,Other,26503
2005-06,ALL,Other,26580
2005-07,ALL,Other,26564
2005-08,ALL,Other,26433
2005-09,ALL,Other,26332
2005-10,ALL,Other,27963
2005-11,ALL,Other,27504
2005-12,ALL,Other,26963
2006-01,ALL,Other,26471
2006-02,ALL,Other,26069
2006-03,ALL,Other,25240
2006-04,ALL,Other,25028
2006-05,ALL,Other,24492
2006-06,ALL,Other,23549
2006-07,ALL,Other,22846
2006-08,ALL,Other,21994
2006-09,ALL,Other,21199
2006-10,ALL,Other,20783
2006-11,ALL,Other,20474
2006-12,ALL,Other,20313
2007-01,ALL,Other,20030
2007-02,ALL,Other,19840
2007-03,ALL,Other,19260
2007-04,ALL,Other,18703
2007-05,ALL,Other,18288
2007-06,ALL,Other,17991
2007-07,ALL,Other,17749
2007-08,ALL,Other,17472
2007-09,ALL,Other,17109
2007-10,ALL,Other,16907
2007-11,ALL,Other,16693
2007-12,ALL,Other,16254
2008-01,ALL,Other,16400
2008-02,ALL,Other,16492
2008-03,ALL,Other,16052
2008-04,ALL,Other,15999
2008-05,ALL,Other,15883
2008-06,ALL,Other,15759
2008-07,ALL,Other,15686
2008-08,ALL,Other,15338
2008-09,ALL,Other,14641
2008-10,ALL,Other,14344
2008-11,ALL,Other,14477
2008-12,ALL,Other,14573
2009-01,ALL,Other,14843
2009-02,ALL,Other,14586
2009-03,ALL,Other,14631
2009-04,ALL,Other,14757
2009-05,ALL,Other,14687
2009-06,ALL,Other,14722
2009-07,ALL,Other,14690
2009-08,ALL,Other,14801
2009-09,ALL,Other,14503
2009-10,ALL,Other,14684
2009-11,ALL,Other,14811
2009-12,ALL,Other,14795
2010-01,ALL,Other,14961
2010-02,ALL,Other,15001
2010-03,ALL,Other,14748
2010-04,ALL,Other,14925
2010-05,ALL,Other,14982
2010-06,ALL,Other,15022
2010-07,ALL,Other,15030
2010-08,ALL,Other,15135
2010-09,ALL,Other,15048
2010-10,ALL,Other,15205
2010-11,ALL,Other,15368
2010-12,ALL,Other,15453
2011-01,ALL,Other,15576
2011-02,ALL,Other,15728
2011-03,ALL,Other,15617
2011-04,ALL,Other,15753
2011-05,ALL,Other,15827
2011-06,ALL,Other,15993
2011-07,ALL,Other,16053
2011-08,ALL,Other,16071
2011-09,ALL,Other,15778
2011-10,ALL,Other,15760
2011-11,ALL,Other,15834
2011-12,ALL,Other,15750
2012-01,ALL,Other,15851
2012-02,ALL,Other,15763
2012-03,ALL,Other,15564
2012-04,ALL,Other,15593
2012-05,ALL,Other,15560
2012-06,ALL,Other,15597
2012-07,ALL,Other,15473
2012-08,ALL,Other,15239
2012-09,ALL,Other,14885
2012-10,ALL,Other,14846
2012-11,ALL,Other,14859
2012-12,ALL,Other,14913
2013-01,ALL,Other,14791
2013-02,ALL,Other,14916
2013-03,ALL,Other,14997
2013-04,ALL,Other,14997
2013-05,ALL,Other,14926
2013-06,ALL,Other,14810
2013-07,ALL,Other,14786
2013-08,ALL,Other,14662
2013-09,ALL,Other,14579
2013-10,ALL,Other,14665
2013-11,ALL,Other,14632
2013-12,ALL,Other,14598
2014-01,ALL,Other,14725
2014-02,ALL,Other,14714
2014-03,ALL,Other,14556
2014-04,ALL,Other,14760
2014-05,ALL,Other,14788
2014-06,ALL,Other,14721
2014-07,ALL,Other,14565
2014-08,ALL,Other,14351
2014-09,ALL,Other,13878
2014-10,ALL,Other,13992
2014-11,ALL,Other,14142
2014-12,ALL,Other,14167
2015-01,ALL,Other,13926
2015-02,ALL,Other,14053
2015-03,ALL,Other,14011
2015-04,ALL,Other,13849
2015-05,ALL,Other,13905
2015-06,ALL,Other,13858
2015-07,ALL,Other,13709
2015-08,ALL,Other,13682
2015-09,ALL,Other,13619
2015-10,ALL,Other,13538
2015-11,ALL,Other,13663
2015-12,ALL,Other,13533
2016-01,ALL,Other,13441
2016-02,ALL,Other,13594
2016-03,ALL,Other,13154
2016-04,ALL,Other,13189
2016-05,ALL,Other,13313
2016-06,ALL,Other,14129
2016-07,ALL,Other,13880
2016-08,ALL,Other,13740
2016-09,ALL,Other,13503
2016-10,ALL,Other,13525
2016-11,ALL,Other,13499
2016-12,ALL,Other,13477
2017-01,ALL,Other,13217
2017-02,ALL,Other,13242
2017-03,ALL,Other,13034
2017-04,ALL,Other,13082
2017-05,ALL,Other,12924
2017-06,ALL,Other,12779
2017-07,ALL,Other,12667
2017-08,ALL,Other,12532
2017-09,ALL,Other,12194
2017-10,ALL,Other,12172
2017-11,ALL,Other,12262
2017-12,ALL,Other,12189
2018-01,ALL,Other,12234
2018-02,ALL,Other,12144
2018-03,ALL,Other,12045
2018-04,ALL,Other,12053
2018-05,ALL,Other,12112
2018-06,ALL,Other,11806
2018-07,ALL,Other,11821
2018-08,ALL,Other,11612
2018-09,ALL,Other,11347
2018-10,ALL,Other,11260
2018-11,ALL,Other,11362
2018-12,ALL,Other,11397
2019-01,ALL,Other,11677
2019-02,ALL,Other,11705
2019-03,ALL,Other,11794
2019-04,ALL,Other,11925
2019-05,ALL,Other,12061
2019-06,ALL,Other,11807
2019-07,ALL,Other,11672
2019-08,ALL,Other,11576
2019-09,ALL,Other,11141
2019-10,ALL,Other,10934
2019-11,ALL,Other,11074
2019-12,ALL,Other,11137
2020-01,ALL,Other,11152
2020-02,ALL,Other,11136
2020-03,ALL,Other,11088
2020-04,ALL,Other,11207
2020-05,ALL,Other,11376
2020-06,ALL,Other,11622
2020-07,ALL,Other,11564
2020-08,ALL,Other,11340
2020-09,ALL,Other,11122
2020-10,ALL,Other,10562
2020-11,ALL,Other,10417
2020-12,ALL,Other,9810
2021-01,ALL,Other,9713
2021-02,ALL,Other,9564
2021-03,ALL,Other,9242
2021-04,ALL,Other,9190
2021-05,ALL,Other,9073
2021-06,ALL,Other,9063
2021-07,ALL,Other,8932
2021-08,ALL,Other,8795
2021-09,ALL,Other,8564
2021-10,ALL,Other,8573
2021-11,ALL,Other,8454
2021-12,ALL,Other,8252
2022-01,ALL,Other,8163
2022-02,ALL,Other,8094
2022-03,ALL,Other,7898
2022-04,ALL,Other,7870
2022-05,ALL,Other,7917
2022-06,ALL,Other,7845
2022-07,ALL,Other,7867
2022-08,ALL,Other,7747
2022-09,ALL,Other,7585
2022-10,ALL,Other,7632
2022-11,ALL,Other,7655
2022-12,ALL,Other,7700
2023-01,ALL,Other,7778
2023-02,ALL,Other,7858
2023-03,ALL,Other,7895
2023-04,ALL,Other,7988
2023-05,ALL,Other,8124
2023-06,ALL,Other,8029
2023-07,ALL,Other,8043
2023-08,ALL,Other,8017
2023-09,ALL,Other,7770
2023-10,ALL,Other,7816
2023-11,ALL,Other,7883
2023-12,ALL,Other,7982
2024-01,ALL,Other,8163
2024-02,ALL,Other,7727
2024-03,ALL,Other,7611
2024-04,ALL,Other,7623
2024-05,ALL,Other,7709
2024-06,ALL,Other,7788
2024-07,ALL,Other,7764
2024-08,ALL,Other,7873
2024-09,ALL,Other,7769
2024-10,ALL,Other,7917
2024-11,ALL,Other,8189
2024-12,ALL,Other,8245
2025-01,ALL,Other,8408
2025-02,ALL,Other,8415
2025-03,ALL,Other,8379
2025-04,ALL,Other,8540
2025-05,ALL,Other,8633
2025-06,ALL,Other,8670
2025-07,ALL,Other,8809
2025-08,ALL,Other,8730
2025-09,ALL,Other,8562
2025-10,ALL,Other,8847
2025-11,ALL,Other,8998
2025-12,ALL,Other,9135
2026-01,ALL,Other,9246
2026-02,ALL,Other,9359
2026-03,ALL,Other,9165
2026-04,ALL,Other,9381
2026-05,ALL,Other,9499
2026-06,ALL,Other,9480
2026-07,ALL,Other,9509
1994-10,Admiralty,Other,19
1994-11,Admiralty,Other,17
1994-12,Admiralty,Other,17
1995-01,Admiralty,Other,17
1995-02,Admiralty,Other,18
1995-03,Admiralty,Other,19
1995-04,Admiralty,Other,17
1995-05,Admiralty,Other,19
1995-06,Admiralty,Other,18
1995-07,Admiralty,Other,18
1995-08,Admiralty,Other,20
1995-09,Admiralty,Other,20
1995-10,Admiralty,Other,18
1995-11,Admiralty,Other,18
1995-12,Admiralty,Other,18
1996-01,Admiralty,Other,18
1996-02,Admiralty,Other,18
1996-03,Admiralty,Other,19
1996-04,Admiralty,Other,19
1996-05,Admiralty,Other,19
1996-06,Admiralty,Other,18
1996-07,Admiralty,Other,19
1996-08,Admiralty,Other,20
1996-09,Admiralty,Other,21
1996-10,Admiralty,Other,21
1996-11,Admiralty,Other,21
1996-12,Admiralty,Other,21
1997-01,Admiralty,Other,23
1997-02,Admiralty,Other,18
1997-03,Admiralty,Other,18
1997-04,Admiralty,Other,17
1997-05,Admiralty,Other,16
1997-06,Admiralty,Other,15
1997-07,Admiralty,Other,13
1997-08,Admiralty,Other,12
1997-09,Admiralty,Other,11
1997-10,Admiralty,Other,11
1997-11,Admiralty,Other,9
1997-12,Admiralty,Other,9
1998-01,Admiralty,Other,10
1998-02,Admiralty,Other,14
1998-03,Admiralty,Other,13
1998-04,Admiralty,Other,20
1998-05,Admiralty,Other,21
1998-06,Admiralty,Other,21
1998-07,Admiralty,Other,21
1998-08,Admiralty,Other,21
1998-09,Admiralty,Other,19
1998-10,Admiralty,Other,17
1998-11,Admiralty,Other,17
1998-12,Admiralty,Other,17
1999-01,Admiralty,Other,17
1999-02,Admiralty,Other,19
1999-03,Admiralty,Other,22
1999-04,Admiralty,Other,22
1999-05,Admiralty,Other,22
1999-06,Admiralty,Other,23
1999-07,Admiralty,Other,22
1999-08,Admiralty,Other,21
1999-09,Admiralty,Other,20
1999-10,Admiralty,Other,21
1999-11,Admiralty,Other,21
1999-12,Admiralty,Other,20
2000-01,Admiralty,Other,21
2000-02,Admiralty,Other,20
2000-03,Admiralty,Other,20
2000-04,Admiralty,Other,20
2000-05,Admiralty,Other,18
2000-06,Admiralty,Other,18
2000-07,Admiralty,Other,17
2000-08,Admiralty,Other,16
2000-09,Admiralty,Other,16
2000-10,Admiralty,Other,16
2000-11,Admiralty,Other,16
2000-12,Admiralty,Other,16
2001-01,Admiralty,Other,15
2001-02,Admiralty,Other,15
2001-03,Admiralty,Other,15
2001-04,Admiralty,Other,15
2001-05,Admiralty,Other,17
2001-06,Admiralty,Other,17
2001-07,Admiralty,Other,17
2001-08,Admiralty,Other,17
2001-09,Admiralty,Other,16
2001-10,Admiralty,Other,11
2001-11,Admiralty,Other,11
2001-12,Admiralty,Other,10
2002-01,Admiralty,Other,9
2002-02,Admiralty,Other,8
2002-03,Admiralty,Other,8
2002-04,Admiralty,Other,6
2002-05,Admiralty,Other,7
2002-06,Admiralty,Other,7
2002-07,Admiralty,Other,7
2002-08,Admiralty,Other,7
2002-09,Admiralty,Other,8
2002-10,Admiralty,Other,9
2002-11,Admiralty,Other,9
2002-12,Admiralty,Other,8
2003-01,Admiralty,Other,8
2003-02,Admiralty,Other,10
2003-03,Admiralty,Other,9
2003-04,Admiralty,Other,9
2003-05,Admiralty,Other,10
2003-06,Admiralty,Other,11
2003-07,Admiralty,Other,11
2003-08,Admiralty,Other,11
2003-09,Admiralty,Other,10
2003-10,Admiralty,Other,11
2003-11,Admiralty,Other,11
2003-12,Admiralty,Other,11
2004-01,Admiralty,Other,9
2004-02,Admiralty,Other,10
2004-03,Admiralty,Other,10
2004-04,Admiralty,Other,10
2004-05,Admiralty,Other,10
2004-06,Admiralty,Other,10
2004-07,Admiralty,Other,9
2004-08,Admiralty,Other,9
2004-09,Admiralty,Other,9
2004-10,Admiralty,Other,9
2004-11,Admiralty,Other,10
2004-12,Admiralty,Other,9
2005-01,Admiralty,Other,10
2005-02,Admiralty,Other,11
2005-03,Admiralty,Other,12
2005-04,Admiralty,Other,13
2005-05,Admiralty,Other,13
2005-06,Admiralty,Other,12
2005-07,Admiralty,Other,11
2005-08,Admiralty,Other,11
2005-09,Admiralty,Other,11
2005-10,Admiralty,Other,11
2005-11,Admiralty,Other,10
2005-12,Admiralty,Other,9
2006-01,Admiralty,Other,11
2006-02,Admiralty,Other,13
2006-03,Admiralty,Other,14
2006-04,Admiralty,Other,13
2006-05,Admiralty,Other,13
2006-06,Admiralty,Other,14
2006-07,Admiralty,Other,13
2006-08,Admiralty,Other,13
2006-09,Admiralty,Other,14
2006-10,Admiralty,Other,15
2006-11,Admiralty,Other,15
2006-12,Admiralty,Other,13
2007-01,Admiralty,Other,11
2007-02,Admiralty,Other,11
2007-03,Admiralty,Other,11
2007-04,Admiralty,Other,11
2007-05,Admiralty,Other,13
2007-06,Admiralty,Other,13
2007-07,Admiralty,Other,12
2007-08,Admiralty,Other,12
2007-09,Admiralty,Other,12
2007-10,Admiralty,Other,13
2007-11,Admiralty,Other,13
2007-12,Admiralty,Other,13
2008-01,Admiralty,Other,12
2008-02,Admiralty,Other,12
2008-03,Admiralty,Other,11
2008-04,Admiralty,Other,11
2008-05,Admiralty,Other,12
2008-06,Admiralty,Other,12
2008-07,Admiralty,Other,11
2008-08,Admiralty,Other,10
2008-09,Admiralty,Other,7
2008-10,Admiralty,Other,7
2008-11,Admiralty,Other,9
2008-12,Admiralty,Other,9
2009-01,Admiralty,Other,9
2009-02,Admiralty,Other,7
2009-03,Admiralty,Other,7
2009-04,Admiralty,Other,7
2009-05,Admiralty,Other,7
2009-06,Admiralty,Other,7
2009-07,Admiralty,Other,6
2009-08,Admiralty,Other,5
2009-09,Admiralty,Other,5
2009-10,Admiralty,Other,5
2009-11,Admiralty,Other,5
2009-12,Admiralty,Other,5
2010-01,Admiralty,Other,6
2010-02,Admiralty,Other,6
2010-03,Admiralty,Other,5
2010-04,Admiralty,Other,5
2010-05,Admiralty,Other,6
2010-06,Admiralty,Other,6
2010-07,Admiralty,Other,6
2010-08,Admiralty,Other,6
2010-09,Admiralty,Other,6
2010-10,Admiralty,Other,6
2010-11,Admiralty,Other,5
2010-12,Admiralty,Other,6
2011-01,Admiralty,Other,6
2011-02,Admiralty,Other,5
2011-03,Admiralty,Other,4
2011-04,Admiralty,Other,4
2011-05,Admiralty,Other,3
2011-06,Admiralty,Other,4
2011-07,Admiralty,Other,4
2011-08,Admiralty,Other,3
2011-09,Admiralty,Other,3
2011-10,Admiralty,Other,3
2011-11,Admiralty,Other,3
2011-12,Admiralty,Other,5
2012-01,Admiralty,Other,5
2012-02,Admiralty,Other,5
2012-03,Admiralty,Other,6
2012-04,Admiralty,Other,5
2012-05,Admiralty,Other,5
2012-06,Admiralty,Other,5
2012-07,Admiralty,Other,5
2012-08,Admiralty,Other,5
2012-09,Admiralty,Other,6
2012-10,Admiralty,Other,6
2012-11,Admiralty,Other,4
2012-12,Admiralty,Other,4
2013-01,Admiralty,Other,4
2013-02,Admiralty,Other,5
2013-03,Admiralty,Other,5
2013-04,Admiralty,Other,5
2013-05,Admiralty,Other,5
2013-06,Admiralty,Other,4
2013-07,Admiralty,Other,6
2013-08,Admiralty,Other,6
2013-09,Admiralty,Other,6
2013-10,Admiralty,Other,6
2013-11,Admiralty,Other,6
2013-12,Admiralty,Other,6
2014-01,Admiralty,Other,6
2014-02,Admiralty,Other,6
2014-03,Admiralty,Other,6
2014-04,Admiralty,Other,8
2014-05,Admiralty,Other,7
2014-06,Admiralty,Other,7
2014-07,Admiralty,Other,6
2014-08,Admiralty,Other,6
2014-09,Admiralty,Other,6
2014-10,Admiralty,Other,6
2014-11,Admiralty,Other,6
2014-12,Admiralty,Other,6
2015-01,Admiralty,Other,6
2015-02,Admiralty,Other,6
2015-03,Admiralty,Other,6
2015-04,Admiralty,Other,6
2015-05,Admiralty,Other,5
2015-06,Admiralty,Other,4
2015-07,Admiralty,Other,4
2015-08,Admiralty,Other,4
2015-09,Admiralty,Other,4
2015-10,Admiralty,Other,3
2015-11,Admiralty,Other,4
2015-12,Admiralty,Other,4
2016-01,Admiralty,Other,4
2016-02,Admiralty,Other,4
2016-03,Admiralty,Other,4
2016-04,Admiralty,Other,4
2016-05,Admiralty,Other,4
2016-06,Admiralty,Other,4
2016-07,Admiralty,Other,4
2016-08,Admiralty,Other,5
2016-09,Admiralty,Other,5
2016-10,Admiralty,Other,5
2016-11,Admiralty,Other,5
2016-12,Admiralty,Other,5
2017-01,Admiralty,Other,5
2017-02,Admiralty,Other,5
2017-03,Admiralty,Other,6
2017-04,Admiralty,Other,6
2017-05,Admiralty,Other,6
2017-06,Admiralty,Other,6
2017-07,Admiralty,Other,6
2017-08,Admiralty,Other,6
2017-09,Admiralty,Other,6
2017-10,Admiralty,Other,6
2017-11,Admiralty,Other,6
2017-12,Admiralty,Other,6
2018-01,Admiralty,Other,6
2018-02,Admiralty,Other,7
2018-03,Admiralty,Other,5
2018-04,Admiralty,Other,6
2018-05,Admiralty,Other,7
2018-06,Admiralty,Other,7
2018-07,Admiralty,Other,6
2018-08,Admiralty,Other,5
2018-09,Admiralty,Other,5
2018-10,Admiralty,Other,4
2018-11,Admiralty,Other,4
2018-12,Admiralty,Other,6
2019-01,Admiralty,Other,6
2019-02,Admiralty,Other,6
2019-03,Admiralty,Other,6
2019-04,Admiralty,Other,6
2019-05,Admiralty,Other,6
2019-06,Admiralty,Other,6
2019-07,Admiralty,Other,6
2019-08,Admiralty,Other,6
2019-09,Admiralty,Other,4
2019-10,Admiralty,Other,4
2019-11,Admiralty,Other,4
2019-12,Admiralty,Other,5
2020-01,Admiralty,Other,5
2020-02,Admiralty,Other,5
2020-03,Admiralty,Other,5
2020-04,Admiralty,Other,4
2020-05,Admiralty,Other,4
2020-06,Admiralty,Other,4
2020-07,Admiralty,Other,4
2020-08,Admiralty,Other,3
2020-09,Admiralty,Other,3
2020-10,Admiralty,Other,3
2020-11,Admiralty,Other,3
2020-12,Admiralty,Other,3
2021-01,Admiralty,Other,3
2021-02,Admiralty,Other,4
2021-03,Admiralty,Other,4
2021-04,Admiralty,Other,4
2021-05,Admiralty,Other,4
2021-06,Admiralty,Other,4
2021-07,Admiralty,Other,4
2021-08,Admiralty,Other,4
2021-09,Admiralty,Other,4
2021-10,Admiralty,Other,4
2021-11,Admiralty,Other,3
2021-12,Admiralty,Other,3
2022-01,Admiralty,Other,3
2022-02,Admiralty,Other,3
2022-03,Admiralty,Other,3
2022-04,Admiralty,Other,3
2022-05,Admiralty,Other,2
2022-06,Admiralty,Other,2
2022-07,Admiralty,Other,3
2022-08,Admiralty,Other,2
2022-09,Admiralty,Other,2
2022-10,Admiralty,Other,2
2022-11,Admiralty,Other,2
2022-12,Admiralty,Other,2
2023-01,Admiralty,Other,2
2023-02,Admiralty,Other,1
2023-03,Admiralty,Other,1
2023-04,Admiralty,Other,1
2023-05,Admiralty,Other,1
2023-06,Admiralty,Other,1
2023-07,Admiralty,Other,1
2023-08,Admiralty,Other,1
2023-09,Admiralty,Other,2
2023-10,Admiralty,Other,2
2023-11,Admiralty,Other,2
2023-12,Admiralty,Other,2
2024-01,Admiralty,Other,1
2024-02,Admiralty,Other,1
2024-03,Admiralty,Other,1
2024-04,Admiralty,Other,1
2024-05,Admiralty,Other,1
2024-06,Admiralty,Other,1
2024-07,Admiralty,Other,1
2024-08,Admiralty,Other,1
2024-09,Admiralty,Other,2
2024-10,Admiralty,Other,2
2024-11,Admiralty,Other,2
2024-12,Admiralty,Other,2
2025-01,Admiralty,Other,2
2025-02,Admiralty,Other,2
2025-03,Admiralty,Other,2
2025-04,Admiralty,Other,2
2025-05,Admiralty,Other,2
2025-06,Admiralty,Other,2
2025-07,Admiralty,Other,2
2025-08,Admiralty,Other,2
2025-09,Admiralty,Other,2
2025-10,Admiralty,Other,2
2025-11,Admiralty,Other,2
2025-12,Admiralty,Other,2
2026-01,Admiralty,Other,2
2026-02,Admiralty,Other,2
2026-03,Admiralty,Other,2
2026-04,Admiralty,Other,2
2026-05,Admiralty,Other,2
2026-06,Admiralty,Other,2
2026-07,Admiralty,Other,2
1994-10,Asset Forfeiture,Other,5
1994-11,Asset Forfeiture,Other,5
1994-12,Asset Forfeiture,Other,5
1995-01,Asset Forfeiture,Other,5
1995-02,Asset Forfeiture,Other,5
1995-03,Asset Forfeiture,Other,5
1995-04,Asset Forfeiture,Other,5
1995-05,Asset Forfeiture,Other,5
1995-06,Asset Forfeiture,Other,5
1995-07,Asset Forfeiture,Other,5
1995-08,Asset Forfeiture,Other,5
1995-09,Asset Forfeiture,Other,5
1995-10,Asset Forfeiture,Other,5
1995-11,Asset Forfeiture,Other,5
1995-12,Asset Forfeiture,Other,5
1996-01,Asset Forfeiture,Other,6
1996-02,Asset Forfeiture,Other,6
1996-03,Asset Forfeiture,Other,6
1996-04,Asset Forfeiture,Other,6
1996-05,Asset Forfeiture,Other,6
1996-06,Asset Forfeiture,Other,6
1996-07,Asset Forfeiture,Other,6
1996-08,Asset Forfeiture,Other,6
1996-09,Asset Forfeiture,Other,7
1996-10,Asset Forfeiture,Other,7
1996-11,Asset Forfeiture,Other,8
1996-12,Asset Forfeiture,Other,8
1997-01,Asset Forfeiture,Other,8
1997-02,Asset Forfeiture,Other,8
1997-03,Asset Forfeiture,Other,7
1997-04,Asset Forfeiture,Other,7
1997-05,Asset Forfeiture,Other,7
1997-06,Asset Forfeiture,Other,8
1997-07,Asset Forfeiture,Other,8
1997-08,Asset Forfeiture,Other,8
1997-09,Asset Forfeiture,Other,8
1997-10,Asset Forfeiture,Other,8
1997-11,Asset Forfeiture,Other,8
1997-12,Asset Forfeiture,Other,8
1998-01,Asset Forfeiture,Other,8
1998-02,Asset Forfeiture,Other,8
1998-03,Asset Forfeiture,Other,8
1998-04,Asset Forfeiture,Other,9
1998-05,Asset Forfeiture,Other,9
1998-06,Asset Forfeiture,Other,10
1998-07,Asset Forfeiture,Other,10
1998-08,Asset Forfeiture,Other,10
1998-09,Asset Forfeiture,Other,10
1998-10,Asset Forfeiture,Other,10
1998-11,Asset Forfeiture,Other,11
1998-12,Asset Forfeiture,Other,11
1999-01,Asset Forfeiture,Other,11
1999-02,Asset Forfeiture,Other,11
1999-03,Asset Forfeiture,Other,12
1999-04,Asset Forfeiture,Other,12
1999-05,Asset Forfeiture,Other,11
1999-06,Asset Forfeiture,Other,14
1999-07,Asset Forfeiture,Other,19
1999-08,Asset Forfeiture,Other,19
1999-09,Asset Forfeiture,Other,19
1999-10,Asset Forfeiture,Other,25
1999-11,Asset Forfeiture,Other,23
1999-12,Asset Forfeiture,Other,25
2000-01,Asset Forfeiture,Other,25
2000-02,Asset Forfeiture,Other,26
2000-03,Asset Forfeiture,Other,23
2000-04,Asset Forfeiture,Other,15
2000-05,Asset Forfeiture,Other,12
2000-06,Asset Forfeiture,Other,13
2000-07,Asset Forfeiture,Other,13
2000-08,Asset Forfeiture,Other,14
2000-09,Asset Forfeiture,Other,14
2000-10,Asset Forfeiture,Other,14
2000-11,Asset Forfeiture,Other,14
2000-12,Asset Forfeiture,Other,13
2001-01,Asset Forfeiture,Other,13
2001-02,Asset Forfeiture,Other,12
2001-03,Asset Forfeiture,Other,13
2001-04,Asset Forfeiture,Other,12
2001-05,Asset Forfeiture,Other,9
2001-06,Asset Forfeiture,Other,12
2001-07,Asset Forfeiture,Other,11
2001-08,Asset Forfeiture,Other,12
2001-09,Asset Forfeiture,Other,12
2001-10,Asset Forfeiture,Other,10
2001-11,Asset Forfeiture,Other,10
2001-12,Asset Forfeiture,Other,10
2002-01,Asset Forfeiture,Other,9
2002-02,Asset Forfeiture,Other,8
2002-03,Asset Forfeiture,Other,7
2002-04,Asset Forfeiture,Other,10
2002-05,Asset Forfeiture,Other,11
2002-06,Asset Forfeiture,Other,12
2002-07,Asset Forfeiture,Other,13
2002-08,Asset Forfeiture,Other,11
2002-09,Asset Forfeiture,Other,11
2002-10,Asset Forfeiture,Other,9
2002-11,Asset Forfeiture,Other,8
2002-12,Asset Forfeiture,Other,7
2003-01,Asset Forfeiture,Other,7
2003-02,Asset Forfeiture,Other,7
2003-03,Asset Forfeiture,Other,8
2003-04,Asset Forfeiture,Other,6
2003-05,Asset Forfeiture,Other,9
2003-06,Asset Forfeiture,Other,9
2003-07,Asset Forfeiture,Other,10
2003-08,Asset Forfeiture,Other,11
2003-09,Asset Forfeiture,Other,13
2003-10,Asset Forfeiture,Other,13
2003-11,Asset Forfeiture,Other,14
2003-12,Asset Forfeiture,Other,14
2004-01,Asset Forfeiture,Other,13
2004-02,Asset Forfeiture,Other,13
2004-03,Asset Forfeiture,Other,13
2004-04,Asset Forfeiture,Other,12
2004-05,Asset Forfeiture,Other,13
2004-06,Asset Forfeiture,Other,13
2004-07,Asset Forfeiture,Other,14
2004-08,Asset Forfeiture,Other,13
2004-09,Asset Forfeiture,Other,16
2004-10,Asset Forfeiture,Other,15
2004-11,Asset Forfeiture,Other,15
2004-12,Asset Forfeiture,Other,15
2005-01,Asset Forfeiture,Other,15
2005-02,Asset Forfeiture,Other,14
2005-03,Asset Forfeiture,Other,13
2005-04,Asset Forfeiture,Other,12
2005-05,Asset Forfeiture,Other,12
2005-06,Asset Forfeiture,Other,13
2005-07,Asset Forfeiture,Other,12
2005-08,Asset Forfeiture,Other,13
2005-09,Asset Forfeiture,Other,13
2005-10,Asset Forfeiture,Other,12
2005-11,Asset Forfeiture,Other,11
2005-12,Asset Forfeiture,Other,13
2006-01,Asset Forfeiture,Other,12
2006-02,Asset Forfeiture,Other,12
2006-03,Asset Forfeiture,Other,11
2006-04,Asset Forfeiture,Other,13
2006-05,Asset Forfeiture,Other,14
2006-06,Asset Forfeiture,Other,11
2006-07,Asset Forfeiture,Other,10
2006-08,Asset Forfeiture,Other,9
2006-09,Asset Forfeiture,Other,10
2006-10,Asset Forfeiture,Other,9
2006-11,Asset Forfeiture,Other,9
2006-12,Asset Forfeiture,Other,12
2007-01,Asset Forfeiture,Other,12
2007-02,Asset Forfeiture,Other,11
2007-03,Asset Forfeiture,Other,11
2007-04,Asset Forfeiture,Other,12
2007-05,Asset Forfeiture,Other,12
2007-06,Asset Forfeiture,Other,11
2007-07,Asset Forfeiture,Other,12
2007-08,Asset Forfeiture,Other,14
2007-09,Asset Forfeiture,Other,18
2007-10,Asset Forfeiture,Other,19
2007-11,Asset Forfeiture,Other,18
2007-12,Asset Forfeiture,Other,18
2008-01,Asset Forfeiture,Other,17
2008-02,Asset Forfeiture,Other,17
2008-03,Asset Forfeiture,Other,16
2008-04,Asset Forfeiture,Other,16
2008-05,Asset Forfeiture,Other,17
2008-06,Asset Forfeiture,Other,16
2008-07,Asset Forfeiture,Other,16
2008-08,Asset Forfeiture,Other,15
2008-09,Asset Forfeiture,Other,13
2008-10,Asset Forfeiture,Other,13
2008-11,Asset Forfeiture,Other,13
2008-12,Asset Forfeiture,Other,11
2009-01,Asset Forfeiture,Other,10
2009-02,Asset Forfeiture,Other,11
2009-03,Asset Forfeiture,Other,7
2009-04,Asset Forfeiture,Other,7
2009-05,Asset Forfeiture,Other,7
2009-06,Asset Forfeiture,Other,8
2009-07,Asset Forfeiture,Other,8
2009-08,Asset Forfeiture,Other,9
2009-09,Asset Forfeiture,Other,10
2009-10,Asset Forfeiture,Other,11
2009-11,Asset Forfeiture,Other,12
2009-12,Asset Forfeiture,Other,11
2010-01,Asset Forfeiture,Other,10
2010-02,Asset Forfeiture,Other,11
2010-03,Asset Forfeiture,Other,11
2010-04,Asset Forfeiture,Other,10
2010-05,Asset Forfeiture,Other,10
2010-06,Asset Forfeiture,Other,10
2010-07,Asset Forfeiture,Other,10
2010-08,Asset Forfeiture,Other,9
2010-09,Asset Forfeiture,Other,9
2010-10,Asset Forfeiture,Other,11
2010-11,Asset Forfeiture,Other,13
2010-12,Asset Forfeiture,Other,13
2011-01,Asset Forfeiture,Other,13
2011-02,Asset Forfeiture,Other,13
2011-03,Asset Forfeiture,Other,12
2011-04,Asset Forfeiture,Other,12
2011-05,Asset Forfeiture,Other,13
2011-06,Asset Forfeiture,Other,13
2011-07,Asset Forfeiture,Other,13
2011-08,Asset Forfeiture,Other,12
2011-09,Asset Forfeiture,Other,11
2011-10,Asset Forfeiture,Other,11
2011-11,Asset Forfeiture,Other,11
2011-12,Asset Forfeiture,Other,12
2012-01,Asset Forfeiture,Other,11
2012-02,Asset Forfeiture,Other,11
2012-03,Asset Forfeiture,Other,10
2012-04,Asset Forfeiture,Other,11
2012-05,Asset Forfeiture,Other,9
2012-06,Asset Forfeiture,Other,9
2012-07,Asset Forfeiture,Other,9
2012-08,Asset Forfeiture,Other,9
2012-09,Asset Forfeiture,Other,9
2012-10,Asset Forfeiture,Other,9
2012-11,Asset Forfeiture,Other,11
2012-12,Asset Forfeiture,Other,11
2013-01,Asset Forfeiture,Other,12
2013-02,Asset Forfeiture,Other,11
2013-03,Asset Forfeiture,Other,9
2013-04,Asset Forfeiture,Other,10
2013-05,Asset Forfeiture,Other,9
2013-06,Asset Forfeiture,Other,9
2013-07,Asset Forfeiture,Other,9
2013-08,Asset Forfeiture,Other,9
2013-09,Asset Forfeiture,Other,12
2013-10,Asset Forfeiture,Other,12
2013-11,Asset Forfeiture,Other,11
2013-12,Asset Forfeiture,Other,12
2014-01,Asset Forfeiture,Other,11
2014-02,Asset Forfeiture,Other,10
2014-03,Asset Forfeiture,Other,10
2014-04,Asset Forfeiture,Other,9
2014-05,Asset Forfeiture,Other,8
2014-06,Asset Forfeiture,Other,7
2014-07,Asset Forfeiture,Other,8
2014-08,Asset Forfeiture,Other,8
2014-09,Asset Forfeiture,Other,11
2014-10,Asset Forfeiture,Other,12
2014-11,Asset Forfeiture,Other,12
2014-12,Asset Forfeiture,Other,13
2015-01,Asset Forfeiture,Other,13
2015-02,Asset Forfeiture,Other,12
2015-03,Asset Forfeiture,Other,11
2015-04,Asset Forfeiture,Other,11
2015-05,Asset Forfeiture,Other,12
2015-06,Asset Forfeiture,Other,13
2015-07,Asset Forfeiture,Other,12
2015-08,Asset Forfeiture,Other,13
2015-09,Asset Forfeiture,Other,12
2015-10,Asset Forfeiture,Other,10
2015-11,Asset Forfeiture,Other,11
2015-12,Asset Forfeiture,Other,12
2016-01,Asset Forfeiture,Other,13
2016-02,Asset Forfeiture,Other,15
2016-03,Asset Forfeiture,Other,14
2016-04,Asset Forfeiture,Other,14
2016-05,Asset Forfeiture,Other,12
2016-06,Asset Forfeiture,Other,11
2016-07,Asset Forfeiture,Other,13
2016-08,Asset Forfeiture,Other,12
2016-09,Asset Forfeiture,Other,14
2016-10,Asset Forfeiture,Other,13
2016-11,Asset Forfeiture,Other,15
2016-12,Asset Forfeiture,Other,17
2017-01,Asset Forfeiture,Other,19
2017-02,Asset Forfeiture,Other,17
2017-03,Asset Forfeiture,Other,18
2017-04,Asset Forfeiture,Other,18
2017-05,Asset Forfeiture,Other,17
2017-06,Asset Forfeiture,Other,15
2017-07,Asset Forfeiture,Other,16
2017-08,Asset Forfeiture,Other,17
2017-09,Asset Forfeiture,Other,18
2017-10,Asset Forfeiture,Other,17
2017-11,Asset Forfeiture,Other,17
2017-12,Asset Forfeiture,Other,20
2018-01,Asset Forfeiture,Other,20
2018-02,Asset Forfeiture,Other,24
2018-03,Asset Forfeiture,Other,22
2018-04,Asset Forfeiture,Other,24
2018-05,Asset Forfeiture,Other,22
2018-06,Asset Forfeiture,Other,21
2018-07,Asset Forfeiture,Other,22
2018-08,Asset Forfeiture,Other,19
2018-09,Asset Forfeiture,Other,22
2018-10,Asset Forfeiture,Other,24
2018-11,Asset Forfeiture,Other,24
2018-12,Asset Forfeiture,Other,25
2019-01,Asset Forfeiture,Other,22
2019-02,Asset Forfeiture,Other,21
2019-03,Asset Forfeiture,Other,19
2019-04,Asset Forfeiture,Other,20
2019-05,Asset Forfeiture,Other,18
2019-06,Asset Forfeiture,Other,20
2019-07,Asset Forfeiture,Other,22
2019-08,Asset Forfeiture,Other,26
2019-09,Asset Forfeiture,Other,25
2019-10,Asset Forfeiture,Other,22
2019-11,Asset Forfeiture,Other,21
2019-12,Asset Forfeiture,Other,19
2020-01,Asset Forfeiture,Other,21
2020-02,Asset Forfeiture,Other,19
2020-03,Asset Forfeiture,Other,18
2020-04,Asset Forfeiture,Other,18
2020-05,Asset Forfeiture,Other,26
2020-06,Asset Forfeiture,Other,25
2020-07,Asset Forfeiture,Other,27
2020-08,Asset Forfeiture,Other,26
2020-09,Asset Forfeiture,Other,28
2020-10,Asset Forfeiture,Other,29
2020-11,Asset Forfeiture,Other,30
2020-12,Asset Forfeiture,Other,32
2021-01,Asset Forfeiture,Other,32
2021-02,Asset Forfeiture,Other,33
2021-03,Asset Forfeiture,Other,35
2021-04,Asset Forfeiture,Other,36
2021-05,Asset Forfeiture,Other,37
2021-06,Asset Forfeiture,Other,36
2021-07,Asset Forfeiture,Other,34
2021-08,Asset Forfeiture,Other,35
2021-09,Asset Forfeiture,Other,35
2021-10,Asset Forfeiture,Other,35
2021-11,Asset Forfeiture,Other,35
2021-12,Asset Forfeiture,Other,35
2022-01,Asset Forfeiture,Other,34
2022-02,Asset Forfeiture,Other,30
2022-03,Asset Forfeiture,Other,30
2022-04,Asset Forfeiture,Other,33
2022-05,Asset Forfeiture,Other,37
2022-06,Asset Forfeiture,Other,38
2022-07,Asset Forfeiture,Other,35
2022-08,Asset Forfeiture,Other,32
2022-09,Asset Forfeiture,Other,32
2022-10,Asset Forfeiture,Other,32
2022-11,Asset Forfeiture,Other,32
2022-12,Asset Forfeiture,Other,31
2023-01,Asset Forfeiture,Other,30
2023-02,Asset Forfeiture,Other,21
2023-03,Asset Forfeiture,Other,20
2023-04,Asset Forfeiture,Other,20
2023-05,Asset Forfeiture,Other,20
2023-06,Asset Forfeiture,Other,19
2023-07,Asset Forfeiture,Other,21
2023-08,Asset Forfeiture,Other,20
2023-09,Asset Forfeiture,Other,22
2023-10,Asset Forfeiture,Other,22
2023-11,Asset Forfeiture,Other,22
2023-12,Asset Forfeiture,Other,22
2024-01,Asset Forfeiture,Other,21
2024-02,Asset Forfeiture,Other,22
2024-03,Asset Forfeiture,Other,20
2024-04,Asset Forfeiture,Other,19
2024-05,Asset Forfeiture,Other,20
2024-06,Asset Forfeiture,Other,19
2024-07,Asset Forfeiture,Other,18
2024-08,Asset Forfeiture,Other,18
2024-09,Asset Forfeiture,Other,16
2024-10,Asset Forfeiture,Other,17
2024-11,Asset Forfeiture,Other,17
2024-12,Asset Forfeiture,Other,16
2025-01,Asset Forfeiture,Other,17
2025-02,Asset Forfeiture,Other,16
2025-03,Asset Forfeiture,Other,18
2025-04,Asset Forfeiture,Other,17
2025-05,Asset Forfeiture,Other,18
2025-06,Asset Forfeiture,Other,19
2025-07,Asset Forfeiture,Other,20
2025-08,Asset Forfeiture,Other,20
2025-09,Asset Forfeiture,Other,21
2025-10,Asset Forfeiture,Other,21
2025-11,Asset Forfeiture,Other,21
2025-12,Asset Forfeiture,Other,21
2026-01,Asset Forfeiture,Other,21
2026-02,Asset Forfeiture,Other,22
2026-03,Asset Forfeiture,Other,20
2026-04,Asset Forfeiture,Other,20
2026-05,Asset Forfeiture,Other,22
2026-06,Asset Forfeiture,Other,23
2026-07,Asset Forfeiture,Other,23
1994-10,Bankruptcy,Other,1363
1994-11,Bankruptcy,Other,1409
1994-12,Bankruptcy,Other,1451
1995-01,Bankruptcy,Other,1518
1995-02,Bankruptcy,Other,1571
1995-03,Bankruptcy,Other,1652
1995-04,Bankruptcy,Other,1724
1995-05,Bankruptcy,Other,1798
1995-06,Bankruptcy,Other,1847
1995-07,Bankruptcy,Other,1924
1995-08,Bankruptcy,Other,1994
1995-09,Bankruptcy,Other,2076
1995-10,Bankruptcy,Other,2168
1995-11,Bankruptcy,Other,2260
1995-12,Bankruptcy,Other,2339
1996-01,Bankruptcy,Other,2466
1996-02,Bankruptcy,Other,2547
1996-03,Bankruptcy,Other,2683
1996-04,Bankruptcy,Other,2827
1996-05,Bankruptcy,Other,2959
1996-06,Bankruptcy,Other,3049
1996-07,Bankruptcy,Other,3172
1996-08,Bankruptcy,Other,3330
1996-09,Bankruptcy,Other,3463
1996-10,Bankruptcy,Other,3619
1996-11,Bankruptcy,Other,3754
1996-12,Bankruptcy,Other,3905
1997-01,Bankruptcy,Other,4082
1997-02,Bankruptcy,Other,4234
1997-03,Bankruptcy,Other,4437
1997-04,Bankruptcy,Other,4645
1997-05,Bankruptcy,Other,4854
1997-06,Bankruptcy,Other,5103
1997-07,Bankruptcy,Other,5335
1997-08,Bankruptcy,Other,5597
1997-09,Bankruptcy,Other,5904
1997-10,Bankruptcy,Other,6189
1997-11,Bankruptcy,Other,6390
1997-12,Bankruptcy,Other,6654
1998-01,Bankruptcy,Other,6958
1998-02,Bankruptcy,Other,7241
1998-03,Bankruptcy,Other,7514
1998-04,Bankruptcy,Other,7806
1998-05,Bankruptcy,Other,8074
1998-06,Bankruptcy,Other,8378
1998-07,Bankruptcy,Other,8660
1998-08,Bankruptcy,Other,8970
1998-09,Bankruptcy,Other,9388
1998-10,Bankruptcy,Other,9887
1998-11,Bankruptcy,Other,10251
1998-12,Bankruptcy,Other,10743
1999-01,Bankruptcy,Other,11312
1999-02,Bankruptcy,Other,11838
1999-03,Bankruptcy,Other,12631
1999-04,Bankruptcy,Other,13355
1999-05,Bankruptcy,Other,14139
1999-06,Bankruptcy,Other,15017
1999-07,Bankruptcy,Other,15958
1999-08,Bankruptcy,Other,16829
1999-09,Bankruptcy,Other,17307
1999-10,Bankruptcy,Other,17121
1999-11,Bankruptcy,Other,16955
1999-12,Bankruptcy,Other,17215
2000-01,Bankruptcy,Other,17126
2000-02,Bankruptcy,Other,17166
2000-03,Bankruptcy,Other,16893
2000-04,Bankruptcy,Other,16895
2000-05,Bankruptcy,Other,16910
2000-06,Bankruptcy,Other,16708
2000-07,Bankruptcy,Other,16559
2000-08,Bankruptcy,Other,16337
2000-09,Bankruptcy,Other,16147
2000-10,Bankruptcy,Other,15960
2000-11,Bankruptcy,Other,15946
2000-12,Bankruptcy,Other,15897
2001-01,Bankruptcy,Other,16158
2001-02,Bankruptcy,Other,16493
2001-03,Bankruptcy,Other,16649
2001-04,Bankruptcy,Other,16712
2001-05,Bankruptcy,Other,16888
2001-06,Bankruptcy,Other,16904
2001-07,Bankruptcy,Other,16954
2001-08,Bankruptcy,Other,16632
2001-09,Bankruptcy,Other,16313
2001-10,Bankruptcy,Other,16138
2001-11,Bankruptcy,Other,16016
2001-12,Bankruptcy,Other,16051
2002-01,Bankruptcy,Other,16429
2002-02,Bankruptcy,Other,16828
2002-03,Bankruptcy,Other,16832
2002-04,Bankruptcy,Other,16905
2002-05,Bankruptcy,Other,16868
2002-06,Bankruptcy,Other,17013
2002-07,Bankruptcy,Other,16835
2002-08,Bankruptcy,Other,16840
2002-09,Bankruptcy,Other,16580
2002-10,Bankruptcy,Other,16283
2002-11,Bankruptcy,Other,16246
2002-12,Bankruptcy,Other,16198
2003-01,Bankruptcy,Other,16603
2003-02,Bankruptcy,Other,16823
2003-03,Bankruptcy,Other,16910
2003-04,Bankruptcy,Other,16922
2003-05,Bankruptcy,Other,17090
2003-06,Bankruptcy,Other,17104
2003-07,Bankruptcy,Other,17035
2003-08,Bankruptcy,Other,16932
2003-09,Bankruptcy,Other,16557
2003-10,Bankruptcy,Other,16664
2003-11,Bankruptcy,Other,16474
2003-12,Bankruptcy,Other,16425
2004-01,Bankruptcy,Other,16531
2004-02,Bankruptcy,Other,16664
2004-03,Bankruptcy,Other,16246
2004-04,Bankruptcy,Other,16359
2004-05,Bankruptcy,Other,16237
2004-06,Bankruptcy,Other,16127
2004-07,Bankruptcy,Other,15918
2004-08,Bankruptcy,Other,15575
2004-09,Bankruptcy,Other,15285
2004-10,Bankruptcy,Other,15353
2004-11,Bankruptcy,Other,15216
2004-12,Bankruptcy,Other,15286
2005-01,Bankruptcy,Other,15400
2005-02,Bankruptcy,Other,15405
2005-03,Bankruptcy,Other,15383
2005-04,Bankruptcy,Other,15582
2005-05,Bankruptcy,Other,15310
2005-06,Bankruptcy,Other,15237
2005-07,Bankruptcy,Other,15243
2005-08,Bankruptcy,Other,15119
2005-09,Bankruptcy,Other,15062
2005-10,Bankruptcy,Other,16855
2005-11,Bankruptcy,Other,16426
2005-12,Bankruptcy,Other,15966
2006-01,Bankruptcy,Other,15616
2006-02,Bankruptcy,Other,15381
2006-03,Bankruptcy,Other,14846
2006-04,Bankruptcy,Other,14795
2006-05,Bankruptcy,Other,14487
2006-06,Bankruptcy,Other,14093
2006-07,Bankruptcy,Other,13848
2006-08,Bankruptcy,Other,13542
2006-09,Bankruptcy,Other,13161
2006-10,Bankruptcy,Other,13064
2006-11,Bankruptcy,Other,12990
2006-12,Bankruptcy,Other,13010
2007-01,Bankruptcy,Other,12978
2007-02,Bankruptcy,Other,13000
2007-03,Bankruptcy,Other,12834
2007-04,Bankruptcy,Other,12724
2007-05,Bankruptcy,Other,12548
2007-06,Bankruptcy,Other,12440
2007-07,Bankruptcy,Other,12346
2007-08,Bankruptcy,Other,12309
2007-09,Bankruptcy,Other,12044
2007-10,Bankruptcy,Other,11987
2007-11,Bankruptcy,Other,11820
2007-12,Bankruptcy,Other,11402
2008-01,Bankruptcy,Other,11596
2008-02,Bankruptcy,Other,11666
2008-03,Bankruptcy,Other,11546
2008-04,Bankruptcy,Other,11554
2008-05,Bankruptcy,Other,11557
2008-06,Bankruptcy,Other,11523
2008-07,Bankruptcy,Other,11488
2008-08,Bankruptcy,Other,11252
2008-09,Bankruptcy,Other,10594
2008-10,Bankruptcy,Other,10352
2008-11,Bankruptcy,Other,10507
2008-12,Bankruptcy,Other,10627
2009-01,Bankruptcy,Other,10892
2009-02,Bankruptcy,Other,10608
2009-03,Bankruptcy,Other,10717
2009-04,Bankruptcy,Other,10819
2009-05,Bankruptcy,Other,10763
2009-06,Bankruptcy,Other,10785
2009-07,Bankruptcy,Other,10770
2009-08,Bankruptcy,Other,10868
2009-09,Bankruptcy,Other,10620
2009-10,Bankruptcy,Other,10776
2009-11,Bankruptcy,Other,10877
2009-12,Bankruptcy,Other,10824
2010-01,Bankruptcy,Other,10929
2010-02,Bankruptcy,Other,10960
2010-03,Bankruptcy,Other,10717
2010-04,Bankruptcy,Other,10848
2010-05,Bankruptcy,Other,10861
2010-06,Bankruptcy,Other,10843
2010-07,Bankruptcy,Other,10826
2010-08,Bankruptcy,Other,10852
2010-09,Bankruptcy,Other,10753
2010-10,Bankruptcy,Other,10844
2010-11,Bankruptcy,Other,10912
2010-12,Bankruptcy,Other,10912
2011-01,Bankruptcy,Other,10996
2011-02,Bankruptcy,Other,11091
2011-03,Bankruptcy,Other,11042
2011-04,Bankruptcy,Other,11210
2011-05,Bankruptcy,Other,11198
2011-06,Bankruptcy,Other,11319
2011-07,Bankruptcy,Other,11348
2011-08,Bankruptcy,Other,11297
2011-09,Bankruptcy,Other,11062
2011-10,Bankruptcy,Other,10996
2011-11,Bankruptcy,Other,10983
2011-12,Bankruptcy,Other,10891
2012-01,Bankruptcy,Other,10951
2012-02,Bankruptcy,Other,10942
2012-03,Bankruptcy,Other,10791
2012-04,Bankruptcy,Other,10836
2012-05,Bankruptcy,Other,10708
2012-06,Bankruptcy,Other,10680
2012-07,Bankruptcy,Other,10527
2012-08,Bankruptcy,Other,10280
2012-09,Bankruptcy,Other,10022
2012-10,Bankruptcy,Other,9987
2012-11,Bankruptcy,Other,9977
2012-12,Bankruptcy,Other,10021
2013-01,Bankruptcy,Other,9928
2013-02,Bankruptcy,Other,10078
2013-03,Bankruptcy,Other,10182
2013-04,Bankruptcy,Other,10184
2013-05,Bankruptcy,Other,10117
2013-06,Bankruptcy,Other,10075
2013-07,Bankruptcy,Other,10079
2013-08,Bankruptcy,Other,9874
2013-09,Bankruptcy,Other,9832
2013-10,Bankruptcy,Other,9869
2013-11,Bankruptcy,Other,9838
2013-12,Bankruptcy,Other,9772
2014-01,Bankruptcy,Other,9891
2014-02,Bankruptcy,Other,9969
2014-03,Bankruptcy,Other,9864
2014-04,Bankruptcy,Other,10068
2014-05,Bankruptcy,Other,10074
2014-06,Bankruptcy,Other,9971
2014-07,Bankruptcy,Other,9798
2014-08,Bankruptcy,Other,9566
2014-09,Bankruptcy,Other,9206
2014-10,Bankruptcy,Other,9227
2014-11,Bankruptcy,Other,9266
2014-12,Bankruptcy,Other,9202
2015-01,Bankruptcy,Other,8928
2015-02,Bankruptcy,Other,8968
2015-03,Bankruptcy,Other,8980
2015-04,Bankruptcy,Other,8768
2015-05,Bankruptcy,Other,8749
2015-06,Bankruptcy,Other,8703
2015-07,Bankruptcy,Other,8563
2015-08,Bankruptcy,Other,8499
2015-09,Bankruptcy,Other,8413
2015-10,Bankruptcy,Other,8383
2015-11,Bankruptcy,Other,8504
2015-12,Bankruptcy,Other,8403
2016-01,Bankruptcy,Other,8458
2016-02,Bankruptcy,Other,8611
2016-03,Bankruptcy,Other,8266
2016-04,Bankruptcy,Other,8245
2016-05,Bankruptcy,Other,8241
2016-06,Bankruptcy,Other,8271
2016-07,Bankruptcy,Other,8177
2016-08,Bankruptcy,Other,8055
2016-09,Bankruptcy,Other,7951
2016-10,Bankruptcy,Other,8022
2016-11,Bankruptcy,Other,7986
2016-12,Bankruptcy,Other,7951
2017-01,Bankruptcy,Other,7801
2017-02,Bankruptcy,Other,7821
2017-03,Bankruptcy,Other,7780
2017-04,Bankruptcy,Other,7850
2017-05,Bankruptcy,Other,7746
2017-06,Bankruptcy,Other,7636
2017-07,Bankruptcy,Other,7506
2017-08,Bankruptcy,Other,7408
2017-09,Bankruptcy,Other,7201
2017-10,Bankruptcy,Other,7212
2017-11,Bankruptcy,Other,7272
2017-12,Bankruptcy,Other,7177
2018-01,Bankruptcy,Other,7235
2018-02,Bankruptcy,Other,7150
2018-03,Bankruptcy,Other,7153
2018-04,Bankruptcy,Other,7209
2018-05,Bankruptcy,Other,7210
2018-06,Bankruptcy,Other,6956
2018-07,Bankruptcy,Other,6989
2018-08,Bankruptcy,Other,6903
2018-09,Bankruptcy,Other,6718
2018-10,Bankruptcy,Other,6670
2018-11,Bankruptcy,Other,6741
2018-12,Bankruptcy,Other,6755
2019-01,Bankruptcy,Other,6993
2019-02,Bankruptcy,Other,7015
2019-03,Bankruptcy,Other,7262
2019-04,Bankruptcy,Other,7338
2019-05,Bankruptcy,Other,7484
2019-06,Bankruptcy,Other,7231
2019-07,Bankruptcy,Other,7087
2019-08,Bankruptcy,Other,6979
2019-09,Bankruptcy,Other,6629
2019-10,Bankruptcy,Other,6440
2019-11,Bankruptcy,Other,6541
2019-12,Bankruptcy,Other,6596
2020-01,Bankruptcy,Other,6551
2020-02,Bankruptcy,Other,6554
2020-03,Bankruptcy,Other,6523
2020-04,Bankruptcy,Other,6629
2020-05,Bankruptcy,Other,6714
2020-06,Bankruptcy,Other,6860
2020-07,Bankruptcy,Other,6802
2020-08,Bankruptcy,Other,6616
2020-09,Bankruptcy,Other,6483
2020-10,Bankruptcy,Other,5928
2020-11,Bankruptcy,Other,5761
2020-12,Bankruptcy,Other,5167
2021-01,Bankruptcy,Other,5080
2021-02,Bankruptcy,Other,5032
2021-03,Bankruptcy,Other,4822
2021-04,Bankruptcy,Other,4853
2021-05,Bankruptcy,Other,4755
2021-06,Bankruptcy,Other,4741
2021-07,Bankruptcy,Other,4637
2021-08,Bankruptcy,Other,4573
2021-09,Bankruptcy,Other,4424
2021-10,Bankruptcy,Other,4425
2021-11,Bankruptcy,Other,4392
2021-12,Bankruptcy,Other,4325
2022-01,Bankruptcy,Other,4315
2022-02,Bankruptcy,Other,4247
2022-03,Bankruptcy,Other,4163
2022-04,Bankruptcy,Other,4171
2022-05,Bankruptcy,Other,4229
2022-06,Bankruptcy,Other,4185
2022-07,Bankruptcy,Other,4183
2022-08,Bankruptcy,Other,4065
2022-09,Bankruptcy,Other,3965
2022-10,Bankruptcy,Other,3997
2022-11,Bankruptcy,Other,3998
2022-12,Bankruptcy,Other,4008
2023-01,Bankruptcy,Other,4091
2023-02,Bankruptcy,Other,4140
2023-03,Bankruptcy,Other,4164
2023-04,Bankruptcy,Other,4213
2023-05,Bankruptcy,Other,4257
2023-06,Bankruptcy,Other,4217
2023-07,Bankruptcy,Other,4259
2023-08,Bankruptcy,Other,4276
2023-09,Bankruptcy,Other,4149
2023-10,Bankruptcy,Other,4169
2023-11,Bankruptcy,Other,4210
2023-12,Bankruptcy,Other,4253
2024-01,Bankruptcy,Other,4351
2024-02,Bankruptcy,Other,3902
2024-03,Bankruptcy,Other,3893
2024-04,Bankruptcy,Other,3960
2024-05,Bankruptcy,Other,3997
2024-06,Bankruptcy,Other,4049
2024-07,Bankruptcy,Other,3990
2024-08,Bankruptcy,Other,4022
2024-09,Bankruptcy,Other,3958
2024-10,Bankruptcy,Other,4000
2024-11,Bankruptcy,Other,4092
2024-12,Bankruptcy,Other,4056
2025-01,Bankruptcy,Other,4065
2025-02,Bankruptcy,Other,4044
2025-03,Bankruptcy,Other,4026
2025-04,Bankruptcy,Other,4071
2025-05,Bankruptcy,Other,4068
2025-06,Bankruptcy,Other,4047
2025-07,Bankruptcy,Other,4083
2025-08,Bankruptcy,Other,3947
2025-09,Bankruptcy,Other,3877
2025-10,Bankruptcy,Other,3942
2025-11,Bankruptcy,Other,4030
2025-12,Bankruptcy,Other,4092
2026-01,Bankruptcy,Other,4129
2026-02,Bankruptcy,Other,4225
2026-03,Bankruptcy,Other,4141
2026-04,Bankruptcy,Other,4261
2026-05,Bankruptcy,Other,4348
2026-06,Bankruptcy,Other,4356
2026-07,Bankruptcy,Other,4359
1994-10,Civil Rights,Other,115
1994-11,Civil Rights,Other,113
1994-12,Civil Rights,Other,113
1995-01,Civil Rights,Other,112
1995-02,Civil Rights,Other,111
1995-03,Civil Rights,Other,107
1995-04,Civil Rights,Other,110
1995-05,Civil Rights,Other,111
1995-06,Civil Rights,Other,111
1995-07,Civil Rights,Other,109
1995-08,Civil Rights,Other,108
1995-09,Civil Rights,Other,106
1995-10,Civil Rights,Other,104
1995-11,Civil Rights,Other,109
1995-12,Civil Rights,Other,110
1996-01,Civil Rights,Other,114
1996-02,Civil Rights,Other,120
1996-03,Civil Rights,Other,118
1996-04,Civil Rights,Other,119
1996-05,Civil Rights,Other,117
1996-06,Civil Rights,Other,82
1996-07,Civil Rights,Other,82
1996-08,Civil Rights,Other,81
1996-09,Civil Rights,Other,82
1996-10,Civil Rights,Other,84
1996-11,Civil Rights,Other,84
1996-12,Civil Rights,Other,90
1997-01,Civil Rights,Other,97
1997-02,Civil Rights,Other,99
1997-03,Civil Rights,Other,98
1997-04,Civil Rights,Other,99
1997-05,Civil Rights,Other,98
1997-06,Civil Rights,Other,94
1997-07,Civil Rights,Other,92
1997-08,Civil Rights,Other,91
1997-09,Civil Rights,Other,92
1997-10,Civil Rights,Other,93
1997-11,Civil Rights,Other,96
1997-12,Civil Rights,Other,96
1998-01,Civil Rights,Other,99
1998-02,Civil Rights,Other,98
1998-03,Civil Rights,Other,95
1998-04,Civil Rights,Other,91
1998-05,Civil Rights,Other,94
1998-06,Civil Rights,Other,91
1998-07,Civil Rights,Other,95
1998-08,Civil Rights,Other,96
1998-09,Civil Rights,Other,94
1998-10,Civil Rights,Other,95
1998-11,Civil Rights,Other,97
1998-12,Civil Rights,Other,99
1999-01,Civil Rights,Other,99
1999-02,Civil Rights,Other,100
1999-03,Civil Rights,Other,97
1999-04,Civil Rights,Other,97
1999-05,Civil Rights,Other,98
1999-06,Civil Rights,Other,100
1999-07,Civil Rights,Other,97
1999-08,Civil Rights,Other,98
1999-09,Civil Rights,Other,96
1999-10,Civil Rights,Other,97
1999-11,Civil Rights,Other,96
1999-12,Civil Rights,Other,100
2000-01,Civil Rights,Other,102
2000-02,Civil Rights,Other,105
2000-03,Civil Rights,Other,107
2000-04,Civil Rights,Other,109
2000-05,Civil Rights,Other,107
2000-06,Civil Rights,Other,108
2000-07,Civil Rights,Other,109
2000-08,Civil Rights,Other,105
2000-09,Civil Rights,Other,101
2000-10,Civil Rights,Other,101
2000-11,Civil Rights,Other,104
2000-12,Civil Rights,Other,105
2001-01,Civil Rights,Other,105
2001-02,Civil Rights,Other,101
2001-03,Civil Rights,Other,98
2001-04,Civil Rights,Other,99
2001-05,Civil Rights,Other,98
2001-06,Civil Rights,Other,99
2001-07,Civil Rights,Other,97
2001-08,Civil Rights,Other,96
2001-09,Civil Rights,Other,95
2001-10,Civil Rights,Other,91
2001-11,Civil Rights,Other,93
2001-12,Civil Rights,Other,90
2002-01,Civil Rights,Other,88
2002-02,Civil Rights,Other,90
2002-03,Civil Rights,Other,89
2002-04,Civil Rights,Other,90
2002-05,Civil Rights,Other,89
2002-06,Civil Rights,Other,93
2002-07,Civil Rights,Other,93
2002-08,Civil Rights,Other,95
2002-09,Civil Rights,Other,99
2002-10,Civil Rights,Other,99
2002-11,Civil Rights,Other,94
2002-12,Civil Rights,Other,94
2003-01,Civil Rights,Other,94
2003-02,Civil Rights,Other,95
2003-03,Civil Rights,Other,97
2003-04,Civil Rights,Other,96
2003-05,Civil Rights,Other,102
2003-06,Civil Rights,Other,109
2003-07,Civil Rights,Other,113
2003-08,Civil Rights,Other,108
2003-09,Civil Rights,Other,101
2003-10,Civil Rights,Other,104
2003-11,Civil Rights,Other,107
2003-12,Civil Rights,Other,109
2004-01,Civil Rights,Other,104
2004-02,Civil Rights,Other,105
2004-03,Civil Rights,Other,99
2004-04,Civil Rights,Other,99
2004-05,Civil Rights,Other,100
2004-06,Civil Rights,Other,102
2004-07,Civil Rights,Other,102
2004-08,Civil Rights,Other,97
2004-09,Civil Rights,Other,94
2004-10,Civil Rights,Other,95
2004-11,Civil Rights,Other,94
2004-12,Civil Rights,Other,88
2005-01,Civil Rights,Other,85
2005-02,Civil Rights,Other,91
2005-03,Civil Rights,Other,87
2005-04,Civil Rights,Other,90
2005-05,Civil Rights,Other,89
2005-06,Civil Rights,Other,91
2005-07,Civil Rights,Other,90
2005-08,Civil Rights,Other,89
2005-09,Civil Rights,Other,94
2005-10,Civil Rights,Other,91
2005-11,Civil Rights,Other,91
2005-12,Civil Rights,Other,95
2006-01,Civil Rights,Other,92
2006-02,Civil Rights,Other,95
2006-03,Civil Rights,Other,98
2006-04,Civil Rights,Other,98
2006-05,Civil Rights,Other,104
2006-06,Civil Rights,Other,104
2006-07,Civil Rights,Other,107
2006-08,Civil Rights,Other,104
2006-09,Civil Rights,Other,98
2006-10,Civil Rights,Other,95
2006-11,Civil Rights,Other,97
2006-12,Civil Rights,Other,99
2007-01,Civil Rights,Other,104
2007-02,Civil Rights,Other,99
2007-03,Civil Rights,Other,92
2007-04,Civil Rights,Other,95
2007-05,Civil Rights,Other,94
2007-06,Civil Rights,Other,96
2007-07,Civil Rights,Other,96
2007-08,Civil Rights,Other,95
2007-09,Civil Rights,Other,97
2007-10,Civil Rights,Other,93
2007-11,Civil Rights,Other,92
2007-12,Civil Rights,Other,92
2008-01,Civil Rights,Other,90
2008-02,Civil Rights,Other,89
2008-03,Civil Rights,Other,85
2008-04,Civil Rights,Other,90
2008-05,Civil Rights,Other,92
2008-06,Civil Rights,Other,100
2008-07,Civil Rights,Other,103
2008-08,Civil Rights,Other,106
2008-09,Civil Rights,Other,98
2008-10,Civil Rights,Other,101
2008-11,Civil Rights,Other,102
2008-12,Civil Rights,Other,105
2009-01,Civil Rights,Other,104
2009-02,Civil Rights,Other,107
2009-03,Civil Rights,Other,108
2009-04,Civil Rights,Other,106
2009-05,Civil Rights,Other,108
2009-06,Civil Rights,Other,113
2009-07,Civil Rights,Other,111
2009-08,Civil Rights,Other,112
2009-09,Civil Rights,Other,113
2009-10,Civil Rights,Other,106
2009-11,Civil Rights,Other,108
2009-12,Civil Rights,Other,108
2010-01,Civil Rights,Other,106
2010-02,Civil Rights,Other,107
2010-03,Civil Rights,Other,104
2010-04,Civil Rights,Other,104
2010-05,Civil Rights,Other,114
2010-06,Civil Rights,Other,114
2010-07,Civil Rights,Other,117
2010-08,Civil Rights,Other,115
2010-09,Civil Rights,Other,111
2010-10,Civil Rights,Other,111
2010-11,Civil Rights,Other,110
2010-12,Civil Rights,Other,113
2011-01,Civil Rights,Other,108
2011-02,Civil Rights,Other,111
2011-03,Civil Rights,Other,116
2011-04,Civil Rights,Other,113
2011-05,Civil Rights,Other,114
2011-06,Civil Rights,Other,119
2011-07,Civil Rights,Other,124
2011-08,Civil Rights,Other,126
2011-09,Civil Rights,Other,123
2011-10,Civil Rights,Other,116
2011-11,Civil Rights,Other,121
2011-12,Civil Rights,Other,113
2012-01,Civil Rights,Other,112
2012-02,Civil Rights,Other,116
2012-03,Civil Rights,Other,113
2012-04,Civil Rights,Other,115
2012-05,Civil Rights,Other,115
2012-06,Civil Rights,Other,119
2012-07,Civil Rights,Other,119
2012-08,Civil Rights,Other,123
2012-09,Civil Rights,Other,116
2012-10,Civil Rights,Other,122
2012-11,Civil Rights,Other,123
2012-12,Civil Rights,Other,132
2013-01,Civil Rights,Other,126
2013-02,Civil Rights,Other,119
2013-03,Civil Rights,Other,118
2013-04,Civil Rights,Other,113
2013-05,Civil Rights,Other,119
2013-06,Civil Rights,Other,124
2013-07,Civil Rights,Other,118
2013-08,Civil Rights,Other,123
2013-09,Civil Rights,Other,120
2013-10,Civil Rights,Other,123
2013-11,Civil Rights,Other,120
2013-12,Civil Rights,Other,122
2014-01,Civil Rights,Other,123
2014-02,Civil Rights,Other,123
2014-03,Civil Rights,Other,123
2014-04,Civil Rights,Other,122
2014-05,Civil Rights,Other,114
2014-06,Civil Rights,Other,114
2014-07,Civil Rights,Other,109
2014-08,Civil Rights,Other,97
2014-09,Civil Rights,Other,90
2014-10,Civil Rights,Other,98
2014-11,Civil Rights,Other,99
2014-12,Civil Rights,Other,104
2015-01,Civil Rights,Other,105
2015-02,Civil Rights,Other,101
2015-03,Civil Rights,Other,100
2015-04,Civil Rights,Other,100
2015-05,Civil Rights,Other,103
2015-06,Civil Rights,Other,101
2015-07,Civil Rights,Other,103
2015-08,Civil Rights,Other,104
2015-09,Civil Rights,Other,99
2015-10,Civil Rights,Other,96
2015-11,Civil Rights,Other,101
2015-12,Civil Rights,Other,103
2016-01,Civil Rights,Other,99
2016-02,Civil Rights,Other,95
2016-03,Civil Rights,Other,93
2016-04,Civil Rights,Other,92
2016-05,Civil Rights,Other,95
2016-06,Civil Rights,Other,97
2016-07,Civil Rights,Other,101
2016-08,Civil Rights,Other,104
2016-09,Civil Rights,Other,105
2016-10,Civil Rights,Other,103
2016-11,Civil Rights,Other,112
2016-12,Civil Rights,Other,112
2017-01,Civil Rights,Other,109
2017-02,Civil Rights,Other,108
2017-03,Civil Rights,Other,103
2017-04,Civil Rights,Other,103
2017-05,Civil Rights,Other,103
2017-06,Civil Rights,Other,98
2017-07,Civil Rights,Other,98
2017-08,Civil Rights,Other,94
2017-09,Civil Rights,Other,93
2017-10,Civil Rights,Other,90
2017-11,Civil Rights,Other,89
2017-12,Civil Rights,Other,87
2018-01,Civil Rights,Other,90
2018-02,Civil Rights,Other,93
2018-03,Civil Rights,Other,88
2018-04,Civil Rights,Other,86
2018-05,Civil Rights,Other,91
2018-06,Civil Rights,Other,90
2018-07,Civil Rights,Other,90
2018-08,Civil Rights,Other,93
2018-09,Civil Rights,Other,89
2018-10,Civil Rights,Other,88
2018-11,Civil Rights,Other,91
2018-12,Civil Rights,Other,94
2019-01,Civil Rights,Other,98
2019-02,Civil Rights,Other,103
2019-03,Civil Rights,Other,103
2019-04,Civil Rights,Other,97
2019-05,Civil Rights,Other,91
2019-06,Civil Rights,Other,92
2019-07,Civil Rights,Other,91
2019-08,Civil Rights,Other,87
2019-09,Civil Rights,Other,83
2019-10,Civil Rights,Other,81
2019-11,Civil Rights,Other,83
2019-12,Civil Rights,Other,82
2020-01,Civil Rights,Other,81
2020-02,Civil Rights,Other,84
2020-03,Civil Rights,Other,85
2020-04,Civil Rights,Other,85
2020-05,Civil Rights,Other,93
2020-06,Civil Rights,Other,98
2020-07,Civil Rights,Other,98
2020-08,Civil Rights,Other,98
2020-09,Civil Rights,Other,95
2020-10,Civil Rights,Other,97
2020-11,Civil Rights,Other,98
2020-12,Civil Rights,Other,93
2021-01,Civil Rights,Other,94
2021-02,Civil Rights,Other,100
2021-03,Civil Rights,Other,98
2021-04,Civil Rights,Other,94
2021-05,Civil Rights,Other,98
2021-06,Civil Rights,Other,96
2021-07,Civil Rights,Other,99
2021-08,Civil Rights,Other,99
2021-09,Civil Rights,Other,96
2021-10,Civil Rights,Other,96
2021-11,Civil Rights,Other,96
2021-12,Civil Rights,Other,97
2022-01,Civil Rights,Other,99
2022-02,Civil Rights,Other,100
2022-03,Civil Rights,Other,99
2022-04,Civil Rights,Other,101
2022-05,Civil Rights,Other,100
2022-06,Civil Rights,Other,105
2022-07,Civil Rights,Other,106
2022-08,Civil Rights,Other,105
2022-09,Civil Rights,Other,102
2022-10,Civil Rights,Other,99
2022-11,Civil Rights,Other,101
2022-12,Civil Rights,Other,104
2023-01,Civil Rights,Other,105
2023-02,Civil Rights,Other,105
2023-03,Civil Rights,Other,103
2023-04,Civil Rights,Other,108
2023-05,Civil Rights,Other,113
2023-06,Civil Rights,Other,112
2023-07,Civil Rights,Other,114
2023-08,Civil Rights,Other,116
2023-09,Civil Rights,Other,116
2023-10,Civil Rights,Other,118
2023-11,Civil Rights,Other,113
2023-12,Civil Rights,Other,112
2024-01,Civil Rights,Other,110
2024-02,Civil Rights,Other,108
2024-03,Civil Rights,Other,111
2024-04,Civil Rights,Other,112
2024-05,Civil Rights,Other,110
2024-06,Civil Rights,Other,112
2024-07,Civil Rights,Other,111
2024-08,Civil Rights,Other,109
2024-09,Civil Rights,Other,108
2024-10,Civil Rights,Other,112
2024-11,Civil Rights,Other,115
2024-12,Civil Rights,Other,117
2025-01,Civil Rights,Other,118
2025-02,Civil Rights,Other,115
2025-03,Civil Rights,Other,107
2025-04,Civil Rights,Other,106
2025-05,Civil Rights,Other,105
2025-06,Civil Rights,Other,107
2025-07,Civil Rights,Other,111
2025-08,Civil Rights,Other,113
2025-09,Civil Rights,Other,114
2025-10,Civil Rights,Other,116
2025-11,Civil Rights,Other,118
2025-12,Civil Rights,Other,115
2026-01,Civil Rights,Other,115
2026-02,Civil Rights,Other,113
2026-03,Civil Rights,Other,111
2026-04,Civil Rights,Other,112
2026-05,Civil Rights,Other,108
2026-06,Civil Rights,Other,110
2026-07,Civil Rights,Other,113
1994-10,Commercial Litigation,Other,24631
1994-11,Commercial Litigation,Other,24568
1994-12,Commercial Litigation,Other,24624
1995-01,Commercial Litigation,Other,24579
1995-02,Commercial Litigation,Other,24784
1995-03,Commercial Litigation,Other,24954
1995-04,Commercial Litigation,Other,25062
1995-05,Commercial Litigation,Other,25171
1995-06,Commercial Litigation,Other,25308
1995-07,Commercial Litigation,Other,25418
1995-08,Commercial Litigation,Other,25395
1995-09,Commercial Litigation,Other,25338
1995-10,Commercial Litigation,Other,25400
1995-11,Commercial Litigation,Other,25682
1995-12,Commercial Litigation,Other,25777
1996-01,Commercial Litigation,Other,25715
1996-02,Commercial Litigation,Other,25524
1996-03,Commercial Litigation,Other,25230
1996-04,Commercial Litigation,Other,25314
1996-05,Commercial Litigation,Other,25169
1996-06,Commercial Litigation,Other,22043
1996-07,Commercial Litigation,Other,21826
1996-08,Commercial Litigation,Other,21731
1996-09,Commercial Litigation,Other,21055
1996-10,Commercial Litigation,Other,20673
1996-11,Commercial Litigation,Other,20480
1996-12,Commercial Litigation,Other,20045
1997-01,Commercial Litigation,Other,19827
1997-02,Commercial Litigation,Other,19614
1997-03,Commercial Litigation,Other,19613
1997-04,Commercial Litigation,Other,18987
1997-05,Commercial Litigation,Other,18266
1997-06,Commercial Litigation,Other,17754
1997-07,Commercial Litigation,Other,17211
1997-08,Commercial Litigation,Other,16914
1997-09,Commercial Litigation,Other,16403
1997-10,Commercial Litigation,Other,16008
1997-11,Commercial Litigation,Other,15723
1997-12,Commercial Litigation,Other,15441
1998-01,Commercial Litigation,Other,15078
1998-02,Commercial Litigation,Other,14609
1998-03,Commercial Litigation,Other,14098
1998-04,Commercial Litigation,Other,13903
1998-05,Commercial Litigation,Other,13344
1998-06,Commercial Litigation,Other,12597
1998-07,Commercial Litigation,Other,12087
1998-08,Commercial Litigation,Other,11527
1998-09,Commercial Litigation,Other,10711
1998-10,Commercial Litigation,Other,10263
1998-11,Commercial Litigation,Other,9834
1998-12,Commercial Litigation,Other,9299
1999-01,Commercial Litigation,Other,8749
1999-02,Commercial Litigation,Other,7911
1999-03,Commercial Litigation,Other,7025
1999-04,Commercial Litigation,Other,6174
1999-05,Commercial Litigation,Other,5312
1999-06,Commercial Litigation,Other,4293
1999-07,Commercial Litigation,Other,3196
1999-08,Commercial Litigation,Other,1977
1999-09,Commercial Litigation,Other,917
1999-10,Commercial Litigation,Other,906
1999-11,Commercial Litigation,Other,868
1999-12,Commercial Litigation,Other,821
2000-01,Commercial Litigation,Other,797
2000-02,Commercial Litigation,Other,748
2000-03,Commercial Litigation,Other,722
2000-04,Commercial Litigation,Other,713
2000-05,Commercial Litigation,Other,705
2000-06,Commercial Litigation,Other,710
2000-07,Commercial Litigation,Other,704
2000-08,Commercial Litigation,Other,702
2000-09,Commercial Litigation,Other,696
2000-10,Commercial Litigation,Other,669
2000-11,Commercial Litigation,Other,684
2000-12,Commercial Litigation,Other,704
2001-01,Commercial Litigation,Other,719
2001-02,Commercial Litigation,Other,725
2001-03,Commercial Litigation,Other,735
2001-04,Commercial Litigation,Other,706
2001-05,Commercial Litigation,Other,727
2001-06,Commercial Litigation,Other,743
2001-07,Commercial Litigation,Other,752
2001-08,Commercial Litigation,Other,753
2001-09,Commercial Litigation,Other,757
2001-10,Commercial Litigation,Other,755
2001-11,Commercial Litigation,Other,774
2001-12,Commercial Litigation,Other,783
2002-01,Commercial Litigation,Other,793
2002-02,Commercial Litigation,Other,801
2002-03,Commercial Litigation,Other,783
2002-04,Commercial Litigation,Other,801
2002-05,Commercial Litigation,Other,801
2002-06,Commercial Litigation,Other,800
2002-07,Commercial Litigation,Other,810
2002-08,Commercial Litigation,Other,790
2002-09,Commercial Litigation,Other,755
2002-10,Commercial Litigation,Other,768
2002-11,Commercial Litigation,Other,752
2002-12,Commercial Litigation,Other,771
2003-01,Commercial Litigation,Other,777
2003-02,Commercial Litigation,Other,785
2003-03,Commercial Litigation,Other,806
2003-04,Commercial Litigation,Other,802
2003-05,Commercial Litigation,Other,788
2003-06,Commercial Litigation,Other,816
2003-07,Commercial Litigation,Other,836
2003-08,Commercial Litigation,Other,841
2003-09,Commercial Litigation,Other,874
2003-10,Commercial Litigation,Other,898
2003-11,Commercial Litigation,Other,964
2003-12,Commercial Litigation,Other,964
2004-01,Commercial Litigation,Other,1017
2004-02,Commercial Litigation,Other,1061
2004-03,Commercial Litigation,Other,1089
2004-04,Commercial Litigation,Other,1101
2004-05,Commercial Litigation,Other,1105
2004-06,Commercial Litigation,Other,1104
2004-07,Commercial Litigation,Other,1118
2004-08,Commercial Litigation,Other,1124
2004-09,Commercial Litigation,Other,1135
2004-10,Commercial Litigation,Other,1141
2004-11,Commercial Litigation,Other,1181
2004-12,Commercial Litigation,Other,1197
2005-01,Commercial Litigation,Other,1175
2005-02,Commercial Litigation,Other,1184
2005-03,Commercial Litigation,Other,1181
2005-04,Commercial Litigation,Other,1166
2005-05,Commercial Litigation,Other,1159
2005-06,Commercial Litigation,Other,1152
2005-07,Commercial Litigation,Other,1053
2005-08,Commercial Litigation,Other,1049
2005-09,Commercial Litigation,Other,1031
2005-10,Commercial Litigation,Other,1039
2005-11,Commercial Litigation,Other,1063
2005-12,Commercial Litigation,Other,1070
2006-01,Commercial Litigation,Other,1053
2006-02,Commercial Litigation,Other,1057
2006-03,Commercial Litigation,Other,1030
2006-04,Commercial Litigation,Other,981
2006-05,Commercial Litigation,Other,1001
2006-06,Commercial Litigation,Other,1050
2006-07,Commercial Litigation,Other,1045
2006-08,Commercial Litigation,Other,1044
2006-09,Commercial Litigation,Other,1043
2006-10,Commercial Litigation,Other,1059
2006-11,Commercial Litigation,Other,1072
2006-12,Commercial Litigation,Other,1105
2007-01,Commercial Litigation,Other,1122
2007-02,Commercial Litigation,Other,1094
2007-03,Commercial Litigation,Other,1069
2007-04,Commercial Litigation,Other,1060
2007-05,Commercial Litigation,Other,1044
2007-06,Commercial Litigation,Other,1071
2007-07,Commercial Litigation,Other,1102
2007-08,Commercial Litigation,Other,1118
2007-09,Commercial Litigation,Other,1111
2007-10,Commercial Litigation,Other,1098
2007-11,Commercial Litigation,Other,1125
2007-12,Commercial Litigation,Other,1133
2008-01,Commercial Litigation,Other,1164
2008-02,Commercial Litigation,Other,1247
2008-03,Commercial Litigation,Other,1081
2008-04,Commercial Litigation,Other,1140
2008-05,Commercial Litigation,Other,1082
2008-06,Commercial Litigation,Other,1051
2008-07,Commercial Litigation,Other,1044
2008-08,Commercial Litigation,Other,1021
2008-09,Commercial Litigation,Other,1035
2008-10,Commercial Litigation,Other,1049
2008-11,Commercial Litigation,Other,1039
2008-12,Commercial Litigation,Other,1021
2009-01,Commercial Litigation,Other,1049
2009-02,Commercial Litigation,Other,1069
2009-03,Commercial Litigation,Other,1097
2009-04,Commercial Litigation,Other,1148
2009-05,Commercial Litigation,Other,1152
2009-06,Commercial Litigation,Other,1174
2009-07,Commercial Litigation,Other,1182
2009-08,Commercial Litigation,Other,1218
2009-09,Commercial Litigation,Other,1252
2009-10,Commercial Litigation,Other,1283
2009-11,Commercial Litigation,Other,1278
2009-12,Commercial Litigation,Other,1298
2010-01,Commercial Litigation,Other,1337
2010-02,Commercial Litigation,Other,1370
2010-03,Commercial Litigation,Other,1422
2010-04,Commercial Litigation,Other,1442
2010-05,Commercial Litigation,Other,1467
2010-06,Commercial Litigation,Other,1507
2010-07,Commercial Litigation,Other,1504
2010-08,Commercial Litigation,Other,1541
2010-09,Commercial Litigation,Other,1571
2010-10,Commercial Litigation,Other,1625
2010-11,Commercial Litigation,Other,1644
2010-12,Commercial Litigation,Other,1701
2011-01,Commercial Litigation,Other,1698
2011-02,Commercial Litigation,Other,1701
2011-03,Commercial Litigation,Other,1679
2011-04,Commercial Litigation,Other,1685
2011-05,Commercial Litigation,Other,1711
2011-06,Commercial Litigation,Other,1744
2011-07,Commercial Litigation,Other,1783
2011-08,Commercial Litigation,Other,1827
2011-09,Commercial Litigation,Other,1818
2011-10,Commercial Litigation,Other,1853
2011-11,Commercial Litigation,Other,1888
2011-12,Commercial Litigation,Other,1885
2012-01,Commercial Litigation,Other,1916
2012-02,Commercial Litigation,Other,1838
2012-03,Commercial Litigation,Other,1831
2012-04,Commercial Litigation,Other,1830
2012-05,Commercial Litigation,Other,1881
2012-06,Commercial Litigation,Other,1901
2012-07,Commercial Litigation,Other,1904
2012-08,Commercial Litigation,Other,1930
2012-09,Commercial Litigation,Other,1897
2012-10,Commercial Litigation,Other,1901
2012-11,Commercial Litigation,Other,1909
2012-12,Commercial Litigation,Other,1923
2013-01,Commercial Litigation,Other,1908
2013-02,Commercial Litigation,Other,1882
2013-03,Commercial Litigation,Other,1893
2013-04,Commercial Litigation,Other,1890
2013-05,Commercial Litigation,Other,1875
2013-06,Commercial Litigation,Other,1816
2013-07,Commercial Litigation,Other,1820
2013-08,Commercial Litigation,Other,1866
2013-09,Commercial Litigation,Other,1840
2013-10,Commercial Litigation,Other,1852
2013-11,Commercial Litigation,Other,1850
2013-12,Commercial Litigation,Other,1881
2014-01,Commercial Litigation,Other,1860
2014-02,Commercial Litigation,Other,1798
2014-03,Commercial Litigation,Other,1781
2014-04,Commercial Litigation,Other,1788
2014-05,Commercial Litigation,Other,1800
2014-06,Commercial Litigation,Other,1824
2014-07,Commercial Litigation,Other,1828
2014-08,Commercial Litigation,Other,1831
2014-09,Commercial Litigation,Other,1748
2014-10,Commercial Litigation,Other,1769
2014-11,Commercial Litigation,Other,1743
2014-12,Commercial Litigation,Other,1797
2015-01,Commercial Litigation,Other,1825
2015-02,Commercial Litigation,Other,1841
2015-03,Commercial Litigation,Other,1800
2015-04,Commercial Litigation,Other,1847
2015-05,Commercial Litigation,Other,1902
2015-06,Commercial Litigation,Other,1914
2015-07,Commercial Litigation,Other,1878
2015-08,Commercial Litigation,Other,1881
2015-09,Commercial Litigation,Other,1908
2015-10,Commercial Litigation,Other,1918
2015-11,Commercial Litigation,Other,1937
2015-12,Commercial Litigation,Other,1942
2016-01,Commercial Litigation,Other,1785
2016-02,Commercial Litigation,Other,1809
2016-03,Commercial Litigation,Other,1809
2016-04,Commercial Litigation,Other,1837
2016-05,Commercial Litigation,Other,1828
2016-06,Commercial Litigation,Other,1866
2016-07,Commercial Litigation,Other,1774
2016-08,Commercial Litigation,Other,1809
2016-09,Commercial Litigation,Other,1799
2016-10,Commercial Litigation,Other,1824
2016-11,Commercial Litigation,Other,1847
2016-12,Commercial Litigation,Other,1865
2017-01,Commercial Litigation,Other,1798
2017-02,Commercial Litigation,Other,1815
2017-03,Commercial Litigation,Other,1797
2017-04,Commercial Litigation,Other,1811
2017-05,Commercial Litigation,Other,1788
2017-06,Commercial Litigation,Other,1765
2017-07,Commercial Litigation,Other,1807
2017-08,Commercial Litigation,Other,1784
2017-09,Commercial Litigation,Other,1757
2017-10,Commercial Litigation,Other,1758
2017-11,Commercial Litigation,Other,1792
2017-12,Commercial Litigation,Other,1813
2018-01,Commercial Litigation,Other,1787
2018-02,Commercial Litigation,Other,1787
2018-03,Commercial Litigation,Other,1736
2018-04,Commercial Litigation,Other,1708
2018-05,Commercial Litigation,Other,1719
2018-06,Commercial Litigation,Other,1698
2018-07,Commercial Litigation,Other,1701
2018-08,Commercial Litigation,Other,1576
2018-09,Commercial Litigation,Other,1549
2018-10,Commercial Litigation,Other,1517
2018-11,Commercial Litigation,Other,1535
2018-12,Commercial Litigation,Other,1551
2019-01,Commercial Litigation,Other,1544
2019-02,Commercial Litigation,Other,1503
2019-03,Commercial Litigation,Other,1498
2019-04,Commercial Litigation,Other,1504
2019-05,Commercial Litigation,Other,1481
2019-06,Commercial Litigation,Other,1473
2019-07,Commercial Litigation,Other,1479
2019-08,Commercial Litigation,Other,1477
2019-09,Commercial Litigation,Other,1481
2019-10,Commercial Litigation,Other,1471
2019-11,Commercial Litigation,Other,1494
2019-12,Commercial Litigation,Other,1482
2020-01,Commercial Litigation,Other,1495
2020-02,Commercial Litigation,Other,1482
2020-03,Commercial Litigation,Other,1482
2020-04,Commercial Litigation,Other,1443
2020-05,Commercial Litigation,Other,1435
2020-06,Commercial Litigation,Other,1435
2020-07,Commercial Litigation,Other,1425
2020-08,Commercial Litigation,Other,1404
2020-09,Commercial Litigation,Other,1360
2020-10,Commercial Litigation,Other,1339
2020-11,Commercial Litigation,Other,1335
2020-12,Commercial Litigation,Other,1338
2021-01,Commercial Litigation,Other,1320
2021-02,Commercial Litigation,Other,1236
2021-03,Commercial Litigation,Other,1205
2021-04,Commercial Litigation,Other,1169
2021-05,Commercial Litigation,Other,1156
2021-06,Commercial Litigation,Other,1148
2021-07,Commercial Litigation,Other,1132
2021-08,Commercial Litigation,Other,1118
2021-09,Commercial Litigation,Other,1114
2021-10,Commercial Litigation,Other,1114
2021-11,Commercial Litigation,Other,1084
2021-12,Commercial Litigation,Other,1069
2022-01,Commercial Litigation,Other,1065
2022-02,Commercial Litigation,Other,1064
2022-03,Commercial Litigation,Other,1052
2022-04,Commercial Litigation,Other,1019
2022-05,Commercial Litigation,Other,989
2022-06,Commercial Litigation,Other,972
2022-07,Commercial Litigation,Other,962
2022-08,Commercial Litigation,Other,978
2022-09,Commercial Litigation,Other,982
2022-10,Commercial Litigation,Other,971
2022-11,Commercial Litigation,Other,987
2022-12,Commercial Litigation,Other,1011
2023-01,Commercial Litigation,Other,1049
2023-02,Commercial Litigation,Other,1067
2023-03,Commercial Litigation,Other,1087
2023-04,Commercial Litigation,Other,1103
2023-05,Commercial Litigation,Other,1156
2023-06,Commercial Litigation,Other,1110
2023-07,Commercial Litigation,Other,1101
2023-08,Commercial Litigation,Other,1104
2023-09,Commercial Litigation,Other,1089
2023-10,Commercial Litigation,Other,1111
2023-11,Commercial Litigation,Other,1137
2023-12,Commercial Litigation,Other,1159
2024-01,Commercial Litigation,Other,1204
2024-02,Commercial Litigation,Other,1232
2024-03,Commercial Litigation,Other,1223
2024-04,Commercial Litigation,Other,1166
2024-05,Commercial Litigation,Other,1167
2024-06,Commercial Litigation,Other,1181
2024-07,Commercial Litigation,Other,1213
2024-08,Commercial Litigation,Other,1247
2024-09,Commercial Litigation,Other,1290
2024-10,Commercial Litigation,Other,1360
2024-11,Commercial Litigation,Other,1478
2024-12,Commercial Litigation,Other,1564
2025-01,Commercial Litigation,Other,1690
2025-02,Commercial Litigation,Other,1759
2025-03,Commercial Litigation,Other,1829
2025-04,Commercial Litigation,Other,1903
2025-05,Commercial Litigation,Other,1952
2025-06,Commercial Litigation,Other,2010
2025-07,Commercial Litigation,Other,2086
2025-08,Commercial Litigation,Other,2166
2025-09,Commercial Litigation,Other,2150
2025-10,Commercial Litigation,Other,2286
2025-11,Commercial Litigation,Other,2342
2025-12,Commercial Litigation,Other,2388
2026-01,Commercial Litigation,Other,2401
2026-02,Commercial Litigation,Other,2432
2026-03,Commercial Litigation,Other,2390
2026-04,Commercial Litigation,Other,2419
2026-05,Commercial Litigation,Other,2364
2026-06,Commercial Litigation,Other,2247
2026-07,Commercial Litigation,Other,2246
1994-10,Employment Discrimination,Other,31
1994-11,Employment Discrimination,Other,31
1994-12,Employment Discrimination,Other,31
1995-01,Employment Discrimination,Other,31
1995-02,Employment Discrimination,Other,35
1995-03,Employment Discrimination,Other,36
1995-04,Employment Discrimination,Other,38
1995-05,Employment Discrimination,Other,37
1995-06,Employment Discrimination,Other,40
1995-07,Employment Discrimination,Other,40
1995-08,Employment Discrimination,Other,43
1995-09,Employment Discrimination,Other,46
1995-10,Employment Discrimination,Other,52
1995-11,Employment Discrimination,Other,55
1995-12,Employment Discrimination,Other,54
1996-01,Employment Discrimination,Other,54
1996-02,Employment Discrimination,Other,54
1996-03,Employment Discrimination,Other,53
1996-04,Employment Discrimination,Other,52
1996-05,Employment Discrimination,Other,50
1996-06,Employment Discrimination,Other,51
1996-07,Employment Discrimination,Other,53
1996-08,Employment Discrimination,Other,57
1996-09,Employment Discrimination,Other,57
1996-10,Employment Discrimination,Other,56
1996-11,Employment Discrimination,Other,53
1996-12,Employment Discrimination,Other,59
1997-01,Employment Discrimination,Other,57
1997-02,Employment Discrimination,Other,56
1997-03,Employment Discrimination,Other,61
1997-04,Employment Discrimination,Other,56
1997-05,Employment Discrimination,Other,57
1997-06,Employment Discrimination,Other,60
1997-07,Employment Discrimination,Other,60
1997-08,Employment Discrimination,Other,59
1997-09,Employment Discrimination,Other,58
1997-10,Employment Discrimination,Other,53
1997-11,Employment Discrimination,Other,48
1997-12,Employment Discrimination,Other,43
1998-01,Employment Discrimination,Other,41
1998-02,Employment Discrimination,Other,41
1998-03,Employment Discrimination,Other,42
1998-04,Employment Discrimination,Other,41
1998-05,Employment Discrimination,Other,39
1998-06,Employment Discrimination,Other,33
1998-07,Employment Discrimination,Other,28
1998-08,Employment Discrimination,Other,26
1998-09,Employment Discrimination,Other,28
1998-10,Employment Discrimination,Other,28
1998-11,Employment Discrimination,Other,27
1998-12,Employment Discrimination,Other,27
1999-01,Employment Discrimination,Other,26
1999-02,Employment Discrimination,Other,25
1999-03,Employment Discrimination,Other,23
1999-04,Employment Discrimination,Other,22
1999-05,Employment Discrimination,Other,19
1999-06,Employment Discrimination,Other,18
1999-07,Employment Discrimination,Other,18
1999-08,Employment Discrimination,Other,18
1999-09,Employment Discrimination,Other,17
1999-10,Employment Discrimination,Other,18
1999-11,Employment Discrimination,Other,19
1999-12,Employment Discrimination,Other,20
2000-01,Employment Discrimination,Other,23
2000-02,Employment Discrimination,Other,21
2000-03,Employment Discrimination,Other,16
2000-04,Employment Discrimination,Other,16
2000-05,Employment Discrimination,Other,16
2000-06,Employment Discrimination,Other,17
2000-07,Employment Discrimination,Other,16
2000-08,Employment Discrimination,Other,17
2000-09,Employment Discrimination,Other,18
2000-10,Employment Discrimination,Other,18
2000-11,Employment Discrimination,Other,16
2000-12,Employment Discrimination,Other,16
2001-01,Employment Discrimination,Other,17
2001-02,Employment Discrimination,Other,14
2001-03,Employment Discrimination,Other,17
2001-04,Employment Discrimination,Other,18
2001-05,Employment Discrimination,Other,16
2001-06,Employment Discrimination,Other,17
2001-07,Employment Discrimination,Other,19
2001-08,Employment Discrimination,Other,21
2001-09,Employment Discrimination,Other,19
2001-10,Employment Discrimination,Other,20
2001-11,Employment Discrimination,Other,21
2001-12,Employment Discrimination,Other,22
2002-01,Employment Discrimination,Other,25
2002-02,Employment Discrimination,Other,24
2002-03,Employment Discrimination,Other,23
2002-04,Employment Discrimination,Other,23
2002-05,Employment Discrimination,Other,27
2002-06,Employment Discrimination,Other,31
2002-07,Employment Discrimination,Other,30
2002-08,Employment Discrimination,Other,32
2002-09,Employment Discrimination,Other,32
2002-10,Employment Discrimination,Other,31
2002-11,Employment Discrimination,Other,29
2002-12,Employment Discrimination,Other,31
2003-01,Employment Discrimination,Other,35
2003-02,Employment Discrimination,Other,41
2003-03,Employment Discrimination,Other,47
2003-04,Employment Discrimination,Other,54
2003-05,Employment Discrimination,Other,54
2003-06,Employment Discrimination,Other,54
2003-07,Employment Discrimination,Other,56
2003-08,Employment Discrimination,Other,54
2003-09,Employment Discrimination,Other,51
2003-10,Employment Discrimination,Other,49
2003-11,Employment Discrimination,Other,44
2003-12,Employment Discrimination,Other,43
2004-01,Employment Discrimination,Other,42
2004-02,Employment Discrimination,Other,42
2004-03,Employment Discrimination,Other,38
2004-04,Employment Discrimination,Other,37
2004-05,Employment Discrimination,Other,33
2004-06,Employment Discrimination,Other,31
2004-07,Employment Discrimination,Other,31
2004-08,Employment Discrimination,Other,30
2004-09,Employment Discrimination,Other,27
2004-10,Employment Discrimination,Other,26
2004-11,Employment Discrimination,Other,23
2004-12,Employment Discrimination,Other,24
2005-01,Employment Discrimination,Other,20
2005-02,Employment Discrimination,Other,21
2005-03,Employment Discrimination,Other,21
2005-04,Employment Discrimination,Other,23
2005-05,Employment Discrimination,Other,23
2005-06,Employment Discrimination,Other,24
2005-07,Employment Discrimination,Other,24
2005-08,Employment Discrimination,Other,28
2005-09,Employment Discrimination,Other,26
2005-10,Employment Discrimination,Other,25
2005-11,Employment Discrimination,Other,26
2005-12,Employment Discrimination,Other,26
2006-01,Employment Discrimination,Other,25
2006-02,Employment Discrimination,Other,25
2006-03,Employment Discrimination,Other,22
2006-04,Employment Discrimination,Other,22
2006-05,Employment Discrimination,Other,22
2006-06,Employment Discrimination,Other,22
2006-07,Employment Discrimination,Other,23
2006-08,Employment Discrimination,Other,23
2006-09,Employment Discrimination,Other,21
2006-10,Employment Discrimination,Other,22
2006-11,Employment Discrimination,Other,23
2006-12,Employment Discrimination,Other,23
2007-01,Employment Discrimination,Other,22
2007-02,Employment Discrimination,Other,22
2007-03,Employment Discrimination,Other,22
2007-04,Employment Discrimination,Other,22
2007-05,Employment Discrimination,Other,18
2007-06,Employment Discrimination,Other,17
2007-07,Employment Discrimination,Other,18
2007-08,Employment Discrimination,Other,19
2007-09,Employment Discrimination,Other,15
2007-10,Employment Discrimination,Other,14
2007-11,Employment Discrimination,Other,13
2007-12,Employment Discrimination,Other,15
2008-01,Employment Discrimination,Other,15
2008-02,Employment Discrimination,Other,15
2008-03,Employment Discrimination,Other,14
2008-04,Employment Discrimination,Other,15
2008-05,Employment Discrimination,Other,15
2008-06,Employment Discrimination,Other,16
2008-07,Employment Discrimination,Other,15
2008-08,Employment Discrimination,Other,15
2008-09,Employment Discrimination,Other,17
2008-10,Employment Discrimination,Other,20
2008-11,Employment Discrimination,Other,19
2008-12,Employment Discrimination,Other,19
2009-01,Employment Discrimination,Other,17
2009-02,Employment Discrimination,Other,17
2009-03,Employment Discrimination,Other,15
2009-04,Employment Discrimination,Other,15
2009-05,Employment Discrimination,Other,15
2009-06,Employment Discrimination,Other,14
2009-07,Employment Discrimination,Other,12
2009-08,Employment Discrimination,Other,11
2009-09,Employment Discrimination,Other,10
2009-10,Employment Discrimination,Other,10
2009-11,Employment Discrimination,Other,11
2009-12,Employment Discrimination,Other,11
2010-01,Employment Discrimination,Other,12
2010-02,Employment Discrimination,Other,10
2010-03,Employment Discrimination,Other,9
2010-04,Employment Discrimination,Other,9
2010-05,Employment Discrimination,Other,11
2010-06,Employment Discrimination,Other,9
2010-07,Employment Discrimination,Other,11
2010-08,Employment Discrimination,Other,14
2010-09,Employment Discrimination,Other,15
2010-10,Employment Discrimination,Other,14
2010-11,Employment Discrimination,Other,9
2010-12,Employment Discrimination,Other,10
2011-01,Employment Discrimination,Other,14
2011-02,Employment Discrimination,Other,17
2011-03,Employment Discrimination,Other,18
2011-04,Employment Discrimination,Other,16
2011-05,Employment Discrimination,Other,16
2011-06,Employment Discrimination,Other,16
2011-07,Employment Discrimination,Other,17
2011-08,Employment Discrimination,Other,15
2011-09,Employment Discrimination,Other,15
2011-10,Employment Discrimination,Other,17
2011-11,Employment Discrimination,Other,17
2011-12,Employment Discrimination,Other,13
2012-01,Employment Discrimination,Other,12
2012-02,Employment Discrimination,Other,11
2012-03,Employment Discrimination,Other,11
2012-04,Employment Discrimination,Other,11
2012-05,Employment Discrimination,Other,9
2012-06,Employment Discrimination,Other,8
2012-07,Employment Discrimination,Other,5
2012-08,Employment Discrimination,Other,5
2012-09,Employment Discrimination,Other,5
2012-10,Employment Discrimination,Other,6
2012-11,Employment Discrimination,Other,7
2012-12,Employment Discrimination,Other,8
2013-01,Employment Discrimination,Other,9
2013-02,Employment Discrimination,Other,9
2013-03,Employment Discrimination,Other,9
2013-04,Employment Discrimination,Other,10
2013-05,Employment Discrimination,Other,10
2013-06,Employment Discrimination,Other,9
2013-07,Employment Discrimination,Other,8
2013-08,Employment Discrimination,Other,10
2013-09,Employment Discrimination,Other,10
2013-10,Employment Discrimination,Other,9
2013-11,Employment Discrimination,Other,9
2013-12,Employment Discrimination,Other,9
2014-01,Employment Discrimination,Other,9
2014-02,Employment Discrimination,Other,10
2014-03,Employment Discrimination,Other,7
2014-04,Employment Discrimination,Other,6
2014-05,Employment Discrimination,Other,6
2014-06,Employment Discrimination,Other,7
2014-07,Employment Discrimination,Other,9
2014-08,Employment Discrimination,Other,9
2014-09,Employment Discrimination,Other,9
2014-10,Employment Discrimination,Other,9
2014-11,Employment Discrimination,Other,9
2014-12,Employment Discrimination,Other,12
2015-01,Employment Discrimination,Other,13
2015-02,Employment Discrimination,Other,13
2015-03,Employment Discrimination,Other,14
2015-04,Employment Discrimination,Other,12
2015-05,Employment Discrimination,Other,13
2015-06,Employment Discrimination,Other,13
2015-07,Employment Discrimination,Other,13
2015-08,Employment Discrimination,Other,13
2015-09,Employment Discrimination,Other,13
2015-10,Employment Discrimination,Other,19
2015-11,Employment Discrimination,Other,18
2015-12,Employment Discrimination,Other,17
2016-01,Employment Discrimination,Other,17
2016-02,Employment Discrimination,Other,14
2016-03,Employment Discrimination,Other,14
2016-04,Employment Discrimination,Other,16
2016-05,Employment Discrimination,Other,18
2016-06,Employment Discrimination,Other,16
2016-07,Employment Discrimination,Other,17
2016-08,Employment Discrimination,Other,18
2016-09,Employment Discrimination,Other,18
2016-10,Employment Discrimination,Other,19
2016-11,Employment Discrimination,Other,22
2016-12,Employment Discrimination,Other,21
2017-01,Employment Discrimination,Other,22
2017-02,Employment Discrimination,Other,22
2017-03,Employment Discrimination,Other,20
2017-04,Employment Discrimination,Other,19
2017-05,Employment Discrimination,Other,18
2017-06,Employment Discrimination,Other,19
2017-07,Employment Discrimination,Other,19
2017-08,Employment Discrimination,Other,21
2017-09,Employment Discrimination,Other,23
2017-10,Employment Discrimination,Other,24
2017-11,Employment Discrimination,Other,24
2017-12,Employment Discrimination,Other,23
2018-01,Employment Discrimination,Other,21
2018-02,Employment Discrimination,Other,21
2018-03,Employment Discrimination,Other,21
2018-04,Employment Discrimination,Other,21
2018-05,Employment Discrimination,Other,31
2018-06,Employment Discrimination,Other,29
2018-07,Employment Discrimination,Other,20
2018-08,Employment Discrimination,Other,20
2018-09,Employment Discrimination,Other,21
2018-10,Employment Discrimination,Other,21
2018-11,Employment Discrimination,Other,21
2018-12,Employment Discrimination,Other,21
2019-01,Employment Discrimination,Other,20
2019-02,Employment Discrimination,Other,21
2019-03,Employment Discrimination,Other,19
2019-04,Employment Discrimination,Other,19
2019-05,Employment Discrimination,Other,19
2019-06,Employment Discrimination,Other,19
2019-07,Employment Discrimination,Other,20
2019-08,Employment Discrimination,Other,20
2019-09,Employment Discrimination,Other,20
2019-10,Employment Discrimination,Other,21
2019-11,Employment Discrimination,Other,20
2019-12,Employment Discrimination,Other,19
2020-01,Employment Discrimination,Other,18
2020-02,Employment Discrimination,Other,19
2020-03,Employment Discrimination,Other,21
2020-04,Employment Discrimination,Other,22
2020-05,Employment Discrimination,Other,24
2020-06,Employment Discrimination,Other,24
2020-07,Employment Discrimination,Other,22
2020-08,Employment Discrimination,Other,22
2020-09,Employment Discrimination,Other,22
2020-10,Employment Discrimination,Other,21
2020-11,Employment Discrimination,Other,20
2020-12,Employment Discrimination,Other,20
2021-01,Employment Discrimination,Other,19
2021-02,Employment Discrimination,Other,19
2021-03,Employment Discrimination,Other,22
2021-04,Employment Discrimination,Other,21
2021-05,Employment Discrimination,Other,23
2021-06,Employment Discrimination,Other,23
2021-07,Employment Discrimination,Other,23
2021-08,Employment Discrimination,Other,23
2021-09,Employment Discrimination,Other,22
2021-10,Employment Discrimination,Other,21
2021-11,Employment Discrimination,Other,19
2021-12,Employment Discrimination,Other,18
2022-01,Employment Discrimination,Other,18
2022-02,Employment Discrimination,Other,18
2022-03,Employment Discrimination,Other,19
2022-04,Employment Discrimination,Other,17
2022-05,Employment Discrimination,Other,19
2022-06,Employment Discrimination,Other,20
2022-07,Employment Discrimination,Other,22
2022-08,Employment Discrimination,Other,23
2022-09,Employment Discrimination,Other,25
2022-10,Employment Discrimination,Other,23
2022-11,Employment Discrimination,Other,24
2022-12,Employment Discrimination,Other,24
2023-01,Employment Discrimination,Other,24
2023-02,Employment Discrimination,Other,22
2023-03,Employment Discrimination,Other,23
2023-04,Employment Discrimination,Other,23
2023-05,Employment Discrimination,Other,23
2023-06,Employment Discrimination,Other,21
2023-07,Employment Discrimination,Other,22
2023-08,Employment Discrimination,Other,21
2023-09,Employment Discrimination,Other,21
2023-10,Employment Discrimination,Other,19
2023-11,Employment Discrimination,Other,20
2023-12,Employment Discrimination,Other,20
2024-01,Employment Discrimination,Other,18
2024-02,Employment Discrimination,Other,17
2024-03,Employment Discrimination,Other,18
2024-04,Employment Discrimination,Other,19
2024-05,Employment Discrimination,Other,20
2024-06,Employment Discrimination,Other,21
2024-07,Employment Discrimination,Other,21
2024-08,Employment Discrimination,Other,21
2024-09,Employment Discrimination,Other,23
2024-10,Employment Discrimination,Other,22
2024-11,Employment Discrimination,Other,20
2024-12,Employment Discrimination,Other,19
2025-01,Employment Discrimination,Other,19
2025-02,Employment Discrimination,Other,19
2025-03,Employment Discrimination,Other,18
2025-04,Employment Discrimination,Other,19
2025-05,Employment Discrimination,Other,21
2025-06,Employment Discrimination,Other,20
2025-07,Employment Discrimination,Other,21
2025-08,Employment Discrimination,Other,19
2025-09,Employment Discrimination,Other,20
2025-10,Employment Discrimination,Other,19
2025-11,Employment Discrimination,Other,18
2025-12,Employment Discrimination,Other,18
2026-01,Employment Discrimination,Other,18
2026-02,Employment Discrimination,Other,18
2026-03,Employment Discrimination,Other,19
2026-04,Employment Discrimination,Other,20
2026-05,Employment Discrimination,Other,20
2026-06,Employment Discrimination,Other,23
2026-07,Employment Discrimination,Other,23
1994-10,Environmental/Lands,Other,140
1994-11,Environmental/Lands,Other,146
1994-12,Environmental/Lands,Other,143
1995-01,Environmental/Lands,Other,145
1995-02,Environmental/Lands,Other,143
1995-03,Environmental/Lands,Other,140
1995-04,Environmental/Lands,Other,143
1995-05,Environmental/Lands,Other,146
1995-06,Environmental/Lands,Other,150
1995-07,Environmental/Lands,Other,153
1995-08,Environmental/Lands,Other,150
1995-09,Environmental/Lands,Other,149
1995-10,Environmental/Lands,Other,148
1995-11,Environmental/Lands,Other,151
1995-12,Environmental/Lands,Other,154
1996-01,Environmental/Lands,Other,153
1996-02,Environmental/Lands,Other,157
1996-03,Environmental/Lands,Other,161
1996-04,Environmental/Lands,Other,161
1996-05,Environmental/Lands,Other,155
1996-06,Environmental/Lands,Other,155
1996-07,Environmental/Lands,Other,150
1996-08,Environmental/Lands,Other,153
1996-09,Environmental/Lands,Other,144
1996-10,Environmental/Lands,Other,145
1996-11,Environmental/Lands,Other,145
1996-12,Environmental/Lands,Other,149
1997-01,Environmental/Lands,Other,150
1997-02,Environmental/Lands,Other,151
1997-03,Environmental/Lands,Other,145
1997-04,Environmental/Lands,Other,144
1997-05,Environmental/Lands,Other,143
1997-06,Environmental/Lands,Other,147
1997-07,Environmental/Lands,Other,140
1997-08,Environmental/Lands,Other,142
1997-09,Environmental/Lands,Other,141
1997-10,Environmental/Lands,Other,143
1997-11,Environmental/Lands,Other,146
1997-12,Environmental/Lands,Other,143
1998-01,Environmental/Lands,Other,139
1998-02,Environmental/Lands,Other,138
1998-03,Environmental/Lands,Other,137
1998-04,Environmental/Lands,Other,130
1998-05,Environmental/Lands,Other,130
1998-06,Environmental/Lands,Other,133
1998-07,Environmental/Lands,Other,133
1998-08,Environmental/Lands,Other,132
1998-09,Environmental/Lands,Other,131
1998-10,Environmental/Lands,Other,131
1998-11,Environmental/Lands,Other,133
1998-12,Environmental/Lands,Other,132
1999-01,Environmental/Lands,Other,138
1999-02,Environmental/Lands,Other,135
1999-03,Environmental/Lands,Other,131
1999-04,Environmental/Lands,Other,128
1999-05,Environmental/Lands,Other,128
1999-06,Environmental/Lands,Other,127
1999-07,Environmental/Lands,Other,127
1999-08,Environmental/Lands,Other,125
1999-09,Environmental/Lands,Other,127
1999-10,Environmental/Lands,Other,127
1999-11,Environmental/Lands,Other,122
1999-12,Environmental/Lands,Other,118
2000-01,Environmental/Lands,Other,117
2000-02,Environmental/Lands,Other,109
2000-03,Environmental/Lands,Other,95
2000-04,Environmental/Lands,Other,97
2000-05,Environmental/Lands,Other,98
2000-06,Environmental/Lands,Other,99
2000-07,Environmental/Lands,Other,97
2000-08,Environmental/Lands,Other,96
2000-09,Environmental/Lands,Other,96
2000-10,Environmental/Lands,Other,93
2000-11,Environmental/Lands,Other,97
2000-12,Environmental/Lands,Other,97
2001-01,Environmental/Lands,Other,95
2001-02,Environmental/Lands,Other,99
2001-03,Environmental/Lands,Other,96
2001-04,Environmental/Lands,Other,93
2001-05,Environmental/Lands,Other,92
2001-06,Environmental/Lands,Other,92
2001-07,Environmental/Lands,Other,91
2001-08,Environmental/Lands,Other,92
2001-09,Environmental/Lands,Other,94
2001-10,Environmental/Lands,Other,90
2001-11,Environmental/Lands,Other,90
2001-12,Environmental/Lands,Other,89
2002-01,Environmental/Lands,Other,91
2002-02,Environmental/Lands,Other,95
2002-03,Environmental/Lands,Other,95
2002-04,Environmental/Lands,Other,94
2002-05,Environmental/Lands,Other,93
2002-06,Environmental/Lands,Other,90
2002-07,Environmental/Lands,Other,96
2002-08,Environmental/Lands,Other,98
2002-09,Environmental/Lands,Other,93
2002-10,Environmental/Lands,Other,98
2002-11,Environmental/Lands,Other,98
2002-12,Environmental/Lands,Other,99
2003-01,Environmental/Lands,Other,98
2003-02,Environmental/Lands,Other,101
2003-03,Environmental/Lands,Other,101
2003-04,Environmental/Lands,Other,102
2003-05,Environmental/Lands,Other,101
2003-06,Environmental/Lands,Other,98
2003-07,Environmental/Lands,Other,99
2003-08,Environmental/Lands,Other,103
2003-09,Environmental/Lands,Other,103
2003-10,Environmental/Lands,Other,104
2003-11,Environmental/Lands,Other,99
2003-12,Environmental/Lands,Other,103
2004-01,Environmental/Lands,Other,97
2004-02,Environmental/Lands,Other,97
2004-03,Environmental/Lands,Other,96
2004-04,Environmental/Lands,Other,93
2004-05,Environmental/Lands,Other,97
2004-06,Environmental/Lands,Other,103
2004-07,Environmental/Lands,Other,107
2004-08,Environmental/Lands,Other,119
2004-09,Environmental/Lands,Other,120
2004-10,Environmental/Lands,Other,118
2004-11,Environmental/Lands,Other,120
2004-12,Environmental/Lands,Other,129
2005-01,Environmental/Lands,Other,128
2005-02,Environmental/Lands,Other,129
2005-03,Environmental/Lands,Other,124
2005-04,Environmental/Lands,Other,122
2005-05,Environmental/Lands,Other,125
2005-06,Environmental/Lands,Other,134
2005-07,Environmental/Lands,Other,139
2005-08,Environmental/Lands,Other,135
2005-09,Environmental/Lands,Other,129
2005-10,Environmental/Lands,Other,120
2005-11,Environmental/Lands,Other,116
2005-12,Environmental/Lands,Other,114
2006-01,Environmental/Lands,Other,111
2006-02,Environmental/Lands,Other,113
2006-03,Environmental/Lands,Other,112
2006-04,Environmental/Lands,Other,111
2006-05,Environmental/Lands,Other,113
2006-06,Environmental/Lands,Other,116
2006-07,Environmental/Lands,Other,118
2006-08,Environmental/Lands,Other,118
2006-09,Environmental/Lands,Other,118
2006-10,Environmental/Lands,Other,116
2006-11,Environmental/Lands,Other,117
2006-12,Environmental/Lands,Other,114
2007-01,Environmental/Lands,Other,115
2007-02,Environmental/Lands,Other,119
2007-03,Environmental/Lands,Other,115
2007-04,Environmental/Lands,Other,112
2007-05,Environmental/Lands,Other,109
2007-06,Environmental/Lands,Other,110
2007-07,Environmental/Lands,Other,109
2007-08,Environmental/Lands,Other,102
2007-09,Environmental/Lands,Other,104
2007-10,Environmental/Lands,Other,106
2007-11,Environmental/Lands,Other,105
2007-12,Environmental/Lands,Other,104
2008-01,Environmental/Lands,Other,104
2008-02,Environmental/Lands,Other,105
2008-03,Environmental/Lands,Other,104
2008-04,Environmental/Lands,Other,107
2008-05,Environmental/Lands,Other,109
2008-06,Environmental/Lands,Other,108
2008-07,Environmental/Lands,Other,107
2008-08,Environmental/Lands,Other,106
2008-09,Environmental/Lands,Other,106
2008-10,Environmental/Lands,Other,101
2008-11,Environmental/Lands,Other,102
2008-12,Environmental/Lands,Other,102
2009-01,Environmental/Lands,Other,101
2009-02,Environmental/Lands,Other,102
2009-03,Environmental/Lands,Other,100
2009-04,Environmental/Lands,Other,101
2009-05,Environmental/Lands,Other,101
2009-06,Environmental/Lands,Other,101
2009-07,Environmental/Lands,Other,88
2009-08,Environmental/Lands,Other,87
2009-09,Environmental/Lands,Other,87
2009-10,Environmental/Lands,Other,85
2009-11,Environmental/Lands,Other,86
2009-12,Environmental/Lands,Other,87
2010-01,Environmental/Lands,Other,89
2010-02,Environmental/Lands,Other,87
2010-03,Environmental/Lands,Other,90
2010-04,Environmental/Lands,Other,91
2010-05,Environmental/Lands,Other,90
2010-06,Environmental/Lands,Other,88
2010-07,Environmental/Lands,Other,88
2010-08,Environmental/Lands,Other,86
2010-09,Environmental/Lands,Other,82
2010-10,Environmental/Lands,Other,84
2010-11,Environmental/Lands,Other,98
2010-12,Environmental/Lands,Other,100
2011-01,Environmental/Lands,Other,97
2011-02,Environmental/Lands,Other,100
2011-03,Environmental/Lands,Other,78
2011-04,Environmental/Lands,Other,77
2011-05,Environmental/Lands,Other,80
2011-06,Environmental/Lands,Other,79
2011-07,Environmental/Lands,Other,82
2011-08,Environmental/Lands,Other,80
2011-09,Environmental/Lands,Other,79
2011-10,Environmental/Lands,Other,80
2011-11,Environmental/Lands,Other,80
2011-12,Environmental/Lands,Other,79
2012-01,Environmental/Lands,Other,78
2012-02,Environmental/Lands,Other,79
2012-03,Environmental/Lands,Other,79
2012-04,Environmental/Lands,Other,80
2012-05,Environmental/Lands,Other,78
2012-06,Environmental/Lands,Other,78
2012-07,Environmental/Lands,Other,79
2012-08,Environmental/Lands,Other,79
2012-09,Environmental/Lands,Other,75
2012-10,Environmental/Lands,Other,78
2012-11,Environmental/Lands,Other,80
2012-12,Environmental/Lands,Other,81
2013-01,Environmental/Lands,Other,77
2013-02,Environmental/Lands,Other,74
2013-03,Environmental/Lands,Other,76
2013-04,Environmental/Lands,Other,77
2013-05,Environmental/Lands,Other,78
2013-06,Environmental/Lands,Other,79
2013-07,Environmental/Lands,Other,81
2013-08,Environmental/Lands,Other,83
2013-09,Environmental/Lands,Other,83
2013-10,Environmental/Lands,Other,84
2013-11,Environmental/Lands,Other,85
2013-12,Environmental/Lands,Other,84
2014-01,Environmental/Lands,Other,82
2014-02,Environmental/Lands,Other,79
2014-03,Environmental/Lands,Other,83
2014-04,Environmental/Lands,Other,83
2014-05,Environmental/Lands,Other,84
2014-06,Environmental/Lands,Other,87
2014-07,Environmental/Lands,Other,87
2014-08,Environmental/Lands,Other,87
2014-09,Environmental/Lands,Other,88
2014-10,Environmental/Lands,Other,88
2014-11,Environmental/Lands,Other,90
2014-12,Environmental/Lands,Other,89
2015-01,Environmental/Lands,Other,88
2015-02,Environmental/Lands,Other,89
2015-03,Environmental/Lands,Other,87
2015-04,Environmental/Lands,Other,89
2015-05,Environmental/Lands,Other,95
2015-06,Environmental/Lands,Other,105
2015-07,Environmental/Lands,Other,107
2015-08,Environmental/Lands,Other,106
2015-09,Environmental/Lands,Other,121
2015-10,Environmental/Lands,Other,131
2015-11,Environmental/Lands,Other,137
2015-12,Environmental/Lands,Other,132
2016-01,Environmental/Lands,Other,131
2016-02,Environmental/Lands,Other,145
2016-03,Environmental/Lands,Other,120
2016-04,Environmental/Lands,Other,130
2016-05,Environmental/Lands,Other,116
2016-06,Environmental/Lands,Other,119
2016-07,Environmental/Lands,Other,74
2016-08,Environmental/Lands,Other,72
2016-09,Environmental/Lands,Other,71
2016-10,Environmental/Lands,Other,72
2016-11,Environmental/Lands,Other,77
2016-12,Environmental/Lands,Other,77
2017-01,Environmental/Lands,Other,77
2017-02,Environmental/Lands,Other,80
2017-03,Environmental/Lands,Other,73
2017-04,Environmental/Lands,Other,76
2017-05,Environmental/Lands,Other,74
2017-06,Environmental/Lands,Other,75
2017-07,Environmental/Lands,Other,73
2017-08,Environmental/Lands,Other,72
2017-09,Environmental/Lands,Other,72
2017-10,Environmental/Lands,Other,71
2017-11,Environmental/Lands,Other,70
2017-12,Environmental/Lands,Other,65
2018-01,Environmental/Lands,Other,66
2018-02,Environmental/Lands,Other,69
2018-03,Environmental/Lands,Other,68
2018-04,Environmental/Lands,Other,72
2018-05,Environmental/Lands,Other,73
2018-06,Environmental/Lands,Other,75
2018-07,Environmental/Lands,Other,78
2018-08,Environmental/Lands,Other,80
2018-09,Environmental/Lands,Other,84
2018-10,Environmental/Lands,Other,83
2018-11,Environmental/Lands,Other,80
2018-12,Environmental/Lands,Other,82
2019-01,Environmental/Lands,Other,84
2019-02,Environmental/Lands,Other,86
2019-03,Environmental/Lands,Other,89
2019-04,Environmental/Lands,Other,88
2019-05,Environmental/Lands,Other,89
2019-06,Environmental/Lands,Other,88
2019-07,Environmental/Lands,Other,86
2019-08,Environmental/Lands,Other,88
2019-09,Environmental/Lands,Other,88
2019-10,Environmental/Lands,Other,88
2019-11,Environmental/Lands,Other,86
2019-12,Environmental/Lands,Other,87
2020-01,Environmental/Lands,Other,86
2020-02,Environmental/Lands,Other,80
2020-03,Environmental/Lands,Other,81
2020-04,Environmental/Lands,Other,86
2020-05,Environmental/Lands,Other,89
2020-06,Environmental/Lands,Other,91
2020-07,Environmental/Lands,Other,91
2020-08,Environmental/Lands,Other,92
2020-09,Environmental/Lands,Other,87
2020-10,Environmental/Lands,Other,87
2020-11,Environmental/Lands,Other,85
2020-12,Environmental/Lands,Other,87
2021-01,Environmental/Lands,Other,88
2021-02,Environmental/Lands,Other,90
2021-03,Environmental/Lands,Other,91
2021-04,Environmental/Lands,Other,93
2021-05,Environmental/Lands,Other,93
2021-06,Environmental/Lands,Other,93
2021-07,Environmental/Lands,Other,94
2021-08,Environmental/Lands,Other,98
2021-09,Environmental/Lands,Other,92
2021-10,Environmental/Lands,Other,89
2021-11,Environmental/Lands,Other,88
2021-12,Environmental/Lands,Other,90
2022-01,Environmental/Lands,Other,87
2022-02,Environmental/Lands,Other,89
2022-03,Environmental/Lands,Other,89
2022-04,Environmental/Lands,Other,93
2022-05,Environmental/Lands,Other,98
2022-06,Environmental/Lands,Other,98
2022-07,Environmental/Lands,Other,98
2022-08,Environmental/Lands,Other,96
2022-09,Environmental/Lands,Other,102
2022-10,Environmental/Lands,Other,102
2022-11,Environmental/Lands,Other,102
2022-12,Environmental/Lands,Other,102
2023-01,Environmental/Lands,Other,103
2023-02,Environmental/Lands,Other,106
2023-03,Environmental/Lands,Other,110
2023-04,Environmental/Lands,Other,110
2023-05,Environmental/Lands,Other,109
2023-06,Environmental/Lands,Other,110
2023-07,Environmental/Lands,Other,110
2023-08,Environmental/Lands,Other,112
2023-09,Environmental/Lands,Other,111
2023-10,Environmental/Lands,Other,113
2023-11,Environmental/Lands,Other,109
2023-12,Environmental/Lands,Other,107
2024-01,Environmental/Lands,Other,106
2024-02,Environmental/Lands,Other,108
2024-03,Environmental/Lands,Other,98
2024-04,Environmental/Lands,Other,96
2024-05,Environmental/Lands,Other,98
2024-06,Environmental/Lands,Other,98
2024-07,Environmental/Lands,Other,97
2024-08,Environmental/Lands,Other,101
2024-09,Environmental/Lands,Other,98
2024-10,Environmental/Lands,Other,100
2024-11,Environmental/Lands,Other,101
2024-12,Environmental/Lands,Other,100
2025-01,Environmental/Lands,Other,98
2025-02,Environmental/Lands,Other,93
2025-03,Environmental/Lands,Other,91
2025-04,Environmental/Lands,Other,91
2025-05,Environmental/Lands,Other,89
2025-06,Environmental/Lands,Other,90
2025-07,Environmental/Lands,Other,90
2025-08,Environmental/Lands,Other,86
2025-09,Environmental/Lands,Other,90
2025-10,Environmental/Lands,Other,92
2025-11,Environmental/Lands,Other,94
2025-12,Environmental/Lands,Other,97
2026-01,Environmental/Lands,Other,97
2026-02,Environmental/Lands,Other,99
2026-03,Environmental/Lands,Other,99
2026-04,Environmental/Lands,Other,102
2026-05,Environmental/Lands,Other,101
2026-06,Environmental/Lands,Other,103
2026-07,Environmental/Lands,Other,104
1994-10,Fraud,Other,72
1994-11,Fraud,Other,74
1994-12,Fraud,Other,75
1995-01,Fraud,Other,76
1995-02,Fraud,Other,76
1995-03,Fraud,Other,83
1995-04,Fraud,Other,83
1995-05,Fraud,Other,87
1995-06,Fraud,Other,88
1995-07,Fraud,Other,92
1995-08,Fraud,Other,98
1995-09,Fraud,Other,97
1995-10,Fraud,Other,96
1995-11,Fraud,Other,98
1995-12,Fraud,Other,104
1996-01,Fraud,Other,115
1996-02,Fraud,Other,119
1996-03,Fraud,Other,132
1996-04,Fraud,Other,134
1996-05,Fraud,Other,140
1996-06,Fraud,Other,143
1996-07,Fraud,Other,151
1996-08,Fraud,Other,150
1996-09,Fraud,Other,155
1996-10,Fraud,Other,150
1996-11,Fraud,Other,150
1996-12,Fraud,Other,150
1997-01,Fraud,Other,143
1997-02,Fraud,Other,147
1997-03,Fraud,Other,149
1997-04,Fraud,Other,139
1997-05,Fraud,Other,138
1997-06,Fraud,Other,143
1997-07,Fraud,Other,148
1997-08,Fraud,Other,157
1997-09,Fraud,Other,147
1997-10,Fraud,Other,149
1997-11,Fraud,Other,147
1997-12,Fraud,Other,151
1998-01,Fraud,Other,159
1998-02,Fraud,Other,148
1998-03,Fraud,Other,145
1998-04,Fraud,Other,145
1998-05,Fraud,Other,147
1998-06,Fraud,Other,147
1998-07,Fraud,Other,152
1998-08,Fraud,Other,145
1998-09,Fraud,Other,143
1998-10,Fraud,Other,141
1998-11,Fraud,Other,137
1998-12,Fraud,Other,132
1999-01,Fraud,Other,136
1999-02,Fraud,Other,133
1999-03,Fraud,Other,140
1999-04,Fraud,Other,144
1999-05,Fraud,Other,148
1999-06,Fraud,Other,148
1999-07,Fraud,Other,145
1999-08,Fraud,Other,143
1999-09,Fraud,Other,148
1999-10,Fraud,Other,145
1999-11,Fraud,Other,149
1999-12,Fraud,Other,150
2000-01,Fraud,Other,149
2000-02,Fraud,Other,153
2000-03,Fraud,Other,156
2000-04,Fraud,Other,157
2000-05,Fraud,Other,154
2000-06,Fraud,Other,159
2000-07,Fraud,Other,173
2000-08,Fraud,Other,172
2000-09,Fraud,Other,163
2000-10,Fraud,Other,159
2000-11,Fraud,Other,151
2000-12,Fraud,Other,154
2001-01,Fraud,Other,154
2001-02,Fraud,Other,153
2001-03,Fraud,Other,151
2001-04,Fraud,Other,151
2001-05,Fraud,Other,151
2001-06,Fraud,Other,152
2001-07,Fraud,Other,153
2001-08,Fraud,Other,147
2001-09,Fraud,Other,146
2001-10,Fraud,Other,147
2001-11,Fraud,Other,148
2001-12,Fraud,Other,145
2002-01,Fraud,Other,142
2002-02,Fraud,Other,140
2002-03,Fraud,Other,139
2002-04,Fraud,Other,139
2002-05,Fraud,Other,137
2002-06,Fraud,Other,143
2002-07,Fraud,Other,146
2002-08,Fraud,Other,146
2002-09,Fraud,Other,151
2002-10,Fraud,Other,153
2002-11,Fraud,Other,156
2002-12,Fraud,Other,161
2003-01,Fraud,Other,158
2003-02,Fraud,Other,160
2003-03,Fraud,Other,160
2003-04,Fraud,Other,159
2003-05,Fraud,Other,159
2003-06,Fraud,Other,156
2003-07,Fraud,Other,159
2003-08,Fraud,Other,161
2003-09,Fraud,Other,161
2003-10,Fraud,Other,162
2003-11,Fraud,Other,162
2003-12,Fraud,Other,160
2004-01,Fraud,Other,159
2004-02,Fraud,Other,160
2004-03,Fraud,Other,163
2004-04,Fraud,Other,165
2004-05,Fraud,Other,167
2004-06,Fraud,Other,165
2004-07,Fraud,Other,164
2004-08,Fraud,Other,167
2004-09,Fraud,Other,173
2004-10,Fraud,Other,172
2004-11,Fraud,Other,175
2004-12,Fraud,Other,171
2005-01,Fraud,Other,174
2005-02,Fraud,Other,172
2005-03,Fraud,Other,177
2005-04,Fraud,Other,186
2005-05,Fraud,Other,190
2005-06,Fraud,Other,195
2005-07,Fraud,Other,194
2005-08,Fraud,Other,190
2005-09,Fraud,Other,189
2005-10,Fraud,Other,193
2005-11,Fraud,Other,200
2005-12,Fraud,Other,201
2006-01,Fraud,Other,199
2006-02,Fraud,Other,208
2006-03,Fraud,Other,205
2006-04,Fraud,Other,206
2006-05,Fraud,Other,204
2006-06,Fraud,Other,197
2006-07,Fraud,Other,197
2006-08,Fraud,Other,197
2006-09,Fraud,Other,197
2006-10,Fraud,Other,192
2006-11,Fraud,Other,193
2006-12,Fraud,Other,192
2007-01,Fraud,Other,197
2007-02,Fraud,Other,199
2007-03,Fraud,Other,200
2007-04,Fraud,Other,196
2007-05,Fraud,Other,197
2007-06,Fraud,Other,197
2007-07,Fraud,Other,198
2007-08,Fraud,Other,202
2007-09,Fraud,Other,186
2007-10,Fraud,Other,186
2007-11,Fraud,Other,187
2007-12,Fraud,Other,185
2008-01,Fraud,Other,184
2008-02,Fraud,Other,181
2008-03,Fraud,Other,180
2008-04,Fraud,Other,181
2008-05,Fraud,Other,185
2008-06,Fraud,Other,180
2008-07,Fraud,Other,180
2008-08,Fraud,Other,178
2008-09,Fraud,Other,176
2008-10,Fraud,Other,173
2008-11,Fraud,Other,173
2008-12,Fraud,Other,173
2009-01,Fraud,Other,172
2009-02,Fraud,Other,173
2009-03,Fraud,Other,175
2009-04,Fraud,Other,179
2009-05,Fraud,Other,181
2009-06,Fraud,Other,184
2009-07,Fraud,Other,186
2009-08,Fraud,Other,186
2009-09,Fraud,Other,177
2009-10,Fraud,Other,178
2009-11,Fraud,Other,185
2009-12,Fraud,Other,194
2010-01,Fraud,Other,193
2010-02,Fraud,Other,198
2010-03,Fraud,Other,197
2010-04,Fraud,Other,203
2010-05,Fraud,Other,203
2010-06,Fraud,Other,202
2010-07,Fraud,Other,208
2010-08,Fraud,Other,215
2010-09,Fraud,Other,219
2010-10,Fraud,Other,222
2010-11,Fraud,Other,227
2010-12,Fraud,Other,228
2011-01,Fraud,Other,235
2011-02,Fraud,Other,237
2011-03,Fraud,Other,249
2011-04,Fraud,Other,247
2011-05,Fraud,Other,259
2011-06,Fraud,Other,265
2011-07,Fraud,Other,260
2011-08,Fraud,Other,261
2011-09,Fraud,Other,254
2011-10,Fraud,Other,254
2011-11,Fraud,Other,256
2011-12,Fraud,Other,253
2012-01,Fraud,Other,260
2012-02,Fraud,Other,262
2012-03,Fraud,Other,265
2012-04,Fraud,Other,265
2012-05,Fraud,Other,266
2012-06,Fraud,Other,264
2012-07,Fraud,Other,276
2012-08,Fraud,Other,276
2012-09,Fraud,Other,272
2012-10,Fraud,Other,275
2012-11,Fraud,Other,283
2012-12,Fraud,Other,285
2013-01,Fraud,Other,298
2013-02,Fraud,Other,303
2013-03,Fraud,Other,307
2013-04,Fraud,Other,314
2013-05,Fraud,Other,318
2013-06,Fraud,Other,330
2013-07,Fraud,Other,334
2013-08,Fraud,Other,335
2013-09,Fraud,Other,338
2013-10,Fraud,Other,346
2013-11,Fraud,Other,346
2013-12,Fraud,Other,345
2014-01,Fraud,Other,346
2014-02,Fraud,Other,350
2014-03,Fraud,Other,347
2014-04,Fraud,Other,342
2014-05,Fraud,Other,346
2014-06,Fraud,Other,340
2014-07,Fraud,Other,343
2014-08,Fraud,Other,341
2014-09,Fraud,Other,346
2014-10,Fraud,Other,352
2014-11,Fraud,Other,347
2014-12,Fraud,Other,345
2015-01,Fraud,Other,347
2015-02,Fraud,Other,346
2015-03,Fraud,Other,354
2015-04,Fraud,Other,351
2015-05,Fraud,Other,345
2015-06,Fraud,Other,342
2015-07,Fraud,Other,342
2015-08,Fraud,Other,339
2015-09,Fraud,Other,342
2015-10,Fraud,Other,344
2015-11,Fraud,Other,344
2015-12,Fraud,Other,344
2016-01,Fraud,Other,347
2016-02,Fraud,Other,345
2016-03,Fraud,Other,353
2016-04,Fraud,Other,360
2016-05,Fraud,Other,349
2016-06,Fraud,Other,356
2016-07,Fraud,Other,362
2016-08,Fraud,Other,352
2016-09,Fraud,Other,361
2016-10,Fraud,Other,360
2016-11,Fraud,Other,363
2016-12,Fraud,Other,373
2017-01,Fraud,Other,374
2017-02,Fraud,Other,369
2017-03,Fraud,Other,361
2017-04,Fraud,Other,358
2017-05,Fraud,Other,361
2017-06,Fraud,Other,358
2017-07,Fraud,Other,351
2017-08,Fraud,Other,348
2017-09,Fraud,Other,342
2017-10,Fraud,Other,350
2017-11,Fraud,Other,352
2017-12,Fraud,Other,351
2018-01,Fraud,Other,350
2018-02,Fraud,Other,351
2018-03,Fraud,Other,350
2018-04,Fraud,Other,348
2018-05,Fraud,Other,352
2018-06,Fraud,Other,348
2018-07,Fraud,Other,337
2018-08,Fraud,Other,337
2018-09,Fraud,Other,327
2018-10,Fraud,Other,329
2018-11,Fraud,Other,326
2018-12,Fraud,Other,325
2019-01,Fraud,Other,327
2019-02,Fraud,Other,333
2019-03,Fraud,Other,337
2019-04,Fraud,Other,336
2019-05,Fraud,Other,334
2019-06,Fraud,Other,335
2019-07,Fraud,Other,339
2019-08,Fraud,Other,333
2019-09,Fraud,Other,334
2019-10,Fraud,Other,330
2019-11,Fraud,Other,329
2019-12,Fraud,Other,323
2020-01,Fraud,Other,330
2020-02,Fraud,Other,334
2020-03,Fraud,Other,332
2020-04,Fraud,Other,338
2020-05,Fraud,Other,341
2020-06,Fraud,Other,341
2020-07,Fraud,Other,345
2020-08,Fraud,Other,349
2020-09,Fraud,Other,349
2020-10,Fraud,Other,351
2020-11,Fraud,Other,352
2020-12,Fraud,Other,359
2021-01,Fraud,Other,364
2021-02,Fraud,Other,371
2021-03,Fraud,Other,370
2021-04,Fraud,Other,374
2021-05,Fraud,Other,379
2021-06,Fraud,Other,382
2021-07,Fraud,Other,376
2021-08,Fraud,Other,371
2021-09,Fraud,Other,366
2021-10,Fraud,Other,364
2021-11,Fraud,Other,357
2021-12,Fraud,Other,361
2022-01,Fraud,Other,365
2022-02,Fraud,Other,368
2022-03,Fraud,Other,365
2022-04,Fraud,Other,360
2022-05,Fraud,Other,361
2022-06,Fraud,Other,367
2022-07,Fraud,Other,369
2022-08,Fraud,Other,380
2022-09,Fraud,Other,382
2022-10,Fraud,Other,390
2022-11,Fraud,Other,392
2022-12,Fraud,Other,391
2023-01,Fraud,Other,404
2023-02,Fraud,Other,406
2023-03,Fraud,Other,424
2023-04,Fraud,Other,423
2023-05,Fraud,Other,424
2023-06,Fraud,Other,420
2023-07,Fraud,Other,423
2023-08,Fraud,Other,421
2023-09,Fraud,Other,410
2023-10,Fraud,Other,419
2023-11,Fraud,Other,422
2023-12,Fraud,Other,431
2024-01,Fraud,Other,425
2024-02,Fraud,Other,428
2024-03,Fraud,Other,427
2024-04,Fraud,Other,426
2024-05,Fraud,Other,441
2024-06,Fraud,Other,449
2024-07,Fraud,Other,457
2024-08,Fraud,Other,467
2024-09,Fraud,Other,472
2024-10,Fraud,Other,473
2024-11,Fraud,Other,472
2024-12,Fraud,Other,475
2025-01,Fraud,Other,480
2025-02,Fraud,Other,482
2025-03,Fraud,Other,494
2025-04,Fraud,Other,507
2025-05,Fraud,Other,524
2025-06,Fraud,Other,537
2025-07,Fraud,Other,553
2025-08,Fraud,Other,554
2025-09,Fraud,Other,553
2025-10,Fraud,Other,572
2025-11,Fraud,Other,591
2025-12,Fraud,Other,602
2026-01,Fraud,Other,627
2026-02,Fraud,Other,631
2026-03,Fraud,Other,643
2026-04,Fraud,Other,653
2026-05,Fraud,Other,661
2026-06,Fraud,Other,676
2026-07,Fraud,Other,687
1994-10,Immigration,Other,39
1994-11,Immigration,Other,40
1994-12,Immigration,Other,42
1995-01,Immigration,Other,42
1995-02,Immigration,Other,40
1995-03,Immigration,Other,43
1995-04,Immigration,Other,43
1995-05,Immigration,Other,47
1995-06,Immigration,Other,42
1995-07,Immigration,Other,43
1995-08,Immigration,Other,40
1995-09,Immigration,Other,37
1995-10,Immigration,Other,33
1995-11,Immigration,Other,39
1995-12,Immigration,Other,41
1996-01,Immigration,Other,41
1996-02,Immigration,Other,40
1996-03,Immigration,Other,40
1996-04,Immigration,Other,42
1996-05,Immigration,Other,45
1996-06,Immigration,Other,46
1996-07,Immigration,Other,48
1996-08,Immigration,Other,48
1996-09,Immigration,Other,44
1996-10,Immigration,Other,48
1996-11,Immigration,Other,50
1996-12,Immigration,Other,48
1997-01,Immigration,Other,48
1997-02,Immigration,Other,49
1997-03,Immigration,Other,50
1997-04,Immigration,Other,51
1997-05,Immigration,Other,52
1997-06,Immigration,Other,54
1997-07,Immigration,Other,56
1997-08,Immigration,Other,56
1997-09,Immigration,Other,57
1997-10,Immigration,Other,58
1997-11,Immigration,Other,59
1997-12,Immigration,Other,67
1998-01,Immigration,Other,83
1998-02,Immigration,Other,92
1998-03,Immigration,Other,81
1998-04,Immigration,Other,113
1998-05,Immigration,Other,140
1998-06,Immigration,Other,173
1998-07,Immigration,Other,194
1998-08,Immigration,Other,214
1998-09,Immigration,Other,230
1998-10,Immigration,Other,232
1998-11,Immigration,Other,236
1998-12,Immigration,Other,242
1999-01,Immigration,Other,249
1999-02,Immigration,Other,254
1999-03,Immigration,Other,248
1999-04,Immigration,Other,262
1999-05,Immigration,Other,265
1999-06,Immigration,Other,264
1999-07,Immigration,Other,272
1999-08,Immigration,Other,297
1999-09,Immigration,Other,309
1999-10,Immigration,Other,328
1999-11,Immigration,Other,348
1999-12,Immigration,Other,365
2000-01,Immigration,Other,380
2000-02,Immigration,Other,390
2000-03,Immigration,Other,416
2000-04,Immigration,Other,419
2000-05,Immigration,Other,416
2000-06,Immigration,Other,410
2000-07,Immigration,Other,338
2000-08,Immigration,Other,340
2000-09,Immigration,Other,348
2000-10,Immigration,Other,356
2000-11,Immigration,Other,366
2000-12,Immigration,Other,366
2001-01,Immigration,Other,368
2001-02,Immigration,Other,375
2001-03,Immigration,Other,380
2001-04,Immigration,Other,386
2001-05,Immigration,Other,403
2001-06,Immigration,Other,401
2001-07,Immigration,Other,376
2001-08,Immigration,Other,379
2001-09,Immigration,Other,383
2001-10,Immigration,Other,393
2001-11,Immigration,Other,403
2001-12,Immigration,Other,413
2002-01,Immigration,Other,432
2002-02,Immigration,Other,452
2002-03,Immigration,Other,481
2002-04,Immigration,Other,514
2002-05,Immigration,Other,559
2002-06,Immigration,Other,598
2002-07,Immigration,Other,669
2002-08,Immigration,Other,759
2002-09,Immigration,Other,872
2002-10,Immigration,Other,1010
2002-11,Immigration,Other,1198
2002-12,Immigration,Other,1430
2003-01,Immigration,Other,1708
2003-02,Immigration,Other,1940
2003-03,Immigration,Other,2178
2003-04,Immigration,Other,2417
2003-05,Immigration,Other,2659
2003-06,Immigration,Other,2807
2003-07,Immigration,Other,2980
2003-08,Immigration,Other,3113
2003-09,Immigration,Other,3272
2003-10,Immigration,Other,3401
2003-11,Immigration,Other,3585
2003-12,Immigration,Other,3828
2004-01,Immigration,Other,4012
2004-02,Immigration,Other,4127
2004-03,Immigration,Other,4425
2004-04,Immigration,Other,4742
2004-05,Immigration,Other,5088
2004-06,Immigration,Other,5462
2004-07,Immigration,Other,5826
2004-08,Immigration,Other,5998
2004-09,Immigration,Other,6170
2004-10,Immigration,Other,6326
2004-11,Immigration,Other,6461
2004-12,Immigration,Other,6539
2005-01,Immigration,Other,6582
2005-02,Immigration,Other,6629
2005-03,Immigration,Other,6729
2005-04,Immigration,Other,6799
2005-05,Immigration,Other,6940
2005-06,Immigration,Other,7080
2005-07,Immigration,Other,7153
2005-08,Immigration,Other,7154
2005-09,Immigration,Other,7169
2005-10,Immigration,Other,7101
2005-11,Immigration,Other,7089
2005-12,Immigration,Other,6989
2006-01,Immigration,Other,6821
2006-02,Immigration,Other,6658
2006-03,Immigration,Other,6474
2006-04,Immigration,Other,6392
2006-05,Immigration,Other,6123
2006-06,Immigration,Other,5536
2006-07,Immigration,Other,5102
2006-08,Immigration,Other,4587
2006-09,Immigration,Other,4253
2006-10,Immigration,Other,3919
2006-11,Immigration,Other,3676
2006-12,Immigration,Other,3451
2007-01,Immigration,Other,3192
2007-02,Immigration,Other,2972
2007-03,Immigration,Other,2650
2007-04,Immigration,Other,2253
2007-05,Immigration,Other,2023
2007-06,Immigration,Other,1828
2007-07,Immigration,Other,1633
2007-08,Immigration,Other,1385
2007-09,Immigration,Other,1278
2007-10,Immigration,Other,1117
2007-11,Immigration,Other,1054
2007-12,Immigration,Other,997
2008-01,Immigration,Other,884
2008-02,Immigration,Other,806
2008-03,Immigration,Other,688
2008-04,Immigration,Other,608
2008-05,Immigration,Other,536
2008-06,Immigration,Other,470
2008-07,Immigration,Other,433
2008-08,Immigration,Other,363
2008-09,Immigration,Other,340
2008-10,Immigration,Other,309
2008-11,Immigration,Other,296
2008-12,Immigration,Other,270
2009-01,Immigration,Other,252
2009-02,Immigration,Other,238
2009-03,Immigration,Other,223
2009-04,Immigration,Other,205
2009-05,Immigration,Other,192
2009-06,Immigration,Other,176
2009-07,Immigration,Other,171
2009-08,Immigration,Other,157
2009-09,Immigration,Other,139
2009-10,Immigration,Other,125
2009-11,Immigration,Other,115
2009-12,Immigration,Other,113
2010-01,Immigration,Other,112
2010-02,Immigration,Other,113
2010-03,Immigration,Other,102
2010-04,Immigration,Other,98
2010-05,Immigration,Other,90
2010-06,Immigration,Other,89
2010-07,Immigration,Other,82
2010-08,Immigration,Other,78
2010-09,Immigration,Other,72
2010-10,Immigration,Other,72
2010-11,Immigration,Other,71
2010-12,Immigration,Other,77
2011-01,Immigration,Other,78
2011-02,Immigration,Other,74
2011-03,Immigration,Other,74
2011-04,Immigration,Other,71
2011-05,Immigration,Other,73
2011-06,Immigration,Other,74
2011-07,Immigration,Other,66
2011-08,Immigration,Other,63
2011-09,Immigration,Other,61
2011-10,Immigration,Other,57
2011-11,Immigration,Other,59
2011-12,Immigration,Other,58
2012-01,Immigration,Other,60
2012-02,Immigration,Other,63
2012-03,Immigration,Other,64
2012-04,Immigration,Other,59
2012-05,Immigration,Other,57
2012-06,Immigration,Other,58
2012-07,Immigration,Other,62
2012-08,Immigration,Other,61
2012-09,Immigration,Other,57
2012-10,Immigration,Other,56
2012-11,Immigration,Other,56
2012-12,Immigration,Other,55
2013-01,Immigration,Other,58
2013-02,Immigration,Other,60
2013-03,Immigration,Other,53
2013-04,Immigration,Other,53
2013-05,Immigration,Other,53
2013-06,Immigration,Other,51
2013-07,Immigration,Other,52
2013-08,Immigration,Other,55
2013-09,Immigration,Other,51
2013-10,Immigration,Other,45
2013-11,Immigration,Other,44
2013-12,Immigration,Other,47
2014-01,Immigration,Other,46
2014-02,Immigration,Other,45
2014-03,Immigration,Other,46
2014-04,Immigration,Other,46
2014-05,Immigration,Other,43
2014-06,Immigration,Other,41
2014-07,Immigration,Other,41
2014-08,Immigration,Other,42
2014-09,Immigration,Other,41
2014-10,Immigration,Other,36
2014-11,Immigration,Other,37
2014-12,Immigration,Other,34
2015-01,Immigration,Other,29
2015-02,Immigration,Other,28
2015-03,Immigration,Other,25
2015-04,Immigration,Other,24
2015-05,Immigration,Other,23
2015-06,Immigration,Other,24
2015-07,Immigration,Other,26
2015-08,Immigration,Other,29
2015-09,Immigration,Other,30
2015-10,Immigration,Other,26
2015-11,Immigration,Other,27
2015-12,Immigration,Other,26
2016-01,Immigration,Other,24
2016-02,Immigration,Other,21
2016-03,Immigration,Other,20
2016-04,Immigration,Other,18
2016-05,Immigration,Other,17
2016-06,Immigration,Other,18
2016-07,Immigration,Other,17
2016-08,Immigration,Other,22
2016-09,Immigration,Other,22
2016-10,Immigration,Other,24
2016-11,Immigration,Other,25
2016-12,Immigration,Other,26
2017-01,Immigration,Other,31
2017-02,Immigration,Other,34
2017-03,Immigration,Other,34
2017-04,Immigration,Other,32
2017-05,Immigration,Other,43
2017-06,Immigration,Other,51
2017-07,Immigration,Other,47
2017-08,Immigration,Other,52
2017-09,Immigration,Other,50
2017-10,Immigration,Other,46
2017-11,Immigration,Other,48
2017-12,Immigration,Other,42
2018-01,Immigration,Other,39
2018-02,Immigration,Other,39
2018-03,Immigration,Other,40
2018-04,Immigration,Other,41
2018-05,Immigration,Other,41
2018-06,Immigration,Other,43
2018-07,Immigration,Other,44
2018-08,Immigration,Other,43
2018-09,Immigration,Other,41
2018-10,Immigration,Other,36
2018-11,Immigration,Other,37
2018-12,Immigration,Other,35
2019-01,Immigration,Other,44
2019-02,Immigration,Other,38
2019-03,Immigration,Other,31
2019-04,Immigration,Other,31
2019-05,Immigration,Other,32
2019-06,Immigration,Other,31
2019-07,Immigration,Other,31
2019-08,Immigration,Other,26
2019-09,Immigration,Other,20
2019-10,Immigration,Other,18
2019-11,Immigration,Other,23
2019-12,Immigration,Other,25
2020-01,Immigration,Other,23
2020-02,Immigration,Other,23
2020-03,Immigration,Other,23
2020-04,Immigration,Other,27
2020-05,Immigration,Other,29
2020-06,Immigration,Other,22
2020-07,Immigration,Other,24
2020-08,Immigration,Other,23
2020-09,Immigration,Other,23
2020-10,Immigration,Other,21
2020-11,Immigration,Other,22
2020-12,Immigration,Other,22
2021-01,Immigration,Other,19
2021-02,Immigration,Other,22
2021-03,Immigration,Other,22
2021-04,Immigration,Other,23
2021-05,Immigration,Other,31
2021-06,Immigration,Other,42
2021-07,Immigration,Other,43
2021-08,Immigration,Other,42
2021-09,Immigration,Other,40
2021-10,Immigration,Other,39
2021-11,Immigration,Other,34
2021-12,Immigration,Other,32
2022-01,Immigration,Other,33
2022-02,Immigration,Other,32
2022-03,Immigration,Other,32
2022-04,Immigration,Other,29
2022-05,Immigration,Other,30
2022-06,Immigration,Other,28
2022-07,Immigration,Other,32
2022-08,Immigration,Other,31
2022-09,Immigration,Other,31
2022-10,Immigration,Other,28
2022-11,Immigration,Other,27
2022-12,Immigration,Other,30
2023-01,Immigration,Other,30
2023-02,Immigration,Other,32
2023-03,Immigration,Other,30
2023-04,Immigration,Other,30
2023-05,Immigration,Other,28
2023-06,Immigration,Other,29
2023-07,Immigration,Other,35
2023-08,Immigration,Other,33
2023-09,Immigration,Other,31
2023-10,Immigration,Other,30
2023-11,Immigration,Other,27
2023-12,Immigration,Other,28
2024-01,Immigration,Other,29
2024-02,Immigration,Other,26
2024-03,Immigration,Other,24
2024-04,Immigration,Other,24
2024-05,Immigration,Other,23
2024-06,Immigration,Other,24
2024-07,Immigration,Other,22
2024-08,Immigration,Other,24
2024-09,Immigration,Other,24
2024-10,Immigration,Other,22
2024-11,Immigration,Other,23
2024-12,Immigration,Other,26
2025-01,Immigration,Other,26
2025-02,Immigration,Other,24
2025-03,Immigration,Other,22
2025-04,Immigration,Other,23
2025-05,Immigration,Other,22
2025-06,Immigration,Other,23
2025-07,Immigration,Other,23
2025-08,Immigration,Other,25
2025-09,Immigration,Other,28
2025-10,Immigration,Other,31
2025-11,Immigration,Other,39
2025-12,Immigration,Other,47
2026-01,Immigration,Other,63
2026-02,Immigration,Other,73
2026-03,Immigration,Other,98
2026-04,Immigration,Other,134
2026-05,Immigration,Other,190
2026-06,Immigration,Other,233
2026-07,Immigration,Other,261
1994-10,Prisoner Litigation,Other,177
1994-11,Prisoner Litigation,Other,178
1994-12,Prisoner Litigation,Other,177
1995-01,Prisoner Litigation,Other,187
1995-02,Prisoner Litigation,Other,197
1995-03,Prisoner Litigation,Other,208
1995-04,Prisoner Litigation,Other,219
1995-05,Prisoner Litigation,Other,219
1995-06,Prisoner Litigation,Other,229
1995-07,Prisoner Litigation,Other,240
1995-08,Prisoner Litigation,Other,258
1995-09,Prisoner Litigation,Other,271
1995-10,Prisoner Litigation,Other,274
1995-11,Prisoner Litigation,Other,286
1995-12,Prisoner Litigation,Other,296
1996-01,Prisoner Litigation,Other,321
1996-02,Prisoner Litigation,Other,337
1996-03,Prisoner Litigation,Other,365
1996-04,Prisoner Litigation,Other,369
1996-05,Prisoner Litigation,Other,377
1996-06,Prisoner Litigation,Other,391
1996-07,Prisoner Litigation,Other,395
1996-08,Prisoner Litigation,Other,399
1996-09,Prisoner Litigation,Other,398
1996-10,Prisoner Litigation,Other,409
1996-11,Prisoner Litigation,Other,435
1996-12,Prisoner Litigation,Other,454
1997-01,Prisoner Litigation,Other,453
1997-02,Prisoner Litigation,Other,448
1997-03,Prisoner Litigation,Other,461
1997-04,Prisoner Litigation,Other,542
1997-05,Prisoner Litigation,Other,570
1997-06,Prisoner Litigation,Other,569
1997-07,Prisoner Litigation,Other,571
1997-08,Prisoner Litigation,Other,566
1997-09,Prisoner Litigation,Other,558
1997-10,Prisoner Litigation,Other,563
1997-11,Prisoner Litigation,Other,543
1997-12,Prisoner Litigation,Other,537
1998-01,Prisoner Litigation,Other,523
1998-02,Prisoner Litigation,Other,517
1998-03,Prisoner Litigation,Other,495
1998-04,Prisoner Litigation,Other,466
1998-05,Prisoner Litigation,Other,451
1998-06,Prisoner Litigation,Other,446
1998-07,Prisoner Litigation,Other,431
1998-08,Prisoner Litigation,Other,443
1998-09,Prisoner Litigation,Other,428
1998-10,Prisoner Litigation,Other,430
1998-11,Prisoner Litigation,Other,424
1998-12,Prisoner Litigation,Other,418
1999-01,Prisoner Litigation,Other,422
1999-02,Prisoner Litigation,Other,422
1999-03,Prisoner Litigation,Other,440
1999-04,Prisoner Litigation,Other,438
1999-05,Prisoner Litigation,Other,442
1999-06,Prisoner Litigation,Other,428
1999-07,Prisoner Litigation,Other,424
1999-08,Prisoner Litigation,Other,408
1999-09,Prisoner Litigation,Other,429
1999-10,Prisoner Litigation,Other,444
1999-11,Prisoner Litigation,Other,441
1999-12,Prisoner Litigation,Other,437
2000-01,Prisoner Litigation,Other,451
2000-02,Prisoner Litigation,Other,449
2000-03,Prisoner Litigation,Other,447
2000-04,Prisoner Litigation,Other,460
2000-05,Prisoner Litigation,Other,462
2000-06,Prisoner Litigation,Other,454
2000-07,Prisoner Litigation,Other,462
2000-08,Prisoner Litigation,Other,491
2000-09,Prisoner Litigation,Other,500
2000-10,Prisoner Litigation,Other,518
2000-11,Prisoner Litigation,Other,521
2000-12,Prisoner Litigation,Other,537
2001-01,Prisoner Litigation,Other,539
2001-02,Prisoner Litigation,Other,548
2001-03,Prisoner Litigation,Other,563
2001-04,Prisoner Litigation,Other,587
2001-05,Prisoner Litigation,Other,606
2001-06,Prisoner Litigation,Other,674
2001-07,Prisoner Litigation,Other,676
2001-08,Prisoner Litigation,Other,647
2001-09,Prisoner Litigation,Other,643
2001-10,Prisoner Litigation,Other,651
2001-11,Prisoner Litigation,Other,638
2001-12,Prisoner Litigation,Other,619
2002-01,Prisoner Litigation,Other,640
2002-02,Prisoner Litigation,Other,648
2002-03,Prisoner Litigation,Other,642
2002-04,Prisoner Litigation,Other,630
2002-05,Prisoner Litigation,Other,614
2002-06,Prisoner Litigation,Other,620
2002-07,Prisoner Litigation,Other,616
2002-08,Prisoner Litigation,Other,606
2002-09,Prisoner Litigation,Other,602
2002-10,Prisoner Litigation,Other,566
2002-11,Prisoner Litigation,Other,561
2002-12,Prisoner Litigation,Other,556
2003-01,Prisoner Litigation,Other,558
2003-02,Prisoner Litigation,Other,553
2003-03,Prisoner Litigation,Other,555
2003-04,Prisoner Litigation,Other,532
2003-05,Prisoner Litigation,Other,528
2003-06,Prisoner Litigation,Other,514
2003-07,Prisoner Litigation,Other,517
2003-08,Prisoner Litigation,Other,504
2003-09,Prisoner Litigation,Other,509
2003-10,Prisoner Litigation,Other,515
2003-11,Prisoner Litigation,Other,513
2003-12,Prisoner Litigation,Other,518
2004-01,Prisoner Litigation,Other,549
2004-02,Prisoner Litigation,Other,527
2004-03,Prisoner Litigation,Other,527
2004-04,Prisoner Litigation,Other,530
2004-05,Prisoner Litigation,Other,544
2004-06,Prisoner Litigation,Other,553
2004-07,Prisoner Litigation,Other,576
2004-08,Prisoner Litigation,Other,631
2004-09,Prisoner Litigation,Other,674
2004-10,Prisoner Litigation,Other,710
2004-11,Prisoner Litigation,Other,730
2004-12,Prisoner Litigation,Other,750
2005-01,Prisoner Litigation,Other,769
2005-02,Prisoner Litigation,Other,794
2005-03,Prisoner Litigation,Other,834
2005-04,Prisoner Litigation,Other,851
2005-05,Prisoner Litigation,Other,862
2005-06,Prisoner Litigation,Other,876
2005-07,Prisoner Litigation,Other,859
2005-08,Prisoner Litigation,Other,866
2005-09,Prisoner Litigation,Other,871
2005-10,Prisoner Litigation,Other,824
2005-11,Prisoner Litigation,Other,820
2005-12,Prisoner Litigation,Other,837
2006-01,Prisoner Litigation,Other,910
2006-02,Prisoner Litigation,Other,878
2006-03,Prisoner Litigation,Other,835
2006-04,Prisoner Litigation,Other,784
2006-05,Prisoner Litigation,Other,781
2006-06,Prisoner Litigation,Other,775
2006-07,Prisoner Litigation,Other,758
2006-08,Prisoner Litigation,Other,716
2006-09,Prisoner Litigation,Other,682
2006-10,Prisoner Litigation,Other,684
2006-11,Prisoner Litigation,Other,685
2006-12,Prisoner Litigation,Other,687
2007-01,Prisoner Litigation,Other,681
2007-02,Prisoner Litigation,Other,693
2007-03,Prisoner Litigation,Other,663
2007-04,Prisoner Litigation,Other,658
2007-05,Prisoner Litigation,Other,655
2007-06,Prisoner Litigation,Other,636
2007-07,Prisoner Litigation,Other,633
2007-08,Prisoner Litigation,Other,636
2007-09,Prisoner Litigation,Other,664
2007-10,Prisoner Litigation,Other,689
2007-11,Prisoner Litigation,Other,697
2007-12,Prisoner Litigation,Other,715
2008-01,Prisoner Litigation,Other,734
2008-02,Prisoner Litigation,Other,734
2008-03,Prisoner Litigation,Other,748
2008-04,Prisoner Litigation,Other,733
2008-05,Prisoner Litigation,Other,735
2008-06,Prisoner Litigation,Other,727
2008-07,Prisoner Litigation,Other,712
2008-08,Prisoner Litigation,Other,690
2008-09,Prisoner Litigation,Other,690
2008-10,Prisoner Litigation,Other,674
2008-11,Prisoner Litigation,Other,669
2008-12,Prisoner Litigation,Other,663
2009-01,Prisoner Litigation,Other,645
2009-02,Prisoner Litigation,Other,645
2009-03,Prisoner Litigation,Other,657
2009-04,Prisoner Litigation,Other,658
2009-05,Prisoner Litigation,Other,656
2009-06,Prisoner Litigation,Other,664
2009-07,Prisoner Litigation,Other,650
2009-08,Prisoner Litigation,Other,657
2009-09,Prisoner Litigation,Other,655
2009-10,Prisoner Litigation,Other,646
2009-11,Prisoner Litigation,Other,650
2009-12,Prisoner Litigation,Other,661
2010-01,Prisoner Litigation,Other,670
2010-02,Prisoner Litigation,Other,657
2010-03,Prisoner Litigation,Other,661
2010-04,Prisoner Litigation,Other,673
2010-05,Prisoner Litigation,Other,683
2010-06,Prisoner Litigation,Other,701
2010-07,Prisoner Litigation,Other,712
2010-08,Prisoner Litigation,Other,719
2010-09,Prisoner Litigation,Other,720
2010-10,Prisoner Litigation,Other,717
2010-11,Prisoner Litigation,Other,748
2010-12,Prisoner Litigation,Other,765
2011-01,Prisoner Litigation,Other,767
2011-02,Prisoner Litigation,Other,776
2011-03,Prisoner Litigation,Other,760
2011-04,Prisoner Litigation,Other,745
2011-05,Prisoner Litigation,Other,725
2011-06,Prisoner Litigation,Other,718
2011-07,Prisoner Litigation,Other,733
2011-08,Prisoner Litigation,Other,764
2011-09,Prisoner Litigation,Other,781
2011-10,Prisoner Litigation,Other,823
2011-11,Prisoner Litigation,Other,869
2011-12,Prisoner Litigation,Other,881
2012-01,Prisoner Litigation,Other,868
2012-02,Prisoner Litigation,Other,838
2012-03,Prisoner Litigation,Other,841
2012-04,Prisoner Litigation,Other,833
2012-05,Prisoner Litigation,Other,828
2012-06,Prisoner Litigation,Other,856
2012-07,Prisoner Litigation,Other,846
2012-08,Prisoner Litigation,Other,834
2012-09,Prisoner Litigation,Other,833
2012-10,Prisoner Litigation,Other,819
2012-11,Prisoner Litigation,Other,811
2012-12,Prisoner Litigation,Other,800
2013-01,Prisoner Litigation,Other,796
2013-02,Prisoner Litigation,Other,796
2013-03,Prisoner Litigation,Other,814
2013-04,Prisoner Litigation,Other,816
2013-05,Prisoner Litigation,Other,790
2013-06,Prisoner Litigation,Other,775
2013-07,Prisoner Litigation,Other,774
2013-08,Prisoner Litigation,Other,766
2013-09,Prisoner Litigation,Other,793
2013-10,Prisoner Litigation,Other,803
2013-11,Prisoner Litigation,Other,821
2013-12,Prisoner Litigation,Other,799
2014-01,Prisoner Litigation,Other,814
2014-02,Prisoner Litigation,Other,792
2014-03,Prisoner Litigation,Other,810
2014-04,Prisoner Litigation,Other,799
2014-05,Prisoner Litigation,Other,794
2014-06,Prisoner Litigation,Other,795
2014-07,Prisoner Litigation,Other,794
2014-08,Prisoner Litigation,Other,785
2014-09,Prisoner Litigation,Other,789
2014-10,Prisoner Litigation,Other,816
2014-11,Prisoner Litigation,Other,925
2014-12,Prisoner Litigation,Other,930
2015-01,Prisoner Litigation,Other,939
2015-02,Prisoner Litigation,Other,991
2015-03,Prisoner Litigation,Other,1008
2015-04,Prisoner Litigation,Other,1011
2015-05,Prisoner Litigation,Other,1014
2015-06,Prisoner Litigation,Other,1036
2015-07,Prisoner Litigation,Other,1054
2015-08,Prisoner Litigation,Other,1091
2015-09,Prisoner Litigation,Other,1138
2015-10,Prisoner Litigation,Other,1101
2015-11,Prisoner Litigation,Other,1088
2015-12,Prisoner Litigation,Other,1080
2016-01,Prisoner Litigation,Other,1079
2016-02,Prisoner Litigation,Other,1069
2016-03,Prisoner Litigation,Other,1063
2016-04,Prisoner Litigation,Other,1068
2016-05,Prisoner Litigation,Other,1268
2016-06,Prisoner Litigation,Other,1982
2016-07,Prisoner Litigation,Other,1956
2016-08,Prisoner Litigation,Other,1919
2016-09,Prisoner Litigation,Other,1817
2016-10,Prisoner Litigation,Other,1721
2016-11,Prisoner Litigation,Other,1681
2016-12,Prisoner Litigation,Other,1638
2017-01,Prisoner Litigation,Other,1584
2017-02,Prisoner Litigation,Other,1562
2017-03,Prisoner Litigation,Other,1461
2017-04,Prisoner Litigation,Other,1402
2017-05,Prisoner Litigation,Other,1349
2017-06,Prisoner Litigation,Other,1331
2017-07,Prisoner Litigation,Other,1301
2017-08,Prisoner Litigation,Other,1258
2017-09,Prisoner Litigation,Other,1206
2017-10,Prisoner Litigation,Other,1180
2017-11,Prisoner Litigation,Other,1136
2017-12,Prisoner Litigation,Other,1135
2018-01,Prisoner Litigation,Other,1127
2018-02,Prisoner Litigation,Other,1114
2018-03,Prisoner Litigation,Other,1107
2018-04,Prisoner Litigation,Other,1106
2018-05,Prisoner Litigation,Other,1106
2018-06,Prisoner Litigation,Other,1093
2018-07,Prisoner Litigation,Other,1089
2018-08,Prisoner Litigation,Other,1101
2018-09,Prisoner Litigation,Other,1091
2018-10,Prisoner Litigation,Other,1077
2018-11,Prisoner Litigation,Other,1085
2018-12,Prisoner Litigation,Other,1072
2019-01,Prisoner Litigation,Other,1084
2019-02,Prisoner Litigation,Other,1066
2019-03,Prisoner Litigation,Other,1047
2019-04,Prisoner Litigation,Other,1069
2019-05,Prisoner Litigation,Other,1081
2019-06,Prisoner Litigation,Other,1081
2019-07,Prisoner Litigation,Other,1121
2019-08,Prisoner Litigation,Other,1126
2019-09,Prisoner Litigation,Other,1102
2019-10,Prisoner Litigation,Other,1110
2019-11,Prisoner Litigation,Other,1116
2019-12,Prisoner Litigation,Other,1128
2020-01,Prisoner Litigation,Other,1130
2020-02,Prisoner Litigation,Other,1122
2020-03,Prisoner Litigation,Other,1139
2020-04,Prisoner Litigation,Other,1196
2020-05,Prisoner Litigation,Other,1250
2020-06,Prisoner Litigation,Other,1324
2020-07,Prisoner Litigation,Other,1314
2020-08,Prisoner Litigation,Other,1294
2020-09,Prisoner Litigation,Other,1281
2020-10,Prisoner Litigation,Other,1276
2020-11,Prisoner Litigation,Other,1256
2020-12,Prisoner Litigation,Other,1240
2021-01,Prisoner Litigation,Other,1250
2021-02,Prisoner Litigation,Other,1236
2021-03,Prisoner Litigation,Other,1179
2021-04,Prisoner Litigation,Other,1148
2021-05,Prisoner Litigation,Other,1133
2021-06,Prisoner Litigation,Other,1101
2021-07,Prisoner Litigation,Other,1081
2021-08,Prisoner Litigation,Other,1050
2021-09,Prisoner Litigation,Other,1038
2021-10,Prisoner Litigation,Other,1001
2021-11,Prisoner Litigation,Other,973
2021-12,Prisoner Litigation,Other,947
2022-01,Prisoner Litigation,Other,917
2022-02,Prisoner Litigation,Other,892
2022-03,Prisoner Litigation,Other,835
2022-04,Prisoner Litigation,Other,821
2022-05,Prisoner Litigation,Other,780
2022-06,Prisoner Litigation,Other,755
2022-07,Prisoner Litigation,Other,758
2022-08,Prisoner Litigation,Other,749
2022-09,Prisoner Litigation,Other,740
2022-10,Prisoner Litigation,Other,734
2022-11,Prisoner Litigation,Other,733
2022-12,Prisoner Litigation,Other,723
2023-01,Prisoner Litigation,Other,730
2023-02,Prisoner Litigation,Other,722
2023-03,Prisoner Litigation,Other,714
2023-04,Prisoner Litigation,Other,705
2023-05,Prisoner Litigation,Other,692
2023-06,Prisoner Litigation,Other,690
2023-07,Prisoner Litigation,Other,662
2023-08,Prisoner Litigation,Other,622
2023-09,Prisoner Litigation,Other,618
2023-10,Prisoner Litigation,Other,600
2023-11,Prisoner Litigation,Other,598
2023-12,Prisoner Litigation,Other,598
2024-01,Prisoner Litigation,Other,632
2024-02,Prisoner Litigation,Other,628
2024-03,Prisoner Litigation,Other,626
2024-04,Prisoner Litigation,Other,602
2024-05,Prisoner Litigation,Other,601
2024-06,Prisoner Litigation,Other,594
2024-07,Prisoner Litigation,Other,586
2024-08,Prisoner Litigation,Other,578
2024-09,Prisoner Litigation,Other,572
2024-10,Prisoner Litigation,Other,551
2024-11,Prisoner Litigation,Other,552
2024-12,Prisoner Litigation,Other,553
2025-01,Prisoner Litigation,Other,544
2025-02,Prisoner Litigation,Other,549
2025-03,Prisoner Litigation,Other,537
2025-04,Prisoner Litigation,Other,540
2025-05,Prisoner Litigation,Other,543
2025-06,Prisoner Litigation,Other,522
2025-07,Prisoner Litigation,Other,532
2025-08,Prisoner Litigation,Other,522
2025-09,Prisoner Litigation,Other,508
2025-10,Prisoner Litigation,Other,505
2025-11,Prisoner Litigation,Other,481
2025-12,Prisoner Litigation,Other,490
2026-01,Prisoner Litigation,Other,499
2026-02,Prisoner Litigation,Other,495
2026-03,Prisoner Litigation,Other,495
2026-04,Prisoner Litigation,Other,497
2026-05,Prisoner Litigation,Other,499
2026-06,Prisoner Litigation,Other,510
2026-07,Prisoner Litigation,Other,499
1994-10,Program Litigation,Other,870
1994-11,Program Litigation,Other,895
1994-12,Program Litigation,Other,872
1995-01,Program Litigation,Other,889
1995-02,Program Litigation,Other,889
1995-03,Program Litigation,Other,913
1995-04,Program Litigation,Other,922
1995-05,Program Litigation,Other,937
1995-06,Program Litigation,Other,927
1995-07,Program Litigation,Other,948
1995-08,Program Litigation,Other,981
1995-09,Program Litigation,Other,952
1995-10,Program Litigation,Other,970
1995-11,Program Litigation,Other,955
1995-12,Program Litigation,Other,962
1996-01,Program Litigation,Other,1009
1996-02,Program Litigation,Other,1054
1996-03,Program Litigation,Other,1094
1996-04,Program Litigation,Other,1124
1996-05,Program Litigation,Other,1159
1996-06,Program Litigation,Other,1039
1996-07,Program Litigation,Other,1065
1996-08,Program Litigation,Other,1079
1996-09,Program Litigation,Other,1148
1996-10,Program Litigation,Other,1164
1996-11,Program Litigation,Other,1038
1996-12,Program Litigation,Other,992
1997-01,Program Litigation,Other,1011
1997-02,Program Litigation,Other,1012
1997-03,Program Litigation,Other,1030
1997-04,Program Litigation,Other,1035
1997-05,Program Litigation,Other,1008
1997-06,Program Litigation,Other,993
1997-07,Program Litigation,Other,959
1997-08,Program Litigation,Other,940
1997-09,Program Litigation,Other,924
1997-10,Program Litigation,Other,930
1997-11,Program Litigation,Other,943
1997-12,Program Litigation,Other,954
1998-01,Program Litigation,Other,989
1998-02,Program Litigation,Other,984
1998-03,Program Litigation,Other,979
1998-04,Program Litigation,Other,997
1998-05,Program Litigation,Other,1021
1998-06,Program Litigation,Other,1029
1998-07,Program Litigation,Other,1009
1998-08,Program Litigation,Other,1014
1998-09,Program Litigation,Other,993
1998-10,Program Litigation,Other,998
1998-11,Program Litigation,Other,974
1998-12,Program Litigation,Other,974
1999-01,Program Litigation,Other,998
1999-02,Program Litigation,Other,971
1999-03,Program Litigation,Other,988
1999-04,Program Litigation,Other,989
1999-05,Program Litigation,Other,991
1999-06,Program Litigation,Other,1010
1999-07,Program Litigation,Other,982
1999-08,Program Litigation,Other,979
1999-09,Program Litigation,Other,946
1999-10,Program Litigation,Other,945
1999-11,Program Litigation,Other,939
1999-12,Program Litigation,Other,943
2000-01,Program Litigation,Other,955
2000-02,Program Litigation,Other,950
2000-03,Program Litigation,Other,926
2000-04,Program Litigation,Other,946
2000-05,Program Litigation,Other,968
2000-06,Program Litigation,Other,980
2000-07,Program Litigation,Other,980
2000-08,Program Litigation,Other,997
2000-09,Program Litigation,Other,1014
2000-10,Program Litigation,Other,999
2000-11,Program Litigation,Other,991
2000-12,Program Litigation,Other,990
2001-01,Program Litigation,Other,1004
2001-02,Program Litigation,Other,1003
2001-03,Program Litigation,Other,999
2001-04,Program Litigation,Other,998
2001-05,Program Litigation,Other,985
2001-06,Program Litigation,Other,1002
2001-07,Program Litigation,Other,1009
2001-08,Program Litigation,Other,1005
2001-09,Program Litigation,Other,1005
2001-10,Program Litigation,Other,1009
2001-11,Program Litigation,Other,1004
2001-12,Program Litigation,Other,1020
2002-01,Program Litigation,Other,1046
2002-02,Program Litigation,Other,1030
2002-03,Program Litigation,Other,1026
2002-04,Program Litigation,Other,1012
2002-05,Program Litigation,Other,984
2002-06,Program Litigation,Other,981
2002-07,Program Litigation,Other,976
2002-08,Program Litigation,Other,973
2002-09,Program Litigation,Other,951
2002-10,Program Litigation,Other,952
2002-11,Program Litigation,Other,937
2002-12,Program Litigation,Other,944
2003-01,Program Litigation,Other,992
2003-02,Program Litigation,Other,1023
2003-03,Program Litigation,Other,1035
2003-04,Program Litigation,Other,1023
2003-05,Program Litigation,Other,1043
2003-06,Program Litigation,Other,1020
2003-07,Program Litigation,Other,1046
2003-08,Program Litigation,Other,1021
2003-09,Program Litigation,Other,995
2003-10,Program Litigation,Other,1001
2003-11,Program Litigation,Other,983
2003-12,Program Litigation,Other,983
2004-01,Program Litigation,Other,1044
2004-02,Program Litigation,Other,1013
2004-03,Program Litigation,Other,984
2004-04,Program Litigation,Other,985
2004-05,Program Litigation,Other,999
2004-06,Program Litigation,Other,1000
2004-07,Program Litigation,Other,1022
2004-08,Program Litigation,Other,1005
2004-09,Program Litigation,Other,971
2004-10,Program Litigation,Other,989
2004-11,Program Litigation,Other,986
2004-12,Program Litigation,Other,1003
2005-01,Program Litigation,Other,1040
2005-02,Program Litigation,Other,1038
2005-03,Program Litigation,Other,991
2005-04,Program Litigation,Other,975
2005-05,Program Litigation,Other,985
2005-06,Program Litigation,Other,996
2005-07,Program Litigation,Other,1027
2005-08,Program Litigation,Other,1030
2005-09,Program Litigation,Other,1014
2005-10,Program Litigation,Other,986
2005-11,Program Litigation,Other,971
2005-12,Program Litigation,Other,964
2006-01,Program Litigation,Other,955
2006-02,Program Litigation,Other,959
2006-03,Program Litigation,Other,949
2006-04,Program Litigation,Other,971
2006-05,Program Litigation,Other,978
2006-06,Program Litigation,Other,986
2006-07,Program Litigation,Other,981
2006-08,Program Litigation,Other,985
2006-09,Program Litigation,Other,950
2006-10,Program Litigation,Other,950
2006-11,Program Litigation,Other,954
2006-12,Program Litigation,Other,966
2007-01,Program Litigation,Other,951
2007-02,Program Litigation,Other,972
2007-03,Program Litigation,Other,974
2007-04,Program Litigation,Other,956
2007-05,Program Litigation,Other,971
2007-06,Program Litigation,Other,954
2007-07,Program Litigation,Other,967
2007-08,Program Litigation,Other,995
2007-09,Program Litigation,Other,1002
2007-10,Program Litigation,Other,990
2007-11,Program Litigation,Other,995
2007-12,Program Litigation,Other,1012
2008-01,Program Litigation,Other,1030
2008-02,Program Litigation,Other,1056
2008-03,Program Litigation,Other,1025
2008-04,Program Litigation,Other,1001
2008-05,Program Litigation,Other,1004
2008-06,Program Litigation,Other,1008
2008-07,Program Litigation,Other,1025
2008-08,Program Litigation,Other,1045
2008-09,Program Litigation,Other,1044
2008-10,Program Litigation,Other,1021
2008-11,Program Litigation,Other,1032
2008-12,Program Litigation,Other,1054
2009-01,Program Litigation,Other,1075
2009-02,Program Litigation,Other,1089
2009-03,Program Litigation,Other,1028
2009-04,Program Litigation,Other,1024
2009-05,Program Litigation,Other,1014
2009-06,Program Litigation,Other,1008
2009-07,Program Litigation,Other,1020
2009-08,Program Litigation,Other,1006
2009-09,Program Litigation,Other,953
2009-10,Program Litigation,Other,975
2009-11,Program Litigation,Other,995
2009-12,Program Litigation,Other,1003
2010-01,Program Litigation,Other,1010
2010-02,Program Litigation,Other,1030
2010-03,Program Litigation,Other,994
2010-04,Program Litigation,Other,1003
2010-05,Program Litigation,Other,1004
2010-06,Program Litigation,Other,1005
2010-07,Program Litigation,Other,1021
2010-08,Program Litigation,Other,1044
2010-09,Program Litigation,Other,1043
2010-10,Program Litigation,Other,1051
2010-11,Program Litigation,Other,1092
2010-12,Program Litigation,Other,1089
2011-01,Program Litigation,Other,1122
2011-02,Program Litigation,Other,1152
2011-03,Program Litigation,Other,1133
2011-04,Program Litigation,Other,1121
2011-05,Program Litigation,Other,1172
2011-06,Program Litigation,Other,1180
2011-07,Program Litigation,Other,1165
2011-08,Program Litigation,Other,1165
2011-09,Program Litigation,Other,1122
2011-10,Program Litigation,Other,1102
2011-11,Program Litigation,Other,1109
2011-12,Program Litigation,Other,1120
2012-01,Program Litigation,Other,1122
2012-02,Program Litigation,Other,1137
2012-03,Program Litigation,Other,1102
2012-04,Program Litigation,Other,1075
2012-05,Program Litigation,Other,1121
2012-06,Program Litigation,Other,1129
2012-07,Program Litigation,Other,1156
2012-08,Program Litigation,Other,1151
2012-09,Program Litigation,Other,1095
2012-10,Program Litigation,Other,1075
2012-11,Program Litigation,Other,1079
2012-12,Program Litigation,Other,1058
2013-01,Program Litigation,Other,1026
2013-02,Program Litigation,Other,1036
2013-03,Program Litigation,Other,1004
2013-04,Program Litigation,Other,996
2013-05,Program Litigation,Other,1009
2013-06,Program Litigation,Other,993
2013-07,Program Litigation,Other,967
2013-08,Program Litigation,Other,988
2013-09,Program Litigation,Other,953
2013-10,Program Litigation,Other,968
2013-11,Program Litigation,Other,950
2013-12,Program Litigation,Other,972
2014-01,Program Litigation,Other,996
2014-02,Program Litigation,Other,1002
2014-03,Program Litigation,Other,971
2014-04,Program Litigation,Other,967
2014-05,Program Litigation,Other,990
2014-06,Program Litigation,Other,996
2014-07,Program Litigation,Other,1012
2014-08,Program Litigation,Other,1035
2014-09,Program Litigation,Other,1023
2014-10,Program Litigation,Other,1043
2014-11,Program Litigation,Other,1074
2014-12,Program Litigation,Other,1093
2015-01,Program Litigation,Other,1102
2015-02,Program Litigation,Other,1124
2015-03,Program Litigation,Other,1114
2015-04,Program Litigation,Other,1115
2015-05,Program Litigation,Other,1128
2015-06,Program Litigation,Other,1099
2015-07,Program Litigation,Other,1107
2015-08,Program Litigation,Other,1118
2015-09,Program Litigation,Other,1080
2015-10,Program Litigation,Other,1057
2015-11,Program Litigation,Other,1045
2015-12,Program Litigation,Other,1042
2016-01,Program Litigation,Other,1060
2016-02,Program Litigation,Other,1064
2016-03,Program Litigation,Other,1008
2016-04,Program Litigation,Other,1023
2016-05,Program Litigation,Other,988
2016-06,Program Litigation,Other,1008
2016-07,Program Litigation,Other,1003
2016-08,Program Litigation,Other,992
2016-09,Program Litigation,Other,989
2016-10,Program Litigation,Other,1009
2016-11,Program Litigation,Other,1008
2016-12,Program Litigation,Other,1032
2017-01,Program Litigation,Other,1037
2017-02,Program Litigation,Other,1044
2017-03,Program Litigation,Other,1011
2017-04,Program Litigation,Other,1034
2017-05,Program Litigation,Other,1048
2017-06,Program Litigation,Other,1053
2017-07,Program Litigation,Other,1070
2017-08,Program Litigation,Other,1102
2017-09,Program Litigation,Other,1057
2017-10,Program Litigation,Other,1053
2017-11,Program Litigation,Other,1092
2017-12,Program Litigation,Other,1101
2018-01,Program Litigation,Other,1124
2018-02,Program Litigation,Other,1123
2018-03,Program Litigation,Other,1099
2018-04,Program Litigation,Other,1073
2018-05,Program Litigation,Other,1108
2018-06,Program Litigation,Other,1100
2018-07,Program Litigation,Other,1105
2018-08,Program Litigation,Other,1094
2018-09,Program Litigation,Other,1067
2018-10,Program Litigation,Other,1066
2018-11,Program Litigation,Other,1073
2018-12,Program Litigation,Other,1088
2019-01,Program Litigation,Other,1109
2019-02,Program Litigation,Other,1148
2019-03,Program Litigation,Other,1029
2019-04,Program Litigation,Other,1051
2019-05,Program Litigation,Other,1064
2019-06,Program Litigation,Other,1063
2019-07,Program Litigation,Other,1027
2019-08,Program Litigation,Other,1045
2019-09,Program Litigation,Other,1001
2019-10,Program Litigation,Other,987
2019-11,Program Litigation,Other,996
2019-12,Program Litigation,Other,1011
2020-01,Program Litigation,Other,1050
2020-02,Program Litigation,Other,1060
2020-03,Program Litigation,Other,1044
2020-04,Program Litigation,Other,1015
2020-05,Program Litigation,Other,1024
2020-06,Program Litigation,Other,1056
2020-07,Program Litigation,Other,1069
2020-08,Program Litigation,Other,1075
2020-09,Program Litigation,Other,1052
2020-10,Program Litigation,Other,1072
2020-11,Program Litigation,Other,1105
2020-12,Program Litigation,Other,1106
2021-01,Program Litigation,Other,1097
2021-02,Program Litigation,Other,1081
2021-03,Program Litigation,Other,1066
2021-04,Program Litigation,Other,1038
2021-05,Program Litigation,Other,1033
2021-06,Program Litigation,Other,1068
2021-07,Program Litigation,Other,1094
2021-08,Program Litigation,Other,1069
2021-09,Program Litigation,Other,1027
2021-10,Program Litigation,Other,1067
2021-11,Program Litigation,Other,1054
2021-12,Program Litigation,Other,959
2022-01,Program Litigation,Other,918
2022-02,Program Litigation,Other,939
2022-03,Program Litigation,Other,901
2022-04,Program Litigation,Other,914
2022-05,Program Litigation,Other,940
2022-06,Program Litigation,Other,947
2022-07,Program Litigation,Other,969
2022-08,Program Litigation,Other,963
2022-09,Program Litigation,Other,911
2022-10,Program Litigation,Other,943
2022-11,Program Litigation,Other,943
2022-12,Program Litigation,Other,960
2023-01,Program Litigation,Other,900
2023-02,Program Litigation,Other,933
2023-03,Program Litigation,Other,921
2023-04,Program Litigation,Other,958
2023-05,Program Litigation,Other,1002
2023-06,Program Litigation,Other,1006
2023-07,Program Litigation,Other,1014
2023-08,Program Litigation,Other,1008
2023-09,Program Litigation,Other,930
2023-10,Program Litigation,Other,942
2023-11,Program Litigation,Other,953
2023-12,Program Litigation,Other,975
2024-01,Program Litigation,Other,993
2024-02,Program Litigation,Other,986
2024-03,Program Litigation,Other,921
2024-04,Program Litigation,Other,957
2024-05,Program Litigation,Other,983
2024-06,Program Litigation,Other,995
2024-07,Program Litigation,Other,998
2024-08,Program Litigation,Other,1033
2024-09,Program Litigation,Other,954
2024-10,Program Litigation,Other,997
2024-11,Program Litigation,Other,1042
2024-12,Program Litigation,Other,1056
2025-01,Program Litigation,Other,1111
2025-02,Program Litigation,Other,1058
2025-03,Program Litigation,Other,983
2025-04,Program Litigation,Other,1004
2025-05,Program Litigation,Other,1023
2025-06,Program Litigation,Other,1019
2025-07,Program Litigation,Other,1011
2025-08,Program Litigation,Other,1003
2025-09,Program Litigation,Other,943
2025-10,Program Litigation,Other,998
2025-11,Program Litigation,Other,993
2025-12,Program Litigation,Other,994
2026-01,Program Litigation,Other,1020
2026-02,Program Litigation,Other,1006
2026-03,Program Litigation,Other,911
2026-04,Program Litigation,Other,924
2026-05,Program Litigation,Other,942
2026-06,Program Litigation,Other,964
2026-07,Program Litigation,Other,957
1994-10,Social Security,Other,186
1994-11,Social Security,Other,194
1994-12,Social Security,Other,198
1995-01,Social Security,Other,189
1995-02,Social Security,Other,180
1995-03,Social Security,Other,171
1995-04,Social Security,Other,158
1995-05,Social Security,Other,159
1995-06,Social Security,Other,159
1995-07,Social Security,Other,159
1995-08,Social Security,Other,164
1995-09,Social Security,Other,168
1995-10,Social Security,Other,172
1995-11,Social Security,Other,178
1995-12,Social Security,Other,183
1996-01,Social Security,Other,184
1996-02,Social Security,Other,176
1996-03,Social Security,Other,174
1996-04,Social Security,Other,171
1996-05,Social Security,Other,172
1996-06,Social Security,Other,173
1996-07,Social Security,Other,174
1996-08,Social Security,Other,164
1996-09,Social Security,Other,162
1996-10,Social Security,Other,153
1996-11,Social Security,Other,156
1996-12,Social Security,Other,158
1997-01,Social Security,Other,149
1997-02,Social Security,Other,146
1997-03,Social Security,Other,147
1997-04,Social Security,Other,151
1997-05,Social Security,Other,154
1997-06,Social Security,Other,148
1997-07,Social Security,Other,155
1997-08,Social Security,Other,158
1997-09,Social Security,Other,159
1997-10,Social Security,Other,160
1997-11,Social Security,Other,158
1997-12,Social Security,Other,148
1998-01,Social Security,Other,141
1998-02,Social Security,Other,131
1998-03,Social Security,Other,97
1998-04,Social Security,Other,84
1998-05,Social Security,Other,76
1998-06,Social Security,Other,74
1998-07,Social Security,Other,75
1998-08,Social Security,Other,75
1998-09,Social Security,Other,73
1998-10,Social Security,Other,72
1998-11,Social Security,Other,71
1998-12,Social Security,Other,69
1999-01,Social Security,Other,70
1999-02,Social Security,Other,67
1999-03,Social Security,Other,70
1999-04,Social Security,Other,73
1999-05,Social Security,Other,76
1999-06,Social Security,Other,76
1999-07,Social Security,Other,71
1999-08,Social Security,Other,72
1999-09,Social Security,Other,70
1999-10,Social Security,Other,69
1999-11,Social Security,Other,64
1999-12,Social Security,Other,65
2000-01,Social Security,Other,58
2000-02,Social Security,Other,55
2000-03,Social Security,Other,51
2000-04,Social Security,Other,51
2000-05,Social Security,Other,52
2000-06,Social Security,Other,54
2000-07,Social Security,Other,57
2000-08,Social Security,Other,64
2000-09,Social Security,Other,68
2000-10,Social Security,Other,64
2000-11,Social Security,Other,67
2000-12,Social Security,Other,69
2001-01,Social Security,Other,65
2001-02,Social Security,Other,61
2001-03,Social Security,Other,62
2001-04,Social Security,Other,65
2001-05,Social Security,Other,69
2001-06,Social Security,Other,70
2001-07,Social Security,Other,71
2001-08,Social Security,Other,71
2001-09,Social Security,Other,64
2001-10,Social Security,Other,63
2001-11,Social Security,Other,63
2001-12,Social Security,Other,67
2002-01,Social Security,Other,69
2002-02,Social Security,Other,75
2002-03,Social Security,Other,74
2002-04,Social Security,Other,73
2002-05,Social Security,Other,76
2002-06,Social Security,Other,78
2002-07,Social Security,Other,78
2002-08,Social Security,Other,75
2002-09,Social Security,Other,79
2002-10,Social Security,Other,79
2002-11,Social Security,Other,84
2002-12,Social Security,Other,81
2003-01,Social Security,Other,80
2003-02,Social Security,Other,86
2003-03,Social Security,Other,92
2003-04,Social Security,Other,99
2003-05,Social Security,Other,106
2003-06,Social Security,Other,111
2003-07,Social Security,Other,135
2003-08,Social Security,Other,139
2003-09,Social Security,Other,131
2003-10,Social Security,Other,129
2003-11,Social Security,Other,122
2003-12,Social Security,Other,119
2004-01,Social Security,Other,115
2004-02,Social Security,Other,110
2004-03,Social Security,Other,101
2004-04,Social Security,Other,100
2004-05,Social Security,Other,104
2004-06,Social Security,Other,99
2004-07,Social Security,Other,98
2004-08,Social Security,Other,96
2004-09,Social Security,Other,90
2004-10,Social Security,Other,86
2004-11,Social Security,Other,87
2004-12,Social Security,Other,86
2005-01,Social Security,Other,84
2005-02,Social Security,Other,83
2005-03,Social Security,Other,81
2005-04,Social Security,Other,80
2005-05,Social Security,Other,82
2005-06,Social Security,Other,80
2005-07,Social Security,Other,81
2005-08,Social Security,Other,82
2005-09,Social Security,Other,80
2005-10,Social Security,Other,76
2005-11,Social Security,Other,75
2005-12,Social Security,Other,81
2006-01,Social Security,Other,82
2006-02,Social Security,Other,89
2006-03,Social Security,Other,98
2006-04,Social Security,Other,100
2006-05,Social Security,Other,104
2006-06,Social Security,Other,108
2006-07,Social Security,Other,115
2006-08,Social Security,Other,124
2006-09,Social Security,Other,131
2006-10,Social Security,Other,131
2006-11,Social Security,Other,132
2006-12,Social Security,Other,137
2007-01,Social Security,Other,147
2007-02,Social Security,Other,153
2007-03,Social Security,Other,144
2007-04,Social Security,Other,145
2007-05,Social Security,Other,149
2007-06,Social Security,Other,152
2007-07,Social Security,Other,153
2007-08,Social Security,Other,111
2007-09,Social Security,Other,103
2007-10,Social Security,Other,108
2007-11,Social Security,Other,100
2007-12,Social Security,Other,94
2008-01,Social Security,Other,97
2008-02,Social Security,Other,100
2008-03,Social Security,Other,98
2008-04,Social Security,Other,99
2008-05,Social Security,Other,94
2008-06,Social Security,Other,91
2008-07,Social Security,Other,93
2008-08,Social Security,Other,89
2008-09,Social Security,Other,84
2008-10,Social Security,Other,89
2008-11,Social Security,Other,92
2008-12,Social Security,Other,92
2009-01,Social Security,Other,90
2009-02,Social Security,Other,88
2009-03,Social Security,Other,80
2009-04,Social Security,Other,73
2009-05,Social Security,Other,71
2009-06,Social Security,Other,71
2009-07,Social Security,Other,68
2009-08,Social Security,Other,70
2009-09,Social Security,Other,73
2009-10,Social Security,Other,75
2009-11,Social Security,Other,75
2009-12,Social Security,Other,70
2010-01,Social Security,Other,73
2010-02,Social Security,Other,70
2010-03,Social Security,Other,68
2010-04,Social Security,Other,70
2010-05,Social Security,Other,69
2010-06,Social Security,Other,69
2010-07,Social Security,Other,65
2010-08,Social Security,Other,67
2010-09,Social Security,Other,69
2010-10,Social Security,Other,64
2010-11,Social Security,Other,65
2010-12,Social Security,Other,69
2011-01,Social Security,Other,66
2011-02,Social Security,Other,62
2011-03,Social Security,Other,67
2011-04,Social Security,Other,69
2011-05,Social Security,Other,73
2011-06,Social Security,Other,76
2011-07,Social Security,Other,74
2011-08,Social Security,Other,76
2011-09,Social Security,Other,76
2011-10,Social Security,Other,77
2011-11,Social Security,Other,69
2011-12,Social Security,Other,69
2012-01,Social Security,Other,69
2012-02,Social Security,Other,69
2012-03,Social Security,Other,71
2012-04,Social Security,Other,77
2012-05,Social Security,Other,78
2012-06,Social Security,Other,77
2012-07,Social Security,Other,79
2012-08,Social Security,Other,87
2012-09,Social Security,Other,103
2012-10,Social Security,Other,115
2012-11,Social Security,Other,126
2012-12,Social Security,Other,134
2013-01,Social Security,Other,148
2013-02,Social Security,Other,143
2013-03,Social Security,Other,138
2013-04,Social Security,Other,147
2013-05,Social Security,Other,158
2013-06,Social Security,Other,168
2013-07,Social Security,Other,171
2013-08,Social Security,Other,183
2013-09,Social Security,Other,175
2013-10,Social Security,Other,183
2013-11,Social Security,Other,189
2013-12,Social Security,Other,187
2014-01,Social Security,Other,184
2014-02,Social Security,Other,180
2014-03,Social Security,Other,167
2014-04,Social Security,Other,176
2014-05,Social Security,Other,175
2014-06,Social Security,Other,174
2014-07,Social Security,Other,174
2014-08,Social Security,Other,177
2014-09,Social Security,Other,159
2014-10,Social Security,Other,174
2014-11,Social Security,Other,181
2014-12,Social Security,Other,192
2015-01,Social Security,Other,187
2015-02,Social Security,Other,191
2015-03,Social Security,Other,177
2015-04,Social Security,Other,182
2015-05,Social Security,Other,184
2015-06,Social Security,Other,181
2015-07,Social Security,Other,187
2015-08,Social Security,Other,183
2015-09,Social Security,Other,170
2015-10,Social Security,Other,169
2015-11,Social Security,Other,168
2015-12,Social Security,Other,160
2016-01,Social Security,Other,159
2016-02,Social Security,Other,152
2016-03,Social Security,Other,138
2016-04,Social Security,Other,138
2016-05,Social Security,Other,137
2016-06,Social Security,Other,135
2016-07,Social Security,Other,137
2016-08,Social Security,Other,139
2016-09,Social Security,Other,108
2016-10,Social Security,Other,103
2016-11,Social Security,Other,97
2016-12,Social Security,Other,86
2017-01,Social Security,Other,82
2017-02,Social Security,Other,84
2017-03,Social Security,Other,81
2017-04,Social Security,Other,79
2017-05,Social Security,Other,78
2017-06,Social Security,Other,76
2017-07,Social Security,Other,79
2017-08,Social Security,Other,78
2017-09,Social Security,Other,71
2017-10,Social Security,Other,67
2017-11,Social Security,Other,73
2017-12,Social Security,Other,75
2018-01,Social Security,Other,75
2018-02,Social Security,Other,74
2018-03,Social Security,Other,72
2018-04,Social Security,Other,72
2018-05,Social Security,Other,71
2018-06,Social Security,Other,72
2018-07,Social Security,Other,70
2018-08,Social Security,Other,71
2018-09,Social Security,Other,72
2018-10,Social Security,Other,72
2018-11,Social Security,Other,73
2018-12,Social Security,Other,68
2019-01,Social Security,Other,70
2019-02,Social Security,Other,71
2019-03,Social Security,Other,67
2019-04,Social Security,Other,76
2019-05,Social Security,Other,83
2019-06,Social Security,Other,79
2019-07,Social Security,Other,79
2019-08,Social Security,Other,73
2019-09,Social Security,Other,71
2019-10,Social Security,Other,71
2019-11,Social Security,Other,75
2019-12,Social Security,Other,75
2020-01,Social Security,Other,71
2020-02,Social Security,Other,70
2020-03,Social Security,Other,61
2020-04,Social Security,Other,58
2020-05,Social Security,Other,59
2020-06,Social Security,Other,60
2020-07,Social Security,Other,59
2020-08,Social Security,Other,60
2020-09,Social Security,Other,59
2020-10,Social Security,Other,62
2020-11,Social Security,Other,70
2020-12,Social Security,Other,69
2021-01,Social Security,Other,68
2021-02,Social Security,Other,69
2021-03,Social Security,Other,68
2021-04,Social Security,Other,71
2021-05,Social Security,Other,70
2021-06,Social Security,Other,70
2021-07,Social Security,Other,67
2021-08,Social Security,Other,66
2021-09,Social Security,Other,62
2021-10,Social Security,Other,68
2021-11,Social Security,Other,67
2021-12,Social Security,Other,70
2022-01,Social Security,Other,67
2022-02,Social Security,Other,66
2022-03,Social Security,Other,65
2022-04,Social Security,Other,61
2022-05,Social Security,Other,62
2022-06,Social Security,Other,61
2022-07,Social Security,Other,61
2022-08,Social Security,Other,58
2022-09,Social Security,Other,54
2022-10,Social Security,Other,57
2022-11,Social Security,Other,63
2022-12,Social Security,Other,65
2023-01,Social Security,Other,64
2023-02,Social Security,Other,63
2023-03,Social Security,Other,66
2023-04,Social Security,Other,65
2023-05,Social Security,Other,72
2023-06,Social Security,Other,75
2023-07,Social Security,Other,76
2023-08,Social Security,Other,77
2023-09,Social Security,Other,78
2023-10,Social Security,Other,78
2023-11,Social Security,Other,76
2023-12,Social Security,Other,78
2024-01,Social Security,Other,79
2024-02,Social Security,Other,82
2024-03,Social Security,Other,76
2024-04,Social Security,Other,80
2024-05,Social Security,Other,83
2024-06,Social Security,Other,81
2024-07,Social Security,Other,84
2024-08,Social Security,Other,87
2024-09,Social Security,Other,85
2024-10,Social Security,Other,82
2024-11,Social Security,Other,89
2024-12,Social Security,Other,84
2025-01,Social Security,Other,81
2025-02,Social Security,Other,83
2025-03,Social Security,Other,77
2025-04,Social Security,Other,79
2025-05,Social Security,Other,87
2025-06,Social Security,Other,97
2025-07,Social Security,Other,101
2025-08,Social Security,Other,103
2025-09,Social Security,Other,105
2025-10,Social Security,Other,114
2025-11,Social Security,Other,115
2025-12,Social Security,Other,115
2026-01,Social Security,Other,109
2026-02,Social Security,Other,105
2026-03,Social Security,Other,99
2026-04,Social Security,Other,96
2026-05,Social Security,Other,96
2026-06,Social Security,Other,94
2026-07,Social Security,Other,94
2001-12,Terrorism,Other,1
2002-01,Terrorism,Other,1
2002-02,Terrorism,Other,1
2002-03,Terrorism,Other,2
2002-04,Terrorism,Other,2
2002-05,Terrorism,Other,2
2002-06,Terrorism,Other,2
2002-07,Terrorism,Other,2
2002-08,Terrorism,Other,2
2002-09,Terrorism,Other,3
2002-10,Terrorism,Other,2
2002-11,Terrorism,Other,3
2002-12,Terrorism,Other,3
2003-01,Terrorism,Other,3
2003-02,Terrorism,Other,3
2003-03,Terrorism,Other,3
2003-04,Terrorism,Other,3
2003-05,Terrorism,Other,3
2003-06,Terrorism,Other,3
2003-07,Terrorism,Other,3
2003-08,Terrorism,Other,3
2003-09,Terrorism,Other,3
2003-10,Terrorism,Other,3
2003-11,Terrorism,Other,3
2003-12,Terrorism,Other,3
2004-01,Terrorism,Other,3
2004-02,Terrorism,Other,3
2004-03,Terrorism,Other,3
2004-04,Terrorism,Other,3
2004-05,Terrorism,Other,3
2004-06,Terrorism,Other,3
2004-07,Terrorism,Other,3
2004-08,Terrorism,Other,3
2004-09,Terrorism,Other,3
2004-10,Terrorism,Other,3
2004-11,Terrorism,Other,3
2004-12,Terrorism,Other,3
2005-01,Terrorism,Other,3
2005-02,Terrorism,Other,3
2005-03,Terrorism,Other,3
2005-04,Terrorism,Other,3
2005-05,Terrorism,Other,3
2005-06,Terrorism,Other,3
2005-07,Terrorism,Other,3
2005-08,Terrorism,Other,3
2005-09,Terrorism,Other,3
2005-10,Terrorism,Other,3
2005-11,Terrorism,Other,3
2005-12,Terrorism,Other,3
2006-01,Terrorism,Other,3
2006-02,Terrorism,Other,4
2006-03,Terrorism,Other,4
2006-04,Terrorism,Other,4
2006-05,Terrorism,Other,4
2006-06,Terrorism,Other,4
2006-07,Terrorism,Other,4
2006-08,Terrorism,Other,4
2006-09,Terrorism,Other,3
2006-10,Terrorism,Other,3
2006-11,Terrorism,Other,3
2006-12,Terrorism,Other,3
2007-01,Terrorism,Other,3
2007-02,Terrorism,Other,3
2007-03,Terrorism,Other,3
2007-04,Terrorism,Other,3
2007-05,Terrorism,Other,3
2007-06,Terrorism,Other,3
2007-07,Terrorism,Other,3
2007-08,Terrorism,Other,3
2007-09,Terrorism,Other,3
2007-10,Terrorism,Other,3
2007-11,Terrorism,Other,3
2007-12,Terrorism,Other,3
2008-01,Terrorism,Other,4
2008-02,Terrorism,Other,4
2008-03,Terrorism,Other,4
2008-04,Terrorism,Other,4
2008-05,Terrorism,Other,4
2008-06,Terrorism,Other,5
2008-07,Terrorism,Other,6
2008-08,Terrorism,Other,6
2008-09,Terrorism,Other,6
2008-10,Terrorism,Other,6
2008-11,Terrorism,Other,6
2008-12,Terrorism,Other,6
2009-01,Terrorism,Other,8
2009-02,Terrorism,Other,8
2009-03,Terrorism,Other,9
2009-04,Terrorism,Other,9
2009-05,Terrorism,Other,9
2009-06,Terrorism,Other,10
2009-07,Terrorism,Other,10
2009-08,Terrorism,Other,10
2009-09,Terrorism,Other,10
2009-10,Terrorism,Other,10
2009-11,Terrorism,Other,10
2009-12,Terrorism,Other,10
2010-01,Terrorism,Other,10
2010-02,Terrorism,Other,10
2010-03,Terrorism,Other,8
2010-04,Terrorism,Other,8
2010-05,Terrorism,Other,8
2010-06,Terrorism,Other,8
2010-07,Terrorism,Other,8
2010-08,Terrorism,Other,8
2010-09,Terrorism,Other,8
2010-10,Terrorism,Other,8
2010-11,Terrorism,Other,8
2010-12,Terrorism,Other,8
2011-01,Terrorism,Other,8
2011-02,Terrorism,Other,9
2011-03,Terrorism,Other,9
2011-04,Terrorism,Other,9
2011-05,Terrorism,Other,10
2011-06,Terrorism,Other,10
2011-07,Terrorism,Other,10
2011-08,Terrorism,Other,10
2011-09,Terrorism,Other,10
2011-10,Terrorism,Other,10
2011-11,Terrorism,Other,10
2011-12,Terrorism,Other,10
2012-01,Terrorism,Other,10
2012-02,Terrorism,Other,11
2012-03,Terrorism,Other,11
2012-04,Terrorism,Other,11
2012-05,Terrorism,Other,10
2012-06,Terrorism,Other,10
2012-07,Terrorism,Other,10
2012-08,Terrorism,Other,10
2012-09,Terrorism,Other,10
2012-10,Terrorism,Other,11
2012-11,Terrorism,Other,11
2012-12,Terrorism,Other,10
2013-01,Terrorism,Other,10
2013-02,Terrorism,Other,10
2013-03,Terrorism,Other,10
2013-04,Terrorism,Other,10
2013-05,Terrorism,Other,10
2013-06,Terrorism,Other,10
2013-07,Terrorism,Other,10
2013-08,Terrorism,Other,10
2013-09,Terrorism,Other,10
2013-10,Terrorism,Other,10
2013-11,Terrorism,Other,10
2013-12,Terrorism,Other,10
2014-01,Terrorism,Other,10
2014-02,Terrorism,Other,10
2014-03,Terrorism,Other,10
2014-04,Terrorism,Other,10
2014-05,Terrorism,Other,10
2014-06,Terrorism,Other,10
2014-07,Terrorism,Other,10
2014-08,Terrorism,Other,10
2014-09,Terrorism,Other,9
2014-10,Terrorism,Other,9
2014-11,Terrorism,Other,9
2014-12,Terrorism,Other,9
2015-01,Terrorism,Other,9
2015-02,Terrorism,Other,9
2015-03,Terrorism,Other,9
2015-04,Terrorism,Other,9
2015-05,Terrorism,Other,8
2015-06,Terrorism,Other,8
2015-07,Terrorism,Other,8
2015-08,Terrorism,Other,8
2015-09,Terrorism,Other,8
2015-10,Terrorism,Other,8
2015-11,Terrorism,Other,8
2015-12,Terrorism,Other,8
2016-01,Terrorism,Other,8
2016-02,Terrorism,Other,8
2016-03,Terrorism,Other,8
2016-04,Terrorism,Other,8
2016-05,Terrorism,Other,8
2016-06,Terrorism,Other,8
2016-07,Terrorism,Other,8
2016-08,Terrorism,Other,8
2016-09,Terrorism,Other,8
2016-10,Terrorism,Other,8
2016-11,Terrorism,Other,8
2016-12,Terrorism,Other,8
2017-01,Terrorism,Other,8
2017-02,Terrorism,Other,8
2017-03,Terrorism,Other,8
2017-04,Terrorism,Other,8
2017-05,Terrorism,Other,8
2017-06,Terrorism,Other,8
2017-07,Terrorism,Other,8
2017-08,Terrorism,Other,8
2017-09,Terrorism,Other,8
2017-10,Terrorism,Other,8
2017-11,Terrorism,Other,8
2017-12,Terrorism,Other,7
2018-01,Terrorism,Other,7
2018-02,Terrorism,Other,7
2018-03,Terrorism,Other,7
2018-04,Terrorism,Other,7
2018-05,Terrorism,Other,7
2018-06,Terrorism,Other,7
2018-07,Terrorism,Other,7
2018-08,Terrorism,Other,6
2018-09,Terrorism,Other,6
2018-10,Terrorism,Other,6
2018-11,Terrorism,Other,6
2018-12,Terrorism,Other,7
2019-01,Terrorism,Other,7
2019-02,Terrorism,Other,7
2019-03,Terrorism,Other,8
2019-04,Terrorism,Other,6
2019-05,Terrorism,Other,6
2019-06,Terrorism,Other,6
2019-07,Terrorism,Other,5
2019-08,Terrorism,Other,5
2019-09,Terrorism,Other,5
2019-10,Terrorism,Other,5
2019-11,Terrorism,Other,5
2019-12,Terrorism,Other,5
2020-01,Terrorism,Other,5
2020-02,Terrorism,Other,5
2020-03,Terrorism,Other,5
2020-04,Terrorism,Other,6
2020-05,Terrorism,Other,6
2020-06,Terrorism,Other,6
2020-07,Terrorism,Other,6
2020-08,Terrorism,Other,6
2020-09,Terrorism,Other,6
2020-10,Terrorism,Other,6
2020-11,Terrorism,Other,6
2020-12,Terrorism,Other,6
2021-01,Terrorism,Other,6
2021-02,Terrorism,Other,6
2021-03,Terrorism,Other,6
2021-04,Terrorism,Other,6
2021-05,Terrorism,Other,6
2021-06,Terrorism,Other,6
2021-07,Terrorism,Other,6
2021-08,Terrorism,Other,6
2021-09,Terrorism,Other,7
2021-10,Terrorism,Other,7
2021-11,Terrorism,Other,7
2021-12,Terrorism,Other,7
2022-01,Terrorism,Other,7
2022-02,Terrorism,Other,7
2022-03,Terrorism,Other,7
2022-04,Terrorism,Other,7
2022-05,Terrorism,Other,7
2022-06,Terrorism,Other,7
2022-07,Terrorism,Other,7
2022-08,Terrorism,Other,7
2022-09,Terrorism,Other,7
2022-10,Terrorism,Other,7
2022-11,Terrorism,Other,7
2022-12,Terrorism,Other,7
2023-01,Terrorism,Other,7
2023-02,Terrorism,Other,7
2023-03,Terrorism,Other,7
2023-04,Terrorism,Other,7
2023-05,Terrorism,Other,7
2023-06,Terrorism,Other,7
2023-07,Terrorism,Other,7
2023-08,Terrorism,Other,7
2023-09,Terrorism,Other,7
2023-10,Terrorism,Other,7
2023-11,Terrorism,Other,7
2023-12,Terrorism,Other,7
2024-01,Terrorism,Other,7
2024-02,Terrorism,Other,7
2024-03,Terrorism,Other,6
2024-04,Terrorism,Other,6
2024-05,Terrorism,Other,6
2024-06,Terrorism,Other,6
2024-07,Terrorism,Other,6
2024-08,Terrorism,Other,6
2024-09,Terrorism,Other,6
2024-10,Terrorism,Other,6
2024-11,Terrorism,Other,6
2024-12,Terrorism,Other,6
2025-01,Terrorism,Other,6
2025-02,Terrorism,Other,6
2025-03,Terrorism,Other,6
2025-04,Terrorism,Other,6
2025-05,Terrorism,Other,6
2025-06,Terrorism,Other,4
2025-07,Terrorism,Other,4
2025-08,Terrorism,Other,4
2025-09,Terrorism,Other,4
2025-10,Terrorism,Other,4
2025-11,Terrorism,Other,4
2025-12,Terrorism,Other,4
2026-01,Terrorism,Other,4
2026-02,Terrorism,Other,4
2026-03,Terrorism,Other,4
2026-04,Terrorism,Other,4
2026-05,Terrorism,Other,4
2026-06,Terrorism,Other,4
2026-07,Terrorism,Other,4
1994-10,Torts,Other,687
1994-11,Torts,Other,672
1994-12,Torts,Other,684
1995-01,Torts,Other,693
1995-02,Torts,Other,689
1995-03,Torts,Other,706
1995-04,Torts,Other,740
1995-05,Torts,Other,805
1995-06,Torts,Other,834
1995-07,Torts,Other,841
1995-08,Torts,Other,847
1995-09,Torts,Other,821
1995-10,Torts,Other,810
1995-11,Torts,Other,817
1995-12,Torts,Other,852
1996-01,Torts,Other,845
1996-02,Torts,Other,844
1996-03,Torts,Other,865
1996-04,Torts,Other,855
1996-05,Torts,Other,850
1996-06,Torts,Other,868
1996-07,Torts,Other,883
1996-08,Torts,Other,855
1996-09,Torts,Other,833
1996-10,Torts,Other,835
1996-11,Torts,Other,847
1996-12,Torts,Other,841
1997-01,Torts,Other,843
1997-02,Torts,Other,844
1997-03,Torts,Other,865
1997-04,Torts,Other,863
1997-05,Torts,Other,850
1997-06,Torts,Other,864
1997-07,Torts,Other,862
1997-08,Torts,Other,852
1997-09,Torts,Other,836
1997-10,Torts,Other,838
1997-11,Torts,Other,865
1997-12,Torts,Other,888
1998-01,Torts,Other,892
1998-02,Torts,Other,902
1998-03,Torts,Other,885
1998-04,Torts,Other,870
1998-05,Torts,Other,859
1998-06,Torts,Other,865
1998-07,Torts,Other,860
1998-08,Torts,Other,860
1998-09,Torts,Other,842
1998-10,Torts,Other,868
1998-11,Torts,Other,864
1998-12,Torts,Other,867
1999-01,Torts,Other,870
1999-02,Torts,Other,883
1999-03,Torts,Other,880
1999-04,Torts,Other,876
1999-05,Torts,Other,889
1999-06,Torts,Other,887
1999-07,Torts,Other,890
1999-08,Torts,Other,908
1999-09,Torts,Other,899
1999-10,Torts,Other,887
1999-11,Torts,Other,889
1999-12,Torts,Other,897
2000-01,Torts,Other,888
2000-02,Torts,Other,912
2000-03,Torts,Other,888
2000-04,Torts,Other,881
2000-05,Torts,Other,863
2000-06,Torts,Other,851
2000-07,Torts,Other,828
2000-08,Torts,Other,825
2000-09,Torts,Other,775
2000-10,Torts,Other,775
2000-11,Torts,Other,782
2000-12,Torts,Other,781
2001-01,Torts,Other,783
2001-02,Torts,Other,769
2001-03,Torts,Other,751
2001-04,Torts,Other,733
2001-05,Torts,Other,734
2001-06,Torts,Other,734
2001-07,Torts,Other,725
2001-08,Torts,Other,734
2001-09,Torts,Other,720
2001-10,Torts,Other,719
2001-11,Torts,Other,727
2001-12,Torts,Other,723
2002-01,Torts,Other,718
2002-02,Torts,Other,728
2002-03,Torts,Other,702
2002-04,Torts,Other,710
2002-05,Torts,Other,734
2002-06,Torts,Other,733
2002-07,Torts,Other,733
2002-08,Torts,Other,734
2002-09,Torts,Other,728
2002-10,Torts,Other,723
2002-11,Torts,Other,720
2002-12,Torts,Other,726
2003-01,Torts,Other,747
2003-02,Torts,Other,747
2003-03,Torts,Other,765
2003-04,Torts,Other,774
2003-05,Torts,Other,807
2003-06,Torts,Other,798
2003-07,Torts,Other,799
2003-08,Torts,Other,798
2003-09,Torts,Other,788
2003-10,Torts,Other,797
2003-11,Torts,Other,797
2003-12,Torts,Other,779
2004-01,Torts,Other,774
2004-02,Torts,Other,776
2004-03,Torts,Other,767
2004-04,Torts,Other,770
2004-05,Torts,Other,780
2004-06,Torts,Other,790
2004-07,Torts,Other,802
2004-08,Torts,Other,801
2004-09,Torts,Other,793
2004-10,Torts,Other,798
2004-11,Torts,Other,791
2004-12,Torts,Other,775
2005-01,Torts,Other,767
2005-02,Torts,Other,748
2005-03,Torts,Other,719
2005-04,Torts,Other,720
2005-05,Torts,Other,710
2005-06,Torts,Other,687
2005-07,Torts,Other,675
2005-08,Torts,Other,664
2005-09,Torts,Other,640
2005-10,Torts,Other,627
2005-11,Torts,Other,603
2005-12,Torts,Other,595
2006-01,Torts,Other,581
2006-02,Torts,Other,577
2006-03,Torts,Other,542
2006-04,Torts,Other,538
2006-05,Torts,Other,544
2006-06,Torts,Other,533
2006-07,Torts,Other,525
2006-08,Torts,Other,528
2006-09,Torts,Other,518
2006-10,Torts,Other,524
2006-11,Torts,Other,508
2006-12,Torts,Other,501
2007-01,Torts,Other,495
2007-02,Torts,Other,492
2007-03,Torts,Other,472
2007-04,Torts,Other,456
2007-05,Torts,Other,452
2007-06,Torts,Other,463
2007-07,Torts,Other,467
2007-08,Torts,Other,471
2007-09,Torts,Other,472
2007-10,Torts,Other,484
2007-11,Torts,Other,471
2007-12,Torts,Other,471
2008-01,Torts,Other,469
2008-02,Torts,Other,460
2008-03,Torts,Other,452
2008-04,Torts,Other,440
2008-05,Torts,Other,441
2008-06,Torts,Other,452
2008-07,Torts,Other,453
2008-08,Torts,Other,442
2008-09,Torts,Other,431
2008-10,Torts,Other,429
2008-11,Torts,Other,418
2008-12,Torts,Other,421
2009-01,Torts,Other,419
2009-02,Torts,Other,424
2009-03,Torts,Other,408
2009-04,Torts,Other,406
2009-05,Torts,Other,411
2009-06,Torts,Other,407
2009-07,Torts,Other,408
2009-08,Torts,Other,405
2009-09,Torts,Other,399
2009-10,Torts,Other,399
2009-11,Torts,Other,404
2009-12,Torts,Other,400
2010-01,Torts,Other,404
2010-02,Torts,Other,372
2010-03,Torts,Other,360
2010-04,Torts,Other,361
2010-05,Torts,Other,366
2010-06,Torts,Other,371
2010-07,Torts,Other,372
2010-08,Torts,Other,381
2010-09,Torts,Other,370
2010-10,Torts,Other,376
2010-11,Torts,Other,366
2010-12,Torts,Other,362
2011-01,Torts,Other,368
2011-02,Torts,Other,380
2011-03,Torts,Other,376
2011-04,Torts,Other,374
2011-05,Torts,Other,380
2011-06,Torts,Other,376
2011-07,Torts,Other,374
2011-08,Torts,Other,372
2011-09,Torts,Other,363
2011-10,Torts,Other,361
2011-11,Torts,Other,359
2011-12,Torts,Other,361
2012-01,Torts,Other,377
2012-02,Torts,Other,381
2012-03,Torts,Other,369
2012-04,Torts,Other,385
2012-05,Torts,Other,395
2012-06,Torts,Other,403
2012-07,Torts,Other,396
2012-08,Torts,Other,389
2012-09,Torts,Other,385
2012-10,Torts,Other,386
2012-11,Torts,Other,382
2012-12,Torts,Other,391
2013-01,Torts,Other,391
2013-02,Torts,Other,390
2013-03,Torts,Other,379
2013-04,Torts,Other,372
2013-05,Torts,Other,375
2013-06,Torts,Other,367
2013-07,Torts,Other,357
2013-08,Torts,Other,354
2013-09,Torts,Other,356
2013-10,Torts,Other,355
2013-11,Torts,Other,353
2013-12,Torts,Other,352
2014-01,Torts,Other,347
2014-02,Torts,Other,340
2014-03,Torts,Other,331
2014-04,Torts,Other,336
2014-05,Torts,Other,337
2014-06,Torts,Other,348
2014-07,Torts,Other,346
2014-08,Torts,Other,357
2014-09,Torts,Other,353
2014-10,Torts,Other,353
2014-11,Torts,Other,344
2014-12,Torts,Other,341
2015-01,Torts,Other,335
2015-02,Torts,Other,334
2015-03,Torts,Other,326
2015-04,Torts,Other,324
2015-05,Torts,Other,324
2015-06,Torts,Other,315
2015-07,Torts,Other,305
2015-08,Torts,Other,294
2015-09,Torts,Other,281
2015-10,Torts,Other,273
2015-11,Torts,Other,271
2015-12,Torts,Other,260
2016-01,Torts,Other,257
2016-02,Torts,Other,242
2016-03,Torts,Other,244
2016-04,Torts,Other,236
2016-05,Torts,Other,232
2016-06,Torts,Other,238
2016-07,Torts,Other,237
2016-08,Torts,Other,233
2016-09,Torts,Other,235
2016-10,Torts,Other,242
2016-11,Torts,Other,253
2016-12,Torts,Other,266
2017-01,Torts,Other,270
2017-02,Torts,Other,273
2017-03,Torts,Other,281
2017-04,Torts,Other,286
2017-05,Torts,Other,285
2017-06,Torts,Other,288
2017-07,Torts,Other,286
2017-08,Torts,Other,284
2017-09,Torts,Other,290
2017-10,Torts,Other,290
2017-11,Torts,Other,283
2017-12,Torts,Other,287
2018-01,Torts,Other,287
2018-02,Torts,Other,285
2018-03,Torts,Other,277
2018-04,Torts,Other,280
2018-05,Torts,Other,274
2018-06,Torts,Other,267
2018-07,Torts,Other,263
2018-08,Torts,Other,264
2018-09,Torts,Other,255
2018-10,Torts,Other,267
2018-11,Torts,Other,266
2018-12,Torts,Other,268
2019-01,Torts,Other,269
2019-02,Torts,Other,287
2019-03,Torts,Other,279
2019-04,Torts,Other,284
2019-05,Torts,Other,273
2019-06,Torts,Other,283
2019-07,Torts,Other,279
2019-08,Torts,Other,285
2019-09,Torts,Other,278
2019-10,Torts,Other,286
2019-11,Torts,Other,281
2019-12,Torts,Other,280
2020-01,Torts,Other,286
2020-02,Torts,Other,279
2020-03,Torts,Other,269
2020-04,Torts,Other,280
2020-05,Torts,Other,282
2020-06,Torts,Other,276
2020-07,Torts,Other,278
2020-08,Torts,Other,272
2020-09,Torts,Other,274
2020-10,Torts,Other,270
2020-11,Torts,Other,274
2020-12,Torts,Other,268
2021-01,Torts,Other,273
2021-02,Torts,Other,265
2021-03,Torts,Other,254
2021-04,Torts,Other,260
2021-05,Torts,Other,255
2021-06,Torts,Other,253
2021-07,Torts,Other,242
2021-08,Torts,Other,241
2021-09,Torts,Other,237
2021-10,Torts,Other,243
2021-11,Torts,Other,245
2021-12,Torts,Other,239
2022-01,Torts,Other,235
2022-02,Torts,Other,239
2022-03,Torts,Other,238
2022-04,Torts,Other,241
2022-05,Torts,Other,263
2022-06,Torts,Other,260
2022-07,Torts,Other,262
2022-08,Torts,Other,258
2022-09,Torts,Other,250
2022-10,Torts,Other,247
2022-11,Torts,Other,244
2022-12,Torts,Other,242
2023-01,Torts,Other,239
2023-02,Torts,Other,233
2023-03,Torts,Other,225
2023-04,Torts,Other,222
2023-05,Torts,Other,220
2023-06,Torts,Other,212
2023-07,Torts,Other,198
2023-08,Torts,Other,199
2023-09,Torts,Other,186
2023-10,Torts,Other,186
2023-11,Torts,Other,187
2023-12,Torts,Other,190
2024-01,Torts,Other,187
2024-02,Torts,Other,180
2024-03,Torts,Other,167
2024-04,Torts,Other,155
2024-05,Torts,Other,159
2024-06,Torts,Other,158
2024-07,Torts,Other,160
2024-08,Torts,Other,159
2024-09,Torts,Other,161
2024-10,Torts,Other,173
2024-11,Torts,Other,180
2024-12,Torts,Other,171
2025-01,Torts,Other,151
2025-02,Torts,Other,165
2025-03,Torts,Other,169
2025-04,Torts,Other,172
2025-05,Torts,Other,173
2025-06,Torts,Other,173
2025-07,Torts,Other,172
2025-08,Torts,Other,166
2025-09,Torts,Other,147
2025-10,Torts,Other,145
2025-11,Torts,Other,150
2025-12,Torts,Other,150
2026-01,Torts,Other,141
2026-02,Torts,Other,134
2026-03,Torts,Other,133
2026-04,Torts,Other,137
2026-05,Torts,Other,142
2026-06,Torts,Other,135
2026-07,Torts,Other,137
1994-10,ALL,Plaintiff,16484
1994-11,ALL,Plaintiff,16467
1994-12,ALL,Plaintiff,16310
1995-01,ALL,Plaintiff,16231
1995-02,ALL,Plaintiff,16133
1995-03,ALL,Plaintiff,16339
1995-04,ALL,Plaintiff,16322
1995-05,ALL,Plaintiff,16318
1995-06,ALL,Plaintiff,16235
1995-07,ALL,Plaintiff,16308
1995-08,ALL,Plaintiff,16276
1995-09,ALL,Plaintiff,16024
1995-10,ALL,Plaintiff,16063
1995-11,ALL,Plaintiff,15979
1995-12,ALL,Plaintiff,15909
1996-01,ALL,Plaintiff,15777
1996-02,ALL,Plaintiff,15805
1996-03,ALL,Plaintiff,15801
1996-04,ALL,Plaintiff,15757
1996-05,ALL,Plaintiff,15668
1996-06,ALL,Plaintiff,15400
1996-07,ALL,Plaintiff,15229
1996-08,ALL,Plaintiff,14981
1996-09,ALL,Plaintiff,14597
1996-10,ALL,Plaintiff,14498
1996-11,ALL,Plaintiff,14417
1996-12,ALL,Plaintiff,14364
1997-01,ALL,Plaintiff,14251
1997-02,ALL,Plaintiff,14054
1997-03,ALL,Plaintiff,13951
1997-04,ALL,Plaintiff,13857
1997-05,ALL,Plaintiff,13655
1997-06,ALL,Plaintiff,13337
1997-07,ALL,Plaintiff,13065
1997-08,ALL,Plaintiff,13019
1997-09,ALL,Plaintiff,12963
1997-10,ALL,Plaintiff,12715
1997-11,ALL,Plaintiff,12460
1997-12,ALL,Plaintiff,12359
1998-01,ALL,Plaintiff,12225
1998-02,ALL,Plaintiff,12126
1998-03,ALL,Plaintiff,12036
1998-04,ALL,Plaintiff,12014
1998-05,ALL,Plaintiff,12088
1998-06,ALL,Plaintiff,12065
1998-07,ALL,Plaintiff,11876
1998-08,ALL,Plaintiff,11525
1998-09,ALL,Plaintiff,11141
1998-10,ALL,Plaintiff,11058
1998-11,ALL,Plaintiff,11029
1998-12,ALL,Plaintiff,11049
1999-01,ALL,Plaintiff,11004
1999-02,ALL,Plaintiff,10969
1999-03,ALL,Plaintiff,10929
1999-04,ALL,Plaintiff,10929
1999-05,ALL,Plaintiff,10985
1999-06,ALL,Plaintiff,10972
1999-07,ALL,Plaintiff,11049
1999-08,ALL,Plaintiff,11123
1999-09,ALL,Plaintiff,11164
1999-10,ALL,Plaintiff,11244
1999-11,ALL,Plaintiff,11321
1999-12,ALL,Plaintiff,11353
2000-01,ALL,Plaintiff,11436
2000-02,ALL,Plaintiff,11523
2000-03,ALL,Plaintiff,11501
2000-04,ALL,Plaintiff,11546
2000-05,ALL,Plaintiff,11586
2000-06,ALL,Plaintiff,11698
2000-07,ALL,Plaintiff,11719
2000-08,ALL,Plaintiff,11873
2000-09,ALL,Plaintiff,11727
2000-10,ALL,Plaintiff,11704
2000-11,ALL,Plaintiff,11752
2000-12,ALL,Plaintiff,11748
2001-01,ALL,Plaintiff,11688
2001-02,ALL,Plaintiff,11676
2001-03,ALL,Plaintiff,11755
2001-04,ALL,Plaintiff,11869
2001-05,ALL,Plaintiff,11917
2001-06,ALL,Plaintiff,12245
2001-07,ALL,Plaintiff,12264
2001-08,ALL,Plaintiff,12406
2001-09,ALL,Plaintiff,12319
2001-10,ALL,Plaintiff,12512
2001-11,ALL,Plaintiff,12618
2001-12,ALL,Plaintiff,12744
2002-01,ALL,Plaintiff,12713
2002-02,ALL,Plaintiff,12839
2002-03,ALL,Plaintiff,12920
2002-04,ALL,Plaintiff,13019
2002-05,ALL,Plaintiff,12921
2002-06,ALL,Plaintiff,12993
2002-07,ALL,Plaintiff,13083
2002-08,ALL,Plaintiff,13083
2002-09,ALL,Plaintiff,13017
2002-10,ALL,Plaintiff,12809
2002-11,ALL,Plaintiff,12729
2002-12,ALL,Plaintiff,12606
2003-01,ALL,Plaintiff,12361
2003-02,ALL,Plaintiff,12326
2003-03,ALL,Plaintiff,12261
2003-04,ALL,Plaintiff,12100
2003-05,ALL,Plaintiff,12228
2003-06,ALL,Plaintiff,12201
2003-07,ALL,Plaintiff,12048
2003-08,ALL,Plaintiff,12088
2003-09,ALL,Plaintiff,11998
2003-10,ALL,Plaintiff,12058
2003-11,ALL,Plaintiff,12120
2003-12,ALL,Plaintiff,12038
2004-01,ALL,Plaintiff,11953
2004-02,ALL,Plaintiff,12018
2004-03,ALL,Plaintiff,11597
2004-04,ALL,Plaintiff,11706
2004-05,ALL,Plaintiff,11820
2004-06,ALL,Plaintiff,11435
2004-07,ALL,Plaintiff,11443
2004-08,ALL,Plaintiff,11409
2004-09,ALL,Plaintiff,11282
2004-10,ALL,Plaintiff,11234
2004-11,ALL,Plaintiff,11277
2004-12,ALL,Plaintiff,11268
2005-01,ALL,Plaintiff,11257
2005-02,ALL,Plaintiff,11242
2005-03,ALL,Plaintiff,11156
2005-04,ALL,Plaintiff,11126
2005-05,ALL,Plaintiff,11139
2005-06,ALL,Plaintiff,11093
2005-07,ALL,Plaintiff,11053
2005-08,ALL,Plaintiff,11023
2005-09,ALL,Plaintiff,11041
2005-10,ALL,Plaintiff,11050
2005-11,ALL,Plaintiff,10957
2005-12,ALL,Plaintiff,10857
2006-01,ALL,Plaintiff,10777
2006-02,ALL,Plaintiff,10786
2006-03,ALL,Plaintiff,10526
2006-04,ALL,Plaintiff,10528
2006-05,ALL,Plaintiff,10561
2006-06,ALL,Plaintiff,10496
2006-07,ALL,Plaintiff,10394
2006-08,ALL,Plaintiff,10326
2006-09,ALL,Plaintiff,10188
2006-10,ALL,Plaintiff,10036
2006-11,ALL,Plaintiff,9975
2006-12,ALL,Plaintiff,10049
2007-01,ALL,Plaintiff,9937
2007-02,ALL,Plaintiff,9876
2007-03,ALL,Plaintiff,9699
2007-04,ALL,Plaintiff,9636
2007-05,ALL,Plaintiff,9520
2007-06,ALL,Plaintiff,9562
2007-07,ALL,Plaintiff,9639
2007-08,ALL,Plaintiff,9468
2007-09,ALL,Plaintiff,9415
2007-10,ALL,Plaintiff,9317
2007-11,ALL,Plaintiff,9294
2007-12,ALL,Plaintiff,9305
2008-01,ALL,Plaintiff,9403
2008-02,ALL,Plaintiff,9589
2008-03,ALL,Plaintiff,9883
2008-04,ALL,Plaintiff,9832
2008-05,ALL,Plaintiff,9785
2008-06,ALL,Plaintiff,9800
2008-07,ALL,Plaintiff,9759
2008-08,ALL,Plaintiff,9672
2008-09,ALL,Plaintiff,9521
2008-10,ALL,Plaintiff,9496
2008-11,ALL,Plaintiff,9485
2008-12,ALL,Plaintiff,9376
2009-01,ALL,Plaintiff,9293
2009-02,ALL,Plaintiff,9199
2009-03,ALL,Plaintiff,9079
2009-04,ALL,Plaintiff,9001
2009-05,ALL,Plaintiff,8950
2009-06,ALL,Plaintiff,8869
2009-07,ALL,Plaintiff,8886
2009-08,ALL,Plaintiff,8809
2009-09,ALL,Plaintiff,8759
2009-10,ALL,Plaintiff,8697
2009-11,ALL,Plaintiff,8719
2009-12,ALL,Plaintiff,8697
2010-01,ALL,Plaintiff,8672
2010-02,ALL,Plaintiff,8692
2010-03,ALL,Plaintiff,8458
2010-04,ALL,Plaintiff,8387
2010-05,ALL,Plaintiff,8384
2010-06,ALL,Plaintiff,8398
2010-07,ALL,Plaintiff,8398
2010-08,ALL,Plaintiff,8378
2010-09,ALL,Plaintiff,8347
2010-10,ALL,Plaintiff,8451
2010-11,ALL,Plaintiff,8486
2010-12,ALL,Plaintiff,8462
2011-01,ALL,Plaintiff,8522
2011-02,ALL,Plaintiff,8595
2011-03,ALL,Plaintiff,8380
2011-04,ALL,Plaintiff,8357
2011-05,ALL,Plaintiff,8353
2011-06,ALL,Plaintiff,8443
2011-07,ALL,Plaintiff,8564
2011-08,ALL,Plaintiff,8616
2011-09,ALL,Plaintiff,8499
2011-10,ALL,Plaintiff,8622
2011-11,ALL,Plaintiff,8671
2011-12,ALL,Plaintiff,8655
2012-01,ALL,Plaintiff,8619
2012-02,ALL,Plaintiff,8607
2012-03,ALL,Plaintiff,8514
2012-04,ALL,Plaintiff,8496
2012-05,ALL,Plaintiff,8496
2012-06,ALL,Plaintiff,8546
2012-07,ALL,Plaintiff,8604
2012-08,ALL,Plaintiff,8636
2012-09,ALL,Plaintiff,8596
2012-10,ALL,Plaintiff,8556
2012-11,ALL,Plaintiff,8699
2012-12,ALL,Plaintiff,8705
2013-01,ALL,Plaintiff,8612
2013-02,ALL,Plaintiff,8588
2013-03,ALL,Plaintiff,8506
2013-04,ALL,Plaintiff,8524
2013-05,ALL,Plaintiff,8564
2013-06,ALL,Plaintiff,8676
2013-07,ALL,Plaintiff,8744
2013-08,ALL,Plaintiff,8695
2013-09,ALL,Plaintiff,8611
2013-10,ALL,Plaintiff,8608
2013-11,ALL,Plaintiff,8609
2013-12,ALL,Plaintiff,8586
2014-01,ALL,Plaintiff,8556
2014-02,ALL,Plaintiff,8543
2014-03,ALL,Plaintiff,8366
2014-04,ALL,Plaintiff,8374
2014-05,ALL,Plaintiff,8417
2014-06,ALL,Plaintiff,8452
2014-07,ALL,Plaintiff,8489
2014-08,ALL,Plaintiff,8482
2014-09,ALL,Plaintiff,8366
2014-10,ALL,Plaintiff,8616
2014-11,ALL,Plaintiff,9092
2014-12,ALL,Plaintiff,9547
2015-01,ALL,Plaintiff,9859
2015-02,ALL,Plaintiff,9966
2015-03,ALL,Plaintiff,9677
2015-04,ALL,Plaintiff,9684
2015-05,ALL,Plaintiff,9706
2015-06,ALL,Plaintiff,9599
2015-07,ALL,Plaintiff,9526
2015-08,ALL,Plaintiff,9351
2015-09,ALL,Plaintiff,9176
2015-10,ALL,Plaintiff,8811
2015-11,ALL,Plaintiff,8774
2015-12,ALL,Plaintiff,8749
2016-01,ALL,Plaintiff,8592
2016-02,ALL,Plaintiff,8568
2016-03,ALL,Plaintiff,8526
2016-04,ALL,Plaintiff,8579
2016-05,ALL,Plaintiff,8625
2016-06,ALL,Plaintiff,9240
2016-07,ALL,Plaintiff,9234
2016-08,ALL,Plaintiff,9188
2016-09,ALL,Plaintiff,9058
2016-10,ALL,Plaintiff,8986
2016-11,ALL,Plaintiff,8929
2016-12,ALL,Plaintiff,8974
2017-01,ALL,Plaintiff,8943
2017-02,ALL,Plaintiff,8939
2017-03,ALL,Plaintiff,8773
2017-04,ALL,Plaintiff,8774
2017-05,ALL,Plaintiff,8690
2017-06,ALL,Plaintiff,8734
2017-07,ALL,Plaintiff,8779
2017-08,ALL,Plaintiff,8889
2017-09,ALL,Plaintiff,9074
2017-10,ALL,Plaintiff,9278
2017-11,ALL,Plaintiff,9353
2017-12,ALL,Plaintiff,9464
2018-01,ALL,Plaintiff,9526
2018-02,ALL,Plaintiff,9580
2018-03,ALL,Plaintiff,9587
2018-04,ALL,Plaintiff,9671
2018-05,ALL,Plaintiff,9740
2018-06,ALL,Plaintiff,9716
2018-07,ALL,Plaintiff,9733
2018-08,ALL,Plaintiff,9733
2018-09,ALL,Plaintiff,9749
2018-10,ALL,Plaintiff,9917
2018-11,ALL,Plaintiff,9973
2018-12,ALL,Plaintiff,10014
2019-01,ALL,Plaintiff,10135
2019-02,ALL,Plaintiff,10152
2019-03,ALL,Plaintiff,10159
2019-04,ALL,Plaintiff,10387
2019-05,ALL,Plaintiff,10487
2019-06,ALL,Plaintiff,10606
2019-07,ALL,Plaintiff,10710
2019-08,ALL,Plaintiff,10828
2019-09,ALL,Plaintiff,10683
2019-10,ALL,Plaintiff,10743
2019-11,ALL,Plaintiff,10789
2019-12,ALL,Plaintiff,10823
2020-01,ALL,Plaintiff,10836
2020-02,ALL,Plaintiff,10762
2020-03,ALL,Plaintiff,10659
2020-04,ALL,Plaintiff,10675
2020-05,ALL,Plaintiff,10773
2020-06,ALL,Plaintiff,10880
2020-07,ALL,Plaintiff,10910
2020-08,ALL,Plaintiff,10937
2020-09,ALL,Plaintiff,10968
2020-10,ALL,Plaintiff,11053
2020-11,ALL,Plaintiff,11169
2020-12,ALL,Plaintiff,11266
2021-01,ALL,Plaintiff,11145
2021-02,ALL,Plaintiff,11004
2021-03,ALL,Plaintiff,10858
2021-04,ALL,Plaintiff,10713
2021-05,ALL,Plaintiff,10652
2021-06,ALL,Plaintiff,10546
2021-07,ALL,Plaintiff,10409
2021-08,ALL,Plaintiff,10361
2021-09,ALL,Plaintiff,10285
2021-10,ALL,Plaintiff,10181
2021-11,ALL,Plaintiff,10108
2021-12,ALL,Plaintiff,9986
2022-01,ALL,Plaintiff,9919
2022-02,ALL,Plaintiff,9897
2022-03,ALL,Plaintiff,9762
2022-04,ALL,Plaintiff,9657
2022-05,ALL,Plaintiff,9578
2022-06,ALL,Plaintiff,9511
2022-07,ALL,Plaintiff,9488
2022-08,ALL,Plaintiff,9510
2022-09,ALL,Plaintiff,9336
2022-10,ALL,Plaintiff,9169
2022-11,ALL,Plaintiff,8912
2022-12,ALL,Plaintiff,8875
2023-01,ALL,Plaintiff,8856
2023-02,ALL,Plaintiff,8586
2023-03,ALL,Plaintiff,8471
2023-04,ALL,Plaintiff,8389
2023-05,ALL,Plaintiff,8360
2023-06,ALL,Plaintiff,8306
2023-07,ALL,Plaintiff,8290
2023-08,ALL,Plaintiff,8220
2023-09,ALL,Plaintiff,7964
2023-10,ALL,Plaintiff,7868
2023-11,ALL,Plaintiff,7968
2023-12,ALL,Plaintiff,8158
2024-01,ALL,Plaintiff,8153
2024-02,ALL,Plaintiff,8172
2024-03,ALL,Plaintiff,8031
2024-04,ALL,Plaintiff,7981
2024-05,ALL,Plaintiff,7997
2024-06,ALL,Plaintiff,7939
2024-07,ALL,Plaintiff,8014
2024-08,ALL,Plaintiff,8140
2024-09,ALL,Plaintiff,8060
2024-10,ALL,Plaintiff,8087
2024-11,ALL,Plaintiff,8133
2024-12,ALL,Plaintiff,8160
2025-01,ALL,Plaintiff,8190
2025-02,ALL,Plaintiff,8184
2025-03,ALL,Plaintiff,8162
2025-04,ALL,Plaintiff,8198
2025-05,ALL,Plaintiff,8229
2025-06,ALL,Plaintiff,8246
2025-07,ALL,Plaintiff,8287
2025-08,ALL,Plaintiff,8251
2025-09,ALL,Plaintiff,8251
2025-10,ALL,Plaintiff,8344
2025-11,ALL,Plaintiff,8436
2025-12,ALL,Plaintiff,8533
2026-01,ALL,Plaintiff,8637
2026-02,ALL,Plaintiff,8626
2026-03,ALL,Plaintiff,8631
2026-04,ALL,Plaintiff,8785
2026-05,ALL,Plaintiff,8863
2026-06,ALL,Plaintiff,9039
2026-07,ALL,Plaintiff,9068
1994-10,Admiralty,Plaintiff,55
1994-11,Admiralty,Plaintiff,53
1994-12,Admiralty,Plaintiff,48
1995-01,Admiralty,Plaintiff,45
1995-02,Admiralty,Plaintiff,47
1995-03,Admiralty,Plaintiff,51
1995-04,Admiralty,Plaintiff,49
1995-05,Admiralty,Plaintiff,49
1995-06,Admiralty,Plaintiff,47
1995-07,Admiralty,Plaintiff,46
1995-08,Admiralty,Plaintiff,43
1995-09,Admiralty,Plaintiff,36
1995-10,Admiralty,Plaintiff,36
1995-11,Admiralty,Plaintiff,34
1995-12,Admiralty,Plaintiff,32
1996-01,Admiralty,Plaintiff,30
1996-02,Admiralty,Plaintiff,31
1996-03,Admiralty,Plaintiff,30
1996-04,Admiralty,Plaintiff,29
1996-05,Admiralty,Plaintiff,30
1996-06,Admiralty,Plaintiff,27
1996-07,Admiralty,Plaintiff,24
1996-08,Admiralty,Plaintiff,26
1996-09,Admiralty,Plaintiff,27
1996-10,Admiralty,Plaintiff,25
1996-11,Admiralty,Plaintiff,24
1996-12,Admiralty,Plaintiff,22
1997-01,Admiralty,Plaintiff,23
1997-02,Admiralty,Plaintiff,21
1997-03,Admiralty,Plaintiff,20
1997-04,Admiralty,Plaintiff,22
1997-05,Admiralty,Plaintiff,22
1997-06,Admiralty,Plaintiff,22
1997-07,Admiralty,Plaintiff,23
1997-08,Admiralty,Plaintiff,24
1997-09,Admiralty,Plaintiff,29
1997-10,Admiralty,Plaintiff,30
1997-11,Admiralty,Plaintiff,30
1997-12,Admiralty,Plaintiff,28
1998-01,Admiralty,Plaintiff,31
1998-02,Admiralty,Plaintiff,32
1998-03,Admiralty,Plaintiff,34
1998-04,Admiralty,Plaintiff,33
1998-05,Admiralty,Plaintiff,32
1998-06,Admiralty,Plaintiff,31
1998-07,Admiralty,Plaintiff,31
1998-08,Admiralty,Plaintiff,30
1998-09,Admiralty,Plaintiff,31
1998-10,Admiralty,Plaintiff,30
1998-11,Admiralty,Plaintiff,27
1998-12,Admiralty,Plaintiff,29
1999-01,Admiralty,Plaintiff,39
1999-02,Admiralty,Plaintiff,43
1999-03,Admiralty,Plaintiff,45
1999-04,Admiralty,Plaintiff,40
1999-05,Admiralty,Plaintiff,43
1999-06,Admiralty,Plaintiff,36
1999-07,Admiralty,Plaintiff,35
1999-08,Admiralty,Plaintiff,39
1999-09,Admiralty,Plaintiff,37
1999-10,Admiralty,Plaintiff,39
1999-11,Admiralty,Plaintiff,39
1999-12,Admiralty,Plaintiff,38
2000-01,Admiralty,Plaintiff,35
2000-02,Admiralty,Plaintiff,33
2000-03,Admiralty,Plaintiff,35
2000-04,Admiralty,Plaintiff,36
2000-05,Admiralty,Plaintiff,40
2000-06,Admiralty,Plaintiff,41
2000-07,Admiralty,Plaintiff,45
2000-08,Admiralty,Plaintiff,46
2000-09,Admiralty,Plaintiff,41
2000-10,Admiralty,Plaintiff,38
2000-11,Admiralty,Plaintiff,34
2000-12,Admiralty,Plaintiff,33
2001-01,Admiralty,Plaintiff,31
2001-02,Admiralty,Plaintiff,32
2001-03,Admiralty,Plaintiff,32
2001-04,Admiralty,Plaintiff,33
2001-05,Admiralty,Plaintiff,33
2001-06,Admiralty,Plaintiff,40
2001-07,Admiralty,Plaintiff,37
2001-08,Admiralty,Plaintiff,35
2001-09,Admiralty,Plaintiff,35
2001-10,Admiralty,Plaintiff,35
2001-11,Admiralty,Plaintiff,33
2001-12,Admiralty,Plaintiff,35
2002-01,Admiralty,Plaintiff,33
2002-02,Admiralty,Plaintiff,32
2002-03,Admiralty,Plaintiff,30
2002-04,Admiralty,Plaintiff,28
2002-05,Admiralty,Plaintiff,27
2002-06,Admiralty,Plaintiff,27
2002-07,Admiralty,Plaintiff,26
2002-08,Admiralty,Plaintiff,25
2002-09,Admiralty,Plaintiff,26
2002-10,Admiralty,Plaintiff,19
2002-11,Admiralty,Plaintiff,17
2002-12,Admiralty,Plaintiff,16
2003-01,Admiralty,Plaintiff,16
2003-02,Admiralty,Plaintiff,15
2003-03,Admiralty,Plaintiff,15
2003-04,Admiralty,Plaintiff,14
2003-05,Admiralty,Plaintiff,15
2003-06,Admiralty,Plaintiff,16
2003-07,Admiralty,Plaintiff,17
2003-08,Admiralty,Plaintiff,17
2003-09,Admiralty,Plaintiff,17
2003-10,Admiralty,Plaintiff,18
2003-11,Admiralty,Plaintiff,18
2003-12,Admiralty,Plaintiff,16
2004-01,Admiralty,Plaintiff,15
2004-02,Admiralty,Plaintiff,14
2004-03,Admiralty,Plaintiff,13
2004-04,Admiralty,Plaintiff,12
2004-05,Admiralty,Plaintiff,14
2004-06,Admiralty,Plaintiff,15
2004-07,Admiralty,Plaintiff,16
2004-08,Admiralty,Plaintiff,16
2004-09,Admiralty,Plaintiff,15
2004-10,Admiralty,Plaintiff,16
2004-11,Admiralty,Plaintiff,14
2004-12,Admiralty,Plaintiff,14
2005-01,Admiralty,Plaintiff,13
2005-02,Admiralty,Plaintiff,13
2005-03,Admiralty,Plaintiff,14
2005-04,Admiralty,Plaintiff,14
2005-05,Admiralty,Plaintiff,13
2005-06,Admiralty,Plaintiff,15
2005-07,Admiralty,Plaintiff,14
2005-08,Admiralty,Plaintiff,12
2005-09,Admiralty,Plaintiff,10
2005-10,Admiralty,Plaintiff,10
2005-11,Admiralty,Plaintiff,10
2005-12,Admiralty,Plaintiff,9
2006-01,Admiralty,Plaintiff,7
2006-02,Admiralty,Plaintiff,8
2006-03,Admiralty,Plaintiff,8
2006-04,Admiralty,Plaintiff,7
2006-05,Admiralty,Plaintiff,8
2006-06,Admiralty,Plaintiff,8
2006-07,Admiralty,Plaintiff,8
2006-08,Admiralty,Plaintiff,7
2006-09,Admiralty,Plaintiff,7
2006-10,Admiralty,Plaintiff,10
2006-11,Admiralty,Plaintiff,9
2006-12,Admiralty,Plaintiff,9
2007-01,Admiralty,Plaintiff,9
2007-02,Admiralty,Plaintiff,9
2007-03,Admiralty,Plaintiff,8
2007-04,Admiralty,Plaintiff,10
2007-05,Admiralty,Plaintiff,10
2007-06,Admiralty,Plaintiff,10
2007-07,Admiralty,Plaintiff,10
2007-08,Admiralty,Plaintiff,10
2007-09,Admiralty,Plaintiff,10
2007-10,Admiralty,Plaintiff,8
2007-11,Admiralty,Plaintiff,8
2007-12,Admiralty,Plaintiff,8
2008-01,Admiralty,Plaintiff,8
2008-02,Admiralty,Plaintiff,8
2008-03,Admiralty,Plaintiff,7
2008-04,Admiralty,Plaintiff,7
2008-05,Admiralty,Plaintiff,8
2008-06,Admiralty,Plaintiff,8
2008-07,Admiralty,Plaintiff,7
2008-08,Admiralty,Plaintiff,6
2008-09,Admiralty,Plaintiff,6
2008-10,Admiralty,Plaintiff,6
2008-11,Admiralty,Plaintiff,8
2008-12,Admiralty,Plaintiff,7
2009-01,Admiralty,Plaintiff,7
2009-02,Admiralty,Plaintiff,6
2009-03,Admiralty,Plaintiff,6
2009-04,Admiralty,Plaintiff,6
2009-05,Admiralty,Plaintiff,8
2009-06,Admiralty,Plaintiff,6
2009-07,Admiralty,Plaintiff,7
2009-08,Admiralty,Plaintiff,7
2009-09,Admiralty,Plaintiff,6
2009-10,Admiralty,Plaintiff,6
2009-11,Admiralty,Plaintiff,4
2009-12,Admiralty,Plaintiff,4
2010-01,Admiralty,Plaintiff,4
2010-02,Admiralty,Plaintiff,4
2010-03,Admiralty,Plaintiff,4
2010-04,Admiralty,Plaintiff,2
2010-05,Admiralty,Plaintiff,2
2010-06,Admiralty,Plaintiff,3
2010-07,Admiralty,Plaintiff,3
2010-08,Admiralty,Plaintiff,2
2010-09,Admiralty,Plaintiff,2
2010-10,Admiralty,Plaintiff,2
2010-11,Admiralty,Plaintiff,3
2010-12,Admiralty,Plaintiff,2
2011-01,Admiralty,Plaintiff,2
2011-02,Admiralty,Plaintiff,2
2011-03,Admiralty,Plaintiff,3
2011-04,Admiralty,Plaintiff,3
2011-05,Admiralty,Plaintiff,2
2011-06,Admiralty,Plaintiff,1
2011-07,Admiralty,Plaintiff,1
2012-05,Admiralty,Plaintiff,1
2012-06,Admiralty,Plaintiff,1
2012-07,Admiralty,Plaintiff,1
2012-08,Admiralty,Plaintiff,1
2013-01,Admiralty,Plaintiff,1
2013-02,Admiralty,Plaintiff,1
2013-03,Admiralty,Plaintiff,1
2013-04,Admiralty,Plaintiff,1
2013-05,Admiralty,Plaintiff,1
2013-06,Admiralty,Plaintiff,1
2013-07,Admiralty,Plaintiff,2
2013-08,Admiralty,Plaintiff,2
2013-09,Admiralty,Plaintiff,3
2013-10,Admiralty,Plaintiff,3
2013-11,Admiralty,Plaintiff,3
2013-12,Admiralty,Plaintiff,3
2014-01,Admiralty,Plaintiff,2
2014-02,Admiralty,Plaintiff,2
2014-03,Admiralty,Plaintiff,2
2014-04,Admiralty,Plaintiff,3
2014-05,Admiralty,Plaintiff,3
2014-06,Admiralty,Plaintiff,3
2014-07,Admiralty,Plaintiff,3
2014-08,Admiralty,Plaintiff,3
2014-09,Admiralty,Plaintiff,2
2014-10,Admiralty,Plaintiff,2
2014-11,Admiralty,Plaintiff,3
2014-12,Admiralty,Plaintiff,3
2015-01,Admiralty,Plaintiff,3
2015-02,Admiralty,Plaintiff,3
2015-03,Admiralty,Plaintiff,3
2015-04,Admiralty,Plaintiff,3
2015-05,Admiralty,Plaintiff,3
2015-06,Admiralty,Plaintiff,3
2015-07,Admiralty,Plaintiff,3
2015-08,Admiralty,Plaintiff,3
2015-09,Admiralty,Plaintiff,3
2015-10,Admiralty,Plaintiff,2
2015-11,Admiralty,Plaintiff,2
2015-12,Admiralty,Plaintiff,2
2016-01,Admiralty,Plaintiff,2
2016-02,Admiralty,Plaintiff,1
2016-03,Admiralty,Plaintiff,1
2016-05,Admiralty,Plaintiff,1
2016-06,Admiralty,Plaintiff,2
2016-07,Admiralty,Plaintiff,2
2016-08,Admiralty,Plaintiff,2
2016-09,Admiralty,Plaintiff,2
2016-10,Admiralty,Plaintiff,2
2016-11,Admiralty,Plaintiff,2
2016-12,Admiralty,Plaintiff,2
2017-01,Admiralty,Plaintiff,2
2017-02,Admiralty,Plaintiff,2
2017-03,Admiralty,Plaintiff,2
2017-04,Admiralty,Plaintiff,2
2017-05,Admiralty,Plaintiff,1
2017-06,Admiralty,Plaintiff,1
2017-07,Admiralty,Plaintiff,1
2017-08,Admiralty,Plaintiff,1
2017-09,Admiralty,Plaintiff,1
2017-10,Admiralty,Plaintiff,1
2017-11,Admiralty,Plaintiff,1
2017-12,Admiralty,Plaintiff,1
2018-01,Admiralty,Plaintiff,1
2018-02,Admiralty,Plaintiff,1
2018-03,Admiralty,Plaintiff,1
2019-04,Admiralty,Plaintiff,1
2019-05,Admiralty,Plaintiff,1
2019-06,Admiralty,Plaintiff,1
2019-07,Admiralty,Plaintiff,1
2019-08,Admiralty,Plaintiff,1
2019-09,Admiralty,Plaintiff,1
2019-10,Admiralty,Plaintiff,1
2019-11,Admiralty,Plaintiff,1
2019-12,Admiralty,Plaintiff,1
2020-01,Admiralty,Plaintiff,1
2020-02,Admiralty,Plaintiff,1
2020-03,Admiralty,Plaintiff,1
2020-04,Admiralty,Plaintiff,1
2020-05,Admiralty,Plaintiff,1
2020-06,Admiralty,Plaintiff,1
2020-07,Admiralty,Plaintiff,1
2020-08,Admiralty,Plaintiff,1
2020-09,Admiralty,Plaintiff,1
2020-10,Admiralty,Plaintiff,1
2020-11,Admiralty,Plaintiff,1
2020-12,Admiralty,Plaintiff,1
2021-01,Admiralty,Plaintiff,1
2021-02,Admiralty,Plaintiff,1
2021-03,Admiralty,Plaintiff,1
2021-04,Admiralty,Plaintiff,1
2021-05,Admiralty,Plaintiff,2
2021-06,Admiralty,Plaintiff,2
2021-07,Admiralty,Plaintiff,2
2021-08,Admiralty,Plaintiff,2
2021-09,Admiralty,Plaintiff,2
2021-10,Admiralty,Plaintiff,2
2021-11,Admiralty,Plaintiff,1
2021-12,Admiralty,Plaintiff,1
2022-01,Admiralty,Plaintiff,1
2022-02,Admiralty,Plaintiff,1
2022-08,Admiralty,Plaintiff,1
2022-09,Admiralty,Plaintiff,1
2022-10,Admiralty,Plaintiff,1
2022-11,Admiralty,Plaintiff,1
2022-12,Admiralty,Plaintiff,1
2023-01,Admiralty,Plaintiff,1
2023-02,Admiralty,Plaintiff,1
2023-03,Admiralty,Plaintiff,2
2023-04,Admiralty,Plaintiff,2
2023-05,Admiralty,Plaintiff,2
2023-06,Admiralty,Plaintiff,2
2023-07,Admiralty,Plaintiff,2
2023-08,Admiralty,Plaintiff,2
2023-09,Admiralty,Plaintiff,2
2023-10,Admiralty,Plaintiff,2
2023-11,Admiralty,Plaintiff,2
2023-12,Admiralty,Plaintiff,2
2024-01,Admiralty,Plaintiff,2
2024-02,Admiralty,Plaintiff,2
2024-03,Admiralty,Plaintiff,2
2024-04,Admiralty,Plaintiff,3
2024-05,Admiralty,Plaintiff,3
2024-06,Admiralty,Plaintiff,3
2024-07,Admiralty,Plaintiff,3
2024-08,Admiralty,Plaintiff,3
2024-09,Admiralty,Plaintiff,3
2024-10,Admiralty,Plaintiff,2
2024-11,Admiralty,Plaintiff,2
2024-12,Admiralty,Plaintiff,2
2025-01,Admiralty,Plaintiff,2
2025-02,Admiralty,Plaintiff,1
2025-03,Admiralty,Plaintiff,1
2025-04,Admiralty,Plaintiff,2
2025-05,Admiralty,Plaintiff,2
2025-06,Admiralty,Plaintiff,2
2025-07,Admiralty,Plaintiff,2
2025-08,Admiralty,Plaintiff,1
2025-09,Admiralty,Plaintiff,1
2025-10,Admiralty,Plaintiff,1
2025-11,Admiralty,Plaintiff,1
2025-12,Admiralty,Plaintiff,1
2026-01,Admiralty,Plaintiff,2
2026-02,Admiralty,Plaintiff,3
2026-03,Admiralty,Plaintiff,3
2026-04,Admiralty,Plaintiff,3
2026-05,Admiralty,Plaintiff,3
2026-06,Admiralty,Plaintiff,2
2026-07,Admiralty,Plaintiff,3
1994-10,Asset Forfeiture,Plaintiff,241
1994-11,Asset Forfeiture,Plaintiff,252
1994-12,Asset Forfeiture,Plaintiff,254
1995-01,Asset Forfeiture,Plaintiff,257
1995-02,Asset Forfeiture,Plaintiff,256
1995-03,Asset Forfeiture,Plaintiff,255
1995-04,Asset Forfeiture,Plaintiff,259
1995-05,Asset Forfeiture,Plaintiff,266
1995-06,Asset Forfeiture,Plaintiff,271
1995-07,Asset Forfeiture,Plaintiff,279
1995-08,Asset Forfeiture,Plaintiff,281
1995-09,Asset Forfeiture,Plaintiff,287
1995-10,Asset Forfeiture,Plaintiff,290
1995-11,Asset Forfeiture,Plaintiff,301
1995-12,Asset Forfeiture,Plaintiff,299
1996-01,Asset Forfeiture,Plaintiff,301
1996-02,Asset Forfeiture,Plaintiff,304
1996-03,Asset Forfeiture,Plaintiff,314
1996-04,Asset Forfeiture,Plaintiff,320
1996-05,Asset Forfeiture,Plaintiff,333
1996-06,Asset Forfeiture,Plaintiff,341
1996-07,Asset Forfeiture,Plaintiff,350
1996-08,Asset Forfeiture,Plaintiff,363
1996-09,Asset Forfeiture,Plaintiff,370
1996-10,Asset Forfeiture,Plaintiff,382
1996-11,Asset Forfeiture,Plaintiff,394
1996-12,Asset Forfeiture,Plaintiff,416
1997-01,Asset Forfeiture,Plaintiff,443
1997-02,Asset Forfeiture,Plaintiff,462
1997-03,Asset Forfeiture,Plaintiff,483
1997-04,Asset Forfeiture,Plaintiff,498
1997-05,Asset Forfeiture,Plaintiff,526
1997-06,Asset Forfeiture,Plaintiff,555
1997-07,Asset Forfeiture,Plaintiff,589
1997-08,Asset Forfeiture,Plaintiff,608
1997-09,Asset Forfeiture,Plaintiff,627
1997-10,Asset Forfeiture,Plaintiff,677
1997-11,Asset Forfeiture,Plaintiff,702
1997-12,Asset Forfeiture,Plaintiff,729
1998-01,Asset Forfeiture,Plaintiff,760
1998-02,Asset Forfeiture,Plaintiff,776
1998-03,Asset Forfeiture,Plaintiff,821
1998-04,Asset Forfeiture,Plaintiff,862
1998-05,Asset Forfeiture,Plaintiff,942
1998-06,Asset Forfeiture,Plaintiff,1008
1998-07,Asset Forfeiture,Plaintiff,1073
1998-08,Asset Forfeiture,Plaintiff,1120
1998-09,Asset Forfeiture,Plaintiff,1151
1998-10,Asset Forfeiture,Plaintiff,1189
1998-11,Asset Forfeiture,Plaintiff,1236
1998-12,Asset Forfeiture,Plaintiff,1299
1999-01,Asset Forfeiture,Plaintiff,1355
1999-02,Asset Forfeiture,Plaintiff,1420
1999-03,Asset Forfeiture,Plaintiff,1481
1999-04,Asset Forfeiture,Plaintiff,1610
1999-05,Asset Forfeiture,Plaintiff,1726
1999-06,Asset Forfeiture,Plaintiff,1834
1999-07,Asset Forfeiture,Plaintiff,2010
1999-08,Asset Forfeiture,Plaintiff,2130
1999-09,Asset Forfeiture,Plaintiff,2194
1999-10,Asset Forfeiture,Plaintiff,2187
1999-11,Asset Forfeiture,Plaintiff,2179
1999-12,Asset Forfeiture,Plaintiff,2288
2000-01,Asset Forfeiture,Plaintiff,2262
2000-02,Asset Forfeiture,Plaintiff,2293
2000-03,Asset Forfeiture,Plaintiff,2248
2000-04,Asset Forfeiture,Plaintiff,2192
2000-05,Asset Forfeiture,Plaintiff,2194
2000-06,Asset Forfeiture,Plaintiff,2193
2000-07,Asset Forfeiture,Plaintiff,2214
2000-08,Asset Forfeiture,Plaintiff,2398
2000-09,Asset Forfeiture,Plaintiff,2356
2000-10,Asset Forfeiture,Plaintiff,2274
2000-11,Asset Forfeiture,Plaintiff,2241
2000-12,Asset Forfeiture,Plaintiff,2217
2001-01,Asset Forfeiture,Plaintiff,2207
2001-02,Asset Forfeiture,Plaintiff,2215
2001-03,Asset Forfeiture,Plaintiff,2226
2001-04,Asset Forfeiture,Plaintiff,2218
2001-05,Asset Forfeiture,Plaintiff,2227
2001-06,Asset Forfeiture,Plaintiff,2283
2001-07,Asset Forfeiture,Plaintiff,2312
2001-08,Asset Forfeiture,Plaintiff,2382
2001-09,Asset Forfeiture,Plaintiff,2330
2001-10,Asset Forfeiture,Plaintiff,2334
2001-11,Asset Forfeiture,Plaintiff,2394
2001-12,Asset Forfeiture,Plaintiff,2427
2002-01,Asset Forfeiture,Plaintiff,2403
2002-02,Asset Forfeiture,Plaintiff,2415
2002-03,Asset Forfeiture,Plaintiff,2404
2002-04,Asset Forfeiture,Plaintiff,2417
2002-05,Asset Forfeiture,Plaintiff,2472
2002-06,Asset Forfeiture,Plaintiff,2492
2002-07,Asset Forfeiture,Plaintiff,2533
2002-08,Asset Forfeiture,Plaintiff,2559
2002-09,Asset Forfeiture,Plaintiff,2560
2002-10,Asset Forfeiture,Plaintiff,2540
2002-11,Asset Forfeiture,Plaintiff,2458
2002-12,Asset Forfeiture,Plaintiff,2463
2003-01,Asset Forfeiture,Plaintiff,2411
2003-02,Asset Forfeiture,Plaintiff,2435
2003-03,Asset Forfeiture,Plaintiff,2443
2003-04,Asset Forfeiture,Plaintiff,2427
2003-05,Asset Forfeiture,Plaintiff,2452
2003-06,Asset Forfeiture,Plaintiff,2471
2003-07,Asset Forfeiture,Plaintiff,2470
2003-08,Asset Forfeiture,Plaintiff,2518
2003-09,Asset Forfeiture,Plaintiff,2495
2003-10,Asset Forfeiture,Plaintiff,2522
2003-11,Asset Forfeiture,Plaintiff,2525
2003-12,Asset Forfeiture,Plaintiff,2548
2004-01,Asset Forfeiture,Plaintiff,2530
2004-02,Asset Forfeiture,Plaintiff,2569
2004-03,Asset Forfeiture,Plaintiff,2534
2004-04,Asset Forfeiture,Plaintiff,2554
2004-05,Asset Forfeiture,Plaintiff,2579
2004-06,Asset Forfeiture,Plaintiff,2573
2004-07,Asset Forfeiture,Plaintiff,2619
2004-08,Asset Forfeiture,Plaintiff,2619
2004-09,Asset Forfeiture,Plaintiff,2581
2004-10,Asset Forfeiture,Plaintiff,2572
2004-11,Asset Forfeiture,Plaintiff,2669
2004-12,Asset Forfeiture,Plaintiff,2665
2005-01,Asset Forfeiture,Plaintiff,2667
2005-02,Asset Forfeiture,Plaintiff,2691
2005-03,Asset Forfeiture,Plaintiff,2708
2005-04,Asset Forfeiture,Plaintiff,2748
2005-05,Asset Forfeiture,Plaintiff,2736
2005-06,Asset Forfeiture,Plaintiff,2721
2005-07,Asset Forfeiture,Plaintiff,2764
2005-08,Asset Forfeiture,Plaintiff,2785
2005-09,Asset Forfeiture,Plaintiff,2871
2005-10,Asset Forfeiture,Plaintiff,2854
2005-11,Asset Forfeiture,Plaintiff,2842
2005-12,Asset Forfeiture,Plaintiff,2897
2006-01,Asset Forfeiture,Plaintiff,2901
2006-02,Asset Forfeiture,Plaintiff,2949
2006-03,Asset Forfeiture,Plaintiff,2924
2006-04,Asset Forfeiture,Plaintiff,2972
2006-05,Asset Forfeiture,Plaintiff,3003
2006-06,Asset Forfeiture,Plaintiff,3047
2006-07,Asset Forfeiture,Plaintiff,3043
2006-08,Asset Forfeiture,Plaintiff,3040
2006-09,Asset Forfeiture,Plaintiff,3048
2006-10,Asset Forfeiture,Plaintiff,2993
2006-11,Asset Forfeiture,Plaintiff,2983
2006-12,Asset Forfeiture,Plaintiff,3025
2007-01,Asset Forfeiture,Plaintiff,3026
2007-02,Asset Forfeiture,Plaintiff,3008
2007-03,Asset Forfeiture,Plaintiff,2924
2007-04,Asset Forfeiture,Plaintiff,2887
2007-05,Asset Forfeiture,Plaintiff,2893
2007-06,Asset Forfeiture,Plaintiff,2946
2007-07,Asset Forfeiture,Plaintiff,2963
2007-08,Asset Forfeiture,Plaintiff,2946
2007-09,Asset Forfeiture,Plaintiff,2977
2007-10,Asset Forfeiture,Plaintiff,2983
2007-11,Asset Forfeiture,Plaintiff,2996
2007-12,Asset Forfeiture,Plaintiff,3000
2008-01,Asset Forfeiture,Plaintiff,2992
2008-02,Asset Forfeiture,Plaintiff,2986
2008-03,Asset Forfeiture,Plaintiff,2980
2008-04,Asset Forfeiture,Plaintiff,2988
2008-05,Asset Forfeiture,Plaintiff,2998
2008-06,Asset Forfeiture,Plaintiff,2995
2008-07,Asset Forfeiture,Plaintiff,3010
2008-08,Asset Forfeiture,Plaintiff,3005
2008-09,Asset Forfeiture,Plaintiff,2954
2008-10,Asset Forfeiture,Plaintiff,2985
2008-11,Asset Forfeiture,Plaintiff,2959
2008-12,Asset Forfeiture,Plaintiff,2944
2009-01,Asset Forfeiture,Plaintiff,2938
2009-02,Asset Forfeiture,Plaintiff,2928
2009-03,Asset Forfeiture,Plaintiff,2884
2009-04,Asset Forfeiture,Plaintiff,2850
2009-05,Asset Forfeiture,Plaintiff,2854
2009-06,Asset Forfeiture,Plaintiff,2800
2009-07,Asset Forfeiture,Plaintiff,2826
2009-08,Asset Forfeiture,Plaintiff,2795
2009-09,Asset Forfeiture,Plaintiff,2819
2009-10,Asset Forfeiture,Plaintiff,2823
2009-11,Asset Forfeiture,Plaintiff,2857
2009-12,Asset Forfeiture,Plaintiff,2881
2010-01,Asset Forfeiture,Plaintiff,2874
2010-02,Asset Forfeiture,Plaintiff,2862
2010-03,Asset Forfeiture,Plaintiff,2790
2010-04,Asset Forfeiture,Plaintiff,2687
2010-05,Asset Forfeiture,Plaintiff,2702
2010-06,Asset Forfeiture,Plaintiff,2687
2010-07,Asset Forfeiture,Plaintiff,2689
2010-08,Asset Forfeiture,Plaintiff,2687
2010-09,Asset Forfeiture,Plaintiff,2663
2010-10,Asset Forfeiture,Plaintiff,2686
2010-11,Asset Forfeiture,Plaintiff,2701
2010-12,Asset Forfeiture,Plaintiff,2735
2011-01,Asset Forfeiture,Plaintiff,2739
2011-02,Asset Forfeiture,Plaintiff,2778
2011-03,Asset Forfeiture,Plaintiff,2671
2011-04,Asset Forfeiture,Plaintiff,2666
2011-05,Asset Forfeiture,Plaintiff,2693
2011-06,Asset Forfeiture,Plaintiff,2716
2011-07,Asset Forfeiture,Plaintiff,2782
2011-08,Asset Forfeiture,Plaintiff,2810
2011-09,Asset Forfeiture,Plaintiff,2727
2011-10,Asset Forfeiture,Plaintiff,2729
2011-11,Asset Forfeiture,Plaintiff,2766
2011-12,Asset Forfeiture,Plaintiff,2786
2012-01,Asset Forfeiture,Plaintiff,2762
2012-02,Asset Forfeiture,Plaintiff,2743
2012-03,Asset Forfeiture,Plaintiff,2722
2012-04,Asset Forfeiture,Plaintiff,2708
2012-05,Asset Forfeiture,Plaintiff,2697
2012-06,Asset Forfeiture,Plaintiff,2747
2012-07,Asset Forfeiture,Plaintiff,2774
2012-08,Asset Forfeiture,Plaintiff,2777
2012-09,Asset Forfeiture,Plaintiff,2747
2012-10,Asset Forfeiture,Plaintiff,2713
2012-11,Asset Forfeiture,Plaintiff,2775
2012-12,Asset Forfeiture,Plaintiff,2797
2013-01,Asset Forfeiture,Plaintiff,2763
2013-02,Asset Forfeiture,Plaintiff,2736
2013-03,Asset Forfeiture,Plaintiff,2725
2013-04,Asset Forfeiture,Plaintiff,2760
2013-05,Asset Forfeiture,Plaintiff,2799
2013-06,Asset Forfeiture,Plaintiff,2849
2013-07,Asset Forfeiture,Plaintiff,2871
2013-08,Asset Forfeiture,Plaintiff,2795
2013-09,Asset Forfeiture,Plaintiff,2746
2013-10,Asset Forfeiture,Plaintiff,2707
2013-11,Asset Forfeiture,Plaintiff,2742
2013-12,Asset Forfeiture,Plaintiff,2744
2014-01,Asset Forfeiture,Plaintiff,2737
2014-02,Asset Forfeiture,Plaintiff,2745
2014-03,Asset Forfeiture,Plaintiff,2618
2014-04,Asset Forfeiture,Plaintiff,2655
2014-05,Asset Forfeiture,Plaintiff,2671
2014-06,Asset Forfeiture,Plaintiff,2639
2014-07,Asset Forfeiture,Plaintiff,2644
2014-08,Asset Forfeiture,Plaintiff,2639
2014-09,Asset Forfeiture,Plaintiff,2587
2014-10,Asset Forfeiture,Plaintiff,2711
2014-11,Asset Forfeiture,Plaintiff,2759
2014-12,Asset Forfeiture,Plaintiff,2755
2015-01,Asset Forfeiture,Plaintiff,2759
2015-02,Asset Forfeiture,Plaintiff,2689
2015-03,Asset Forfeiture,Plaintiff,2451
2015-04,Asset Forfeiture,Plaintiff,2392
2015-05,Asset Forfeiture,Plaintiff,2374
2015-06,Asset Forfeiture,Plaintiff,2319
2015-07,Asset Forfeiture,Plaintiff,2291
2015-08,Asset Forfeiture,Plaintiff,2245
2015-09,Asset Forfeiture,Plaintiff,2193
2015-10,Asset Forfeiture,Plaintiff,2102
2015-11,Asset Forfeiture,Plaintiff,2112
2015-12,Asset Forfeiture,Plaintiff,2112
2016-01,Asset Forfeiture,Plaintiff,2071
2016-02,Asset Forfeiture,Plaintiff,2031
2016-03,Asset Forfeiture,Plaintiff,2027
2016-04,Asset Forfeiture,Plaintiff,2010
2016-05,Asset Forfeiture,Plaintiff,1988
2016-06,Asset Forfeiture,Plaintiff,1925
2016-07,Asset Forfeiture,Plaintiff,1929
2016-08,Asset Forfeiture,Plaintiff,1907
2016-09,Asset Forfeiture,Plaintiff,1837
2016-10,Asset Forfeiture,Plaintiff,1853
2016-11,Asset Forfeiture,Plaintiff,1878
2016-12,Asset Forfeiture,Plaintiff,1925
2017-01,Asset Forfeiture,Plaintiff,1915
2017-02,Asset Forfeiture,Plaintiff,1916
2017-03,Asset Forfeiture,Plaintiff,1897
2017-04,Asset Forfeiture,Plaintiff,1927
2017-05,Asset Forfeiture,Plaintiff,1901
2017-06,Asset Forfeiture,Plaintiff,1946
2017-07,Asset Forfeiture,Plaintiff,1946
2017-08,Asset Forfeiture,Plaintiff,1971
2017-09,Asset Forfeiture,Plaintiff,2003
2017-10,Asset Forfeiture,Plaintiff,2028
2017-11,Asset Forfeiture,Plaintiff,2021
2017-12,Asset Forfeiture,Plaintiff,2077
2018-01,Asset Forfeiture,Plaintiff,2055
2018-02,Asset Forfeiture,Plaintiff,2042
2018-03,Asset Forfeiture,Plaintiff,2012
2018-04,Asset Forfeiture,Plaintiff,2041
2018-05,Asset Forfeiture,Plaintiff,2066
2018-06,Asset Forfeiture,Plaintiff,2062
2018-07,Asset Forfeiture,Plaintiff,2077
2018-08,Asset Forfeiture,Plaintiff,2066
2018-09,Asset Forfeiture,Plaintiff,2015
2018-10,Asset Forfeiture,Plaintiff,2038
2018-11,Asset Forfeiture,Plaintiff,2058
2018-12,Asset Forfeiture,Plaintiff,2022
2019-01,Asset Forfeiture,Plaintiff,1924
2019-02,Asset Forfeiture,Plaintiff,1903
2019-03,Asset Forfeiture,Plaintiff,1865
2019-04,Asset Forfeiture,Plaintiff,2031
2019-05,Asset Forfeiture,Plaintiff,2041
2019-06,Asset Forfeiture,Plaintiff,2056
2019-07,Asset Forfeiture,Plaintiff,2061
2019-08,Asset Forfeiture,Plaintiff,2062
2019-09,Asset Forfeiture,Plaintiff,1972
2019-10,Asset Forfeiture,Plaintiff,1974
2019-11,Asset Forfeiture,Plaintiff,1935
2019-12,Asset Forfeiture,Plaintiff,1956
2020-01,Asset Forfeiture,Plaintiff,1961
2020-02,Asset Forfeiture,Plaintiff,1944
2020-03,Asset Forfeiture,Plaintiff,1929
2020-04,Asset Forfeiture,Plaintiff,1907
2020-05,Asset Forfeiture,Plaintiff,1899
2020-06,Asset Forfeiture,Plaintiff,1888
2020-07,Asset Forfeiture,Plaintiff,1898
2020-08,Asset Forfeiture,Plaintiff,1901
2020-09,Asset Forfeiture,Plaintiff,1899
2020-10,Asset Forfeiture,Plaintiff,1939
2020-11,Asset Forfeiture,Plaintiff,2016
2020-12,Asset Forfeiture,Plaintiff,2035
2021-01,Asset Forfeiture,Plaintiff,2078
2021-02,Asset Forfeiture,Plaintiff,2064
2021-03,Asset Forfeiture,Plaintiff,2092
2021-04,Asset Forfeiture,Plaintiff,2108
2021-05,Asset Forfeiture,Plaintiff,2132
2021-06,Asset Forfeiture,Plaintiff,2150
2021-07,Asset Forfeiture,Plaintiff,2155
2021-08,Asset Forfeiture,Plaintiff,2187
2021-09,Asset Forfeiture,Plaintiff,2169
2021-10,Asset Forfeiture,Plaintiff,2177
2021-11,Asset Forfeiture,Plaintiff,2179
2021-12,Asset Forfeiture,Plaintiff,2170
2022-01,Asset Forfeiture,Plaintiff,2170
2022-02,Asset Forfeiture,Plaintiff,2147
2022-03,Asset Forfeiture,Plaintiff,2101
2022-04,Asset Forfeiture,Plaintiff,2111
2022-05,Asset Forfeiture,Plaintiff,2155
2022-06,Asset Forfeiture,Plaintiff,2147
2022-07,Asset Forfeiture,Plaintiff,2150
2022-08,Asset Forfeiture,Plaintiff,2139
2022-09,Asset Forfeiture,Plaintiff,2136
2022-10,Asset Forfeiture,Plaintiff,2093
2022-11,Asset Forfeiture,Plaintiff,2086
2022-12,Asset Forfeiture,Plaintiff,2050
2023-01,Asset Forfeiture,Plaintiff,2055
2023-02,Asset Forfeiture,Plaintiff,1816
2023-03,Asset Forfeiture,Plaintiff,1718
2023-04,Asset Forfeiture,Plaintiff,1676
2023-05,Asset Forfeiture,Plaintiff,1665
2023-06,Asset Forfeiture,Plaintiff,1684
2023-07,Asset Forfeiture,Plaintiff,1684
2023-08,Asset Forfeiture,Plaintiff,1637
2023-09,Asset Forfeiture,Plaintiff,1547
2023-10,Asset Forfeiture,Plaintiff,1542
2023-11,Asset Forfeiture,Plaintiff,1504
2023-12,Asset Forfeiture,Plaintiff,1525
2024-01,Asset Forfeiture,Plaintiff,1463
2024-02,Asset Forfeiture,Plaintiff,1457
2024-03,Asset Forfeiture,Plaintiff,1422
2024-04,Asset Forfeiture,Plaintiff,1425
2024-05,Asset Forfeiture,Plaintiff,1410
2024-06,Asset Forfeiture,Plaintiff,1389
2024-07,Asset Forfeiture,Plaintiff,1398
2024-08,Asset Forfeiture,Plaintiff,1387
2024-09,Asset Forfeiture,Plaintiff,1389
2024-10,Asset Forfeiture,Plaintiff,1392
2024-11,Asset Forfeiture,Plaintiff,1398
2024-12,Asset Forfeiture,Plaintiff,1420
2025-01,Asset Forfeiture,Plaintiff,1396
2025-02,Asset Forfeiture,Plaintiff,1424
2025-03,Asset Forfeiture,Plaintiff,1412
2025-04,Asset Forfeiture,Plaintiff,1416
2025-05,Asset Forfeiture,Plaintiff,1404
2025-06,Asset Forfeiture,Plaintiff,1398
2025-07,Asset Forfeiture,Plaintiff,1413
2025-08,Asset Forfeiture,Plaintiff,1401
2025-09,Asset Forfeiture,Plaintiff,1366
2025-10,Asset Forfeiture,Plaintiff,1388
2025-11,Asset Forfeiture,Plaintiff,1415
2025-12,Asset Forfeiture,Plaintiff,1429
2026-01,Asset Forfeiture,Plaintiff,1431
2026-02,Asset Forfeiture,Plaintiff,1426
2026-03,Asset Forfeiture,Plaintiff,1415
2026-04,Asset Forfeiture,Plaintiff,1436
2026-05,Asset Forfeiture,Plaintiff,1455
2026-06,Asset Forfeiture,Plaintiff,1494
2026-07,Asset Forfeiture,Plaintiff,1484
1994-10,Bankruptcy,Plaintiff,139
1994-11,Bankruptcy,Plaintiff,141
1994-12,Bankruptcy,Plaintiff,146
1995-01,Bankruptcy,Plaintiff,151
1995-02,Bankruptcy,Plaintiff,156
1995-03,Bankruptcy,Plaintiff,161
1995-04,Bankruptcy,Plaintiff,162
1995-05,Bankruptcy,Plaintiff,169
1995-06,Bankruptcy,Plaintiff,177
1995-07,Bankruptcy,Plaintiff,180
1995-08,Bankruptcy,Plaintiff,181
1995-09,Bankruptcy,Plaintiff,184
1995-10,Bankruptcy,Plaintiff,192
1995-11,Bankruptcy,Plaintiff,197
1995-12,Bankruptcy,Plaintiff,201
1996-01,Bankruptcy,Plaintiff,207
1996-02,Bankruptcy,Plaintiff,217
1996-03,Bankruptcy,Plaintiff,222
1996-04,Bankruptcy,Plaintiff,231
1996-05,Bankruptcy,Plaintiff,239
1996-06,Bankruptcy,Plaintiff,244
1996-07,Bankruptcy,Plaintiff,251
1996-08,Bankruptcy,Plaintiff,260
1996-09,Bankruptcy,Plaintiff,267
1996-10,Bankruptcy,Plaintiff,279
1996-11,Bankruptcy,Plaintiff,293
1996-12,Bankruptcy,Plaintiff,295
1997-01,Bankruptcy,Plaintiff,306
1997-02,Bankruptcy,Plaintiff,317
1997-03,Bankruptcy,Plaintiff,332
1997-04,Bankruptcy,Plaintiff,338
1997-05,Bankruptcy,Plaintiff,358
1997-06,Bankruptcy,Plaintiff,372
1997-07,Bankruptcy,Plaintiff,384
1997-08,Bankruptcy,Plaintiff,408
1997-09,Bankruptcy,Plaintiff,416
1997-10,Bankruptcy,Plaintiff,431
1997-11,Bankruptcy,Plaintiff,442
1997-12,Bankruptcy,Plaintiff,454
1998-01,Bankruptcy,Plaintiff,476
1998-02,Bankruptcy,Plaintiff,487
1998-03,Bankruptcy,Plaintiff,512
1998-04,Bankruptcy,Plaintiff,535
1998-05,Bankruptcy,Plaintiff,549
1998-06,Bankruptcy,Plaintiff,571
1998-07,Bankruptcy,Plaintiff,587
1998-08,Bankruptcy,Plaintiff,610
1998-09,Bankruptcy,Plaintiff,633
1998-10,Bankruptcy,Plaintiff,659
1998-11,Bankruptcy,Plaintiff,672
1998-12,Bankruptcy,Plaintiff,693
1999-01,Bankruptcy,Plaintiff,720
1999-02,Bankruptcy,Plaintiff,739
1999-03,Bankruptcy,Plaintiff,757
1999-04,Bankruptcy,Plaintiff,781
1999-05,Bankruptcy,Plaintiff,815
1999-06,Bankruptcy,Plaintiff,829
1999-07,Bankruptcy,Plaintiff,862
1999-08,Bankruptcy,Plaintiff,879
1999-09,Bankruptcy,Plaintiff,879
1999-10,Bankruptcy,Plaintiff,891
1999-11,Bankruptcy,Plaintiff,873
1999-12,Bankruptcy,Plaintiff,874
2000-01,Bankruptcy,Plaintiff,876
2000-02,Bankruptcy,Plaintiff,868
2000-03,Bankruptcy,Plaintiff,851
2000-04,Bankruptcy,Plaintiff,851
2000-05,Bankruptcy,Plaintiff,846
2000-06,Bankruptcy,Plaintiff,846
2000-07,Bankruptcy,Plaintiff,833
2000-08,Bankruptcy,Plaintiff,831
2000-09,Bankruptcy,Plaintiff,811
2000-10,Bankruptcy,Plaintiff,827
2000-11,Bankruptcy,Plaintiff,832
2000-12,Bankruptcy,Plaintiff,831
2001-01,Bankruptcy,Plaintiff,810
2001-02,Bankruptcy,Plaintiff,816
2001-03,Bankruptcy,Plaintiff,842
2001-04,Bankruptcy,Plaintiff,813
2001-05,Bankruptcy,Plaintiff,804
2001-06,Bankruptcy,Plaintiff,814
2001-07,Bankruptcy,Plaintiff,825
2001-08,Bankruptcy,Plaintiff,873
2001-09,Bankruptcy,Plaintiff,901
2001-10,Bankruptcy,Plaintiff,913
2001-11,Bankruptcy,Plaintiff,924
2001-12,Bankruptcy,Plaintiff,930
2002-01,Bankruptcy,Plaintiff,950
2002-02,Bankruptcy,Plaintiff,990
2002-03,Bankruptcy,Plaintiff,999
2002-04,Bankruptcy,Plaintiff,1030
2002-05,Bankruptcy,Plaintiff,1006
2002-06,Bankruptcy,Plaintiff,1009
2002-07,Bankruptcy,Plaintiff,1023
2002-08,Bankruptcy,Plaintiff,1012
2002-09,Bankruptcy,Plaintiff,1009
2002-10,Bankruptcy,Plaintiff,994
2002-11,Bankruptcy,Plaintiff,982
2002-12,Bankruptcy,Plaintiff,978
2003-01,Bankruptcy,Plaintiff,968
2003-02,Bankruptcy,Plaintiff,941
2003-03,Bankruptcy,Plaintiff,914
2003-04,Bankruptcy,Plaintiff,900
2003-05,Bankruptcy,Plaintiff,910
2003-06,Bankruptcy,Plaintiff,929
2003-07,Bankruptcy,Plaintiff,883
2003-08,Bankruptcy,Plaintiff,886
2003-09,Bankruptcy,Plaintiff,861
2003-10,Bankruptcy,Plaintiff,886
2003-11,Bankruptcy,Plaintiff,949
2003-12,Bankruptcy,Plaintiff,955
2004-01,Bankruptcy,Plaintiff,915
2004-02,Bankruptcy,Plaintiff,941
2004-03,Bankruptcy,Plaintiff,617
2004-04,Bankruptcy,Plaintiff,646
2004-05,Bankruptcy,Plaintiff,690
2004-06,Bankruptcy,Plaintiff,634
2004-07,Bankruptcy,Plaintiff,613
2004-08,Bankruptcy,Plaintiff,585
2004-09,Bankruptcy,Plaintiff,567
2004-10,Bankruptcy,Plaintiff,548
2004-11,Bankruptcy,Plaintiff,532
2004-12,Bankruptcy,Plaintiff,559
2005-01,Bankruptcy,Plaintiff,632
2005-02,Bankruptcy,Plaintiff,676
2005-03,Bankruptcy,Plaintiff,670
2005-04,Bankruptcy,Plaintiff,682
2005-05,Bankruptcy,Plaintiff,662
2005-06,Bankruptcy,Plaintiff,695
2005-07,Bankruptcy,Plaintiff,700
2005-08,Bankruptcy,Plaintiff,746
2005-09,Bankruptcy,Plaintiff,779
2005-10,Bankruptcy,Plaintiff,793
2005-11,Bankruptcy,Plaintiff,794
2005-12,Bankruptcy,Plaintiff,780
2006-01,Bankruptcy,Plaintiff,827
2006-02,Bankruptcy,Plaintiff,794
2006-03,Bankruptcy,Plaintiff,690
2006-04,Bankruptcy,Plaintiff,686
2006-05,Bankruptcy,Plaintiff,661
2006-06,Bankruptcy,Plaintiff,626
2006-07,Bankruptcy,Plaintiff,608
2006-08,Bankruptcy,Plaintiff,583
2006-09,Bankruptcy,Plaintiff,551
2006-10,Bankruptcy,Plaintiff,532
2006-11,Bankruptcy,Plaintiff,507
2006-12,Bankruptcy,Plaintiff,511
2007-01,Bankruptcy,Plaintiff,490
2007-02,Bankruptcy,Plaintiff,468
2007-03,Bankruptcy,Plaintiff,449
2007-04,Bankruptcy,Plaintiff,446
2007-05,Bankruptcy,Plaintiff,417
2007-06,Bankruptcy,Plaintiff,417
2007-07,Bankruptcy,Plaintiff,410
2007-08,Bankruptcy,Plaintiff,382
2007-09,Bankruptcy,Plaintiff,372
2007-10,Bankruptcy,Plaintiff,353
2007-11,Bankruptcy,Plaintiff,349
2007-12,Bankruptcy,Plaintiff,346
2008-01,Bankruptcy,Plaintiff,329
2008-02,Bankruptcy,Plaintiff,306
2008-03,Bankruptcy,Plaintiff,302
2008-04,Bankruptcy,Plaintiff,281
2008-05,Bankruptcy,Plaintiff,277
2008-06,Bankruptcy,Plaintiff,271
2008-07,Bankruptcy,Plaintiff,262
2008-08,Bankruptcy,Plaintiff,262
2008-09,Bankruptcy,Plaintiff,257
2008-10,Bankruptcy,Plaintiff,251
2008-11,Bankruptcy,Plaintiff,249
2008-12,Bankruptcy,Plaintiff,251
2009-01,Bankruptcy,Plaintiff,244
2009-02,Bankruptcy,Plaintiff,246
2009-03,Bankruptcy,Plaintiff,238
2009-04,Bankruptcy,Plaintiff,231
2009-05,Bankruptcy,Plaintiff,228
2009-06,Bankruptcy,Plaintiff,225
2009-07,Bankruptcy,Plaintiff,228
2009-08,Bankruptcy,Plaintiff,222
2009-09,Bankruptcy,Plaintiff,210
2009-10,Bankruptcy,Plaintiff,198
2009-11,Bankruptcy,Plaintiff,194
2009-12,Bankruptcy,Plaintiff,189
2010-01,Bankruptcy,Plaintiff,190
2010-02,Bankruptcy,Plaintiff,192
2010-03,Bankruptcy,Plaintiff,189
2010-04,Bankruptcy,Plaintiff,181
2010-05,Bankruptcy,Plaintiff,175
2010-06,Bankruptcy,Plaintiff,181
2010-07,Bankruptcy,Plaintiff,184
2010-08,Bankruptcy,Plaintiff,201
2010-09,Bankruptcy,Plaintiff,209
2010-10,Bankruptcy,Plaintiff,224
2010-11,Bankruptcy,Plaintiff,216
2010-12,Bankruptcy,Plaintiff,215
2011-01,Bankruptcy,Plaintiff,213
2011-02,Bankruptcy,Plaintiff,209
2011-03,Bankruptcy,Plaintiff,188
2011-04,Bankruptcy,Plaintiff,184
2011-05,Bankruptcy,Plaintiff,171
2011-06,Bankruptcy,Plaintiff,179
2011-07,Bankruptcy,Plaintiff,182
2011-08,Bankruptcy,Plaintiff,161
2011-09,Bankruptcy,Plaintiff,156
2011-10,Bankruptcy,Plaintiff,156
2011-11,Bankruptcy,Plaintiff,154
2011-12,Bankruptcy,Plaintiff,156
2012-01,Bankruptcy,Plaintiff,154
2012-02,Bankruptcy,Plaintiff,154
2012-03,Bankruptcy,Plaintiff,148
2012-04,Bankruptcy,Plaintiff,139
2012-05,Bankruptcy,Plaintiff,145
2012-06,Bankruptcy,Plaintiff,131
2012-07,Bankruptcy,Plaintiff,129
2012-08,Bankruptcy,Plaintiff,128
2012-09,Bankruptcy,Plaintiff,121
2012-10,Bankruptcy,Plaintiff,120
2012-11,Bankruptcy,Plaintiff,124
2012-12,Bankruptcy,Plaintiff,116
2013-01,Bankruptcy,Plaintiff,113
2013-02,Bankruptcy,Plaintiff,111
2013-03,Bankruptcy,Plaintiff,117
2013-04,Bankruptcy,Plaintiff,115
2013-05,Bankruptcy,Plaintiff,110
2013-06,Bankruptcy,Plaintiff,115
2013-07,Bankruptcy,Plaintiff,119
2013-08,Bankruptcy,Plaintiff,125
2013-09,Bankruptcy,Plaintiff,122
2013-10,Bankruptcy,Plaintiff,122
2013-11,Bankruptcy,Plaintiff,116
2013-12,Bankruptcy,Plaintiff,109
2014-01,Bankruptcy,Plaintiff,112
2014-02,Bankruptcy,Plaintiff,112
2014-03,Bankruptcy,Plaintiff,114
2014-04,Bankruptcy,Plaintiff,111
2014-05,Bankruptcy,Plaintiff,116
2014-06,Bankruptcy,Plaintiff,115
2014-07,Bankruptcy,Plaintiff,123
2014-08,Bankruptcy,Plaintiff,134
2014-09,Bankruptcy,Plaintiff,118
2014-10,Bankruptcy,Plaintiff,122
2014-11,Bankruptcy,Plaintiff,123
2014-12,Bankruptcy,Plaintiff,116
2015-01,Bankruptcy,Plaintiff,115
2015-02,Bankruptcy,Plaintiff,115
2015-03,Bankruptcy,Plaintiff,119
2015-04,Bankruptcy,Plaintiff,114
2015-05,Bankruptcy,Plaintiff,114
2015-06,Bankruptcy,Plaintiff,113
2015-07,Bankruptcy,Plaintiff,115
2015-08,Bankruptcy,Plaintiff,115
2015-09,Bankruptcy,Plaintiff,111
2015-10,Bankruptcy,Plaintiff,106
2015-11,Bankruptcy,Plaintiff,103
2015-12,Bankruptcy,Plaintiff,102
2016-01,Bankruptcy,Plaintiff,96
2016-02,Bankruptcy,Plaintiff,95
2016-03,Bankruptcy,Plaintiff,91
2016-04,Bankruptcy,Plaintiff,92
2016-05,Bankruptcy,Plaintiff,93
2016-06,Bankruptcy,Plaintiff,94
2016-07,Bankruptcy,Plaintiff,95
2016-08,Bankruptcy,Plaintiff,95
2016-09,Bankruptcy,Plaintiff,99
2016-10,Bankruptcy,Plaintiff,98
2016-11,Bankruptcy,Plaintiff,95
2016-12,Bankruptcy,Plaintiff,91
2017-01,Bankruptcy,Plaintiff,91
2017-02,Bankruptcy,Plaintiff,94
2017-03,Bankruptcy,Plaintiff,95
2017-04,Bankruptcy,Plaintiff,89
2017-05,Bankruptcy,Plaintiff,87
2017-06,Bankruptcy,Plaintiff,86
2017-07,Bankruptcy,Plaintiff,92
2017-08,Bankruptcy,Plaintiff,98
2017-09,Bankruptcy,Plaintiff,93
2017-10,Bankruptcy,Plaintiff,94
2017-11,Bankruptcy,Plaintiff,94
2017-12,Bankruptcy,Plaintiff,94
2018-01,Bankruptcy,Plaintiff,86
2018-02,Bankruptcy,Plaintiff,84
2018-03,Bankruptcy,Plaintiff,76
2018-04,Bankruptcy,Plaintiff,78
2018-05,Bankruptcy,Plaintiff,76
2018-06,Bankruptcy,Plaintiff,73
2018-07,Bankruptcy,Plaintiff,76
2018-08,Bankruptcy,Plaintiff,71
2018-09,Bankruptcy,Plaintiff,67
2018-10,Bankruptcy,Plaintiff,61
2018-11,Bankruptcy,Plaintiff,63
2018-12,Bankruptcy,Plaintiff,69
2019-01,Bankruptcy,Plaintiff,71
2019-02,Bankruptcy,Plaintiff,77
2019-03,Bankruptcy,Plaintiff,78
2019-04,Bankruptcy,Plaintiff,78
2019-05,Bankruptcy,Plaintiff,81
2019-06,Bankruptcy,Plaintiff,84
2019-07,Bankruptcy,Plaintiff,87
2019-08,Bankruptcy,Plaintiff,83
2019-09,Bankruptcy,Plaintiff,83
2019-10,Bankruptcy,Plaintiff,80
2019-11,Bankruptcy,Plaintiff,78
2019-12,Bankruptcy,Plaintiff,76
2020-01,Bankruptcy,Plaintiff,76
2020-02,Bankruptcy,Plaintiff,76
2020-03,Bankruptcy,Plaintiff,72
2020-04,Bankruptcy,Plaintiff,73
2020-05,Bankruptcy,Plaintiff,72
2020-06,Bankruptcy,Plaintiff,71
2020-07,Bankruptcy,Plaintiff,73
2020-08,Bankruptcy,Plaintiff,69
2020-09,Bankruptcy,Plaintiff,66
2020-10,Bankruptcy,Plaintiff,62
2020-11,Bankruptcy,Plaintiff,61
2020-12,Bankruptcy,Plaintiff,61
2021-01,Bankruptcy,Plaintiff,60
2021-02,Bankruptcy,Plaintiff,56
2021-03,Bankruptcy,Plaintiff,48
2021-04,Bankruptcy,Plaintiff,46
2021-05,Bankruptcy,Plaintiff,46
2021-06,Bankruptcy,Plaintiff,42
2021-07,Bankruptcy,Plaintiff,44
2021-08,Bankruptcy,Plaintiff,45
2021-09,Bankruptcy,Plaintiff,45
2021-10,Bankruptcy,Plaintiff,43
2021-11,Bankruptcy,Plaintiff,46
2021-12,Bankruptcy,Plaintiff,46
2022-01,Bankruptcy,Plaintiff,43
2022-02,Bankruptcy,Plaintiff,42
2022-03,Bankruptcy,Plaintiff,38
2022-04,Bankruptcy,Plaintiff,39
2022-05,Bankruptcy,Plaintiff,39
2022-06,Bankruptcy,Plaintiff,38
2022-07,Bankruptcy,Plaintiff,38
2022-08,Bankruptcy,Plaintiff,35
2022-09,Bankruptcy,Plaintiff,35
2022-10,Bankruptcy,Plaintiff,35
2022-11,Bankruptcy,Plaintiff,36
2022-12,Bankruptcy,Plaintiff,36
2023-01,Bankruptcy,Plaintiff,39
2023-02,Bankruptcy,Plaintiff,40
2023-03,Bankruptcy,Plaintiff,41
2023-04,Bankruptcy,Plaintiff,40
2023-05,Bankruptcy,Plaintiff,40
2023-06,Bankruptcy,Plaintiff,42
2023-07,Bankruptcy,Plaintiff,46
2023-08,Bankruptcy,Plaintiff,48
2023-09,Bankruptcy,Plaintiff,54
2023-10,Bankruptcy,Plaintiff,55
2023-11,Bankruptcy,Plaintiff,53
2023-12,Bankruptcy,Plaintiff,54
2024-01,Bankruptcy,Plaintiff,54
2024-02,Bankruptcy,Plaintiff,55
2024-03,Bankruptcy,Plaintiff,53
2024-04,Bankruptcy,Plaintiff,51
2024-05,Bankruptcy,Plaintiff,55
2024-06,Bankruptcy,Plaintiff,51
2024-07,Bankruptcy,Plaintiff,54
2024-08,Bankruptcy,Plaintiff,53
2024-09,Bankruptcy,Plaintiff,52
2024-10,Bankruptcy,Plaintiff,58
2024-11,Bankruptcy,Plaintiff,56
2024-12,Bankruptcy,Plaintiff,63
2025-01,Bankruptcy,Plaintiff,59
2025-02,Bankruptcy,Plaintiff,57
2025-03,Bankruptcy,Plaintiff,54
2025-04,Bankruptcy,Plaintiff,54
2025-05,Bankruptcy,Plaintiff,52
2025-06,Bankruptcy,Plaintiff,54
2025-07,Bankruptcy,Plaintiff,56
2025-08,Bankruptcy,Plaintiff,53
2025-09,Bankruptcy,Plaintiff,54
2025-10,Bankruptcy,Plaintiff,54
2025-11,Bankruptcy,Plaintiff,53
2025-12,Bankruptcy,Plaintiff,55
2026-01,Bankruptcy,Plaintiff,55
2026-02,Bankruptcy,Plaintiff,54
2026-03,Bankruptcy,Plaintiff,49
2026-04,Bankruptcy,Plaintiff,52
2026-05,Bankruptcy,Plaintiff,51
2026-06,Bankruptcy,Plaintiff,52
2026-07,Bankruptcy,Plaintiff,48
1994-10,Civil Rights,Plaintiff,298
1994-11,Civil Rights,Plaintiff,299
1994-12,Civil Rights,Plaintiff,297
1995-01,Civil Rights,Plaintiff,296
1995-02,Civil Rights,Plaintiff,288
1995-03,Civil Rights,Plaintiff,290
1995-04,Civil Rights,Plaintiff,304
1995-05,Civil Rights,Plaintiff,308
1995-06,Civil Rights,Plaintiff,318
1995-07,Civil Rights,Plaintiff,312
1995-08,Civil Rights,Plaintiff,310
1995-09,Civil Rights,Plaintiff,303
1995-10,Civil Rights,Plaintiff,303
1995-11,Civil Rights,Plaintiff,306
1995-12,Civil Rights,Plaintiff,299
1996-01,Civil Rights,Plaintiff,297
1996-02,Civil Rights,Plaintiff,292
1996-03,Civil Rights,Plaintiff,284
1996-04,Civil Rights,Plaintiff,286
1996-05,Civil Rights,Plaintiff,275
1996-06,Civil Rights,Plaintiff,275
1996-07,Civil Rights,Plaintiff,272
1996-08,Civil Rights,Plaintiff,270
1996-09,Civil Rights,Plaintiff,273
1996-10,Civil Rights,Plaintiff,270
1996-11,Civil Rights,Plaintiff,269
1996-12,Civil Rights,Plaintiff,270
1997-01,Civil Rights,Plaintiff,264
1997-02,Civil Rights,Plaintiff,259
1997-03,Civil Rights,Plaintiff,257
1997-04,Civil Rights,Plaintiff,251
1997-05,Civil Rights,Plaintiff,245
1997-06,Civil Rights,Plaintiff,249
1997-07,Civil Rights,Plaintiff,239
1997-08,Civil Rights,Plaintiff,224
1997-09,Civil Rights,Plaintiff,225
1997-10,Civil Rights,Plaintiff,228
1997-11,Civil Rights,Plaintiff,225
1997-12,Civil Rights,Plaintiff,225
1998-01,Civil Rights,Plaintiff,218
1998-02,Civil Rights,Plaintiff,223
1998-03,Civil Rights,Plaintiff,221
1998-04,Civil Rights,Plaintiff,222
1998-05,Civil Rights,Plaintiff,220
1998-06,Civil Rights,Plaintiff,210
1998-07,Civil Rights,Plaintiff,211
1998-08,Civil Rights,Plaintiff,213
1998-09,Civil Rights,Plaintiff,222
1998-10,Civil Rights,Plaintiff,224
1998-11,Civil Rights,Plaintiff,227
1998-12,Civil Rights,Plaintiff,226
1999-01,Civil Rights,Plaintiff,227
1999-02,Civil Rights,Plaintiff,217
1999-03,Civil Rights,Plaintiff,219
1999-04,Civil Rights,Plaintiff,211
1999-05,Civil Rights,Plaintiff,210
1999-06,Civil Rights,Plaintiff,208
1999-07,Civil Rights,Plaintiff,201
1999-08,Civil Rights,Plaintiff,202
1999-09,Civil Rights,Plaintiff,215
1999-10,Civil Rights,Plaintiff,211
1999-11,Civil Rights,Plaintiff,213
1999-12,Civil Rights,Plaintiff,216
2000-01,Civil Rights,Plaintiff,214
2000-02,Civil Rights,Plaintiff,209
2000-03,Civil Rights,Plaintiff,204
2000-04,Civil Rights,Plaintiff,204
2000-05,Civil Rights,Plaintiff,199
2000-06,Civil Rights,Plaintiff,200
2000-07,Civil Rights,Plaintiff,198
2000-08,Civil Rights,Plaintiff,190
2000-09,Civil Rights,Plaintiff,194
2000-10,Civil Rights,Plaintiff,185
2000-11,Civil Rights,Plaintiff,184
2000-12,Civil Rights,Plaintiff,187
2001-01,Civil Rights,Plaintiff,194
2001-02,Civil Rights,Plaintiff,190
2001-03,Civil Rights,Plaintiff,189
2001-04,Civil Rights,Plaintiff,195
2001-05,Civil Rights,Plaintiff,193
2001-06,Civil Rights,Plaintiff,198
2001-07,Civil Rights,Plaintiff,201
2001-08,Civil Rights,Plaintiff,198
2001-09,Civil Rights,Plaintiff,190
2001-10,Civil Rights,Plaintiff,185
2001-11,Civil Rights,Plaintiff,183
2001-12,Civil Rights,Plaintiff,176
2002-01,Civil Rights,Plaintiff,178
2002-02,Civil Rights,Plaintiff,175
2002-03,Civil Rights,Plaintiff,177
2002-04,Civil Rights,Plaintiff,178
2002-05,Civil Rights,Plaintiff,168
2002-06,Civil Rights,Plaintiff,177
2002-07,Civil Rights,Plaintiff,175
2002-08,Civil Rights,Plaintiff,175
2002-09,Civil Rights,Plaintiff,182
2002-10,Civil Rights,Plaintiff,179
2002-11,Civil Rights,Plaintiff,177
2002-12,Civil Rights,Plaintiff,180
2003-01,Civil Rights,Plaintiff,172
2003-02,Civil Rights,Plaintiff,169
2003-03,Civil Rights,Plaintiff,165
2003-04,Civil Rights,Plaintiff,165
2003-05,Civil Rights,Plaintiff,166
2003-06,Civil Rights,Plaintiff,160
2003-07,Civil Rights,Plaintiff,166
2003-08,Civil Rights,Plaintiff,166
2003-09,Civil Rights,Plaintiff,172
2003-10,Civil Rights,Plaintiff,171
2003-11,Civil Rights,Plaintiff,164
2003-12,Civil Rights,Plaintiff,158
2004-01,Civil Rights,Plaintiff,161
2004-02,Civil Rights,Plaintiff,155
2004-03,Civil Rights,Plaintiff,150
2004-04,Civil Rights,Plaintiff,147
2004-05,Civil Rights,Plaintiff,144
2004-06,Civil Rights,Plaintiff,151
2004-07,Civil Rights,Plaintiff,154
2004-08,Civil Rights,Plaintiff,149
2004-09,Civil Rights,Plaintiff,159
2004-10,Civil Rights,Plaintiff,150
2004-11,Civil Rights,Plaintiff,154
2004-12,Civil Rights,Plaintiff,156
2005-01,Civil Rights,Plaintiff,159
2005-02,Civil Rights,Plaintiff,160
2005-03,Civil Rights,Plaintiff,163
2005-04,Civil Rights,Plaintiff,159
2005-05,Civil Rights,Plaintiff,160
2005-06,Civil Rights,Plaintiff,163
2005-07,Civil Rights,Plaintiff,163
2005-08,Civil Rights,Plaintiff,158
2005-09,Civil Rights,Plaintiff,168
2005-10,Civil Rights,Plaintiff,168
2005-11,Civil Rights,Plaintiff,167
2005-12,Civil Rights,Plaintiff,164
2006-01,Civil Rights,Plaintiff,162
2006-02,Civil Rights,Plaintiff,166
2006-03,Civil Rights,Plaintiff,173
2006-04,Civil Rights,Plaintiff,170
2006-05,Civil Rights,Plaintiff,170
2006-06,Civil Rights,Plaintiff,171
2006-07,Civil Rights,Plaintiff,170
2006-08,Civil Rights,Plaintiff,164
2006-09,Civil Rights,Plaintiff,155
2006-10,Civil Rights,Plaintiff,156
2006-11,Civil Rights,Plaintiff,155
2006-12,Civil Rights,Plaintiff,156
2007-01,Civil Rights,Plaintiff,151
2007-02,Civil Rights,Plaintiff,148
2007-03,Civil Rights,Plaintiff,146
2007-04,Civil Rights,Plaintiff,144
2007-05,Civil Rights,Plaintiff,142
2007-06,Civil Rights,Plaintiff,140
2007-07,Civil Rights,Plaintiff,145
2007-08,Civil Rights,Plaintiff,148
2007-09,Civil Rights,Plaintiff,156
2007-10,Civil Rights,Plaintiff,152
2007-11,Civil Rights,Plaintiff,153
2007-12,Civil Rights,Plaintiff,151
2008-01,Civil Rights,Plaintiff,150
2008-02,Civil Rights,Plaintiff,150
2008-03,Civil Rights,Plaintiff,145
2008-04,Civil Rights,Plaintiff,142
2008-05,Civil Rights,Plaintiff,142
2008-06,Civil Rights,Plaintiff,144
2008-07,Civil Rights,Plaintiff,149
2008-08,Civil Rights,Plaintiff,154
2008-09,Civil Rights,Plaintiff,163
2008-10,Civil Rights,Plaintiff,162
2008-11,Civil Rights,Plaintiff,166
2008-12,Civil Rights,Plaintiff,167
2009-01,Civil Rights,Plaintiff,173
2009-02,Civil Rights,Plaintiff,173
2009-03,Civil Rights,Plaintiff,178
2009-04,Civil Rights,Plaintiff,175
2009-05,Civil Rights,Plaintiff,179
2009-06,Civil Rights,Plaintiff,178
2009-07,Civil Rights,Plaintiff,174
2009-08,Civil Rights,Plaintiff,168
2009-09,Civil Rights,Plaintiff,188
2009-10,Civil Rights,Plaintiff,183
2009-11,Civil Rights,Plaintiff,183
2009-12,Civil Rights,Plaintiff,181
2010-01,Civil Rights,Plaintiff,181
2010-02,Civil Rights,Plaintiff,179
2010-03,Civil Rights,Plaintiff,169
2010-04,Civil Rights,Plaintiff,167
2010-05,Civil Rights,Plaintiff,163
2010-06,Civil Rights,Plaintiff,157
2010-07,Civil Rights,Plaintiff,161
2010-08,Civil Rights,Plaintiff,162
2010-09,Civil Rights,Plaintiff,173
2010-10,Civil Rights,Plaintiff,174
2010-11,Civil Rights,Plaintiff,169
2010-12,Civil Rights,Plaintiff,172
2011-01,Civil Rights,Plaintiff,165
2011-02,Civil Rights,Plaintiff,162
2011-03,Civil Rights,Plaintiff,159
2011-04,Civil Rights,Plaintiff,162
2011-05,Civil Rights,Plaintiff,162
2011-06,Civil Rights,Plaintiff,163
2011-07,Civil Rights,Plaintiff,159
2011-08,Civil Rights,Plaintiff,160
2011-09,Civil Rights,Plaintiff,173
2011-10,Civil Rights,Plaintiff,175
2011-11,Civil Rights,Plaintiff,175
2011-12,Civil Rights,Plaintiff,177
2012-01,Civil Rights,Plaintiff,174
2012-02,Civil Rights,Plaintiff,176
2012-03,Civil Rights,Plaintiff,169
2012-04,Civil Rights,Plaintiff,169
2012-05,Civil Rights,Plaintiff,171
2012-06,Civil Rights,Plaintiff,174
2012-07,Civil Rights,Plaintiff,178
2012-08,Civil Rights,Plaintiff,179
2012-09,Civil Rights,Plaintiff,180
2012-10,Civil Rights,Plaintiff,180
2012-11,Civil Rights,Plaintiff,182
2012-12,Civil Rights,Plaintiff,181
2013-01,Civil Rights,Plaintiff,182
2013-02,Civil Rights,Plaintiff,180
2013-03,Civil Rights,Plaintiff,176
2013-04,Civil Rights,Plaintiff,172
2013-05,Civil Rights,Plaintiff,172
2013-06,Civil Rights,Plaintiff,176
2013-07,Civil Rights,Plaintiff,176
2013-08,Civil Rights,Plaintiff,177
2013-09,Civil Rights,Plaintiff,182
2013-10,Civil Rights,Plaintiff,185
2013-11,Civil Rights,Plaintiff,190
2013-12,Civil Rights,Plaintiff,189
2014-01,Civil Rights,Plaintiff,184
2014-02,Civil Rights,Plaintiff,180
2014-03,Civil Rights,Plaintiff,177
2014-04,Civil Rights,Plaintiff,177
2014-05,Civil Rights,Plaintiff,176
2014-06,Civil Rights,Plaintiff,175
2014-07,Civil Rights,Plaintiff,172
2014-08,Civil Rights,Plaintiff,170
2014-09,Civil Rights,Plaintiff,172
2014-10,Civil Rights,Plaintiff,171
2014-11,Civil Rights,Plaintiff,168
2014-12,Civil Rights,Plaintiff,167
2015-01,Civil Rights,Plaintiff,167
2015-02,Civil Rights,Plaintiff,160
2015-03,Civil Rights,Plaintiff,156
2015-04,Civil Rights,Plaintiff,153
2015-05,Civil Rights,Plaintiff,158
2015-06,Civil Rights,Plaintiff,156
2015-07,Civil Rights,Plaintiff,154
2015-08,Civil Rights,Plaintiff,152
2015-09,Civil Rights,Plaintiff,155
2015-10,Civil Rights,Plaintiff,152
2015-11,Civil Rights,Plaintiff,151
2015-12,Civil Rights,Plaintiff,150
2016-01,Civil Rights,Plaintiff,153
2016-02,Civil Rights,Plaintiff,154
2016-03,Civil Rights,Plaintiff,150
2016-04,Civil Rights,Plaintiff,156
2016-05,Civil Rights,Plaintiff,152
2016-06,Civil Rights,Plaintiff,148
2016-07,Civil Rights,Plaintiff,145
2016-08,Civil Rights,Plaintiff,143
2016-09,Civil Rights,Plaintiff,151
2016-10,Civil Rights,Plaintiff,148
2016-11,Civil Rights,Plaintiff,148
2016-12,Civil Rights,Plaintiff,152
2017-01,Civil Rights,Plaintiff,155
2017-02,Civil Rights,Plaintiff,155
2017-03,Civil Rights,Plaintiff,149
2017-04,Civil Rights,Plaintiff,149
2017-05,Civil Rights,Plaintiff,147
2017-06,Civil Rights,Plaintiff,146
2017-07,Civil Rights,Plaintiff,144
2017-08,Civil Rights,Plaintiff,137
2017-09,Civil Rights,Plaintiff,138
2017-10,Civil Rights,Plaintiff,136
2017-11,Civil Rights,Plaintiff,134
2017-12,Civil Rights,Plaintiff,132
2018-01,Civil Rights,Plaintiff,133
2018-02,Civil Rights,Plaintiff,132
2018-03,Civil Rights,Plaintiff,129
2018-04,Civil Rights,Plaintiff,126
2018-05,Civil Rights,Plaintiff,122
2018-06,Civil Rights,Plaintiff,121
2018-07,Civil Rights,Plaintiff,121
2018-08,Civil Rights,Plaintiff,118
2018-09,Civil Rights,Plaintiff,119
2018-10,Civil Rights,Plaintiff,121
2018-11,Civil Rights,Plaintiff,120
2018-12,Civil Rights,Plaintiff,120
2019-01,Civil Rights,Plaintiff,119
2019-02,Civil Rights,Plaintiff,119
2019-03,Civil Rights,Plaintiff,116
2019-04,Civil Rights,Plaintiff,113
2019-05,Civil Rights,Plaintiff,115
2019-06,Civil Rights,Plaintiff,115
2019-07,Civil Rights,Plaintiff,114
2019-08,Civil Rights,Plaintiff,112
2019-09,Civil Rights,Plaintiff,113
2019-10,Civil Rights,Plaintiff,113
2019-11,Civil Rights,Plaintiff,110
2019-12,Civil Rights,Plaintiff,110
2020-01,Civil Rights,Plaintiff,111
2020-02,Civil Rights,Plaintiff,112
2020-03,Civil Rights,Plaintiff,111
2020-04,Civil Rights,Plaintiff,114
2020-05,Civil Rights,Plaintiff,118
2020-06,Civil Rights,Plaintiff,113
2020-07,Civil Rights,Plaintiff,115
2020-08,Civil Rights,Plaintiff,112
2020-09,Civil Rights,Plaintiff,114
2020-10,Civil Rights,Plaintiff,114
2020-11,Civil Rights,Plaintiff,115
2020-12,Civil Rights,Plaintiff,116
2021-01,Civil Rights,Plaintiff,122
2021-02,Civil Rights,Plaintiff,121
2021-03,Civil Rights,Plaintiff,117
2021-04,Civil Rights,Plaintiff,119
2021-05,Civil Rights,Plaintiff,119
2021-06,Civil Rights,Plaintiff,121
2021-07,Civil Rights,Plaintiff,121
2021-08,Civil Rights,Plaintiff,120
2021-09,Civil Rights,Plaintiff,120
2021-10,Civil Rights,Plaintiff,115
2021-11,Civil Rights,Plaintiff,115
2021-12,Civil Rights,Plaintiff,114
2022-01,Civil Rights,Plaintiff,115
2022-02,Civil Rights,Plaintiff,113
2022-03,Civil Rights,Plaintiff,110
2022-04,Civil Rights,Plaintiff,113
2022-05,Civil Rights,Plaintiff,109
2022-06,Civil Rights,Plaintiff,108
2022-07,Civil Rights,Plaintiff,105
2022-08,Civil Rights,Plaintiff,104
2022-09,Civil Rights,Plaintiff,100
2022-10,Civil Rights,Plaintiff,99
2022-11,Civil Rights,Plaintiff,94
2022-12,Civil Rights,Plaintiff,93
2023-01,Civil Rights,Plaintiff,94
2023-02,Civil Rights,Plaintiff,93
2023-03,Civil Rights,Plaintiff,96
2023-04,Civil Rights,Plaintiff,96
2023-05,Civil Rights,Plaintiff,102
2023-06,Civil Rights,Plaintiff,99
2023-07,Civil Rights,Plaintiff,101
2023-08,Civil Rights,Plaintiff,100
2023-09,Civil Rights,Plaintiff,98
2023-10,Civil Rights,Plaintiff,97
2023-11,Civil Rights,Plaintiff,101
2023-12,Civil Rights,Plaintiff,102
2024-01,Civil Rights,Plaintiff,102
2024-02,Civil Rights,Plaintiff,97
2024-03,Civil Rights,Plaintiff,99
2024-04,Civil Rights,Plaintiff,102
2024-05,Civil Rights,Plaintiff,105
2024-06,Civil Rights,Plaintiff,107
2024-07,Civil Rights,Plaintiff,109
2024-08,Civil Rights,Plaintiff,109
2024-09,Civil Rights,Plaintiff,107
2024-10,Civil Rights,Plaintiff,114
2024-11,Civil Rights,Plaintiff,115
2024-12,Civil Rights,Plaintiff,120
2025-01,Civil Rights,Plaintiff,121
2025-02,Civil Rights,Plaintiff,114
2025-03,Civil Rights,Plaintiff,108
2025-04,Civil Rights,Plaintiff,108
2025-05,Civil Rights,Plaintiff,106
2025-06,Civil Rights,Plaintiff,104
2025-07,Civil Rights,Plaintiff,100
2025-08,Civil Rights,Plaintiff,95
2025-09,Civil Rights,Plaintiff,98
2025-10,Civil Rights,Plaintiff,97
2025-11,Civil Rights,Plaintiff,96
2025-12,Civil Rights,Plaintiff,100
2026-01,Civil Rights,Plaintiff,101
2026-02,Civil Rights,Plaintiff,102
2026-03,Civil Rights,Plaintiff,101
2026-04,Civil Rights,Plaintiff,104
2026-05,Civil Rights,Plaintiff,104
2026-06,Civil Rights,Plaintiff,104
2026-07,Civil Rights,Plaintiff,106
1994-10,Commercial Litigation,Plaintiff,10836
1994-11,Commercial Litigation,Plaintiff,10739
1994-12,Commercial Litigation,Plaintiff,10624
1995-01,Commercial Litigation,Plaintiff,10546
1995-02,Commercial Litigation,Plaintiff,10388
1995-03,Commercial Litigation,Plaintiff,10533
1995-04,Commercial Litigation,Plaintiff,10518
1995-05,Commercial Litigation,Plaintiff,10551
1995-06,Commercial Litigation,Plaintiff,10478
1995-07,Commercial Litigation,Plaintiff,10494
1995-08,Commercial Litigation,Plaintiff,10416
1995-09,Commercial Litigation,Plaintiff,10214
1995-10,Commercial Litigation,Plaintiff,10223
1995-11,Commercial Litigation,Plaintiff,10123
1995-12,Commercial Litigation,Plaintiff,10118
1996-01,Commercial Litigation,Plaintiff,9958
1996-02,Commercial Litigation,Plaintiff,9945
1996-03,Commercial Litigation,Plaintiff,9859
1996-04,Commercial Litigation,Plaintiff,9821
1996-05,Commercial Litigation,Plaintiff,9728
1996-06,Commercial Litigation,Plaintiff,9544
1996-07,Commercial Litigation,Plaintiff,9447
1996-08,Commercial Litigation,Plaintiff,9317
1996-09,Commercial Litigation,Plaintiff,8949
1996-10,Commercial Litigation,Plaintiff,8811
1996-11,Commercial Litigation,Plaintiff,8718
1996-12,Commercial Litigation,Plaintiff,8681
1997-01,Commercial Litigation,Plaintiff,8560
1997-02,Commercial Litigation,Plaintiff,8354
1997-03,Commercial Litigation,Plaintiff,8238
1997-04,Commercial Litigation,Plaintiff,8037
1997-05,Commercial Litigation,Plaintiff,7905
1997-06,Commercial Litigation,Plaintiff,7672
1997-07,Commercial Litigation,Plaintiff,7491
1997-08,Commercial Litigation,Plaintiff,7344
1997-09,Commercial Litigation,Plaintiff,7242
1997-10,Commercial Litigation,Plaintiff,6990
1997-11,Commercial Litigation,Plaintiff,6836
1997-12,Commercial Litigation,Plaintiff,6736
1998-01,Commercial Litigation,Plaintiff,6579
1998-02,Commercial Litigation,Plaintiff,6459
1998-03,Commercial Litigation,Plaintiff,6354
1998-04,Commercial Litigation,Plaintiff,6265
1998-05,Commercial Litigation,Plaintiff,6187
1998-06,Commercial Litigation,Plaintiff,6064
1998-07,Commercial Litigation,Plaintiff,5839
1998-08,Commercial Litigation,Plaintiff,5466
1998-09,Commercial Litigation,Plaintiff,5060
1998-10,Commercial Litigation,Plaintiff,4917
1998-11,Commercial Litigation,Plaintiff,4821
1998-12,Commercial Litigation,Plaintiff,4737
1999-01,Commercial Litigation,Plaintiff,4600
1999-02,Commercial Litigation,Plaintiff,4529
1999-03,Commercial Litigation,Plaintiff,4391
1999-04,Commercial Litigation,Plaintiff,4263
1999-05,Commercial Litigation,Plaintiff,4188
1999-06,Commercial Litigation,Plaintiff,4086
1999-07,Commercial Litigation,Plaintiff,3977
1999-08,Commercial Litigation,Plaintiff,3873
1999-09,Commercial Litigation,Plaintiff,3881
1999-10,Commercial Litigation,Plaintiff,3920
1999-11,Commercial Litigation,Plaintiff,3941
1999-12,Commercial Litigation,Plaintiff,3850
2000-01,Commercial Litigation,Plaintiff,3832
2000-02,Commercial Litigation,Plaintiff,3859
2000-03,Commercial Litigation,Plaintiff,3817
2000-04,Commercial Litigation,Plaintiff,3798
2000-05,Commercial Litigation,Plaintiff,3792
2000-06,Commercial Litigation,Plaintiff,3890
2000-07,Commercial Litigation,Plaintiff,3904
2000-08,Commercial Litigation,Plaintiff,3808
2000-09,Commercial Litigation,Plaintiff,3684
2000-10,Commercial Litigation,Plaintiff,3628
2000-11,Commercial Litigation,Plaintiff,3600
2000-12,Commercial Litigation,Plaintiff,3542
2001-01,Commercial Litigation,Plaintiff,3460
2001-02,Commercial Litigation,Plaintiff,3411
2001-03,Commercial Litigation,Plaintiff,3427
2001-04,Commercial Litigation,Plaintiff,3482
2001-05,Commercial Litigation,Plaintiff,3455
2001-06,Commercial Litigation,Plaintiff,3487
2001-07,Commercial Litigation,Plaintiff,3398
2001-08,Commercial Litigation,Plaintiff,3407
2001-09,Commercial Litigation,Plaintiff,3359
2001-10,Commercial Litigation,Plaintiff,3413
2001-11,Commercial Litigation,Plaintiff,3418
2001-12,Commercial Litigation,Plaintiff,3433
2002-01,Commercial Litigation,Plaintiff,3411
2002-02,Commercial Litigation,Plaintiff,3524
2002-03,Commercial Litigation,Plaintiff,3587
2002-04,Commercial Litigation,Plaintiff,3678
2002-05,Commercial Litigation,Plaintiff,3635
2002-06,Commercial Litigation,Plaintiff,3686
2002-07,Commercial Litigation,Plaintiff,3674
2002-08,Commercial Litigation,Plaintiff,3659
2002-09,Commercial Litigation,Plaintiff,3611
2002-10,Commercial Litigation,Plaintiff,3506
2002-11,Commercial Litigation,Plaintiff,3536
2002-12,Commercial Litigation,Plaintiff,3490
2003-01,Commercial Litigation,Plaintiff,3403
2003-02,Commercial Litigation,Plaintiff,3438
2003-03,Commercial Litigation,Plaintiff,3441
2003-04,Commercial Litigation,Plaintiff,3429
2003-05,Commercial Litigation,Plaintiff,3516
2003-06,Commercial Litigation,Plaintiff,3492
2003-07,Commercial Litigation,Plaintiff,3495
2003-08,Commercial Litigation,Plaintiff,3518
2003-09,Commercial Litigation,Plaintiff,3455
2003-10,Commercial Litigation,Plaintiff,3470
2003-11,Commercial Litigation,Plaintiff,3474
2003-12,Commercial Litigation,Plaintiff,3378
2004-01,Commercial Litigation,Plaintiff,3325
2004-02,Commercial Litigation,Plaintiff,3355
2004-03,Commercial Litigation,Plaintiff,3306
2004-04,Commercial Litigation,Plaintiff,3365
2004-05,Commercial Litigation,Plaintiff,3391
2004-06,Commercial Litigation,Plaintiff,3309
2004-07,Commercial Litigation,Plaintiff,3372
2004-08,Commercial Litigation,Plaintiff,3344
2004-09,Commercial Litigation,Plaintiff,3296
2004-10,Commercial Litigation,Plaintiff,3321
2004-11,Commercial Litigation,Plaintiff,3292
2004-12,Commercial Litigation,Plaintiff,3258
2005-01,Commercial Litigation,Plaintiff,3193
2005-02,Commercial Litigation,Plaintiff,3138
2005-03,Commercial Litigation,Plaintiff,3061
2005-04,Commercial Litigation,Plaintiff,3034
2005-05,Commercial Litigation,Plaintiff,3061
2005-06,Commercial Litigation,Plaintiff,3053
2005-07,Commercial Litigation,Plaintiff,2993
2005-08,Commercial Litigation,Plaintiff,2989
2005-09,Commercial Litigation,Plaintiff,2982
2005-10,Commercial Litigation,Plaintiff,2992
2005-11,Commercial Litigation,Plaintiff,2937
2005-12,Commercial Litigation,Plaintiff,2847
2006-01,Commercial Litigation,Plaintiff,2768
2006-02,Commercial Litigation,Plaintiff,2747
2006-03,Commercial Litigation,Plaintiff,2758
2006-04,Commercial Litigation,Plaintiff,2795
2006-05,Commercial Litigation,Plaintiff,2826
2006-06,Commercial Litigation,Plaintiff,2796
2006-07,Commercial Litigation,Plaintiff,2757
2006-08,Commercial Litigation,Plaintiff,2714
2006-09,Commercial Litigation,Plaintiff,2646
2006-10,Commercial Litigation,Plaintiff,2599
2006-11,Commercial Litigation,Plaintiff,2591
2006-12,Commercial Litigation,Plaintiff,2580
2007-01,Commercial Litigation,Plaintiff,2528
2007-02,Commercial Litigation,Plaintiff,2491
2007-03,Commercial Litigation,Plaintiff,2493
2007-04,Commercial Litigation,Plaintiff,2476
2007-05,Commercial Litigation,Plaintiff,2445
2007-06,Commercial Litigation,Plaintiff,2426
2007-07,Commercial Litigation,Plaintiff,2450
2007-08,Commercial Litigation,Plaintiff,2413
2007-09,Commercial Litigation,Plaintiff,2352
2007-10,Commercial Litigation,Plaintiff,2294
2007-11,Commercial Litigation,Plaintiff,2289
2007-12,Commercial Litigation,Plaintiff,2268
2008-01,Commercial Litigation,Plaintiff,2280
2008-02,Commercial Litigation,Plaintiff,2231
2008-03,Commercial Litigation,Plaintiff,2158
2008-04,Commercial Litigation,Plaintiff,2129
2008-05,Commercial Litigation,Plaintiff,2087
2008-06,Commercial Litigation,Plaintiff,2025
2008-07,Commercial Litigation,Plaintiff,1973
2008-08,Commercial Litigation,Plaintiff,1886
2008-09,Commercial Litigation,Plaintiff,1855
2008-10,Commercial Litigation,Plaintiff,1831
2008-11,Commercial Litigation,Plaintiff,1803
2008-12,Commercial Litigation,Plaintiff,1766
2009-01,Commercial Litigation,Plaintiff,1712
2009-02,Commercial Litigation,Plaintiff,1703
2009-03,Commercial Litigation,Plaintiff,1661
2009-04,Commercial Litigation,Plaintiff,1659
2009-05,Commercial Litigation,Plaintiff,1613
2009-06,Commercial Litigation,Plaintiff,1574
2009-07,Commercial Litigation,Plaintiff,1563
2009-08,Commercial Litigation,Plaintiff,1537
2009-09,Commercial Litigation,Plaintiff,1519
2009-10,Commercial Litigation,Plaintiff,1495
2009-11,Commercial Litigation,Plaintiff,1490
2009-12,Commercial Litigation,Plaintiff,1489
2010-01,Commercial Litigation,Plaintiff,1462
2010-02,Commercial Litigation,Plaintiff,1455
2010-03,Commercial Litigation,Plaintiff,1432
2010-04,Commercial Litigation,Plaintiff,1437
2010-05,Commercial Litigation,Plaintiff,1428
2010-06,Commercial Litigation,Plaintiff,1435
2010-07,Commercial Litigation,Plaintiff,1428
2010-08,Commercial Litigation,Plaintiff,1397
2010-09,Commercial Litigation,Plaintiff,1392
2010-10,Commercial Litigation,Plaintiff,1405
2010-11,Commercial Litigation,Plaintiff,1413
2010-12,Commercial Litigation,Plaintiff,1391
2011-01,Commercial Litigation,Plaintiff,1401
2011-02,Commercial Litigation,Plaintiff,1385
2011-03,Commercial Litigation,Plaintiff,1371
2011-04,Commercial Litigation,Plaintiff,1374
2011-05,Commercial Litigation,Plaintiff,1335
2011-06,Commercial Litigation,Plaintiff,1336
2011-07,Commercial Litigation,Plaintiff,1345
2011-08,Commercial Litigation,Plaintiff,1345
2011-09,Commercial Litigation,Plaintiff,1353
2011-10,Commercial Litigation,Plaintiff,1362
2011-11,Commercial Litigation,Plaintiff,1369
2011-12,Commercial Litigation,Plaintiff,1356
2012-01,Commercial Litigation,Plaintiff,1382
2012-02,Commercial Litigation,Plaintiff,1379
2012-03,Commercial Litigation,Plaintiff,1351
2012-04,Commercial Litigation,Plaintiff,1332
2012-05,Commercial Litigation,Plaintiff,1318
2012-06,Commercial Litigation,Plaintiff,1303
2012-07,Commercial Litigation,Plaintiff,1320
2012-08,Commercial Litigation,Plaintiff,1332
2012-09,Commercial Litigation,Plaintiff,1352
2012-10,Commercial Litigation,Plaintiff,1335
2012-11,Commercial Litigation,Plaintiff,1328
2012-12,Commercial Litigation,Plaintiff,1311
2013-01,Commercial Litigation,Plaintiff,1293
2013-02,Commercial Litigation,Plaintiff,1287
2013-03,Commercial Litigation,Plaintiff,1291
2013-04,Commercial Litigation,Plaintiff,1283
2013-05,Commercial Litigation,Plaintiff,1289
2013-06,Commercial Litigation,Plaintiff,1286
2013-07,Commercial Litigation,Plaintiff,1288
2013-08,Commercial Litigation,Plaintiff,1273
2013-09,Commercial Litigation,Plaintiff,1254
2013-10,Commercial Litigation,Plaintiff,1240
2013-11,Commercial Litigation,Plaintiff,1242
2013-12,Commercial Litigation,Plaintiff,1246
2014-01,Commercial Litigation,Plaintiff,1230
2014-02,Commercial Litigation,Plaintiff,1228
2014-03,Commercial Litigation,Plaintiff,1199
2014-04,Commercial Litigation,Plaintiff,1182
2014-05,Commercial Litigation,Plaintiff,1186
2014-06,Commercial Litigation,Plaintiff,1171
2014-07,Commercial Litigation,Plaintiff,1185
2014-08,Commercial Litigation,Plaintiff,1198
2014-09,Commercial Litigation,Plaintiff,1159
2014-10,Commercial Litigation,Plaintiff,1162
2014-11,Commercial Litigation,Plaintiff,1178
2014-12,Commercial Litigation,Plaintiff,1177
2015-01,Commercial Litigation,Plaintiff,1163
2015-02,Commercial Litigation,Plaintiff,1160
2015-03,Commercial Litigation,Plaintiff,1144
2015-04,Commercial Litigation,Plaintiff,1144
2015-05,Commercial Litigation,Plaintiff,1144
2015-06,Commercial Litigation,Plaintiff,1134
2015-07,Commercial Litigation,Plaintiff,1129
2015-08,Commercial Litigation,Plaintiff,1109
2015-09,Commercial Litigation,Plaintiff,1064
2015-10,Commercial Litigation,Plaintiff,1048
2015-11,Commercial Litigation,Plaintiff,1061
2015-12,Commercial Litigation,Plaintiff,1047
2016-01,Commercial Litigation,Plaintiff,1034
2016-02,Commercial Litigation,Plaintiff,1036
2016-03,Commercial Litigation,Plaintiff,1050
2016-04,Commercial Litigation,Plaintiff,1065
2016-05,Commercial Litigation,Plaintiff,1056
2016-06,Commercial Litigation,Plaintiff,1045
2016-07,Commercial Litigation,Plaintiff,1035
2016-08,Commercial Litigation,Plaintiff,1018
2016-09,Commercial Litigation,Plaintiff,992
2016-10,Commercial Litigation,Plaintiff,992
2016-11,Commercial Litigation,Plaintiff,999
2016-12,Commercial Litigation,Plaintiff,995
2017-01,Commercial Litigation,Plaintiff,992
2017-02,Commercial Litigation,Plaintiff,1015
2017-03,Commercial Litigation,Plaintiff,1041
2017-04,Commercial Litigation,Plaintiff,1101
2017-05,Commercial Litigation,Plaintiff,1167
2017-06,Commercial Litigation,Plaintiff,1217
2017-07,Commercial Litigation,Plaintiff,1292
2017-08,Commercial Litigation,Plaintiff,1454
2017-09,Commercial Litigation,Plaintiff,1629
2017-10,Commercial Litigation,Plaintiff,1796
2017-11,Commercial Litigation,Plaintiff,1932
2017-12,Commercial Litigation,Plaintiff,2001
2018-01,Commercial Litigation,Plaintiff,2096
2018-02,Commercial Litigation,Plaintiff,2207
2018-03,Commercial Litigation,Plaintiff,2331
2018-04,Commercial Litigation,Plaintiff,2432
2018-05,Commercial Litigation,Plaintiff,2561
2018-06,Commercial Litigation,Plaintiff,2710
2018-07,Commercial Litigation,Plaintiff,2758
2018-08,Commercial Litigation,Plaintiff,2857
2018-09,Commercial Litigation,Plaintiff,2962
2018-10,Commercial Litigation,Plaintiff,3091
2018-11,Commercial Litigation,Plaintiff,3154
2018-12,Commercial Litigation,Plaintiff,3260
2019-01,Commercial Litigation,Plaintiff,3414
2019-02,Commercial Litigation,Plaintiff,3475
2019-03,Commercial Litigation,Plaintiff,3557
2019-04,Commercial Litigation,Plaintiff,3673
2019-05,Commercial Litigation,Plaintiff,3710
2019-06,Commercial Litigation,Plaintiff,3796
2019-07,Commercial Litigation,Plaintiff,3888
2019-08,Commercial Litigation,Plaintiff,3994
2019-09,Commercial Litigation,Plaintiff,3980
2019-10,Commercial Litigation,Plaintiff,4083
2019-11,Commercial Litigation,Plaintiff,4164
2019-12,Commercial Litigation,Plaintiff,4158
2020-01,Commercial Litigation,Plaintiff,4235
2020-02,Commercial Litigation,Plaintiff,4265
2020-03,Commercial Litigation,Plaintiff,4198
2020-04,Commercial Litigation,Plaintiff,4184
2020-05,Commercial Litigation,Plaintiff,4172
2020-06,Commercial Litigation,Plaintiff,4142
2020-07,Commercial Litigation,Plaintiff,4139
2020-08,Commercial Litigation,Plaintiff,4150
2020-09,Commercial Litigation,Plaintiff,4147
2020-10,Commercial Litigation,Plaintiff,4146
2020-11,Commercial Litigation,Plaintiff,4148
2020-12,Commercial Litigation,Plaintiff,4155
2021-01,Commercial Litigation,Plaintiff,3990
2021-02,Commercial Litigation,Plaintiff,3858
2021-03,Commercial Litigation,Plaintiff,3720
2021-04,Commercial Litigation,Plaintiff,3594
2021-05,Commercial Litigation,Plaintiff,3544
2021-06,Commercial Litigation,Plaintiff,3509
2021-07,Commercial Litigation,Plaintiff,3446
2021-08,Commercial Litigation,Plaintiff,3409
2021-09,Commercial Litigation,Plaintiff,3342
2021-10,Commercial Litigation,Plaintiff,3279
2021-11,Commercial Litigation,Plaintiff,3224
2021-12,Commercial Litigation,Plaintiff,3157
2022-01,Commercial Litigation,Plaintiff,3137
2022-02,Commercial Litigation,Plaintiff,3157
2022-03,Commercial Litigation,Plaintiff,3102
2022-04,Commercial Litigation,Plaintiff,3073
2022-05,Commercial Litigation,Plaintiff,2972
2022-06,Commercial Litigation,Plaintiff,2948
2022-07,Commercial Litigation,Plaintiff,2943
2022-08,Commercial Litigation,Plaintiff,2975
2022-09,Commercial Litigation,Plaintiff,2843
2022-10,Commercial Litigation,Plaintiff,2685
2022-11,Commercial Litigation,Plaintiff,2437
2022-12,Commercial Litigation,Plaintiff,2440
2023-01,Commercial Litigation,Plaintiff,2437
2023-02,Commercial Litigation,Plaintiff,2439
2023-03,Commercial Litigation,Plaintiff,2434
2023-04,Commercial Litigation,Plaintiff,2428
2023-05,Commercial Litigation,Plaintiff,2397
2023-06,Commercial Litigation,Plaintiff,2363
2023-07,Commercial Litigation,Plaintiff,2347
2023-08,Commercial Litigation,Plaintiff,2300
2023-09,Commercial Litigation,Plaintiff,2267
2023-10,Commercial Litigation,Plaintiff,2159
2023-11,Commercial Litigation,Plaintiff,2097
2023-12,Commercial Litigation,Plaintiff,2085
2024-01,Commercial Litigation,Plaintiff,2061
2024-02,Commercial Litigation,Plaintiff,2054
2024-03,Commercial Litigation,Plaintiff,1968
2024-04,Commercial Litigation,Plaintiff,1944
2024-05,Commercial Litigation,Plaintiff,1950
2024-06,Commercial Litigation,Plaintiff,1951
2024-07,Commercial Litigation,Plaintiff,1939
2024-08,Commercial Litigation,Plaintiff,1938
2024-09,Commercial Litigation,Plaintiff,1930
2024-10,Commercial Litigation,Plaintiff,1934
2024-11,Commercial Litigation,Plaintiff,1926
2024-12,Commercial Litigation,Plaintiff,1936
2025-01,Commercial Litigation,Plaintiff,1935
2025-02,Commercial Litigation,Plaintiff,1927
2025-03,Commercial Litigation,Plaintiff,1907
2025-04,Commercial Litigation,Plaintiff,1902
2025-05,Commercial Litigation,Plaintiff,1894
2025-06,Commercial Litigation,Plaintiff,1888
2025-07,Commercial Litigation,Plaintiff,1887
2025-08,Commercial Litigation,Plaintiff,1882
2025-09,Commercial Litigation,Plaintiff,1882
2025-10,Commercial Litigation,Plaintiff,1881
2025-11,Commercial Litigation,Plaintiff,1884
2025-12,Commercial Litigation,Plaintiff,1884
2026-01,Commercial Litigation,Plaintiff,1889
2026-02,Commercial Litigation,Plaintiff,1884
2026-03,Commercial Litigation,Plaintiff,1878
2026-04,Commercial Litigation,Plaintiff,1887
2026-05,Commercial Litigation,Plaintiff,1879
2026-06,Commercial Litigation,Plaintiff,1883
2026-07,Commercial Litigation,Plaintiff,1889
1994-10,Employment Discrimination,Plaintiff,50
1994-11,Employment Discrimination,Plaintiff,48
1994-12,Employment Discrimination,Plaintiff,53
1995-01,Employment Discrimination,Plaintiff,55
1995-02,Employment Discrimination,Plaintiff,56
1995-03,Employment Discrimination,Plaintiff,56
1995-04,Employment Discrimination,Plaintiff,58
1995-05,Employment Discrimination,Plaintiff,60
1995-06,Employment Discrimination,Plaintiff,56
1995-07,Employment Discrimination,Plaintiff,53
1995-08,Employment Discrimination,Plaintiff,51
1995-09,Employment Discrimination,Plaintiff,44
1995-10,Employment Discrimination,Plaintiff,45
1995-11,Employment Discrimination,Plaintiff,44
1995-12,Employment Discrimination,Plaintiff,43
1996-01,Employment Discrimination,Plaintiff,43
1996-02,Employment Discrimination,Plaintiff,44
1996-03,Employment Discrimination,Plaintiff,44
1996-04,Employment Discrimination,Plaintiff,39
1996-05,Employment Discrimination,Plaintiff,43
1996-06,Employment Discrimination,Plaintiff,41
1996-07,Employment Discrimination,Plaintiff,40
1996-08,Employment Discrimination,Plaintiff,41
1996-09,Employment Discrimination,Plaintiff,39
1996-10,Employment Discrimination,Plaintiff,36
1996-11,Employment Discrimination,Plaintiff,36
1996-12,Employment Discrimination,Plaintiff,38
1997-01,Employment Discrimination,Plaintiff,39
1997-02,Employment Discrimination,Plaintiff,37
1997-03,Employment Discrimination,Plaintiff,37
1997-04,Employment Discrimination,Plaintiff,37
1997-05,Employment Discrimination,Plaintiff,37
1997-06,Employment Discrimination,Plaintiff,36
1997-07,Employment Discrimination,Plaintiff,42
1997-08,Employment Discrimination,Plaintiff,40
1997-09,Employment Discrimination,Plaintiff,36
1997-10,Employment Discrimination,Plaintiff,34
1997-11,Employment Discrimination,Plaintiff,32
1997-12,Employment Discrimination,Plaintiff,30
1998-01,Employment Discrimination,Plaintiff,27
1998-02,Employment Discrimination,Plaintiff,24
1998-03,Employment Discrimination,Plaintiff,23
1998-04,Employment Discrimination,Plaintiff,22
1998-05,Employment Discrimination,Plaintiff,21
1998-06,Employment Discrimination,Plaintiff,22
1998-07,Employment Discrimination,Plaintiff,22
1998-08,Employment Discrimination,Plaintiff,20
1998-09,Employment Discrimination,Plaintiff,19
1998-10,Employment Discrimination,Plaintiff,18
1998-11,Employment Discrimination,Plaintiff,17
1998-12,Employment Discrimination,Plaintiff,16
1999-01,Employment Discrimination,Plaintiff,15
1999-02,Employment Discrimination,Plaintiff,15
1999-03,Employment Discrimination,Plaintiff,16
1999-04,Employment Discrimination,Plaintiff,16
1999-05,Employment Discrimination,Plaintiff,14
1999-06,Employment Discrimination,Plaintiff,16
1999-07,Employment Discrimination,Plaintiff,15
1999-08,Employment Discrimination,Plaintiff,14
1999-09,Employment Discrimination,Plaintiff,14
1999-10,Employment Discrimination,Plaintiff,12
1999-11,Employment Discrimination,Plaintiff,12
1999-12,Employment Discrimination,Plaintiff,12
2000-01,Employment Discrimination,Plaintiff,12
2000-02,Employment Discrimination,Plaintiff,12
2000-03,Employment Discrimination,Plaintiff,12
2000-04,Employment Discrimination,Plaintiff,9
2000-05,Employment Discrimination,Plaintiff,11
2000-06,Employment Discrimination,Plaintiff,12
2000-07,Employment Discrimination,Plaintiff,12
2000-08,Employment Discrimination,Plaintiff,13
2000-09,Employment Discrimination,Plaintiff,13
2000-10,Employment Discrimination,Plaintiff,10
2000-11,Employment Discrimination,Plaintiff,10
2000-12,Employment Discrimination,Plaintiff,10
2001-01,Employment Discrimination,Plaintiff,11
2001-02,Employment Discrimination,Plaintiff,11
2001-03,Employment Discrimination,Plaintiff,10
2001-04,Employment Discrimination,Plaintiff,11
2001-05,Employment Discrimination,Plaintiff,10
2001-06,Employment Discrimination,Plaintiff,11
2001-07,Employment Discrimination,Plaintiff,10
2001-08,Employment Discrimination,Plaintiff,10
2001-09,Employment Discrimination,Plaintiff,10
2001-10,Employment Discrimination,Plaintiff,10
2001-11,Employment Discrimination,Plaintiff,10
2001-12,Employment Discrimination,Plaintiff,11
2002-01,Employment Discrimination,Plaintiff,11
2002-02,Employment Discrimination,Plaintiff,10
2002-03,Employment Discrimination,Plaintiff,10
2002-04,Employment Discrimination,Plaintiff,10
2002-05,Employment Discrimination,Plaintiff,10
2002-06,Employment Discrimination,Plaintiff,10
2002-07,Employment Discrimination,Plaintiff,9
2002-08,Employment Discrimination,Plaintiff,8
2002-09,Employment Discrimination,Plaintiff,8
2002-10,Employment Discrimination,Plaintiff,7
2002-11,Employment Discrimination,Plaintiff,7
2002-12,Employment Discrimination,Plaintiff,7
2003-01,Employment Discrimination,Plaintiff,6
2003-02,Employment Discrimination,Plaintiff,7
2003-03,Employment Discrimination,Plaintiff,8
2003-04,Employment Discrimination,Plaintiff,7
2003-05,Employment Discrimination,Plaintiff,7
2003-06,Employment Discrimination,Plaintiff,7
2003-07,Employment Discrimination,Plaintiff,8
2003-08,Employment Discrimination,Plaintiff,8
2003-09,Employment Discrimination,Plaintiff,8
2003-10,Employment Discrimination,Plaintiff,12
2003-11,Employment Discrimination,Plaintiff,13
2003-12,Employment Discrimination,Plaintiff,13
2004-01,Employment Discrimination,Plaintiff,13
2004-02,Employment Discrimination,Plaintiff,13
2004-03,Employment Discrimination,Plaintiff,16
2004-04,Employment Discrimination,Plaintiff,16
2004-05,Employment Discrimination,Plaintiff,14
2004-06,Employment Discrimination,Plaintiff,14
2004-07,Employment Discrimination,Plaintiff,14
2004-08,Employment Discrimination,Plaintiff,14
2004-09,Employment Discrimination,Plaintiff,14
2004-10,Employment Discrimination,Plaintiff,14
2004-11,Employment Discrimination,Plaintiff,14
2004-12,Employment Discrimination,Plaintiff,15
2005-01,Employment Discrimination,Plaintiff,15
2005-02,Employment Discrimination,Plaintiff,17
2005-03,Employment Discrimination,Plaintiff,16
2005-04,Employment Discrimination,Plaintiff,15
2005-05,Employment Discrimination,Plaintiff,13
2005-06,Employment Discrimination,Plaintiff,12
2005-07,Employment Discrimination,Plaintiff,12
2005-08,Employment Discrimination,Plaintiff,12
2005-09,Employment Discrimination,Plaintiff,12
2005-10,Employment Discrimination,Plaintiff,12
2005-11,Employment Discrimination,Plaintiff,12
2005-12,Employment Discrimination,Plaintiff,11
2006-01,Employment Discrimination,Plaintiff,11
2006-02,Employment Discrimination,Plaintiff,11
2006-03,Employment Discrimination,Plaintiff,11
2006-04,Employment Discrimination,Plaintiff,11
2006-05,Employment Discrimination,Plaintiff,12
2006-06,Employment Discrimination,Plaintiff,11
2006-07,Employment Discrimination,Plaintiff,11
2006-08,Employment Discrimination,Plaintiff,12
2006-09,Employment Discrimination,Plaintiff,10
2006-10,Employment Discrimination,Plaintiff,10
2006-11,Employment Discrimination,Plaintiff,10
2006-12,Employment Discrimination,Plaintiff,12
2007-01,Employment Discrimination,Plaintiff,13
2007-02,Employment Discrimination,Plaintiff,13
2007-03,Employment Discrimination,Plaintiff,13
2007-04,Employment Discrimination,Plaintiff,13
2007-05,Employment Discrimination,Plaintiff,14
2007-06,Employment Discrimination,Plaintiff,14
2007-07,Employment Discrimination,Plaintiff,13
2007-08,Employment Discrimination,Plaintiff,13
2007-09,Employment Discrimination,Plaintiff,12
2007-10,Employment Discrimination,Plaintiff,11
2007-11,Employment Discrimination,Plaintiff,11
2007-12,Employment Discrimination,Plaintiff,12
2008-01,Employment Discrimination,Plaintiff,12
2008-02,Employment Discrimination,Plaintiff,12
2008-03,Employment Discrimination,Plaintiff,14
2008-04,Employment Discrimination,Plaintiff,13
2008-05,Employment Discrimination,Plaintiff,14
2008-06,Employment Discrimination,Plaintiff,14
2008-07,Employment Discrimination,Plaintiff,14
2008-08,Employment Discrimination,Plaintiff,14
2008-09,Employment Discrimination,Plaintiff,15
2008-10,Employment Discrimination,Plaintiff,14
2008-11,Employment Discrimination,Plaintiff,14
2008-12,Employment Discrimination,Plaintiff,13
2009-01,Employment Discrimination,Plaintiff,13
2009-02,Employment Discrimination,Plaintiff,12
2009-03,Employment Discrimination,Plaintiff,12
2009-04,Employment Discrimination,Plaintiff,12
2009-05,Employment Discrimination,Plaintiff,12
2009-06,Employment Discrimination,Plaintiff,10
2009-07,Employment Discrimination,Plaintiff,11
2009-08,Employment Discrimination,Plaintiff,11
2009-09,Employment Discrimination,Plaintiff,12
2009-10,Employment Discrimination,Plaintiff,12
2009-11,Employment Discrimination,Plaintiff,13
2009-12,Employment Discrimination,Plaintiff,11
2010-01,Employment Discrimination,Plaintiff,11
2010-02,Employment Discrimination,Plaintiff,11
2010-03,Employment Discrimination,Plaintiff,11
2010-04,Employment Discrimination,Plaintiff,9
2010-05,Employment Discrimination,Plaintiff,9
2010-06,Employment Discrimination,Plaintiff,8
2010-07,Employment Discrimination,Plaintiff,7
2010-08,Employment Discrimination,Plaintiff,7
2010-09,Employment Discrimination,Plaintiff,8
2010-10,Employment Discrimination,Plaintiff,7
2010-11,Employment Discrimination,Plaintiff,7
2010-12,Employment Discrimination,Plaintiff,7
2011-01,Employment Discrimination,Plaintiff,7
2011-02,Employment Discrimination,Plaintiff,8
2011-03,Employment Discrimination,Plaintiff,8
2011-04,Employment Discrimination,Plaintiff,9
2011-05,Employment Discrimination,Plaintiff,8
2011-06,Employment Discrimination,Plaintiff,8
2011-07,Employment Discrimination,Plaintiff,9
2011-08,Employment Discrimination,Plaintiff,10
2011-09,Employment Discrimination,Plaintiff,11
2011-10,Employment Discrimination,Plaintiff,10
2011-11,Employment Discrimination,Plaintiff,12
2011-12,Employment Discrimination,Plaintiff,11
2012-01,Employment Discrimination,Plaintiff,10
2012-02,Employment Discrimination,Plaintiff,10
2012-03,Employment Discrimination,Plaintiff,9
2012-04,Employment Discrimination,Plaintiff,9
2012-05,Employment Discrimination,Plaintiff,7
2012-06,Employment Discrimination,Plaintiff,7
2012-07,Employment Discrimination,Plaintiff,8
2012-08,Employment Discrimination,Plaintiff,9
2012-09,Employment Discrimination,Plaintiff,9
2012-10,Employment Discrimination,Plaintiff,8
2012-11,Employment Discrimination,Plaintiff,5
2012-12,Employment Discrimination,Plaintiff,5
2013-01,Employment Discrimination,Plaintiff,5
2013-02,Employment Discrimination,Plaintiff,5
2013-03,Employment Discrimination,Plaintiff,4
2013-04,Employment Discrimination,Plaintiff,5
2013-05,Employment Discrimination,Plaintiff,5
2013-06,Employment Discrimination,Plaintiff,5
2013-07,Employment Discrimination,Plaintiff,6
2013-08,Employment Discrimination,Plaintiff,5
2013-09,Employment Discrimination,Plaintiff,7
2013-10,Employment Discrimination,Plaintiff,8
2013-11,Employment Discrimination,Plaintiff,8
2013-12,Employment Discrimination,Plaintiff,7
2014-01,Employment Discrimination,Plaintiff,7
2014-02,Employment Discrimination,Plaintiff,8
2014-03,Employment Discrimination,Plaintiff,10
2014-04,Employment Discrimination,Plaintiff,9
2014-05,Employment Discrimination,Plaintiff,8
2014-06,Employment Discrimination,Plaintiff,8
2014-07,Employment Discrimination,Plaintiff,8
2014-08,Employment Discrimination,Plaintiff,7
2014-09,Employment Discrimination,Plaintiff,7
2014-10,Employment Discrimination,Plaintiff,7
2014-11,Employment Discrimination,Plaintiff,7
2014-12,Employment Discrimination,Plaintiff,6
2015-01,Employment Discrimination,Plaintiff,6
2015-02,Employment Discrimination,Plaintiff,5
2015-03,Employment Discrimination,Plaintiff,4
2015-04,Employment Discrimination,Plaintiff,4
2015-05,Employment Discrimination,Plaintiff,3
2015-06,Employment Discrimination,Plaintiff,3
2015-07,Employment Discrimination,Plaintiff,4
2015-08,Employment Discrimination,Plaintiff,4
2015-09,Employment Discrimination,Plaintiff,4
2015-10,Employment Discrimination,Plaintiff,2
2015-11,Employment Discrimination,Plaintiff,3
2015-12,Employment Discrimination,Plaintiff,4
2016-01,Employment Discrimination,Plaintiff,4
2016-02,Employment Discrimination,Plaintiff,5
2016-03,Employment Discrimination,Plaintiff,5
2016-04,Employment Discrimination,Plaintiff,3
2016-05,Employment Discrimination,Plaintiff,3
2016-06,Employment Discrimination,Plaintiff,2
2016-07,Employment Discrimination,Plaintiff,2
2016-08,Employment Discrimination,Plaintiff,2
2016-09,Employment Discrimination,Plaintiff,2
2016-10,Employment Discrimination,Plaintiff,2
2016-11,Employment Discrimination,Plaintiff,2
2016-12,Employment Discrimination,Plaintiff,2
2017-01,Employment Discrimination,Plaintiff,2
2017-02,Employment Discrimination,Plaintiff,2
2017-03,Employment Discrimination,Plaintiff,2
2017-04,Employment Discrimination,Plaintiff,2
2017-05,Employment Discrimination,Plaintiff,2
2017-06,Employment Discrimination,Plaintiff,3
2017-07,Employment Discrimination,Plaintiff,3
2017-08,Employment Discrimination,Plaintiff,3
2017-09,Employment Discrimination,Plaintiff,3
2017-10,Employment Discrimination,Plaintiff,3
2017-11,Employment Discrimination,Plaintiff,4
2017-12,Employment Discrimination,Plaintiff,4
2018-01,Employment Discrimination,Plaintiff,4
2018-02,Employment Discrimination,Plaintiff,3
2018-03,Employment Discrimination,Plaintiff,3
2018-04,Employment Discrimination,Plaintiff,3
2018-05,Employment Discrimination,Plaintiff,3
2018-06,Employment Discrimination,Plaintiff,4
2018-07,Employment Discrimination,Plaintiff,2
2018-08,Employment Discrimination,Plaintiff,2
2018-09,Employment Discrimination,Plaintiff,2
2018-10,Employment Discrimination,Plaintiff,2
2018-11,Employment Discrimination,Plaintiff,2
2018-12,Employment Discrimination,Plaintiff,1
2019-01,Employment Discrimination,Plaintiff,1
2019-02,Employment Discrimination,Plaintiff,1
2019-03,Employment Discrimination,Plaintiff,1
2019-04,Employment Discrimination,Plaintiff,1
2019-05,Employment Discrimination,Plaintiff,1
2019-06,Employment Discrimination,Plaintiff,1
2019-07,Employment Discrimination,Plaintiff,1
2019-08,Employment Discrimination,Plaintiff,1
2019-09,Employment Discrimination,Plaintiff,1
2019-10,Employment Discrimination,Plaintiff,1
2019-11,Employment Discrimination,Plaintiff,1
2019-12,Employment Discrimination,Plaintiff,1
2020-01,Employment Discrimination,Plaintiff,1
2020-02,Employment Discrimination,Plaintiff,1
2020-03,Employment Discrimination,Plaintiff,1
2020-04,Employment Discrimination,Plaintiff,1
2020-05,Employment Discrimination,Plaintiff,1
2020-06,Employment Discrimination,Plaintiff,1
2020-07,Employment Discrimination,Plaintiff,1
2020-08,Employment Discrimination,Plaintiff,1
2020-09,Employment Discrimination,Plaintiff,1
2020-10,Employment Discrimination,Plaintiff,1
2020-11,Employment Discrimination,Plaintiff,1
2020-12,Employment Discrimination,Plaintiff,2
2021-01,Employment Discrimination,Plaintiff,2
2021-02,Employment Discrimination,Plaintiff,2
2021-03,Employment Discrimination,Plaintiff,2
2021-04,Employment Discrimination,Plaintiff,2
2021-05,Employment Discrimination,Plaintiff,2
2021-06,Employment Discrimination,Plaintiff,2
2021-07,Employment Discrimination,Plaintiff,3
2021-08,Employment Discrimination,Plaintiff,2
2021-09,Employment Discrimination,Plaintiff,2
2021-10,Employment Discrimination,Plaintiff,1
2022-07,Employment Discrimination,Plaintiff,1
2022-08,Employment Discrimination,Plaintiff,1
2022-09,Employment Discrimination,Plaintiff,1
2022-10,Employment Discrimination,Plaintiff,1
2022-11,Employment Discrimination,Plaintiff,1
2022-12,Employment Discrimination,Plaintiff,1
2023-01,Employment Discrimination,Plaintiff,2
2023-02,Employment Discrimination,Plaintiff,2
2023-03,Employment Discrimination,Plaintiff,2
2023-04,Employment Discrimination,Plaintiff,2
2023-05,Employment Discrimination,Plaintiff,2
2023-06,Employment Discrimination,Plaintiff,2
2023-07,Employment Discrimination,Plaintiff,2
2023-08,Employment Discrimination,Plaintiff,2
2023-09,Employment Discrimination,Plaintiff,2
2023-10,Employment Discrimination,Plaintiff,2
2023-11,Employment Discrimination,Plaintiff,2
2023-12,Employment Discrimination,Plaintiff,2
2024-01,Employment Discrimination,Plaintiff,2
2024-02,Employment Discrimination,Plaintiff,2
2024-03,Employment Discrimination,Plaintiff,1
2024-04,Employment Discrimination,Plaintiff,1
2024-05,Employment Discrimination,Plaintiff,2
2024-06,Employment Discrimination,Plaintiff,2
2024-07,Employment Discrimination,Plaintiff,1
2024-08,Employment Discrimination,Plaintiff,1
2024-09,Employment Discrimination,Plaintiff,2
2024-10,Employment Discrimination,Plaintiff,2
2024-11,Employment Discrimination,Plaintiff,2
2024-12,Employment Discrimination,Plaintiff,2
2025-01,Employment Discrimination,Plaintiff,2
2025-02,Employment Discrimination,Plaintiff,2
2025-03,Employment Discrimination,Plaintiff,3
2025-04,Employment Discrimination,Plaintiff,3
2025-05,Employment Discrimination,Plaintiff,3
2025-06,Employment Discrimination,Plaintiff,3
2025-07,Employment Discrimination,Plaintiff,3
2025-08,Employment Discrimination,Plaintiff,3
2025-09,Employment Discrimination,Plaintiff,3
2025-10,Employment Discrimination,Plaintiff,2
2025-11,Employment Discrimination,Plaintiff,2
2025-12,Employment Discrimination,Plaintiff,2
2026-01,Employment Discrimination,Plaintiff,2
2026-02,Employment Discrimination,Plaintiff,2
2026-03,Employment Discrimination,Plaintiff,2
2026-04,Employment Discrimination,Plaintiff,2
2026-05,Employment Discrimination,Plaintiff,2
2026-06,Employment Discrimination,Plaintiff,2
2026-07,Employment Discrimination,Plaintiff,2
1994-10,Environmental/Lands,Plaintiff,1454
1994-11,Environmental/Lands,Plaintiff,1442
1994-12,Environmental/Lands,Plaintiff,1414
1995-01,Environmental/Lands,Plaintiff,1371
1995-02,Environmental/Lands,Plaintiff,1323
1995-03,Environmental/Lands,Plaintiff,1294
1995-04,Environmental/Lands,Plaintiff,1256
1995-05,Environmental/Lands,Plaintiff,1231
1995-06,Environmental/Lands,Plaintiff,1207
1995-07,Environmental/Lands,Plaintiff,1186
1995-08,Environmental/Lands,Plaintiff,1160
1995-09,Environmental/Lands,Plaintiff,1147
1995-10,Environmental/Lands,Plaintiff,1141
1995-11,Environmental/Lands,Plaintiff,1127
1995-12,Environmental/Lands,Plaintiff,1123
1996-01,Environmental/Lands,Plaintiff,1099
1996-02,Environmental/Lands,Plaintiff,1104
1996-03,Environmental/Lands,Plaintiff,1165
1996-04,Environmental/Lands,Plaintiff,1159
1996-05,Environmental/Lands,Plaintiff,1153
1996-06,Environmental/Lands,Plaintiff,1143
1996-07,Environmental/Lands,Plaintiff,1143
1996-08,Environmental/Lands,Plaintiff,1140
1996-09,Environmental/Lands,Plaintiff,1120
1996-10,Environmental/Lands,Plaintiff,1104
1996-11,Environmental/Lands,Plaintiff,1102
1996-12,Environmental/Lands,Plaintiff,1082
1997-01,Environmental/Lands,Plaintiff,1067
1997-02,Environmental/Lands,Plaintiff,1062
1997-03,Environmental/Lands,Plaintiff,1059
1997-04,Environmental/Lands,Plaintiff,1048
1997-05,Environmental/Lands,Plaintiff,1028
1997-06,Environmental/Lands,Plaintiff,1030
1997-07,Environmental/Lands,Plaintiff,1033
1997-08,Environmental/Lands,Plaintiff,1026
1997-09,Environmental/Lands,Plaintiff,1025
1997-10,Environmental/Lands,Plaintiff,1009
1997-11,Environmental/Lands,Plaintiff,1016
1997-12,Environmental/Lands,Plaintiff,1025
1998-01,Environmental/Lands,Plaintiff,1024
1998-02,Environmental/Lands,Plaintiff,1022
1998-03,Environmental/Lands,Plaintiff,1002
1998-04,Environmental/Lands,Plaintiff,1005
1998-05,Environmental/Lands,Plaintiff,1006
1998-06,Environmental/Lands,Plaintiff,1026
1998-07,Environmental/Lands,Plaintiff,1020
1998-08,Environmental/Lands,Plaintiff,991
1998-09,Environmental/Lands,Plaintiff,981
1998-10,Environmental/Lands,Plaintiff,982
1998-11,Environmental/Lands,Plaintiff,980
1998-12,Environmental/Lands,Plaintiff,1013
1999-01,Environmental/Lands,Plaintiff,1007
1999-02,Environmental/Lands,Plaintiff,1004
1999-03,Environmental/Lands,Plaintiff,1016
1999-04,Environmental/Lands,Plaintiff,989
1999-05,Environmental/Lands,Plaintiff,981
1999-06,Environmental/Lands,Plaintiff,971
1999-07,Environmental/Lands,Plaintiff,967
1999-08,Environmental/Lands,Plaintiff,981
1999-09,Environmental/Lands,Plaintiff,978
1999-10,Environmental/Lands,Plaintiff,1017
1999-11,Environmental/Lands,Plaintiff,1091
1999-12,Environmental/Lands,Plaintiff,1130
2000-01,Environmental/Lands,Plaintiff,1279
2000-02,Environmental/Lands,Plaintiff,1325
2000-03,Environmental/Lands,Plaintiff,1455
2000-04,Environmental/Lands,Plaintiff,1555
2000-05,Environmental/Lands,Plaintiff,1642
2000-06,Environmental/Lands,Plaintiff,1692
2000-07,Environmental/Lands,Plaintiff,1726
2000-08,Environmental/Lands,Plaintiff,1803
2000-09,Environmental/Lands,Plaintiff,1867
2000-10,Environmental/Lands,Plaintiff,1960
2000-11,Environmental/Lands,Plaintiff,2049
2000-12,Environmental/Lands,Plaintiff,2136
2001-01,Environmental/Lands,Plaintiff,2177
2001-02,Environmental/Lands,Plaintiff,2164
2001-03,Environmental/Lands,Plaintiff,2196
2001-04,Environmental/Lands,Plaintiff,2286
2001-05,Environmental/Lands,Plaintiff,2352
2001-06,Environmental/Lands,Plaintiff,2542
2001-07,Environmental/Lands,Plaintiff,2638
2001-08,Environmental/Lands,Plaintiff,2674
2001-09,Environmental/Lands,Plaintiff,2707
2001-10,Environmental/Lands,Plaintiff,2824
2001-11,Environmental/Lands,Plaintiff,2891
2001-12,Environmental/Lands,Plaintiff,2958
2002-01,Environmental/Lands,Plaintiff,2954
2002-02,Environmental/Lands,Plaintiff,2938
2002-03,Environmental/Lands,Plaintiff,2972
2002-04,Environmental/Lands,Plaintiff,2977
2002-05,Environmental/Lands,Plaintiff,2900
2002-06,Environmental/Lands,Plaintiff,2897
2002-07,Environmental/Lands,Plaintiff,2940
2002-08,Environmental/Lands,Plaintiff,2936
2002-09,Environmental/Lands,Plaintiff,2925
2002-10,Environmental/Lands,Plaintiff,2925
2002-11,Environmental/Lands,Plaintiff,2911
2002-12,Environmental/Lands,Plaintiff,2825
2003-01,Environmental/Lands,Plaintiff,2776
2003-02,Environmental/Lands,Plaintiff,2722
2003-03,Environmental/Lands,Plaintiff,2686
2003-04,Environmental/Lands,Plaintiff,2658
2003-05,Environmental/Lands,Plaintiff,2645
2003-06,Environmental/Lands,Plaintiff,2631
2003-07,Environmental/Lands,Plaintiff,2553
2003-08,Environmental/Lands,Plaintiff,2513
2003-09,Environmental/Lands,Plaintiff,2497
2003-10,Environmental/Lands,Plaintiff,2471
2003-11,Environmental/Lands,Plaintiff,2471
2003-12,Environmental/Lands,Plaintiff,2437
2004-01,Environmental/Lands,Plaintiff,2432
2004-02,Environmental/Lands,Plaintiff,2399
2004-03,Environmental/Lands,Plaintiff,2382
2004-04,Environmental/Lands,Plaintiff,2370
2004-05,Environmental/Lands,Plaintiff,2356
2004-06,Environmental/Lands,Plaintiff,2106
2004-07,Environmental/Lands,Plaintiff,2006
2004-08,Environmental/Lands,Plaintiff,1996
2004-09,Environmental/Lands,Plaintiff,1973
2004-10,Environmental/Lands,Plaintiff,1915
2004-11,Environmental/Lands,Plaintiff,1857
2004-12,Environmental/Lands,Plaintiff,1846
2005-01,Environmental/Lands,Plaintiff,1820
2005-02,Environmental/Lands,Plaintiff,1730
2005-03,Environmental/Lands,Plaintiff,1700
2005-04,Environmental/Lands,Plaintiff,1655
2005-05,Environmental/Lands,Plaintiff,1652
2005-06,Environmental/Lands,Plaintiff,1589
2005-07,Environmental/Lands,Plaintiff,1567
2005-08,Environmental/Lands,Plaintiff,1492
2005-09,Environmental/Lands,Plaintiff,1391
2005-10,Environmental/Lands,Plaintiff,1401
2005-11,Environmental/Lands,Plaintiff,1394
2005-12,Environmental/Lands,Plaintiff,1354
2006-01,Environmental/Lands,Plaintiff,1317
2006-02,Environmental/Lands,Plaintiff,1311
2006-03,Environmental/Lands,Plaintiff,1225
2006-04,Environmental/Lands,Plaintiff,1131
2006-05,Environmental/Lands,Plaintiff,1117
2006-06,Environmental/Lands,Plaintiff,1104
2006-07,Environmental/Lands,Plaintiff,1082
2006-08,Environmental/Lands,Plaintiff,1062
2006-09,Environmental/Lands,Plaintiff,1064
2006-10,Environmental/Lands,Plaintiff,1061
2006-11,Environmental/Lands,Plaintiff,1036
2006-12,Environmental/Lands,Plaintiff,1039
2007-01,Environmental/Lands,Plaintiff,1038
2007-02,Environmental/Lands,Plaintiff,1008
2007-03,Environmental/Lands,Plaintiff,959
2007-04,Environmental/Lands,Plaintiff,958
2007-05,Environmental/Lands,Plaintiff,938
2007-06,Environmental/Lands,Plaintiff,930
2007-07,Environmental/Lands,Plaintiff,923
2007-08,Environmental/Lands,Plaintiff,930
2007-09,Environmental/Lands,Plaintiff,911
2007-10,Environmental/Lands,Plaintiff,903
2007-11,Environmental/Lands,Plaintiff,890
2007-12,Environmental/Lands,Plaintiff,891
2008-01,Environmental/Lands,Plaintiff,942
2008-02,Environmental/Lands,Plaintiff,980
2008-03,Environmental/Lands,Plaintiff,972
2008-04,Environmental/Lands,Plaintiff,939
2008-05,Environmental/Lands,Plaintiff,956
2008-06,Environmental/Lands,Plaintiff,1111
2008-07,Environmental/Lands,Plaintiff,1149
2008-08,Environmental/Lands,Plaintiff,1140
2008-09,Environmental/Lands,Plaintiff,1118
2008-10,Environmental/Lands,Plaintiff,1099
2008-11,Environmental/Lands,Plaintiff,1117
2008-12,Environmental/Lands,Plaintiff,1057
2009-01,Environmental/Lands,Plaintiff,1044
2009-02,Environmental/Lands,Plaintiff,979
2009-03,Environmental/Lands,Plaintiff,935
2009-04,Environmental/Lands,Plaintiff,928
2009-05,Environmental/Lands,Plaintiff,913
2009-06,Environmental/Lands,Plaintiff,931
2009-07,Environmental/Lands,Plaintiff,932
2009-08,Environmental/Lands,Plaintiff,902
2009-09,Environmental/Lands,Plaintiff,890
2009-10,Environmental/Lands,Plaintiff,859
2009-11,Environmental/Lands,Plaintiff,828
2009-12,Environmental/Lands,Plaintiff,801
2010-01,Environmental/Lands,Plaintiff,766
2010-02,Environmental/Lands,Plaintiff,759
2010-03,Environmental/Lands,Plaintiff,744
2010-04,Environmental/Lands,Plaintiff,742
2010-05,Environmental/Lands,Plaintiff,743
2010-06,Environmental/Lands,Plaintiff,737
2010-07,Environmental/Lands,Plaintiff,737
2010-08,Environmental/Lands,Plaintiff,720
2010-09,Environmental/Lands,Plaintiff,691
2010-10,Environmental/Lands,Plaintiff,678
2010-11,Environmental/Lands,Plaintiff,671
2010-12,Environmental/Lands,Plaintiff,668
2011-01,Environmental/Lands,Plaintiff,668
2011-02,Environmental/Lands,Plaintiff,659
2011-03,Environmental/Lands,Plaintiff,632
2011-04,Environmental/Lands,Plaintiff,631
2011-05,Environmental/Lands,Plaintiff,628
2011-06,Environmental/Lands,Plaintiff,621
2011-07,Environmental/Lands,Plaintiff,615
2011-08,Environmental/Lands,Plaintiff,614
2011-09,Environmental/Lands,Plaintiff,597
2011-10,Environmental/Lands,Plaintiff,595
2011-11,Environmental/Lands,Plaintiff,581
2011-12,Environmental/Lands,Plaintiff,577
2012-01,Environmental/Lands,Plaintiff,566
2012-02,Environmental/Lands,Plaintiff,554
2012-03,Environmental/Lands,Plaintiff,539
2012-04,Environmental/Lands,Plaintiff,545
2012-05,Environmental/Lands,Plaintiff,544
2012-06,Environmental/Lands,Plaintiff,551
2012-07,Environmental/Lands,Plaintiff,543
2012-08,Environmental/Lands,Plaintiff,531
2012-09,Environmental/Lands,Plaintiff,528
2012-10,Environmental/Lands,Plaintiff,523
2012-11,Environmental/Lands,Plaintiff,522
2012-12,Environmental/Lands,Plaintiff,524
2013-01,Environmental/Lands,Plaintiff,520
2013-02,Environmental/Lands,Plaintiff,521
2013-03,Environmental/Lands,Plaintiff,513
2013-04,Environmental/Lands,Plaintiff,504
2013-05,Environmental/Lands,Plaintiff,499
2013-06,Environmental/Lands,Plaintiff,510
2013-07,Environmental/Lands,Plaintiff,508
2013-08,Environmental/Lands,Plaintiff,501
2013-09,Environmental/Lands,Plaintiff,492
2013-10,Environmental/Lands,Plaintiff,486
2013-11,Environmental/Lands,Plaintiff,484
2013-12,Environmental/Lands,Plaintiff,470
2014-01,Environmental/Lands,Plaintiff,458
2014-02,Environmental/Lands,Plaintiff,452
2014-03,Environmental/Lands,Plaintiff,439
2014-04,Environmental/Lands,Plaintiff,429
2014-05,Environmental/Lands,Plaintiff,418
2014-06,Environmental/Lands,Plaintiff,422
2014-07,Environmental/Lands,Plaintiff,422
2014-08,Environmental/Lands,Plaintiff,418
2014-09,Environmental/Lands,Plaintiff,419
2014-10,Environmental/Lands,Plaintiff,424
2014-11,Environmental/Lands,Plaintiff,417
2014-12,Environmental/Lands,Plaintiff,418
2015-01,Environmental/Lands,Plaintiff,413
2015-02,Environmental/Lands,Plaintiff,402
2015-03,Environmental/Lands,Plaintiff,395
2015-04,Environmental/Lands,Plaintiff,387
2015-05,Environmental/Lands,Plaintiff,379
2015-06,Environmental/Lands,Plaintiff,373
2015-07,Environmental/Lands,Plaintiff,364
2015-08,Environmental/Lands,Plaintiff,365
2015-09,Environmental/Lands,Plaintiff,365
2015-10,Environmental/Lands,Plaintiff,358
2015-11,Environmental/Lands,Plaintiff,353
2015-12,Environmental/Lands,Plaintiff,358
2016-01,Environmental/Lands,Plaintiff,352
2016-02,Environmental/Lands,Plaintiff,347
2016-03,Environmental/Lands,Plaintiff,340
2016-04,Environmental/Lands,Plaintiff,341
2016-05,Environmental/Lands,Plaintiff,337
2016-06,Environmental/Lands,Plaintiff,337
2016-07,Environmental/Lands,Plaintiff,343
2016-08,Environmental/Lands,Plaintiff,347
2016-09,Environmental/Lands,Plaintiff,347
2016-10,Environmental/Lands,Plaintiff,349
2016-11,Environmental/Lands,Plaintiff,363
2016-12,Environmental/Lands,Plaintiff,365
2017-01,Environmental/Lands,Plaintiff,362
2017-02,Environmental/Lands,Plaintiff,355
2017-03,Environmental/Lands,Plaintiff,345
2017-04,Environmental/Lands,Plaintiff,333
2017-05,Environmental/Lands,Plaintiff,315
2017-06,Environmental/Lands,Plaintiff,312
2017-07,Environmental/Lands,Plaintiff,309
2017-08,Environmental/Lands,Plaintiff,307
2017-09,Environmental/Lands,Plaintiff,310
2017-10,Environmental/Lands,Plaintiff,302
2017-11,Environmental/Lands,Plaintiff,295
2017-12,Environmental/Lands,Plaintiff,298
2018-01,Environmental/Lands,Plaintiff,297
2018-02,Environmental/Lands,Plaintiff,295
2018-03,Environmental/Lands,Plaintiff,288
2018-04,Environmental/Lands,Plaintiff,284
2018-05,Environmental/Lands,Plaintiff,277
2018-06,Environmental/Lands,Plaintiff,279
2018-07,Environmental/Lands,Plaintiff,279
2018-08,Environmental/Lands,Plaintiff,279
2018-09,Environmental/Lands,Plaintiff,278
2018-10,Environmental/Lands,Plaintiff,274
2018-11,Environmental/Lands,Plaintiff,264
2018-12,Environmental/Lands,Plaintiff,261
2019-01,Environmental/Lands,Plaintiff,259
2019-02,Environmental/Lands,Plaintiff,256
2019-03,Environmental/Lands,Plaintiff,256
2019-04,Environmental/Lands,Plaintiff,245
2019-05,Environmental/Lands,Plaintiff,247
2019-06,Environmental/Lands,Plaintiff,252
2019-07,Environmental/Lands,Plaintiff,248
2019-08,Environmental/Lands,Plaintiff,250
2019-09,Environmental/Lands,Plaintiff,247
2019-10,Environmental/Lands,Plaintiff,244
2019-11,Environmental/Lands,Plaintiff,239
2019-12,Environmental/Lands,Plaintiff,238
2020-01,Environmental/Lands,Plaintiff,244
2020-02,Environmental/Lands,Plaintiff,250
2020-03,Environmental/Lands,Plaintiff,258
2020-04,Environmental/Lands,Plaintiff,259
2020-05,Environmental/Lands,Plaintiff,261
2020-06,Environmental/Lands,Plaintiff,270
2020-07,Environmental/Lands,Plaintiff,282
2020-08,Environmental/Lands,Plaintiff,288
2020-09,Environmental/Lands,Plaintiff,307
2020-10,Environmental/Lands,Plaintiff,324
2020-11,Environmental/Lands,Plaintiff,337
2020-12,Environmental/Lands,Plaintiff,359
2021-01,Environmental/Lands,Plaintiff,368
2021-02,Environmental/Lands,Plaintiff,360
2021-03,Environmental/Lands,Plaintiff,356
2021-04,Environmental/Lands,Plaintiff,350
2021-05,Environmental/Lands,Plaintiff,338
2021-06,Environmental/Lands,Plaintiff,331
2021-07,Environmental/Lands,Plaintiff,310
2021-08,Environmental/Lands,Plaintiff,299
2021-09,Environmental/Lands,Plaintiff,285
2021-10,Environmental/Lands,Plaintiff,268
2021-11,Environmental/Lands,Plaintiff,250
2021-12,Environmental/Lands,Plaintiff,232
2022-01,Environmental/Lands,Plaintiff,224
2022-02,Environmental/Lands,Plaintiff,214
2022-03,Environmental/Lands,Plaintiff,202
2022-04,Environmental/Lands,Plaintiff,195
2022-05,Environmental/Lands,Plaintiff,196
2022-06,Environmental/Lands,Plaintiff,195
2022-07,Environmental/Lands,Plaintiff,188
2022-08,Environmental/Lands,Plaintiff,183
2022-09,Environmental/Lands,Plaintiff,176
2022-10,Environmental/Lands,Plaintiff,173
2022-11,Environmental/Lands,Plaintiff,169
2022-12,Environmental/Lands,Plaintiff,171
2023-01,Environmental/Lands,Plaintiff,166
2023-02,Environmental/Lands,Plaintiff,161
2023-03,Environmental/Lands,Plaintiff,157
2023-04,Environmental/Lands,Plaintiff,156
2023-05,Environmental/Lands,Plaintiff,163
2023-06,Environmental/Lands,Plaintiff,158
2023-07,Environmental/Lands,Plaintiff,166
2023-08,Environmental/Lands,Plaintiff,166
2023-09,Environmental/Lands,Plaintiff,163
2023-10,Environmental/Lands,Plaintiff,164
2023-11,Environmental/Lands,Plaintiff,161
2023-12,Environmental/Lands,Plaintiff,158
2024-01,Environmental/Lands,Plaintiff,161
2024-02,Environmental/Lands,Plaintiff,162
2024-03,Environmental/Lands,Plaintiff,163
2024-04,Environmental/Lands,Plaintiff,158
2024-05,Environmental/Lands,Plaintiff,159
2024-06,Environmental/Lands,Plaintiff,162
2024-07,Environmental/Lands,Plaintiff,164
2024-08,Environmental/Lands,Plaintiff,166
2024-09,Environmental/Lands,Plaintiff,160
2024-10,Environmental/Lands,Plaintiff,162
2024-11,Environmental/Lands,Plaintiff,161
2024-12,Environmental/Lands,Plaintiff,154
2025-01,Environmental/Lands,Plaintiff,156
2025-02,Environmental/Lands,Plaintiff,156
2025-03,Environmental/Lands,Plaintiff,162
2025-04,Environmental/Lands,Plaintiff,170
2025-05,Environmental/Lands,Plaintiff,175
2025-06,Environmental/Lands,Plaintiff,176
2025-07,Environmental/Lands,Plaintiff,173
2025-08,Environmental/Lands,Plaintiff,174
2025-09,Environmental/Lands,Plaintiff,175
2025-10,Environmental/Lands,Plaintiff,177
2025-11,Environmental/Lands,Plaintiff,178
2025-12,Environmental/Lands,Plaintiff,177
2026-01,Environmental/Lands,Plaintiff,178
2026-02,Environmental/Lands,Plaintiff,187
2026-03,Environmental/Lands,Plaintiff,184
2026-04,Environmental/Lands,Plaintiff,182
2026-05,Environmental/Lands,Plaintiff,180
2026-06,Environmental/Lands,Plaintiff,179
2026-07,Environmental/Lands,Plaintiff,177
1994-10,Fraud,Plaintiff,658
1994-11,Fraud,Plaintiff,654
1994-12,Fraud,Plaintiff,664
1995-01,Fraud,Plaintiff,672
1995-02,Fraud,Plaintiff,685
1995-03,Fraud,Plaintiff,699
1995-04,Fraud,Plaintiff,709
1995-05,Fraud,Plaintiff,728
1995-06,Fraud,Plaintiff,752
1995-07,Fraud,Plaintiff,766
1995-08,Fraud,Plaintiff,783
1995-09,Fraud,Plaintiff,790
1995-10,Fraud,Plaintiff,781
1995-11,Fraud,Plaintiff,803
1995-12,Fraud,Plaintiff,807
1996-01,Fraud,Plaintiff,829
1996-02,Fraud,Plaintiff,862
1996-03,Fraud,Plaintiff,902
1996-04,Fraud,Plaintiff,923
1996-05,Fraud,Plaintiff,941
1996-06,Fraud,Plaintiff,943
1996-07,Fraud,Plaintiff,984
1996-08,Fraud,Plaintiff,997
1996-09,Fraud,Plaintiff,1028
1996-10,Fraud,Plaintiff,1067
1996-11,Fraud,Plaintiff,1069
1996-12,Fraud,Plaintiff,1064
1997-01,Fraud,Plaintiff,1077
1997-02,Fraud,Plaintiff,1073
1997-03,Fraud,Plaintiff,1088
1997-04,Fraud,Plaintiff,1092
1997-05,Fraud,Plaintiff,1090
1997-06,Fraud,Plaintiff,1112
1997-07,Fraud,Plaintiff,1146
1997-08,Fraud,Plaintiff,1206
1997-09,Fraud,Plaintiff,1238
1997-10,Fraud,Plaintiff,1280
1997-11,Fraud,Plaintiff,1309
1997-12,Fraud,Plaintiff,1305
1998-01,Fraud,Plaintiff,1324
1998-02,Fraud,Plaintiff,1335
1998-03,Fraud,Plaintiff,1343
1998-04,Fraud,Plaintiff,1361
1998-05,Fraud,Plaintiff,1397
1998-06,Fraud,Plaintiff,1393
1998-07,Fraud,Plaintiff,1404
1998-08,Fraud,Plaintiff,1424
1998-09,Fraud,Plaintiff,1418
1998-10,Fraud,Plaintiff,1428
1998-11,Fraud,Plaintiff,1442
1998-12,Fraud,Plaintiff,1450
1999-01,Fraud,Plaintiff,1461
1999-02,Fraud,Plaintiff,1455
1999-03,Fraud,Plaintiff,1484
1999-04,Fraud,Plaintiff,1503
1999-05,Fraud,Plaintiff,1508
1999-06,Fraud,Plaintiff,1527
1999-07,Fraud,Plaintiff,1535
1999-08,Fraud,Plaintiff,1559
1999-09,Fraud,Plaintiff,1569
1999-10,Fraud,Plaintiff,1563
1999-11,Fraud,Plaintiff,1567
1999-12,Fraud,Plaintiff,1563
2000-01,Fraud,Plaintiff,1555
2000-02,Fraud,Plaintiff,1568
2000-03,Fraud,Plaintiff,1536
2000-04,Fraud,Plaintiff,1547
2000-05,Fraud,Plaintiff,1534
2000-06,Fraud,Plaintiff,1504
2000-07,Fraud,Plaintiff,1491
2000-08,Fraud,Plaintiff,1490
2000-09,Fraud,Plaintiff,1479
2000-10,Fraud,Plaintiff,1502
2000-11,Fraud,Plaintiff,1493
2000-12,Fraud,Plaintiff,1494
2001-01,Fraud,Plaintiff,1500
2001-02,Fraud,Plaintiff,1500
2001-03,Fraud,Plaintiff,1483
2001-04,Fraud,Plaintiff,1463
2001-05,Fraud,Plaintiff,1437
2001-06,Fraud,Plaintiff,1422
2001-07,Fraud,Plaintiff,1422
2001-08,Fraud,Plaintiff,1404
2001-09,Fraud,Plaintiff,1381
2001-10,Fraud,Plaintiff,1395
2001-11,Fraud,Plaintiff,1377
2001-12,Fraud,Plaintiff,1356
2002-01,Fraud,Plaintiff,1340
2002-02,Fraud,Plaintiff,1316
2002-03,Fraud,Plaintiff,1313
2002-04,Fraud,Plaintiff,1302
2002-05,Fraud,Plaintiff,1306
2002-06,Fraud,Plaintiff,1288
2002-07,Fraud,Plaintiff,1283
2002-08,Fraud,Plaintiff,1290
2002-09,Fraud,Plaintiff,1263
2002-10,Fraud,Plaintiff,1249
2002-11,Fraud,Plaintiff,1239
2002-12,Fraud,Plaintiff,1242
2003-01,Fraud,Plaintiff,1228
2003-02,Fraud,Plaintiff,1222
2003-03,Fraud,Plaintiff,1219
2003-04,Fraud,Plaintiff,1178
2003-05,Fraud,Plaintiff,1175
2003-06,Fraud,Plaintiff,1170
2003-07,Fraud,Plaintiff,1160
2003-08,Fraud,Plaintiff,1164
2003-09,Fraud,Plaintiff,1183
2003-10,Fraud,Plaintiff,1197
2003-11,Fraud,Plaintiff,1199
2003-12,Fraud,Plaintiff,1202
2004-01,Fraud,Plaintiff,1213
2004-02,Fraud,Plaintiff,1215
2004-03,Fraud,Plaintiff,1222
2004-04,Fraud,Plaintiff,1223
2004-05,Fraud,Plaintiff,1238
2004-06,Fraud,Plaintiff,1235
2004-07,Fraud,Plaintiff,1240
2004-08,Fraud,Plaintiff,1235
2004-09,Fraud,Plaintiff,1225
2004-10,Fraud,Plaintiff,1234
2004-11,Fraud,Plaintiff,1239
2004-12,Fraud,Plaintiff,1261
2005-01,Fraud,Plaintiff,1264
2005-02,Fraud,Plaintiff,1266
2005-03,Fraud,Plaintiff,1269
2005-04,Fraud,Plaintiff,1254
2005-05,Fraud,Plaintiff,1275
2005-06,Fraud,Plaintiff,1272
2005-07,Fraud,Plaintiff,1273
2005-08,Fraud,Plaintiff,1263
2005-09,Fraud,Plaintiff,1246
2005-10,Fraud,Plaintiff,1248
2005-11,Fraud,Plaintiff,1243
2005-12,Fraud,Plaintiff,1241
2006-01,Fraud,Plaintiff,1241
2006-02,Fraud,Plaintiff,1255
2006-03,Fraud,Plaintiff,1228
2006-04,Fraud,Plaintiff,1229
2006-05,Fraud,Plaintiff,1233
2006-06,Fraud,Plaintiff,1219
2006-07,Fraud,Plaintiff,1224
2006-08,Fraud,Plaintiff,1220
2006-09,Fraud,Plaintiff,1207
2006-10,Fraud,Plaintiff,1198
2006-11,Fraud,Plaintiff,1211
2006-12,Fraud,Plaintiff,1227
2007-01,Fraud,Plaintiff,1209
2007-02,Fraud,Plaintiff,1241
2007-03,Fraud,Plaintiff,1222
2007-04,Fraud,Plaintiff,1210
2007-05,Fraud,Plaintiff,1206
2007-06,Fraud,Plaintiff,1204
2007-07,Fraud,Plaintiff,1208
2007-08,Fraud,Plaintiff,1194
2007-09,Fraud,Plaintiff,1188
2007-10,Fraud,Plaintiff,1181
2007-11,Fraud,Plaintiff,1187
2007-12,Fraud,Plaintiff,1183
2008-01,Fraud,Plaintiff,1161
2008-02,Fraud,Plaintiff,1163
2008-03,Fraud,Plaintiff,1143
2008-04,Fraud,Plaintiff,1152
2008-05,Fraud,Plaintiff,1165
2008-06,Fraud,Plaintiff,1137
2008-07,Fraud,Plaintiff,1146
2008-08,Fraud,Plaintiff,1147
2008-09,Fraud,Plaintiff,1144
2008-10,Fraud,Plaintiff,1164
2008-11,Fraud,Plaintiff,1194
2008-12,Fraud,Plaintiff,1201
2009-01,Fraud,Plaintiff,1194
2009-02,Fraud,Plaintiff,1204
2009-03,Fraud,Plaintiff,1182
2009-04,Fraud,Plaintiff,1175
2009-05,Fraud,Plaintiff,1178
2009-06,Fraud,Plaintiff,1185
2009-07,Fraud,Plaintiff,1205
2009-08,Fraud,Plaintiff,1220
2009-09,Fraud,Plaintiff,1218
2009-10,Fraud,Plaintiff,1238
2009-11,Fraud,Plaintiff,1244
2009-12,Fraud,Plaintiff,1241
2010-01,Fraud,Plaintiff,1249
2010-02,Fraud,Plaintiff,1266
2010-03,Fraud,Plaintiff,1271
2010-04,Fraud,Plaintiff,1292
2010-05,Fraud,Plaintiff,1300
2010-06,Fraud,Plaintiff,1300
2010-07,Fraud,Plaintiff,1306
2010-08,Fraud,Plaintiff,1312
2010-09,Fraud,Plaintiff,1338
2010-10,Fraud,Plaintiff,1378
2010-11,Fraud,Plaintiff,1399
2010-12,Fraud,Plaintiff,1397
2011-01,Fraud,Plaintiff,1415
2011-02,Fraud,Plaintiff,1427
2011-03,Fraud,Plaintiff,1425
2011-04,Fraud,Plaintiff,1445
2011-05,Fraud,Plaintiff,1475
2011-06,Fraud,Plaintiff,1501
2011-07,Fraud,Plaintiff,1524
2011-08,Fraud,Plaintiff,1536
2011-09,Fraud,Plaintiff,1534
2011-10,Fraud,Plaintiff,1525
2011-11,Fraud,Plaintiff,1535
2011-12,Fraud,Plaintiff,1533
2012-01,Fraud,Plaintiff,1531
2012-02,Fraud,Plaintiff,1534
2012-03,Fraud,Plaintiff,1554
2012-04,Fraud,Plaintiff,1557
2012-05,Fraud,Plaintiff,1579
2012-06,Fraud,Plaintiff,1578
2012-07,Fraud,Plaintiff,1596
2012-08,Fraud,Plaintiff,1605
2012-09,Fraud,Plaintiff,1599
2012-10,Fraud,Plaintiff,1618
2012-11,Fraud,Plaintiff,1667
2012-12,Fraud,Plaintiff,1661
2013-01,Fraud,Plaintiff,1661
2013-02,Fraud,Plaintiff,1682
2013-03,Fraud,Plaintiff,1676
2013-04,Fraud,Plaintiff,1674
2013-05,Fraud,Plaintiff,1689
2013-06,Fraud,Plaintiff,1706
2013-07,Fraud,Plaintiff,1701
2013-08,Fraud,Plaintiff,1720
2013-09,Fraud,Plaintiff,1717
2013-10,Fraud,Plaintiff,1730
2013-11,Fraud,Plaintiff,1725
2013-12,Fraud,Plaintiff,1716
2014-01,Fraud,Plaintiff,1717
2014-02,Fraud,Plaintiff,1705
2014-03,Fraud,Plaintiff,1690
2014-04,Fraud,Plaintiff,1709
2014-05,Fraud,Plaintiff,1724
2014-06,Fraud,Plaintiff,1756
2014-07,Fraud,Plaintiff,1771
2014-08,Fraud,Plaintiff,1769
2014-09,Fraud,Plaintiff,1751
2014-10,Fraud,Plaintiff,1774
2014-11,Fraud,Plaintiff,1785
2014-12,Fraud,Plaintiff,1778
2015-01,Fraud,Plaintiff,1741
2015-02,Fraud,Plaintiff,1752
2015-03,Fraud,Plaintiff,1758
2015-04,Fraud,Plaintiff,1754
2015-05,Fraud,Plaintiff,1747
2015-06,Fraud,Plaintiff,1755
2015-07,Fraud,Plaintiff,1751
2015-08,Fraud,Plaintiff,1773
2015-09,Fraud,Plaintiff,1779
2015-10,Fraud,Plaintiff,1770
2015-11,Fraud,Plaintiff,1775
2015-12,Fraud,Plaintiff,1775
2016-01,Fraud,Plaintiff,1760
2016-02,Fraud,Plaintiff,1778
2016-03,Fraud,Plaintiff,1763
2016-04,Fraud,Plaintiff,1791
2016-05,Fraud,Plaintiff,1790
2016-06,Fraud,Plaintiff,1798
2016-07,Fraud,Plaintiff,1809
2016-08,Fraud,Plaintiff,1825
2016-09,Fraud,Plaintiff,1833
2016-10,Fraud,Plaintiff,1850
2016-11,Fraud,Plaintiff,1868
2016-12,Fraud,Plaintiff,1888
2017-01,Fraud,Plaintiff,1895
2017-02,Fraud,Plaintiff,1893
2017-03,Fraud,Plaintiff,1896
2017-04,Fraud,Plaintiff,1901
2017-05,Fraud,Plaintiff,1909
2017-06,Fraud,Plaintiff,1907
2017-07,Fraud,Plaintiff,1900
2017-08,Fraud,Plaintiff,1900
2017-09,Fraud,Plaintiff,1908
2017-10,Fraud,Plaintiff,1908
2017-11,Fraud,Plaintiff,1914
2017-12,Fraud,Plaintiff,1907
2018-01,Fraud,Plaintiff,1918
2018-02,Fraud,Plaintiff,1923
2018-03,Fraud,Plaintiff,1929
2018-04,Fraud,Plaintiff,1945
2018-05,Fraud,Plaintiff,1949
2018-06,Fraud,Plaintiff,1940
2018-07,Fraud,Plaintiff,1938
2018-08,Fraud,Plaintiff,1933
2018-09,Fraud,Plaintiff,1919
2018-10,Fraud,Plaintiff,1932
2018-11,Fraud,Plaintiff,1934
2018-12,Fraud,Plaintiff,1940
2019-01,Fraud,Plaintiff,1948
2019-02,Fraud,Plaintiff,1962
2019-03,Fraud,Plaintiff,1960
2019-04,Fraud,Plaintiff,1954
2019-05,Fraud,Plaintiff,1968
2019-06,Fraud,Plaintiff,1981
2019-07,Fraud,Plaintiff,1985
2019-08,Fraud,Plaintiff,1989
2019-09,Fraud,Plaintiff,1991
2019-10,Fraud,Plaintiff,1997
2019-11,Fraud,Plaintiff,2016
2019-12,Fraud,Plaintiff,2031
2020-01,Fraud,Plaintiff,2028
2020-02,Fraud,Plaintiff,2038
2020-03,Fraud,Plaintiff,2046
2020-04,Fraud,Plaintiff,2052
2020-05,Fraud,Plaintiff,2072
2020-06,Fraud,Plaintiff,2061
2020-07,Fraud,Plaintiff,2051
2020-08,Fraud,Plaintiff,2054
2020-09,Fraud,Plaintiff,2066
2020-10,Fraud,Plaintiff,2100
2020-11,Fraud,Plaintiff,2126
2020-12,Fraud,Plaintiff,2119
2021-01,Fraud,Plaintiff,2104
2021-02,Fraud,Plaintiff,2096
2021-03,Fraud,Plaintiff,2100
2021-04,Fraud,Plaintiff,2100
2021-05,Fraud,Plaintiff,2099
2021-06,Fraud,Plaintiff,2094
2021-07,Fraud,Plaintiff,2082
2021-08,Fraud,Plaintiff,2073
2021-09,Fraud,Plaintiff,2072
2021-10,Fraud,Plaintiff,2078
2021-11,Fraud,Plaintiff,2087
2021-12,Fraud,Plaintiff,2087
2022-01,Fraud,Plaintiff,2076
2022-02,Fraud,Plaintiff,2071
2022-03,Fraud,Plaintiff,2079
2022-04,Fraud,Plaintiff,2078
2022-05,Fraud,Plaintiff,2071
2022-06,Fraud,Plaintiff,2067
2022-07,Fraud,Plaintiff,2071
2022-08,Fraud,Plaintiff,2086
2022-09,Fraud,Plaintiff,2087
2022-10,Fraud,Plaintiff,2087
2022-11,Fraud,Plaintiff,2109
2022-12,Fraud,Plaintiff,2117
2023-01,Fraud,Plaintiff,2135
2023-02,Fraud,Plaintiff,2135
2023-03,Fraud,Plaintiff,2173
2023-04,Fraud,Plaintiff,2190
2023-05,Fraud,Plaintiff,2215
2023-06,Fraud,Plaintiff,2202
2023-07,Fraud,Plaintiff,2217
2023-08,Fraud,Plaintiff,2246
2023-09,Fraud,Plaintiff,2128
2023-10,Fraud,Plaintiff,2126
2023-11,Fraud,Plaintiff,2133
2023-12,Fraud,Plaintiff,2162
2024-01,Fraud,Plaintiff,2162
2024-02,Fraud,Plaintiff,2158
2024-03,Fraud,Plaintiff,2144
2024-04,Fraud,Plaintiff,2186
2024-05,Fraud,Plaintiff,2220
2024-06,Fraud,Plaintiff,2257
2024-07,Fraud,Plaintiff,2324
2024-08,Fraud,Plaintiff,2334
2024-09,Fraud,Plaintiff,2368
2024-10,Fraud,Plaintiff,2398
2024-11,Fraud,Plaintiff,2445
2024-12,Fraud,Plaintiff,2474
2025-01,Fraud,Plaintiff,2514
2025-02,Fraud,Plaintiff,2515
2025-03,Fraud,Plaintiff,2552
2025-04,Fraud,Plaintiff,2606
2025-05,Fraud,Plaintiff,2675
2025-06,Fraud,Plaintiff,2706
2025-07,Fraud,Plaintiff,2743
2025-08,Fraud,Plaintiff,2760
2025-09,Fraud,Plaintiff,2811
2025-10,Fraud,Plaintiff,2870
2025-11,Fraud,Plaintiff,2918
2025-12,Fraud,Plaintiff,2955
2026-01,Fraud,Plaintiff,2991
2026-02,Fraud,Plaintiff,3002
2026-03,Fraud,Plaintiff,3043
2026-04,Fraud,Plaintiff,3141
2026-05,Fraud,Plaintiff,3199
2026-06,Fraud,Plaintiff,3304
2026-07,Fraud,Plaintiff,3367
1994-10,Immigration,Plaintiff,70
1994-11,Immigration,Plaintiff,67
1994-12,Immigration,Plaintiff,70
1995-01,Immigration,Plaintiff,69
1995-02,Immigration,Plaintiff,67
1995-03,Immigration,Plaintiff,68
1995-04,Immigration,Plaintiff,77
1995-05,Immigration,Plaintiff,76
1995-06,Immigration,Plaintiff,74
1995-07,Immigration,Plaintiff,76
1995-08,Immigration,Plaintiff,79
1995-09,Immigration,Plaintiff,85
1995-10,Immigration,Plaintiff,85
1995-11,Immigration,Plaintiff,80
1995-12,Immigration,Plaintiff,87
1996-01,Immigration,Plaintiff,86
1996-02,Immigration,Plaintiff,83
1996-03,Immigration,Plaintiff,84
1996-04,Immigration,Plaintiff,73
1996-05,Immigration,Plaintiff,73
1996-06,Immigration,Plaintiff,71
1996-07,Immigration,Plaintiff,60
1996-08,Immigration,Plaintiff,63
1996-09,Immigration,Plaintiff,57
1996-10,Immigration,Plaintiff,57
1996-11,Immigration,Plaintiff,42
1996-12,Immigration,Plaintiff,40
1997-01,Immigration,Plaintiff,37
1997-02,Immigration,Plaintiff,35
1997-03,Immigration,Plaintiff,32
1997-04,Immigration,Plaintiff,32
1997-05,Immigration,Plaintiff,29
1997-06,Immigration,Plaintiff,24
1997-07,Immigration,Plaintiff,23
1997-08,Immigration,Plaintiff,25
1997-09,Immigration,Plaintiff,26
1997-10,Immigration,Plaintiff,25
1997-11,Immigration,Plaintiff,24
1997-12,Immigration,Plaintiff,25
1998-01,Immigration,Plaintiff,24
1998-02,Immigration,Plaintiff,26
1998-03,Immigration,Plaintiff,29
1998-04,Immigration,Plaintiff,29
1998-05,Immigration,Plaintiff,30
1998-06,Immigration,Plaintiff,34
1998-07,Immigration,Plaintiff,35
1998-08,Immigration,Plaintiff,35
1998-09,Immigration,Plaintiff,32
1998-10,Immigration,Plaintiff,31
1998-11,Immigration,Plaintiff,31
1998-12,Immigration,Plaintiff,31
1999-01,Immigration,Plaintiff,32
1999-02,Immigration,Plaintiff,33
1999-03,Immigration,Plaintiff,35
1999-04,Immigration,Plaintiff,39
1999-05,Immigration,Plaintiff,41
1999-06,Immigration,Plaintiff,43
1999-07,Immigration,Plaintiff,44
1999-08,Immigration,Plaintiff,45
1999-09,Immigration,Plaintiff,45
1999-10,Immigration,Plaintiff,43
1999-11,Immigration,Plaintiff,48
1999-12,Immigration,Plaintiff,49
2000-01,Immigration,Plaintiff,52
2000-02,Immigration,Plaintiff,47
2000-03,Immigration,Plaintiff,48
2000-04,Immigration,Plaintiff,49
2000-05,Immigration,Plaintiff,44
2000-06,Immigration,Plaintiff,44
2000-07,Immigration,Plaintiff,43
2000-08,Immigration,Plaintiff,45
2000-09,Immigration,Plaintiff,48
2000-10,Immigration,Plaintiff,49
2000-11,Immigration,Plaintiff,50
2000-12,Immigration,Plaintiff,47
2001-01,Immigration,Plaintiff,49
2001-02,Immigration,Plaintiff,52
2001-03,Immigration,Plaintiff,56
2001-04,Immigration,Plaintiff,59
2001-05,Immigration,Plaintiff,68
2001-06,Immigration,Plaintiff,68
2001-07,Immigration,Plaintiff,67
2001-08,Immigration,Plaintiff,68
2001-09,Immigration,Plaintiff,66
2001-10,Immigration,Plaintiff,68
2001-11,Immigration,Plaintiff,66
2001-12,Immigration,Plaintiff,65
2002-01,Immigration,Plaintiff,63
2002-02,Immigration,Plaintiff,60
2002-03,Immigration,Plaintiff,55
2002-04,Immigration,Plaintiff,52
2002-05,Immigration,Plaintiff,60
2002-06,Immigration,Plaintiff,63
2002-07,Immigration,Plaintiff,60
2002-08,Immigration,Plaintiff,63
2002-09,Immigration,Plaintiff,62
2002-10,Immigration,Plaintiff,61
2002-11,Immigration,Plaintiff,59
2002-12,Immigration,Plaintiff,61
2003-01,Immigration,Plaintiff,56
2003-02,Immigration,Plaintiff,57
2003-03,Immigration,Plaintiff,58
2003-04,Immigration,Plaintiff,59
2003-05,Immigration,Plaintiff,60
2003-06,Immigration,Plaintiff,57
2003-07,Immigration,Plaintiff,56
2003-08,Immigration,Plaintiff,52
2003-09,Immigration,Plaintiff,50
2003-10,Immigration,Plaintiff,49
2003-11,Immigration,Plaintiff,54
2003-12,Immigration,Plaintiff,55
2004-01,Immigration,Plaintiff,53
2004-02,Immigration,Plaintiff,54
2004-03,Immigration,Plaintiff,58
2004-04,Immigration,Plaintiff,62
2004-05,Immigration,Plaintiff,63
2004-06,Immigration,Plaintiff,67
2004-07,Immigration,Plaintiff,67
2004-08,Immigration,Plaintiff,65
2004-09,Immigration,Plaintiff,63
2004-10,Immigration,Plaintiff,65
2004-11,Immigration,Plaintiff,65
2004-12,Immigration,Plaintiff,65
2005-01,Immigration,Plaintiff,57
2005-02,Immigration,Plaintiff,56
2005-03,Immigration,Plaintiff,54
2005-04,Immigration,Plaintiff,51
2005-05,Immigration,Plaintiff,50
2005-06,Immigration,Plaintiff,47
2005-07,Immigration,Plaintiff,49
2005-08,Immigration,Plaintiff,50
2005-09,Immigration,Plaintiff,48
2005-10,Immigration,Plaintiff,45
2005-11,Immigration,Plaintiff,46
2005-12,Immigration,Plaintiff,45
2006-01,Immigration,Plaintiff,45
2006-02,Immigration,Plaintiff,44
2006-03,Immigration,Plaintiff,43
2006-04,Immigration,Plaintiff,41
2006-05,Immigration,Plaintiff,42
2006-06,Immigration,Plaintiff,44
2006-07,Immigration,Plaintiff,41
2006-08,Immigration,Plaintiff,42
2006-09,Immigration,Plaintiff,39
2006-10,Immigration,Plaintiff,37
2006-11,Immigration,Plaintiff,34
2006-12,Immigration,Plaintiff,34
2007-01,Immigration,Plaintiff,32
2007-02,Immigration,Plaintiff,30
2007-03,Immigration,Plaintiff,33
2007-04,Immigration,Plaintiff,35
2007-05,Immigration,Plaintiff,30
2007-06,Immigration,Plaintiff,29
2007-07,Immigration,Plaintiff,24
2007-08,Immigration,Plaintiff,24
2007-09,Immigration,Plaintiff,24
2007-10,Immigration,Plaintiff,23
2007-11,Immigration,Plaintiff,23
2007-12,Immigration,Plaintiff,24
2008-01,Immigration,Plaintiff,26
2008-02,Immigration,Plaintiff,24
2008-03,Immigration,Plaintiff,24
2008-04,Immigration,Plaintiff,22
2008-05,Immigration,Plaintiff,23
2008-06,Immigration,Plaintiff,24
2008-07,Immigration,Plaintiff,22
2008-08,Immigration,Plaintiff,22
2008-09,Immigration,Plaintiff,20
2008-10,Immigration,Plaintiff,21
2008-11,Immigration,Plaintiff,24
2008-12,Immigration,Plaintiff,26
2009-01,Immigration,Plaintiff,25
2009-02,Immigration,Plaintiff,26
2009-03,Immigration,Plaintiff,29
2009-04,Immigration,Plaintiff,26
2009-05,Immigration,Plaintiff,27
2009-06,Immigration,Plaintiff,23
2009-07,Immigration,Plaintiff,24
2009-08,Immigration,Plaintiff,26
2009-09,Immigration,Plaintiff,24
2009-10,Immigration,Plaintiff,26
2009-11,Immigration,Plaintiff,28
2009-12,Immigration,Plaintiff,26
2010-01,Immigration,Plaintiff,28
2010-02,Immigration,Plaintiff,29
2010-03,Immigration,Plaintiff,30
2010-04,Immigration,Plaintiff,30
2010-05,Immigration,Plaintiff,30
2010-06,Immigration,Plaintiff,28
2010-07,Immigration,Plaintiff,28
2010-08,Immigration,Plaintiff,25
2010-09,Immigration,Plaintiff,21
2010-10,Immigration,Plaintiff,17
2010-11,Immigration,Plaintiff,18
2010-12,Immigration,Plaintiff,18
2011-01,Immigration,Plaintiff,20
2011-02,Immigration,Plaintiff,20
2011-03,Immigration,Plaintiff,20
2011-04,Immigration,Plaintiff,18
2011-05,Immigration,Plaintiff,17
2011-06,Immigration,Plaintiff,17
2011-07,Immigration,Plaintiff,17
2011-08,Immigration,Plaintiff,17
2011-09,Immigration,Plaintiff,17
2011-10,Immigration,Plaintiff,21
2011-11,Immigration,Plaintiff,18
2011-12,Immigration,Plaintiff,18
2012-01,Immigration,Plaintiff,18
2012-02,Immigration,Plaintiff,18
2012-03,Immigration,Plaintiff,18
2012-04,Immigration,Plaintiff,18
2012-05,Immigration,Plaintiff,19
2012-06,Immigration,Plaintiff,18
2012-07,Immigration,Plaintiff,16
2012-08,Immigration,Plaintiff,18
2012-09,Immigration,Plaintiff,19
2012-10,Immigration,Plaintiff,22
2012-11,Immigration,Plaintiff,23
2012-12,Immigration,Plaintiff,23
2013-01,Immigration,Plaintiff,23
2013-02,Immigration,Plaintiff,22
2013-03,Immigration,Plaintiff,22
2013-04,Immigration,Plaintiff,20
2013-05,Immigration,Plaintiff,18
2013-06,Immigration,Plaintiff,18
2013-07,Immigration,Plaintiff,19
2013-08,Immigration,Plaintiff,18
2013-09,Immigration,Plaintiff,18
2013-10,Immigration,Plaintiff,17
2013-11,Immigration,Plaintiff,16
2013-12,Immigration,Plaintiff,17
2014-01,Immigration,Plaintiff,17
2014-02,Immigration,Plaintiff,19
2014-03,Immigration,Plaintiff,20
2014-04,Immigration,Plaintiff,24
2014-05,Immigration,Plaintiff,24
2014-06,Immigration,Plaintiff,24
2014-07,Immigration,Plaintiff,23
2014-08,Immigration,Plaintiff,20
2014-09,Immigration,Plaintiff,20
2014-10,Immigration,Plaintiff,19
2014-11,Immigration,Plaintiff,19
2014-12,Immigration,Plaintiff,20
2015-01,Immigration,Plaintiff,20
2015-02,Immigration,Plaintiff,21
2015-03,Immigration,Plaintiff,20
2015-04,Immigration,Plaintiff,19
2015-05,Immigration,Plaintiff,17
2015-06,Immigration,Plaintiff,17
2015-07,Immigration,Plaintiff,16
2015-08,Immigration,Plaintiff,17
2015-09,Immigration,Plaintiff,17
2015-10,Immigration,Plaintiff,14
2015-11,Immigration,Plaintiff,16
2015-12,Immigration,Plaintiff,16
2016-01,Immigration,Plaintiff,16
2016-02,Immigration,Plaintiff,15
2016-03,Immigration,Plaintiff,16
2016-04,Immigration,Plaintiff,16
2016-05,Immigration,Plaintiff,13
2016-06,Immigration,Plaintiff,15
2016-07,Immigration,Plaintiff,17
2016-08,Immigration,Plaintiff,17
2016-09,Immigration,Plaintiff,18
2016-10,Immigration,Plaintiff,19
2016-11,Immigration,Plaintiff,20
2016-12,Immigration,Plaintiff,20
2017-01,Immigration,Plaintiff,22
2017-02,Immigration,Plaintiff,19
2017-03,Immigration,Plaintiff,20
2017-04,Immigration,Plaintiff,23
2017-05,Immigration,Plaintiff,20
2017-06,Immigration,Plaintiff,17
2017-07,Immigration,Plaintiff,20
2017-08,Immigration,Plaintiff,22
2017-09,Immigration,Plaintiff,27
2017-10,Immigration,Plaintiff,26
2017-11,Immigration,Plaintiff,26
2017-12,Immigration,Plaintiff,31
2018-01,Immigration,Plaintiff,29
2018-02,Immigration,Plaintiff,31
2018-03,Immigration,Plaintiff,30
2018-04,Immigration,Plaintiff,26
2018-05,Immigration,Plaintiff,27
2018-06,Immigration,Plaintiff,27
2018-07,Immigration,Plaintiff,28
2018-08,Immigration,Plaintiff,29
2018-09,Immigration,Plaintiff,29
2018-10,Immigration,Plaintiff,30
2018-11,Immigration,Plaintiff,31
2018-12,Immigration,Plaintiff,34
2019-01,Immigration,Plaintiff,33
2019-02,Immigration,Plaintiff,31
2019-03,Immigration,Plaintiff,34
2019-04,Immigration,Plaintiff,34
2019-05,Immigration,Plaintiff,27
2019-06,Immigration,Plaintiff,26
2019-07,Immigration,Plaintiff,23
2019-08,Immigration,Plaintiff,24
2019-09,Immigration,Plaintiff,27
2019-10,Immigration,Plaintiff,28
2019-11,Immigration,Plaintiff,30
2019-12,Immigration,Plaintiff,43
2020-01,Immigration,Plaintiff,42
2020-02,Immigration,Plaintiff,34
2020-03,Immigration,Plaintiff,34
2020-04,Immigration,Plaintiff,33
2020-05,Immigration,Plaintiff,30
2020-06,Immigration,Plaintiff,33
2020-07,Immigration,Plaintiff,33
2020-08,Immigration,Plaintiff,31
2020-09,Immigration,Plaintiff,33
2020-10,Immigration,Plaintiff,29
2020-11,Immigration,Plaintiff,30
2020-12,Immigration,Plaintiff,30
2021-01,Immigration,Plaintiff,28
2021-02,Immigration,Plaintiff,29
2021-03,Immigration,Plaintiff,27
2021-04,Immigration,Plaintiff,25
2021-05,Immigration,Plaintiff,26
2021-06,Immigration,Plaintiff,28
2021-07,Immigration,Plaintiff,26
2021-08,Immigration,Plaintiff,25
2021-09,Immigration,Plaintiff,26
2021-10,Immigration,Plaintiff,25
2021-11,Immigration,Plaintiff,23
2021-12,Immigration,Plaintiff,19
2022-01,Immigration,Plaintiff,18
2022-02,Immigration,Plaintiff,19
2022-03,Immigration,Plaintiff,27
2022-04,Immigration,Plaintiff,25
2022-05,Immigration,Plaintiff,25
2022-06,Immigration,Plaintiff,23
2022-07,Immigration,Plaintiff,24
2022-08,Immigration,Plaintiff,25
2022-09,Immigration,Plaintiff,22
2022-10,Immigration,Plaintiff,25
2022-11,Immigration,Plaintiff,29
2022-12,Immigration,Plaintiff,33
2023-01,Immigration,Plaintiff,30
2023-02,Immigration,Plaintiff,28
2023-03,Immigration,Plaintiff,27
2023-04,Immigration,Plaintiff,27
2023-05,Immigration,Plaintiff,27
2023-06,Immigration,Plaintiff,29
2023-07,Immigration,Plaintiff,30
2023-08,Immigration,Plaintiff,33
2023-09,Immigration,Plaintiff,33
2023-10,Immigration,Plaintiff,33
2023-11,Immigration,Plaintiff,32
2023-12,Immigration,Plaintiff,29
2024-01,Immigration,Plaintiff,27
2024-02,Immigration,Plaintiff,27
2024-03,Immigration,Plaintiff,26
2024-04,Immigration,Plaintiff,28
2024-05,Immigration,Plaintiff,27
2024-06,Immigration,Plaintiff,24
2024-07,Immigration,Plaintiff,25
2024-08,Immigration,Plaintiff,26
2024-09,Immigration,Plaintiff,28
2024-10,Immigration,Plaintiff,30
2024-11,Immigration,Plaintiff,34
2024-12,Immigration,Plaintiff,32
2025-01,Immigration,Plaintiff,30
2025-02,Immigration,Plaintiff,32
2025-03,Immigration,Plaintiff,33
2025-04,Immigration,Plaintiff,41
2025-05,Immigration,Plaintiff,45
2025-06,Immigration,Plaintiff,48
2025-07,Immigration,Plaintiff,53
2025-08,Immigration,Plaintiff,51
2025-09,Immigration,Plaintiff,67
2025-10,Immigration,Plaintiff,85
2025-11,Immigration,Plaintiff,105
2025-12,Immigration,Plaintiff,131
2026-01,Immigration,Plaintiff,183
2026-02,Immigration,Plaintiff,171
2026-03,Immigration,Plaintiff,173
2026-04,Immigration,Plaintiff,176
2026-05,Immigration,Plaintiff,189
2026-06,Immigration,Plaintiff,207
2026-07,Immigration,Plaintiff,222
1994-10,Prisoner Litigation,Plaintiff,765
1994-11,Prisoner Litigation,Plaintiff,790
1994-12,Prisoner Litigation,Plaintiff,798
1995-01,Prisoner Litigation,Plaintiff,814
1995-02,Prisoner Litigation,Plaintiff,828
1995-03,Prisoner Litigation,Plaintiff,844
1995-04,Prisoner Litigation,Plaintiff,839
1995-05,Prisoner Litigation,Plaintiff,826
1995-06,Prisoner Litigation,Plaintiff,838
1995-07,Prisoner Litigation,Plaintiff,851
1995-08,Prisoner Litigation,Plaintiff,842
1995-09,Prisoner Litigation,Plaintiff,859
1995-10,Prisoner Litigation,Plaintiff,856
1995-11,Prisoner Litigation,Plaintiff,827
1995-12,Prisoner Litigation,Plaintiff,848
1996-01,Prisoner Litigation,Plaintiff,906
1996-02,Prisoner Litigation,Plaintiff,945
1996-03,Prisoner Litigation,Plaintiff,936
1996-04,Prisoner Litigation,Plaintiff,930
1996-05,Prisoner Litigation,Plaintiff,931
1996-06,Prisoner Litigation,Plaintiff,884
1996-07,Prisoner Litigation,Plaintiff,826
1996-08,Prisoner Litigation,Plaintiff,813
1996-09,Prisoner Litigation,Plaintiff,815
1996-10,Prisoner Litigation,Plaintiff,797
1996-11,Prisoner Litigation,Plaintiff,787
1996-12,Prisoner Litigation,Plaintiff,769
1997-01,Prisoner Litigation,Plaintiff,753
1997-02,Prisoner Litigation,Plaintiff,733
1997-03,Prisoner Litigation,Plaintiff,743
1997-04,Prisoner Litigation,Plaintiff,904
1997-05,Prisoner Litigation,Plaintiff,936
1997-06,Prisoner Litigation,Plaintiff,909
1997-07,Prisoner Litigation,Plaintiff,905
1997-08,Prisoner Litigation,Plaintiff,909
1997-09,Prisoner Litigation,Plaintiff,898
1997-10,Prisoner Litigation,Plaintiff,879
1997-11,Prisoner Litigation,Plaintiff,845
1997-12,Prisoner Litigation,Plaintiff,831
1998-01,Prisoner Litigation,Plaintiff,815
1998-02,Prisoner Litigation,Plaintiff,790
1998-03,Prisoner Litigation,Plaintiff,794
1998-04,Prisoner Litigation,Plaintiff,788
1998-05,Prisoner Litigation,Plaintiff,786
1998-06,Prisoner Litigation,Plaintiff,788
1998-07,Prisoner Litigation,Plaintiff,784
1998-08,Prisoner Litigation,Plaintiff,757
1998-09,Prisoner Litigation,Plaintiff,742
1998-10,Prisoner Litigation,Plaintiff,730
1998-11,Prisoner Litigation,Plaintiff,702
1998-12,Prisoner Litigation,Plaintiff,695
1999-01,Prisoner Litigation,Plaintiff,694
1999-02,Prisoner Litigation,Plaintiff,685
1999-03,Prisoner Litigation,Plaintiff,669
1999-04,Prisoner Litigation,Plaintiff,669
1999-05,Prisoner Litigation,Plaintiff,678
1999-06,Prisoner Litigation,Plaintiff,657
1999-07,Prisoner Litigation,Plaintiff,653
1999-08,Prisoner Litigation,Plaintiff,643
1999-09,Prisoner Litigation,Plaintiff,621
1999-10,Prisoner Litigation,Plaintiff,636
1999-11,Prisoner Litigation,Plaintiff,636
1999-12,Prisoner Litigation,Plaintiff,619
2000-01,Prisoner Litigation,Plaintiff,612
2000-02,Prisoner Litigation,Plaintiff,608
2000-03,Prisoner Litigation,Plaintiff,607
2000-04,Prisoner Litigation,Plaintiff,608
2000-05,Prisoner Litigation,Plaintiff,597
2000-06,Prisoner Litigation,Plaintiff,599
2000-07,Prisoner Litigation,Plaintiff,595
2000-08,Prisoner Litigation,Plaintiff,597
2000-09,Prisoner Litigation,Plaintiff,580
2000-10,Prisoner Litigation,Plaintiff,588
2000-11,Prisoner Litigation,Plaintiff,596
2000-12,Prisoner Litigation,Plaintiff,603
2001-01,Prisoner Litigation,Plaintiff,610
2001-02,Prisoner Litigation,Plaintiff,630
2001-03,Prisoner Litigation,Plaintiff,652
2001-04,Prisoner Litigation,Plaintiff,664
2001-05,Prisoner Litigation,Plaintiff,680
2001-06,Prisoner Litigation,Plaintiff,703
2001-07,Prisoner Litigation,Plaintiff,698
2001-08,Prisoner Litigation,Plaintiff,682
2001-09,Prisoner Litigation,Plaintiff,675
2001-10,Prisoner Litigation,Plaintiff,661
2001-11,Prisoner Litigation,Plaintiff,658
2001-12,Prisoner Litigation,Plaintiff,677
2002-01,Prisoner Litigation,Plaintiff,684
2002-02,Prisoner Litigation,Plaintiff,680
2002-03,Prisoner Litigation,Plaintiff,675
2002-04,Prisoner Litigation,Plaintiff,663
2002-05,Prisoner Litigation,Plaintiff,651
2002-06,Prisoner Litigation,Plaintiff,646
2002-07,Prisoner Litigation,Plaintiff,664
2002-08,Prisoner Litigation,Plaintiff,649
2002-09,Prisoner Litigation,Plaintiff,655
2002-10,Prisoner Litigation,Plaintiff,635
2002-11,Prisoner Litigation,Plaintiff,633
2002-12,Prisoner Litigation,Plaintiff,639
2003-01,Prisoner Litigation,Plaintiff,630
2003-02,Prisoner Litigation,Plaintiff,610
2003-03,Prisoner Litigation,Plaintiff,612
2003-04,Prisoner Litigation,Plaintiff,581
2003-05,Prisoner Litigation,Plaintiff,591
2003-06,Prisoner Litigation,Plaintiff,596
2003-07,Prisoner Litigation,Plaintiff,585
2003-08,Prisoner Litigation,Plaintiff,589
2003-09,Prisoner Litigation,Plaintiff,588
2003-10,Prisoner Litigation,Plaintiff,594
2003-11,Prisoner Litigation,Plaintiff,601
2003-12,Prisoner Litigation,Plaintiff,602
2004-01,Prisoner Litigation,Plaintiff,619
2004-02,Prisoner Litigation,Plaintiff,632
2004-03,Prisoner Litigation,Plaintiff,636
2004-04,Prisoner Litigation,Plaintiff,642
2004-05,Prisoner Litigation,Plaintiff,662
2004-06,Prisoner Litigation,Plaintiff,666
2004-07,Prisoner Litigation,Plaintiff,686
2004-08,Prisoner Litigation,Plaintiff,718
2004-09,Prisoner Litigation,Plaintiff,733
2004-10,Prisoner Litigation,Plaintiff,757
2004-11,Prisoner Litigation,Plaintiff,772
2004-12,Prisoner Litigation,Plaintiff,765
2005-01,Prisoner Litigation,Plaintiff,783
2005-02,Prisoner Litigation,Plaintiff,830
2005-03,Prisoner Litigation,Plaintiff,838
2005-04,Prisoner Litigation,Plaintiff,862
2005-05,Prisoner Litigation,Plaintiff,872
2005-06,Prisoner Litigation,Plaintiff,883
2005-07,Prisoner Litigation,Plaintiff,856
2005-08,Prisoner Litigation,Plaintiff,863
2005-09,Prisoner Litigation,Plaintiff,852
2005-10,Prisoner Litigation,Plaintiff,857
2005-11,Prisoner Litigation,Plaintiff,860
2005-12,Prisoner Litigation,Plaintiff,844
2006-01,Prisoner Litigation,Plaintiff,855
2006-02,Prisoner Litigation,Plaintiff,850
2006-03,Prisoner Litigation,Plaintiff,831
2006-04,Prisoner Litigation,Plaintiff,823
2006-05,Prisoner Litigation,Plaintiff,814
2006-06,Prisoner Litigation,Plaintiff,796
2006-07,Prisoner Litigation,Plaintiff,780
2006-08,Prisoner Litigation,Plaintiff,784
2006-09,Prisoner Litigation,Plaintiff,762
2006-10,Prisoner Litigation,Plaintiff,759
2006-11,Prisoner Litigation,Plaintiff,767
2006-12,Prisoner Litigation,Plaintiff,759
2007-01,Prisoner Litigation,Plaintiff,773
2007-02,Prisoner Litigation,Plaintiff,789
2007-03,Prisoner Litigation,Plaintiff,793
2007-04,Prisoner Litigation,Plaintiff,793
2007-05,Prisoner Litigation,Plaintiff,793
2007-06,Prisoner Litigation,Plaintiff,799
2007-07,Prisoner Litigation,Plaintiff,811
2007-08,Prisoner Litigation,Plaintiff,718
2007-09,Prisoner Litigation,Plaintiff,718
2007-10,Prisoner Litigation,Plaintiff,733
2007-11,Prisoner Litigation,Plaintiff,733
2007-12,Prisoner Litigation,Plaintiff,760
2008-01,Prisoner Litigation,Plaintiff,825
2008-02,Prisoner Litigation,Plaintiff,1036
2008-03,Prisoner Litigation,Plaintiff,1455
2008-04,Prisoner Litigation,Plaintiff,1486
2008-05,Prisoner Litigation,Plaintiff,1443
2008-06,Prisoner Litigation,Plaintiff,1401
2008-07,Prisoner Litigation,Plaintiff,1369
2008-08,Prisoner Litigation,Plaintiff,1344
2008-09,Prisoner Litigation,Plaintiff,1304
2008-10,Prisoner Litigation,Plaintiff,1278
2008-11,Prisoner Litigation,Plaintiff,1272
2008-12,Prisoner Litigation,Plaintiff,1260
2009-01,Prisoner Litigation,Plaintiff,1249
2009-02,Prisoner Litigation,Plaintiff,1236
2009-03,Prisoner Litigation,Plaintiff,1244
2009-04,Prisoner Litigation,Plaintiff,1238
2009-05,Prisoner Litigation,Plaintiff,1219
2009-06,Prisoner Litigation,Plaintiff,1195
2009-07,Prisoner Litigation,Plaintiff,1186
2009-08,Prisoner Litigation,Plaintiff,1165
2009-09,Prisoner Litigation,Plaintiff,1138
2009-10,Prisoner Litigation,Plaintiff,1109
2009-11,Prisoner Litigation,Plaintiff,1117
2009-12,Prisoner Litigation,Plaintiff,1130
2010-01,Prisoner Litigation,Plaintiff,1131
2010-02,Prisoner Litigation,Plaintiff,1139
2010-03,Prisoner Litigation,Plaintiff,1086
2010-04,Prisoner Litigation,Plaintiff,1096
2010-05,Prisoner Litigation,Plaintiff,1090
2010-06,Prisoner Litigation,Plaintiff,1098
2010-07,Prisoner Litigation,Plaintiff,1095
2010-08,Prisoner Litigation,Plaintiff,1079
2010-09,Prisoner Litigation,Plaintiff,1072
2010-10,Prisoner Litigation,Plaintiff,1082
2010-11,Prisoner Litigation,Plaintiff,1087
2010-12,Prisoner Litigation,Plaintiff,1077
2011-01,Prisoner Litigation,Plaintiff,1079
2011-02,Prisoner Litigation,Plaintiff,1086
2011-03,Prisoner Litigation,Plaintiff,1074
2011-04,Prisoner Litigation,Plaintiff,1040
2011-05,Prisoner Litigation,Plaintiff,1030
2011-06,Prisoner Litigation,Plaintiff,1028
2011-07,Prisoner Litigation,Plaintiff,1030
2011-08,Prisoner Litigation,Plaintiff,1037
2011-09,Prisoner Litigation,Plaintiff,1012
2011-10,Prisoner Litigation,Plaintiff,1106
2011-11,Prisoner Litigation,Plaintiff,1130
2011-12,Prisoner Litigation,Plaintiff,1137
2012-01,Prisoner Litigation,Plaintiff,1132
2012-02,Prisoner Litigation,Plaintiff,1142
2012-03,Prisoner Litigation,Plaintiff,1127
2012-04,Prisoner Litigation,Plaintiff,1128
2012-05,Prisoner Litigation,Plaintiff,1119
2012-06,Prisoner Litigation,Plaintiff,1125
2012-07,Prisoner Litigation,Plaintiff,1128
2012-08,Prisoner Litigation,Plaintiff,1154
2012-09,Prisoner Litigation,Plaintiff,1141
2012-10,Prisoner Litigation,Plaintiff,1137
2012-11,Prisoner Litigation,Plaintiff,1156
2012-12,Prisoner Litigation,Plaintiff,1151
2013-01,Prisoner Litigation,Plaintiff,1135
2013-02,Prisoner Litigation,Plaintiff,1141
2013-03,Prisoner Litigation,Plaintiff,1134
2013-04,Prisoner Litigation,Plaintiff,1115
2013-05,Prisoner Litigation,Plaintiff,1125
2013-06,Prisoner Litigation,Plaintiff,1161
2013-07,Prisoner Litigation,Plaintiff,1161
2013-08,Prisoner Litigation,Plaintiff,1181
2013-09,Prisoner Litigation,Plaintiff,1187
2013-10,Prisoner Litigation,Plaintiff,1195
2013-11,Prisoner Litigation,Plaintiff,1181
2013-12,Prisoner Litigation,Plaintiff,1171
2014-01,Prisoner Litigation,Plaintiff,1167
2014-02,Prisoner Litigation,Plaintiff,1148
2014-03,Prisoner Litigation,Plaintiff,1142
2014-04,Prisoner Litigation,Plaintiff,1098
2014-05,Prisoner Litigation,Plaintiff,1086
2014-06,Prisoner Litigation,Plaintiff,1121
2014-07,Prisoner Litigation,Plaintiff,1110
2014-08,Prisoner Litigation,Plaintiff,1116
2014-09,Prisoner Litigation,Plaintiff,1123
2014-10,Prisoner Litigation,Plaintiff,1172
2014-11,Prisoner Litigation,Plaintiff,1574
2014-12,Prisoner Litigation,Plaintiff,2027
2015-01,Prisoner Litigation,Plaintiff,2388
2015-02,Prisoner Litigation,Plaintiff,2604
2015-03,Prisoner Litigation,Plaintiff,2643
2015-04,Prisoner Litigation,Plaintiff,2838
2015-05,Prisoner Litigation,Plaintiff,2943
2015-06,Prisoner Litigation,Plaintiff,2886
2015-07,Prisoner Litigation,Plaintiff,2821
2015-08,Prisoner Litigation,Plaintiff,2692
2015-09,Prisoner Litigation,Plaintiff,2611
2015-10,Prisoner Litigation,Plaintiff,2394
2015-11,Prisoner Litigation,Plaintiff,2320
2015-12,Prisoner Litigation,Plaintiff,2300
2016-01,Prisoner Litigation,Plaintiff,2201
2016-02,Prisoner Litigation,Plaintiff,2187
2016-03,Prisoner Litigation,Plaintiff,2173
2016-04,Prisoner Litigation,Plaintiff,2152
2016-05,Prisoner Litigation,Plaintiff,2233
2016-06,Prisoner Litigation,Plaintiff,2878
2016-07,Prisoner Litigation,Plaintiff,2811
2016-08,Prisoner Litigation,Plaintiff,2805
2016-09,Prisoner Litigation,Plaintiff,2764
2016-10,Prisoner Litigation,Plaintiff,2633
2016-11,Prisoner Litigation,Plaintiff,2577
2016-12,Prisoner Litigation,Plaintiff,2534
2017-01,Prisoner Litigation,Plaintiff,2482
2017-02,Prisoner Litigation,Plaintiff,2455
2017-03,Prisoner Litigation,Plaintiff,2331
2017-04,Prisoner Litigation,Plaintiff,2261
2017-05,Prisoner Litigation,Plaintiff,2189
2017-06,Prisoner Litigation,Plaintiff,2160
2017-07,Prisoner Litigation,Plaintiff,2114
2017-08,Prisoner Litigation,Plaintiff,2053
2017-09,Prisoner Litigation,Plaintiff,2032
2017-10,Prisoner Litigation,Plaintiff,2012
2017-11,Prisoner Litigation,Plaintiff,1980
2017-12,Prisoner Litigation,Plaintiff,1976
2018-01,Prisoner Litigation,Plaintiff,1967
2018-02,Prisoner Litigation,Plaintiff,1911
2018-03,Prisoner Litigation,Plaintiff,1842
2018-04,Prisoner Litigation,Plaintiff,1806
2018-05,Prisoner Litigation,Plaintiff,1701
2018-06,Prisoner Litigation,Plaintiff,1573
2018-07,Prisoner Litigation,Plaintiff,1567
2018-08,Prisoner Litigation,Plaintiff,1551
2018-09,Prisoner Litigation,Plaintiff,1513
2018-10,Prisoner Litigation,Plaintiff,1511
2018-11,Prisoner Litigation,Plaintiff,1489
2018-12,Prisoner Litigation,Plaintiff,1464
2019-01,Prisoner Litigation,Plaintiff,1497
2019-02,Prisoner Litigation,Plaintiff,1506
2019-03,Prisoner Litigation,Plaintiff,1512
2019-04,Prisoner Litigation,Plaintiff,1489
2019-05,Prisoner Litigation,Plaintiff,1495
2019-06,Prisoner Litigation,Plaintiff,1510
2019-07,Prisoner Litigation,Plaintiff,1525
2019-08,Prisoner Litigation,Plaintiff,1529
2019-09,Prisoner Litigation,Plaintiff,1520
2019-10,Prisoner Litigation,Plaintiff,1507
2019-11,Prisoner Litigation,Plaintiff,1498
2019-12,Prisoner Litigation,Plaintiff,1506
2020-01,Prisoner Litigation,Plaintiff,1436
2020-02,Prisoner Litigation,Plaintiff,1332
2020-03,Prisoner Litigation,Plaintiff,1303
2020-04,Prisoner Litigation,Plaintiff,1352
2020-05,Prisoner Litigation,Plaintiff,1454
2020-06,Prisoner Litigation,Plaintiff,1592
2020-07,Prisoner Litigation,Plaintiff,1611
2020-08,Prisoner Litigation,Plaintiff,1621
2020-09,Prisoner Litigation,Plaintiff,1601
2020-10,Prisoner Litigation,Plaintiff,1585
2020-11,Prisoner Litigation,Plaintiff,1576
2020-12,Prisoner Litigation,Plaintiff,1621
2021-01,Prisoner Litigation,Plaintiff,1613
2021-02,Prisoner Litigation,Plaintiff,1638
2021-03,Prisoner Litigation,Plaintiff,1617
2021-04,Prisoner Litigation,Plaintiff,1586
2021-05,Prisoner Litigation,Plaintiff,1583
2021-06,Prisoner Litigation,Plaintiff,1547
2021-07,Prisoner Litigation,Plaintiff,1524
2021-08,Prisoner Litigation,Plaintiff,1499
2021-09,Prisoner Litigation,Plaintiff,1503
2021-10,Prisoner Litigation,Plaintiff,1479
2021-11,Prisoner Litigation,Plaintiff,1468
2021-12,Prisoner Litigation,Plaintiff,1433
2022-01,Prisoner Litigation,Plaintiff,1431
2022-02,Prisoner Litigation,Plaintiff,1423
2022-03,Prisoner Litigation,Plaintiff,1397
2022-04,Prisoner Litigation,Plaintiff,1376
2022-05,Prisoner Litigation,Plaintiff,1368
2022-06,Prisoner Litigation,Plaintiff,1355
2022-07,Prisoner Litigation,Plaintiff,1333
2022-08,Prisoner Litigation,Plaintiff,1323
2022-09,Prisoner Litigation,Plaintiff,1297
2022-10,Prisoner Litigation,Plaintiff,1316
2022-11,Prisoner Litigation,Plaintiff,1289
2022-12,Prisoner Litigation,Plaintiff,1257
2023-01,Prisoner Litigation,Plaintiff,1247
2023-02,Prisoner Litigation,Plaintiff,1237
2023-03,Prisoner Litigation,Plaintiff,1186
2023-04,Prisoner Litigation,Plaintiff,1134
2023-05,Prisoner Litigation,Plaintiff,1119
2023-06,Prisoner Litigation,Plaintiff,1117
2023-07,Prisoner Litigation,Plaintiff,1116
2023-08,Prisoner Litigation,Plaintiff,1126
2023-09,Prisoner Litigation,Plaintiff,1143
2023-10,Prisoner Litigation,Plaintiff,1167
2023-11,Prisoner Litigation,Plaintiff,1358
2023-12,Prisoner Litigation,Plaintiff,1539
2024-01,Prisoner Litigation,Plaintiff,1623
2024-02,Prisoner Litigation,Plaintiff,1661
2024-03,Prisoner Litigation,Plaintiff,1679
2024-04,Prisoner Litigation,Plaintiff,1645
2024-05,Prisoner Litigation,Plaintiff,1646
2024-06,Prisoner Litigation,Plaintiff,1662
2024-07,Prisoner Litigation,Plaintiff,1678
2024-08,Prisoner Litigation,Plaintiff,1806
2024-09,Prisoner Litigation,Plaintiff,1734
2024-10,Prisoner Litigation,Plaintiff,1711
2024-11,Prisoner Litigation,Plaintiff,1701
2024-12,Prisoner Litigation,Plaintiff,1664
2025-01,Prisoner Litigation,Plaintiff,1674
2025-02,Prisoner Litigation,Plaintiff,1652
2025-03,Prisoner Litigation,Plaintiff,1627
2025-04,Prisoner Litigation,Plaintiff,1601
2025-05,Prisoner Litigation,Plaintiff,1589
2025-06,Prisoner Litigation,Plaintiff,1587
2025-07,Prisoner Litigation,Plaintiff,1588
2025-08,Prisoner Litigation,Plaintiff,1573
2025-09,Prisoner Litigation,Plaintiff,1563
2025-10,Prisoner Litigation,Plaintiff,1554
2025-11,Prisoner Litigation,Plaintiff,1541
2025-12,Prisoner Litigation,Plaintiff,1544
2026-01,Prisoner Litigation,Plaintiff,1550
2026-02,Prisoner Litigation,Plaintiff,1532
2026-03,Prisoner Litigation,Plaintiff,1515
2026-04,Prisoner Litigation,Plaintiff,1526
2026-05,Prisoner Litigation,Plaintiff,1522
2026-06,Prisoner Litigation,Plaintiff,1529
2026-07,Prisoner Litigation,Plaintiff,1486
1994-10,Program Litigation,Plaintiff,1661
1994-11,Program Litigation,Plaintiff,1719
1994-12,Program Litigation,Plaintiff,1675
1995-01,Program Litigation,Plaintiff,1690
1995-02,Program Litigation,Plaintiff,1780
1995-03,Program Litigation,Plaintiff,1832
1995-04,Program Litigation,Plaintiff,1846
1995-05,Program Litigation,Plaintiff,1816
1995-06,Program Litigation,Plaintiff,1788
1995-07,Program Litigation,Plaintiff,1841
1995-08,Program Litigation,Plaintiff,1906
1995-09,Program Litigation,Plaintiff,1853
1995-10,Program Litigation,Plaintiff,1877
1995-11,Program Litigation,Plaintiff,1897
1995-12,Program Litigation,Plaintiff,1806
1996-01,Program Litigation,Plaintiff,1761
1996-02,Program Litigation,Plaintiff,1724
1996-03,Program Litigation,Plaintiff,1710
1996-04,Program Litigation,Plaintiff,1699
1996-05,Program Litigation,Plaintiff,1681
1996-06,Program Litigation,Plaintiff,1654
1996-07,Program Litigation,Plaintiff,1609
1996-08,Program Litigation,Plaintiff,1466
1996-09,Program Litigation,Plaintiff,1437
1996-10,Program Litigation,Plaintiff,1452
1996-11,Program Litigation,Plaintiff,1473
1996-12,Program Litigation,Plaintiff,1481
1997-01,Program Litigation,Plaintiff,1472
1997-02,Program Litigation,Plaintiff,1490
1997-03,Program Litigation,Plaintiff,1457
1997-04,Program Litigation,Plaintiff,1401
1997-05,Program Litigation,Plaintiff,1289
1997-06,Program Litigation,Plaintiff,1171
1997-07,Program Litigation,Plaintiff,1004
1997-08,Program Litigation,Plaintiff,1023
1997-09,Program Litigation,Plaintiff,1028
1997-10,Program Litigation,Plaintiff,956
1997-11,Program Litigation,Plaintiff,831
1997-12,Program Litigation,Plaintiff,803
1998-01,Program Litigation,Plaintiff,772
1998-02,Program Litigation,Plaintiff,769
1998-03,Program Litigation,Plaintiff,724
1998-04,Program Litigation,Plaintiff,713
1998-05,Program Litigation,Plaintiff,744
1998-06,Program Litigation,Plaintiff,745
1998-07,Program Litigation,Plaintiff,703
1998-08,Program Litigation,Plaintiff,695
1998-09,Program Litigation,Plaintiff,688
1998-10,Program Litigation,Plaintiff,688
1998-11,Program Litigation,Plaintiff,709
1998-12,Program Litigation,Plaintiff,691
1999-01,Program Litigation,Plaintiff,685
1999-02,Program Litigation,Plaintiff,669
1999-03,Program Litigation,Plaintiff,659
1999-04,Program Litigation,Plaintiff,657
1999-05,Program Litigation,Plaintiff,629
1999-06,Program Litigation,Plaintiff,615
1999-07,Program Litigation,Plaintiff,596
1999-08,Program Litigation,Plaintiff,599
1999-09,Program Litigation,Plaintiff,575
1999-10,Program Litigation,Plaintiff,571
1999-11,Program Litigation,Plaintiff,565
1999-12,Program Litigation,Plaintiff,564
2000-01,Program Litigation,Plaintiff,551
2000-02,Program Litigation,Plaintiff,542
2000-03,Program Litigation,Plaintiff,531
2000-04,Program Litigation,Plaintiff,533
2000-05,Program Litigation,Plaintiff,523
2000-06,Program Litigation,Plaintiff,512
2000-07,Program Litigation,Plaintiff,494
2000-08,Program Litigation,Plaintiff,491
2000-09,Program Litigation,Plaintiff,489
2000-10,Program Litigation,Plaintiff,485
2000-11,Program Litigation,Plaintiff,505
2000-12,Program Litigation,Plaintiff,494
2001-01,Program Litigation,Plaintiff,489
2001-02,Program Litigation,Plaintiff,501
2001-03,Program Litigation,Plaintiff,489
2001-04,Program Litigation,Plaintiff,498
2001-05,Program Litigation,Plaintiff,503
2001-06,Program Litigation,Plaintiff,521
2001-07,Program Litigation,Plaintiff,506
2001-08,Program Litigation,Plaintiff,516
2001-09,Program Litigation,Plaintiff,511
2001-10,Program Litigation,Plaintiff,524
2001-11,Program Litigation,Plaintiff,514
2001-12,Program Litigation,Plaintiff,523
2002-01,Program Litigation,Plaintiff,535
2002-02,Program Litigation,Plaintiff,543
2002-03,Program Litigation,Plaintiff,541
2002-04,Program Litigation,Plaintiff,520
2002-05,Program Litigation,Plaintiff,520
2002-06,Program Litigation,Plaintiff,528
2002-07,Program Litigation,Plaintiff,534
2002-08,Program Litigation,Plaintiff,543
2002-09,Program Litigation,Plaintiff,552
2002-10,Program Litigation,Plaintiff,523
2002-11,Program Litigation,Plaintiff,537
2002-12,Program Litigation,Plaintiff,532
2003-01,Program Litigation,Plaintiff,521
2003-02,Program Litigation,Plaintiff,543
2003-03,Program Litigation,Plaintiff,532
2003-04,Program Litigation,Plaintiff,517
2003-05,Program Litigation,Plaintiff,526
2003-06,Program Litigation,Plaintiff,506
2003-07,Program Litigation,Plaintiff,487
2003-08,Program Litigation,Plaintiff,488
2003-09,Program Litigation,Plaintiff,497
2003-10,Program Litigation,Plaintiff,493
2003-11,Program Litigation,Plaintiff,479
2003-12,Program Litigation,Plaintiff,495
2004-01,Program Litigation,Plaintiff,495
2004-02,Program Litigation,Plaintiff,492
2004-03,Program Litigation,Plaintiff,491
2004-04,Program Litigation,Plaintiff,495
2004-05,Program Litigation,Plaintiff,501
2004-06,Program Litigation,Plaintiff,500
2004-07,Program Litigation,Plaintiff,489
2004-08,Program Litigation,Plaintiff,491
2004-09,Program Litigation,Plaintiff,486
2004-10,Program Litigation,Plaintiff,479
2004-11,Program Litigation,Plaintiff,513
2004-12,Program Litigation,Plaintiff,503
2005-01,Program Litigation,Plaintiff,489
2005-02,Program Litigation,Plaintiff,493
2005-03,Program Litigation,Plaintiff,500
2005-04,Program Litigation,Plaintiff,486
2005-05,Program Litigation,Plaintiff,484
2005-06,Program Litigation,Plaintiff,482
2005-07,Program Litigation,Plaintiff,497
2005-08,Program Litigation,Plaintiff,485
2005-09,Program Litigation,Plaintiff,514
2005-10,Program Litigation,Plaintiff,502
2005-11,Program Litigation,Plaintiff,486
2005-12,Program Litigation,Plaintiff,510
2006-01,Program Litigation,Plaintiff,497
2006-02,Program Litigation,Plaintiff,501
2006-03,Program Litigation,Plaintiff,489
2006-04,Program Litigation,Plaintiff,510
2006-05,Program Litigation,Plaintiff,521
2006-06,Program Litigation,Plaintiff,523
2006-07,Program Litigation,Plaintiff,506
2006-08,Program Litigation,Plaintiff,525
2006-09,Program Litigation,Plaintiff,523
2006-10,Program Litigation,Plaintiff,504
2006-11,Program Litigation,Plaintiff,500
2006-12,Program Litigation,Plaintiff,520
2007-01,Program Litigation,Plaintiff,492
2007-02,Program Litigation,Plaintiff,488
2007-03,Program Litigation,Plaintiff,475
2007-04,Program Litigation,Plaintiff,474
2007-05,Program Litigation,Plaintiff,447
2007-06,Program Litigation,Plaintiff,454
2007-07,Program Litigation,Plaintiff,478
2007-08,Program Litigation,Plaintiff,470
2007-09,Program Litigation,Plaintiff,467
2007-10,Program Litigation,Plaintiff,453
2007-11,Program Litigation,Plaintiff,439
2007-12,Program Litigation,Plaintiff,442
2008-01,Program Litigation,Plaintiff,459
2008-02,Program Litigation,Plaintiff,476
2008-03,Program Litigation,Plaintiff,472
2008-04,Program Litigation,Plaintiff,467
2008-05,Program Litigation,Plaintiff,463
2008-06,Program Litigation,Plaintiff,464
2008-07,Program Litigation,Plaintiff,455
2008-08,Program Litigation,Plaintiff,492
2008-09,Program Litigation,Plaintiff,479
2008-10,Program Litigation,Plaintiff,480
2008-11,Program Litigation,Plaintiff,473
2008-12,Program Litigation,Plaintiff,462
2009-01,Program Litigation,Plaintiff,456
2009-02,Program Litigation,Plaintiff,450
2009-03,Program Litigation,Plaintiff,474
2009-04,Program Litigation,Plaintiff,468
2009-05,Program Litigation,Plaintiff,477
2009-06,Program Litigation,Plaintiff,495
2009-07,Program Litigation,Plaintiff,480
2009-08,Program Litigation,Plaintiff,507
2009-09,Program Litigation,Plaintiff,490
2009-10,Program Litigation,Plaintiff,488
2009-11,Program Litigation,Plaintiff,490
2009-12,Program Litigation,Plaintiff,464
2010-01,Program Litigation,Plaintiff,466
2010-02,Program Litigation,Plaintiff,473
2010-03,Program Litigation,Plaintiff,412
2010-04,Program Litigation,Plaintiff,415
2010-05,Program Litigation,Plaintiff,415
2010-06,Program Litigation,Plaintiff,419
2010-07,Program Litigation,Plaintiff,422
2010-08,Program Litigation,Plaintiff,433
2010-09,Program Litigation,Plaintiff,433
2010-10,Program Litigation,Plaintiff,438
2010-11,Program Litigation,Plaintiff,450
2010-12,Program Litigation,Plaintiff,438
2011-01,Program Litigation,Plaintiff,453
2011-02,Program Litigation,Plaintiff,480
2011-03,Program Litigation,Plaintiff,429
2011-04,Program Litigation,Plaintiff,417
2011-05,Program Litigation,Plaintiff,416
2011-06,Program Litigation,Plaintiff,445
2011-07,Program Litigation,Plaintiff,445
2011-08,Program Litigation,Plaintiff,458
2011-09,Program Litigation,Plaintiff,443
2011-10,Program Litigation,Plaintiff,458
2011-11,Program Litigation,Plaintiff,469
2011-12,Program Litigation,Plaintiff,483
2012-01,Program Litigation,Plaintiff,473
2012-02,Program Litigation,Plaintiff,467
2012-03,Program Litigation,Plaintiff,467
2012-04,Program Litigation,Plaintiff,474
2012-05,Program Litigation,Plaintiff,468
2012-06,Program Litigation,Plaintiff,469
2012-07,Program Litigation,Plaintiff,464
2012-08,Program Litigation,Plaintiff,444
2012-09,Program Litigation,Plaintiff,423
2012-10,Program Litigation,Plaintiff,404
2012-11,Program Litigation,Plaintiff,407
2012-12,Program Litigation,Plaintiff,410
2013-01,Program Litigation,Plaintiff,425
2013-02,Program Litigation,Plaintiff,407
2013-03,Program Litigation,Plaintiff,396
2013-04,Program Litigation,Plaintiff,422
2013-05,Program Litigation,Plaintiff,409
2013-06,Program Litigation,Plaintiff,405
2013-07,Program Litigation,Plaintiff,427
2013-08,Program Litigation,Plaintiff,426
2013-09,Program Litigation,Plaintiff,403
2013-10,Program Litigation,Plaintiff,415
2013-11,Program Litigation,Plaintiff,409
2013-12,Program Litigation,Plaintiff,412
2014-01,Program Litigation,Plaintiff,411
2014-02,Program Litigation,Plaintiff,424
2014-03,Program Litigation,Plaintiff,428
2014-04,Program Litigation,Plaintiff,425
2014-05,Program Litigation,Plaintiff,436
2014-06,Program Litigation,Plaintiff,435
2014-07,Program Litigation,Plaintiff,436
2014-08,Program Litigation,Plaintiff,435
2014-09,Program Litigation,Plaintiff,417
2014-10,Program Litigation,Plaintiff,437
2014-11,Program Litigation,Plaintiff,428
2014-12,Program Litigation,Plaintiff,443
2015-01,Program Litigation,Plaintiff,440
2015-02,Program Litigation,Plaintiff,422
2015-03,Program Litigation,Plaintiff,414
2015-04,Program Litigation,Plaintiff,416
2015-05,Program Litigation,Plaintiff,418
2015-06,Program Litigation,Plaintiff,428
2015-07,Program Litigation,Plaintiff,442
2015-08,Program Litigation,Plaintiff,450
2015-09,Program Litigation,Plaintiff,422
2015-10,Program Litigation,Plaintiff,405
2015-11,Program Litigation,Plaintiff,417
2015-12,Program Litigation,Plaintiff,405
2016-01,Program Litigation,Plaintiff,404
2016-02,Program Litigation,Plaintiff,426
2016-03,Program Litigation,Plaintiff,408
2016-04,Program Litigation,Plaintiff,431
2016-05,Program Litigation,Plaintiff,419
2016-06,Program Litigation,Plaintiff,421
2016-07,Program Litigation,Plaintiff,446
2016-08,Program Litigation,Plaintiff,423
2016-09,Program Litigation,Plaintiff,430
2016-10,Program Litigation,Plaintiff,444
2016-11,Program Litigation,Plaintiff,428
2016-12,Program Litigation,Plaintiff,440
2017-01,Program Litigation,Plaintiff,455
2017-02,Program Litigation,Plaintiff,455
2017-03,Program Litigation,Plaintiff,409
2017-04,Program Litigation,Plaintiff,386
2017-05,Program Litigation,Plaintiff,360
2017-06,Program Litigation,Plaintiff,351
2017-07,Program Litigation,Plaintiff,364
2017-08,Program Litigation,Plaintiff,361
2017-09,Program Litigation,Plaintiff,336
2017-10,Program Litigation,Plaintiff,360
2017-11,Program Litigation,Plaintiff,323
2017-12,Program Litigation,Plaintiff,320
2018-01,Program Litigation,Plaintiff,307
2018-02,Program Litigation,Plaintiff,303
2018-03,Program Litigation,Plaintiff,291
2018-04,Program Litigation,Plaintiff,275
2018-05,Program Litigation,Plaintiff,282
2018-06,Program Litigation,Plaintiff,269
2018-07,Program Litigation,Plaintiff,268
2018-08,Program Litigation,Plaintiff,246
2018-09,Program Litigation,Plaintiff,244
2018-10,Program Litigation,Plaintiff,253
2018-11,Program Litigation,Plaintiff,265
2018-12,Program Litigation,Plaintiff,253
2019-01,Program Litigation,Plaintiff,266
2019-02,Program Litigation,Plaintiff,249
2019-03,Program Litigation,Plaintiff,229
2019-04,Program Litigation,Plaintiff,224
2019-05,Program Litigation,Plaintiff,264
2019-06,Program Litigation,Plaintiff,262
2019-07,Program Litigation,Plaintiff,266
2019-08,Program Litigation,Plaintiff,267
2019-09,Program Litigation,Plaintiff,245
2019-10,Program Litigation,Plaintiff,217
2019-11,Program Litigation,Plaintiff,218
2019-12,Program Litigation,Plaintiff,202
2020-01,Program Litigation,Plaintiff,198
2020-02,Program Litigation,Plaintiff,203
2020-03,Program Litigation,Plaintiff,187
2020-04,Program Litigation,Plaintiff,185
2020-05,Program Litigation,Plaintiff,183
2020-06,Program Litigation,Plaintiff,189
2020-07,Program Litigation,Plaintiff,188
2020-08,Program Litigation,Plaintiff,193
2020-09,Program Litigation,Plaintiff,188
2020-10,Program Litigation,Plaintiff,197
2020-11,Program Litigation,Plaintiff,193
2020-12,Program Litigation,Plaintiff,185
2021-01,Program Litigation,Plaintiff,178
2021-02,Program Litigation,Plaintiff,178
2021-03,Program Litigation,Plaintiff,179
2021-04,Program Litigation,Plaintiff,180
2021-05,Program Litigation,Plaintiff,178
2021-06,Program Litigation,Plaintiff,174
2021-07,Program Litigation,Plaintiff,169
2021-08,Program Litigation,Plaintiff,172
2021-09,Program Litigation,Plaintiff,170
2021-10,Program Litigation,Plaintiff,168
2021-11,Program Litigation,Plaintiff,169
2021-12,Program Litigation,Plaintiff,162
2022-01,Program Litigation,Plaintiff,163
2022-02,Program Litigation,Plaintiff,160
2022-03,Program Litigation,Plaintiff,166
2022-04,Program Litigation,Plaintiff,165
2022-05,Program Litigation,Plaintiff,164
2022-06,Program Litigation,Plaintiff,160
2022-07,Program Litigation,Plaintiff,172
2022-08,Program Litigation,Plaintiff,171
2022-09,Program Litigation,Plaintiff,172
2022-10,Program Litigation,Plaintiff,172
2022-11,Program Litigation,Plaintiff,170
2022-12,Program Litigation,Plaintiff,175
2023-01,Program Litigation,Plaintiff,162
2023-02,Program Litigation,Plaintiff,157
2023-03,Program Litigation,Plaintiff,167
2023-04,Program Litigation,Plaintiff,164
2023-05,Program Litigation,Plaintiff,171
2023-06,Program Litigation,Plaintiff,172
2023-07,Program Litigation,Plaintiff,164
2023-08,Program Litigation,Plaintiff,173
2023-09,Program Litigation,Plaintiff,168
2023-10,Program Litigation,Plaintiff,159
2023-11,Program Litigation,Plaintiff,167
2023-12,Program Litigation,Plaintiff,151
2024-01,Program Litigation,Plaintiff,148
2024-02,Program Litigation,Plaintiff,152
2024-03,Program Litigation,Plaintiff,148
2024-04,Program Litigation,Plaintiff,141
2024-05,Program Litigation,Plaintiff,143
2024-06,Program Litigation,Plaintiff,142
2024-07,Program Litigation,Plaintiff,141
2024-08,Program Litigation,Plaintiff,142
2024-09,Program Litigation,Plaintiff,142
2024-10,Program Litigation,Plaintiff,142
2024-11,Program Litigation,Plaintiff,147
2024-12,Program Litigation,Plaintiff,150
2025-01,Program Litigation,Plaintiff,158
2025-02,Program Litigation,Plaintiff,160
2025-03,Program Litigation,Plaintiff,160
2025-04,Program Litigation,Plaintiff,168
2025-05,Program Litigation,Plaintiff,171
2025-06,Program Litigation,Plaintiff,167
2025-07,Program Litigation,Plaintiff,171
2025-08,Program Litigation,Plaintiff,174
2025-09,Program Litigation,Plaintiff,174
2025-10,Program Litigation,Plaintiff,175
2025-11,Program Litigation,Plaintiff,180
2025-12,Program Litigation,Plaintiff,190
2026-01,Program Litigation,Plaintiff,190
2026-02,Program Litigation,Plaintiff,201
2026-03,Program Litigation,Plaintiff,207
2026-04,Program Litigation,Plaintiff,213
2026-05,Program Litigation,Plaintiff,218
2026-06,Program Litigation,Plaintiff,221
2026-07,Program Litigation,Plaintiff,223
1994-10,Social Security,Plaintiff,130
1994-11,Social Security,Plaintiff,131
1994-12,Social Security,Plaintiff,136
1995-01,Social Security,Plaintiff,134
1995-02,Social Security,Plaintiff,128
1995-03,Social Security,Plaintiff,127
1995-04,Social Security,Plaintiff,121
1995-05,Social Security,Plaintiff,112
1995-06,Social Security,Plaintiff,111
1995-07,Social Security,Plaintiff,107
1995-08,Social Security,Plaintiff,101
1995-09,Social Security,Plaintiff,100
1995-10,Social Security,Plaintiff,101
1995-11,Social Security,Plaintiff,101
1995-12,Social Security,Plaintiff,106
1996-01,Social Security,Plaintiff,118
1996-02,Social Security,Plaintiff,114
1996-03,Social Security,Plaintiff,116
1996-04,Social Security,Plaintiff,110
1996-05,Social Security,Plaintiff,105
1996-06,Social Security,Plaintiff,92
1996-07,Social Security,Plaintiff,88
1996-08,Social Security,Plaintiff,84
1996-09,Social Security,Plaintiff,78
1996-10,Social Security,Plaintiff,78
1996-11,Social Security,Plaintiff,73
1996-12,Social Security,Plaintiff,74
1997-01,Social Security,Plaintiff,72
1997-02,Social Security,Plaintiff,70
1997-03,Social Security,Plaintiff,66
1997-04,Social Security,Plaintiff,66
1997-05,Social Security,Plaintiff,64
1997-06,Social Security,Plaintiff,64
1997-07,Social Security,Plaintiff,61
1997-08,Social Security,Plaintiff,55
1997-09,Social Security,Plaintiff,52
1997-10,Social Security,Plaintiff,46
1997-11,Social Security,Plaintiff,49
1997-12,Social Security,Plaintiff,49
1998-01,Social Security,Plaintiff,60
1998-02,Social Security,Plaintiff,65
1998-03,Social Security,Plaintiff,65
1998-04,Social Security,Plaintiff,67
1998-05,Social Security,Plaintiff,66
1998-06,Social Security,Plaintiff,69
1998-07,Social Security,Plaintiff,70
1998-08,Social Security,Plaintiff,68
1998-09,Social Security,Plaintiff,68
1998-10,Social Security,Plaintiff,63
1998-11,Social Security,Plaintiff,61
1998-12,Social Security,Plaintiff,59
1999-01,Social Security,Plaintiff,57
1999-02,Social Security,Plaintiff,53
1999-03,Social Security,Plaintiff,51
1999-04,Social Security,Plaintiff,50
1999-05,Social Security,Plaintiff,48
1999-06,Social Security,Plaintiff,46
1999-07,Social Security,Plaintiff,48
1999-08,Social Security,Plaintiff,49
1999-09,Social Security,Plaintiff,45
1999-10,Social Security,Plaintiff,43
1999-11,Social Security,Plaintiff,42
1999-12,Social Security,Plaintiff,42
2000-01,Social Security,Plaintiff,47
2000-02,Social Security,Plaintiff,50
2000-03,Social Security,Plaintiff,48
2000-04,Social Security,Plaintiff,51
2000-05,Social Security,Plaintiff,51
2000-06,Social Security,Plaintiff,52
2000-07,Social Security,Plaintiff,49
2000-08,Social Security,Plaintiff,47
2000-09,Social Security,Plaintiff,47
2000-10,Social Security,Plaintiff,44
2000-11,Social Security,Plaintiff,39
2000-12,Social Security,Plaintiff,39
2001-01,Social Security,Plaintiff,38
2001-02,Social Security,Plaintiff,38
2001-03,Social Security,Plaintiff,39
2001-04,Social Security,Plaintiff,34
2001-05,Social Security,Plaintiff,31
2001-06,Social Security,Plaintiff,33
2001-07,Social Security,Plaintiff,31
2001-08,Social Security,Plaintiff,32
2001-09,Social Security,Plaintiff,30
2001-10,Social Security,Plaintiff,28
2001-11,Social Security,Plaintiff,27
2001-12,Social Security,Plaintiff,27
2002-01,Social Security,Plaintiff,27
2002-02,Social Security,Plaintiff,29
2002-03,Social Security,Plaintiff,29
2002-04,Social Security,Plaintiff,32
2002-05,Social Security,Plaintiff,33
2002-06,Social Security,Plaintiff,33
2002-07,Social Security,Plaintiff,33
2002-08,Social Security,Plaintiff,33
2002-09,Social Security,Plaintiff,32
2002-10,Social Security,Plaintiff,34
2002-11,Social Security,Plaintiff,35
2002-12,Social Security,Plaintiff,35
2003-01,Social Security,Plaintiff,34
2003-02,Social Security,Plaintiff,34
2003-03,Social Security,Plaintiff,35
2003-04,Social Security,Plaintiff,32
2003-05,Social Security,Plaintiff,33
2003-06,Social Security,Plaintiff,37
2003-07,Social Security,Plaintiff,42
2003-08,Social Security,Plaintiff,43
2003-09,Social Security,Plaintiff,45
2003-10,Social Security,Plaintiff,46
2003-11,Social Security,Plaintiff,47
2003-12,Social Security,Plaintiff,47
2004-01,Social Security,Plaintiff,45
2004-02,Social Security,Plaintiff,45
2004-03,Social Security,Plaintiff,43
2004-04,Social Security,Plaintiff,44
2004-05,Social Security,Plaintiff,43
2004-06,Social Security,Plaintiff,40
2004-07,Social Security,Plaintiff,41
2004-08,Social Security,Plaintiff,46
2004-09,Social Security,Plaintiff,41
2004-10,Social Security,Plaintiff,37
2004-11,Social Security,Plaintiff,33
2004-12,Social Security,Plaintiff,34
2005-01,Social Security,Plaintiff,32
2005-02,Social Security,Plaintiff,33
2005-03,Social Security,Plaintiff,29
2005-04,Social Security,Plaintiff,30
2005-05,Social Security,Plaintiff,25
2005-06,Social Security,Plaintiff,24
2005-07,Social Security,Plaintiff,24
2005-08,Social Security,Plaintiff,24
2005-09,Social Security,Plaintiff,21
2005-10,Social Security,Plaintiff,20
2005-11,Social Security,Plaintiff,22
2005-12,Social Security,Plaintiff,21
2006-01,Social Security,Plaintiff,19
2006-02,Social Security,Plaintiff,19
2006-03,Social Security,Plaintiff,20
2006-04,Social Security,Plaintiff,20
2006-05,Social Security,Plaintiff,20
2006-06,Social Security,Plaintiff,22
2006-07,Social Security,Plaintiff,23
2006-08,Social Security,Plaintiff,24
2006-09,Social Security,Plaintiff,22
2006-10,Social Security,Plaintiff,21
2006-11,Social Security,Plaintiff,19
2006-12,Social Security,Plaintiff,21
2007-01,Social Security,Plaintiff,20
2007-02,Social Security,Plaintiff,19
2007-03,Social Security,Plaintiff,21
2007-04,Social Security,Plaintiff,21
2007-05,Social Security,Plaintiff,22
2007-06,Social Security,Plaintiff,23
2007-07,Social Security,Plaintiff,25
2007-08,Social Security,Plaintiff,29
2007-09,Social Security,Plaintiff,28
2007-10,Social Security,Plaintiff,29
2007-11,Social Security,Plaintiff,29
2007-12,Social Security,Plaintiff,29
2008-01,Social Security,Plaintiff,29
2008-02,Social Security,Plaintiff,30
2008-03,Social Security,Plaintiff,27
2008-04,Social Security,Plaintiff,26
2008-05,Social Security,Plaintiff,23
2008-06,Social Security,Plaintiff,24
2008-07,Social Security,Plaintiff,25
2008-08,Social Security,Plaintiff,24
2008-09,Social Security,Plaintiff,21
2008-10,Social Security,Plaintiff,23
2008-11,Social Security,Plaintiff,25
2008-12,Social Security,Plaintiff,24
2009-01,Social Security,Plaintiff,25
2009-02,Social Security,Plaintiff,26
2009-03,Social Security,Plaintiff,26
2009-04,Social Security,Plaintiff,29
2009-05,Social Security,Plaintiff,29
2009-06,Social Security,Plaintiff,31
2009-07,Social Security,Plaintiff,32
2009-08,Social Security,Plaintiff,33
2009-09,Social Security,Plaintiff,33
2009-10,Social Security,Plaintiff,34
2009-11,Social Security,Plaintiff,35
2009-12,Social Security,Plaintiff,34
2010-01,Social Security,Plaintiff,35
2010-02,Social Security,Plaintiff,34
2010-03,Social Security,Plaintiff,31
2010-04,Social Security,Plaintiff,30
2010-05,Social Security,Plaintiff,30
2010-06,Social Security,Plaintiff,30
2010-07,Social Security,Plaintiff,30
2010-08,Social Security,Plaintiff,27
2010-09,Social Security,Plaintiff,24
2010-10,Social Security,Plaintiff,22
2010-11,Social Security,Plaintiff,24
2010-12,Social Security,Plaintiff,23
2011-01,Social Security,Plaintiff,23
2011-02,Social Security,Plaintiff,24
2011-03,Social Security,Plaintiff,22
2011-04,Social Security,Plaintiff,22
2011-05,Social Security,Plaintiff,23
2011-06,Social Security,Plaintiff,22
2011-07,Social Security,Plaintiff,22
2011-08,Social Security,Plaintiff,21
2011-09,Social Security,Plaintiff,19
2011-10,Social Security,Plaintiff,24
2011-11,Social Security,Plaintiff,27
2011-12,Social Security,Plaintiff,25
2012-01,Social Security,Plaintiff,29
2012-02,Social Security,Plaintiff,31
2012-03,Social Security,Plaintiff,32
2012-04,Social Security,Plaintiff,31
2012-05,Social Security,Plaintiff,33
2012-06,Social Security,Plaintiff,33
2012-07,Social Security,Plaintiff,36
2012-08,Social Security,Plaintiff,34
2012-09,Social Security,Plaintiff,35
2012-10,Social Security,Plaintiff,35
2012-11,Social Security,Plaintiff,36
2012-12,Social Security,Plaintiff,35
2013-01,Social Security,Plaintiff,34
2013-02,Social Security,Plaintiff,33
2013-03,Social Security,Plaintiff,28
2013-04,Social Security,Plaintiff,27
2013-05,Social Security,Plaintiff,29
2013-06,Social Security,Plaintiff,34
2013-07,Social Security,Plaintiff,37
2013-08,Social Security,Plaintiff,41
2013-09,Social Security,Plaintiff,42
2013-10,Social Security,Plaintiff,42
2013-11,Social Security,Plaintiff,43
2013-12,Social Security,Plaintiff,44
2014-01,Social Security,Plaintiff,44
2014-02,Social Security,Plaintiff,42
2014-03,Social Security,Plaintiff,41
2014-04,Social Security,Plaintiff,40
2014-05,Social Security,Plaintiff,41
2014-06,Social Security,Plaintiff,40
2014-07,Social Security,Plaintiff,38
2014-08,Social Security,Plaintiff,34
2014-09,Social Security,Plaintiff,35
2014-10,Social Security,Plaintiff,35
2014-11,Social Security,Plaintiff,36
2014-12,Social Security,Plaintiff,37
2015-01,Social Security,Plaintiff,38
2015-02,Social Security,Plaintiff,34
2015-03,Social Security,Plaintiff,26
2015-04,Social Security,Plaintiff,24
2015-05,Social Security,Plaintiff,25
2015-06,Social Security,Plaintiff,29
2015-07,Social Security,Plaintiff,32
2015-08,Social Security,Plaintiff,38
2015-09,Social Security,Plaintiff,46
2015-10,Social Security,Plaintiff,49
2015-11,Social Security,Plaintiff,50
2015-12,Social Security,Plaintiff,50
2016-01,Social Security,Plaintiff,51
2016-02,Social Security,Plaintiff,55
2016-03,Social Security,Plaintiff,61
2016-04,Social Security,Plaintiff,61
2016-05,Social Security,Plaintiff,67
2016-06,Social Security,Plaintiff,79
2016-07,Social Security,Plaintiff,80
2016-08,Social Security,Plaintiff,82
2016-09,Social Security,Plaintiff,84
2016-10,Social Security,Plaintiff,80
2016-11,Social Security,Plaintiff,79
2016-12,Social Security,Plaintiff,80
2017-01,Social Security,Plaintiff,79
2017-02,Social Security,Plaintiff,76
2017-03,Social Security,Plaintiff,77
2017-04,Social Security,Plaintiff,82
2017-05,Social Security,Plaintiff,83
2017-06,Social Security,Plaintiff,88
2017-07,Social Security,Plaintiff,91
2017-08,Social Security,Plaintiff,96
2017-09,Social Security,Plaintiff,98
2017-10,Social Security,Plaintiff,101
2017-11,Social Security,Plaintiff,98
2017-12,Social Security,Plaintiff,98
2018-01,Social Security,Plaintiff,97
2018-02,Social Security,Plaintiff,99
2018-03,Social Security,Plaintiff,97
2018-04,Social Security,Plaintiff,98
2018-05,Social Security,Plaintiff,102
2018-06,Social Security,Plaintiff,100
2018-07,Social Security,Plaintiff,106
2018-08,Social Security,Plaintiff,101
2018-09,Social Security,Plaintiff,94
2018-10,Social Security,Plaintiff,87
2018-11,Social Security,Plaintiff,85
2018-12,Social Security,Plaintiff,83
2019-01,Social Security,Plaintiff,79
2019-02,Social Security,Plaintiff,75
2019-03,Social Security,Plaintiff,75
2019-04,Social Security,Plaintiff,70
2019-05,Social Security,Plaintiff,75
2019-06,Social Security,Plaintiff,67
2019-07,Social Security,Plaintiff,62
2019-08,Social Security,Plaintiff,58
2019-09,Social Security,Plaintiff,50
2019-10,Social Security,Plaintiff,54
2019-11,Social Security,Plaintiff,54
2019-12,Social Security,Plaintiff,55
2020-01,Social Security,Plaintiff,54
2020-02,Social Security,Plaintiff,50
2020-03,Social Security,Plaintiff,46
2020-04,Social Security,Plaintiff,45
2020-05,Social Security,Plaintiff,44
2020-06,Social Security,Plaintiff,38
2020-07,Social Security,Plaintiff,38
2020-08,Social Security,Plaintiff,35
2020-09,Social Security,Plaintiff,37
2020-10,Social Security,Plaintiff,35
2020-11,Social Security,Plaintiff,32
2020-12,Social Security,Plaintiff,33
2021-01,Social Security,Plaintiff,38
2021-02,Social Security,Plaintiff,40
2021-03,Social Security,Plaintiff,36
2021-04,Social Security,Plaintiff,39
2021-05,Social Security,Plaintiff,40
2021-06,Social Security,Plaintiff,41
2021-07,Social Security,Plaintiff,39
2021-08,Social Security,Plaintiff,43
2021-09,Social Security,Plaintiff,44
2021-10,Social Security,Plaintiff,42
2021-11,Social Security,Plaintiff,40
2021-12,Social Security,Plaintiff,38
2022-01,Social Security,Plaintiff,37
2022-02,Social Security,Plaintiff,36
2022-03,Social Security,Plaintiff,35
2022-04,Social Security,Plaintiff,35
2022-05,Social Security,Plaintiff,41
2022-06,Social Security,Plaintiff,46
2022-07,Social Security,Plaintiff,40
2022-08,Social Security,Plaintiff,37
2022-09,Social Security,Plaintiff,29
2022-10,Social Security,Plaintiff,26
2022-11,Social Security,Plaintiff,26
2022-12,Social Security,Plaintiff,26
2023-01,Social Security,Plaintiff,29
2023-02,Social Security,Plaintiff,28
2023-03,Social Security,Plaintiff,26
2023-04,Social Security,Plaintiff,32
2023-05,Social Security,Plaintiff,32
2023-06,Social Security,Plaintiff,32
2023-07,Social Security,Plaintiff,32
2023-08,Social Security,Plaintiff,27
2023-09,Social Security,Plaintiff,25
2023-10,Social Security,Plaintiff,25
2023-11,Social Security,Plaintiff,25
2023-12,Social Security,Plaintiff,23
2024-01,Social Security,Plaintiff,20
2024-02,Social Security,Plaintiff,16
2024-03,Social Security,Plaintiff,15
2024-04,Social Security,Plaintiff,16
2024-05,Social Security,Plaintiff,17
2024-06,Social Security,Plaintiff,18
2024-07,Social Security,Plaintiff,18
2024-08,Social Security,Plaintiff,17
2024-09,Social Security,Plaintiff,14
2024-10,Social Security,Plaintiff,11
2024-11,Social Security,Plaintiff,12
2024-12,Social Security,Plaintiff,14
2025-01,Social Security,Plaintiff,13
2025-02,Social Security,Plaintiff,15
2025-03,Social Security,Plaintiff,18
2025-04,Social Security,Plaintiff,18
2025-05,Social Security,Plaintiff,18
2025-06,Social Security,Plaintiff,18
2025-07,Social Security,Plaintiff,19
2025-08,Social Security,Plaintiff,19
2025-09,Social Security,Plaintiff,19
2025-10,Social Security,Plaintiff,21
2025-11,Social Security,Plaintiff,25
2025-12,Social Security,Plaintiff,26
2026-01,Social Security,Plaintiff,28
2026-02,Social Security,Plaintiff,26
2026-03,Social Security,Plaintiff,26
2026-04,Social Security,Plaintiff,27
2026-05,Social Security,Plaintiff,27
2026-06,Social Security,Plaintiff,27
2026-07,Social Security,Plaintiff,27
2002-09,Terrorism,Plaintiff,1
2002-10,Terrorism,Plaintiff,2
2002-11,Terrorism,Plaintiff,2
2002-12,Terrorism,Plaintiff,2
2003-01,Terrorism,Plaintiff,2
2003-02,Terrorism,Plaintiff,2
2003-03,Terrorism,Plaintiff,3
2003-04,Terrorism,Plaintiff,3
2003-05,Terrorism,Plaintiff,3
2003-06,Terrorism,Plaintiff,3
2003-07,Terrorism,Plaintiff,3
2003-08,Terrorism,Plaintiff,3
2003-09,Terrorism,Plaintiff,3
2003-10,Terrorism,Plaintiff,3
2003-11,Terrorism,Plaintiff,3
2003-12,Terrorism,Plaintiff,3
2004-01,Terrorism,Plaintiff,3
2004-02,Terrorism,Plaintiff,2
2004-03,Terrorism,Plaintiff,2
2004-04,Terrorism,Plaintiff,2
2004-05,Terrorism,Plaintiff,2
2004-06,Terrorism,Plaintiff,2
2004-07,Terrorism,Plaintiff,2
2004-08,Terrorism,Plaintiff,2
2004-09,Terrorism,Plaintiff,2
2004-10,Terrorism,Plaintiff,2
2004-11,Terrorism,Plaintiff,2
2004-12,Terrorism,Plaintiff,2
2005-01,Terrorism,Plaintiff,2
2005-02,Terrorism,Plaintiff,2
2005-03,Terrorism,Plaintiff,2
2005-04,Terrorism,Plaintiff,2
2005-05,Terrorism,Plaintiff,2
2005-06,Terrorism,Plaintiff,2
2005-07,Terrorism,Plaintiff,2
2005-08,Terrorism,Plaintiff,2
2005-09,Terrorism,Plaintiff,2
2005-10,Terrorism,Plaintiff,2
2005-11,Terrorism,Plaintiff,2
2005-12,Terrorism,Plaintiff,2
2006-01,Terrorism,Plaintiff,2
2006-02,Terrorism,Plaintiff,2
2006-03,Terrorism,Plaintiff,2
2006-04,Terrorism,Plaintiff,2
2006-05,Terrorism,Plaintiff,2
2006-06,Terrorism,Plaintiff,2
2006-07,Terrorism,Plaintiff,2
2006-08,Terrorism,Plaintiff,2
2006-09,Terrorism,Plaintiff,2
2006-10,Terrorism,Plaintiff,2
2006-11,Terrorism,Plaintiff,2
2006-12,Terrorism,Plaintiff,2
2007-01,Terrorism,Plaintiff,2
2007-02,Terrorism,Plaintiff,2
2007-03,Terrorism,Plaintiff,2
2007-04,Terrorism,Plaintiff,2
2007-05,Terrorism,Plaintiff,2
2007-06,Terrorism,Plaintiff,2
2007-07,Terrorism,Plaintiff,2
2007-08,Terrorism,Plaintiff,2
2007-09,Terrorism,Plaintiff,2
2007-10,Terrorism,Plaintiff,2
2007-11,Terrorism,Plaintiff,2
2007-12,Terrorism,Plaintiff,2
2008-01,Terrorism,Plaintiff,2
2008-02,Terrorism,Plaintiff,2
2008-03,Terrorism,Plaintiff,2
2008-04,Terrorism,Plaintiff,2
2008-05,Terrorism,Plaintiff,2
2008-06,Terrorism,Plaintiff,2
2008-07,Terrorism,Plaintiff,2
2008-08,Terrorism,Plaintiff,2
2008-09,Terrorism,Plaintiff,2
2008-10,Terrorism,Plaintiff,2
2008-11,Terrorism,Plaintiff,2
2008-12,Terrorism,Plaintiff,2
2009-01,Terrorism,Plaintiff,2
2009-02,Terrorism,Plaintiff,2
2009-03,Terrorism,Plaintiff,2
2009-04,Terrorism,Plaintiff,2
2009-05,Terrorism,Plaintiff,2
2009-10,Terrorism,Plaintiff,1
2009-11,Terrorism,Plaintiff,1
2009-12,Terrorism,Plaintiff,1
2010-01,Terrorism,Plaintiff,1
2010-02,Terrorism,Plaintiff,1
2010-03,Terrorism,Plaintiff,1
2010-04,Terrorism,Plaintiff,1
2010-05,Terrorism,Plaintiff,1
2010-06,Terrorism,Plaintiff,1
2010-07,Terrorism,Plaintiff,1
2010-08,Terrorism,Plaintiff,1
2010-09,Terrorism,Plaintiff,1
2010-10,Terrorism,Plaintiff,1
2010-11,Terrorism,Plaintiff,1
2010-12,Terrorism,Plaintiff,1
2011-01,Terrorism,Plaintiff,1
2011-02,Terrorism,Plaintiff,1
2011-03,Terrorism,Plaintiff,1
2011-04,Terrorism,Plaintiff,1
2011-05,Terrorism,Plaintiff,1
2011-06,Terrorism,Plaintiff,1
2011-07,Terrorism,Plaintiff,1
2011-08,Terrorism,Plaintiff,1
2011-09,Terrorism,Plaintiff,1
2011-10,Terrorism,Plaintiff,1
2011-11,Terrorism,Plaintiff,1
2011-12,Terrorism,Plaintiff,1
2012-01,Terrorism,Plaintiff,1
2012-02,Terrorism,Plaintiff,1
2012-03,Terrorism,Plaintiff,1
2012-04,Terrorism,Plaintiff,1
2012-05,Terrorism,Plaintiff,1
2012-06,Terrorism,Plaintiff,2
2012-07,Terrorism,Plaintiff,2
2012-08,Terrorism,Plaintiff,2
2012-09,Terrorism,Plaintiff,2
2012-10,Terrorism,Plaintiff,2
2012-11,Terrorism,Plaintiff,2
2012-12,Terrorism,Plaintiff,2
2013-01,Terrorism,Plaintiff,2
2013-02,Terrorism,Plaintiff,2
2013-03,Terrorism,Plaintiff,3
2013-04,Terrorism,Plaintiff,3
2013-05,Terrorism,Plaintiff,3
2013-06,Terrorism,Plaintiff,3
2013-07,Terrorism,Plaintiff,3
2013-08,Terrorism,Plaintiff,3
2013-09,Terrorism,Plaintiff,3
2013-10,Terrorism,Plaintiff,3
2013-11,Terrorism,Plaintiff,3
2013-12,Terrorism,Plaintiff,3
2014-01,Terrorism,Plaintiff,3
2014-02,Terrorism,Plaintiff,3
2014-03,Terrorism,Plaintiff,3
2014-04,Terrorism,Plaintiff,3
2014-05,Terrorism,Plaintiff,3
2014-06,Terrorism,Plaintiff,3
2014-07,Terrorism,Plaintiff,3
2014-08,Terrorism,Plaintiff,3
2014-09,Terrorism,Plaintiff,3
2014-10,Terrorism,Plaintiff,3
2014-11,Terrorism,Plaintiff,3
2014-12,Terrorism,Plaintiff,2
2015-01,Terrorism,Plaintiff,2
2015-02,Terrorism,Plaintiff,2
2015-03,Terrorism,Plaintiff,2
2015-04,Terrorism,Plaintiff,2
2015-05,Terrorism,Plaintiff,2
2015-06,Terrorism,Plaintiff,2
2015-07,Terrorism,Plaintiff,2
2015-08,Terrorism,Plaintiff,2
2015-09,Terrorism,Plaintiff,2
2015-10,Terrorism,Plaintiff,2
2015-11,Terrorism,Plaintiff,2
2015-12,Terrorism,Plaintiff,2
2016-01,Terrorism,Plaintiff,2
2016-02,Terrorism,Plaintiff,2
2016-03,Terrorism,Plaintiff,2
2016-04,Terrorism,Plaintiff,2
2016-05,Terrorism,Plaintiff,1
2016-06,Terrorism,Plaintiff,1
2016-07,Terrorism,Plaintiff,1
2016-08,Terrorism,Plaintiff,2
2016-09,Terrorism,Plaintiff,2
2016-10,Terrorism,Plaintiff,2
2016-11,Terrorism,Plaintiff,2
2016-12,Terrorism,Plaintiff,2
2017-01,Terrorism,Plaintiff,2
2017-02,Terrorism,Plaintiff,2
2017-03,Terrorism,Plaintiff,1
2017-04,Terrorism,Plaintiff,1
2017-05,Terrorism,Plaintiff,1
2017-06,Terrorism,Plaintiff,1
2017-07,Terrorism,Plaintiff,1
2017-08,Terrorism,Plaintiff,1
2017-09,Terrorism,Plaintiff,1
2017-10,Terrorism,Plaintiff,1
2017-11,Terrorism,Plaintiff,1
2017-12,Terrorism,Plaintiff,1
2018-01,Terrorism,Plaintiff,1
2018-02,Terrorism,Plaintiff,1
2018-03,Terrorism,Plaintiff,1
2018-04,Terrorism,Plaintiff,1
2018-05,Terrorism,Plaintiff,1
2018-06,Terrorism,Plaintiff,1
2018-07,Terrorism,Plaintiff,1
2018-08,Terrorism,Plaintiff,1
2018-09,Terrorism,Plaintiff,1
2018-10,Terrorism,Plaintiff,1
2018-11,Terrorism,Plaintiff,1
2018-12,Terrorism,Plaintiff,1
2019-01,Terrorism,Plaintiff,1
2019-02,Terrorism,Plaintiff,1
2019-03,Terrorism,Plaintiff,1
2019-04,Terrorism,Plaintiff,1
2019-05,Terrorism,Plaintiff,1
2019-06,Terrorism,Plaintiff,1
2019-07,Terrorism,Plaintiff,1
2019-08,Terrorism,Plaintiff,1
2019-09,Terrorism,Plaintiff,1
2019-10,Terrorism,Plaintiff,1
2019-11,Terrorism,Plaintiff,1
2019-12,Terrorism,Plaintiff,1
2020-01,Terrorism,Plaintiff,1
2020-02,Terrorism,Plaintiff,1
2020-03,Terrorism,Plaintiff,1
2020-04,Terrorism,Plaintiff,1
2020-05,Terrorism,Plaintiff,1
2020-06,Terrorism,Plaintiff,1
2020-07,Terrorism,Plaintiff,1
2020-08,Terrorism,Plaintiff,1
2020-09,Terrorism,Plaintiff,1
2020-10,Terrorism,Plaintiff,1
2020-11,Terrorism,Plaintiff,1
2020-12,Terrorism,Plaintiff,1
2021-01,Terrorism,Plaintiff,1
2021-02,Terrorism,Plaintiff,1
2021-03,Terrorism,Plaintiff,1
2021-04,Terrorism,Plaintiff,1
2021-05,Terrorism,Plaintiff,1
2021-06,Terrorism,Plaintiff,1
2021-07,Terrorism,Plaintiff,1
2021-08,Terrorism,Plaintiff,1
2021-09,Terrorism,Plaintiff,1
2021-10,Terrorism,Plaintiff,1
2021-11,Terrorism,Plaintiff,1
2021-12,Terrorism,Plaintiff,1
2022-01,Terrorism,Plaintiff,1
2022-02,Terrorism,Plaintiff,1
2022-03,Terrorism,Plaintiff,1
2022-04,Terrorism,Plaintiff,1
2022-05,Terrorism,Plaintiff,1
2022-06,Terrorism,Plaintiff,1
2022-07,Terrorism,Plaintiff,1
2022-08,Terrorism,Plaintiff,1
2022-09,Terrorism,Plaintiff,1
2022-10,Terrorism,Plaintiff,1
2022-11,Terrorism,Plaintiff,1
2022-12,Terrorism,Plaintiff,1
2023-01,Terrorism,Plaintiff,1
2023-02,Terrorism,Plaintiff,1
2023-03,Terrorism,Plaintiff,1
2023-04,Terrorism,Plaintiff,1
2023-05,Terrorism,Plaintiff,1
2023-06,Terrorism,Plaintiff,1
2023-07,Terrorism,Plaintiff,1
2023-08,Terrorism,Plaintiff,1
1994-10,Torts,Plaintiff,127
1994-11,Torts,Plaintiff,132
1994-12,Torts,Plaintiff,131
1995-01,Torts,Plaintiff,131
1995-02,Torts,Plaintiff,131
1995-03,Torts,Plaintiff,129
1995-04,Torts,Plaintiff,124
1995-05,Torts,Plaintiff,126
1995-06,Torts,Plaintiff,118
1995-07,Torts,Plaintiff,117
1995-08,Torts,Plaintiff,123
1995-09,Torts,Plaintiff,122
1995-10,Torts,Plaintiff,133
1995-11,Torts,Plaintiff,139
1995-12,Torts,Plaintiff,140
1996-01,Torts,Plaintiff,142
1996-02,Torts,Plaintiff,140
1996-03,Torts,Plaintiff,135
1996-04,Torts,Plaintiff,137
1996-05,Torts,Plaintiff,136
1996-06,Torts,Plaintiff,141
1996-07,Torts,Plaintiff,135
1996-08,Torts,Plaintiff,141
1996-09,Torts,Plaintiff,137
1996-10,Torts,Plaintiff,140
1996-11,Torts,Plaintiff,137
1996-12,Torts,Plaintiff,132
1997-01,Torts,Plaintiff,138
1997-02,Torts,Plaintiff,141
1997-03,Torts,Plaintiff,139
1997-04,Torts,Plaintiff,131
1997-05,Torts,Plaintiff,126
1997-06,Torts,Plaintiff,121
1997-07,Torts,Plaintiff,125
1997-08,Torts,Plaintiff,127
1997-09,Torts,Plaintiff,121
1997-10,Torts,Plaintiff,130
1997-11,Torts,Plaintiff,119
1997-12,Torts,Plaintiff,119
1998-01,Torts,Plaintiff,115
1998-02,Torts,Plaintiff,118
1998-03,Torts,Plaintiff,114
1998-04,Torts,Plaintiff,112
1998-05,Torts,Plaintiff,108
1998-06,Torts,Plaintiff,104
1998-07,Torts,Plaintiff,97
1998-08,Torts,Plaintiff,96
1998-09,Torts,Plaintiff,96
1998-10,Torts,Plaintiff,99
1998-11,Torts,Plaintiff,104
1998-12,Torts,Plaintiff,110
1999-01,Torts,Plaintiff,112
1999-02,Torts,Plaintiff,107
1999-03,Torts,Plaintiff,106
1999-04,Torts,Plaintiff,101
1999-05,Torts,Plaintiff,104
1999-06,Torts,Plaintiff,104
1999-07,Torts,Plaintiff,106
1999-08,Torts,Plaintiff,110
1999-09,Torts,Plaintiff,111
1999-10,Torts,Plaintiff,111
1999-11,Torts,Plaintiff,115
1999-12,Torts,Plaintiff,108
2000-01,Torts,Plaintiff,109
2000-02,Torts,Plaintiff,109
2000-03,Torts,Plaintiff,109
2000-04,Torts,Plaintiff,113
2000-05,Torts,Plaintiff,113
2000-06,Torts,Plaintiff,113
2000-07,Torts,Plaintiff,115
2000-08,Torts,Plaintiff,114
2000-09,Torts,Plaintiff,118
2000-10,Torts,Plaintiff,114
2000-11,Torts,Plaintiff,119
2000-12,Torts,Plaintiff,115
2001-01,Torts,Plaintiff,112
2001-02,Torts,Plaintiff,116
2001-03,Torts,Plaintiff,114
2001-04,Torts,Plaintiff,113
2001-05,Torts,Plaintiff,124
2001-06,Torts,Plaintiff,123
2001-07,Torts,Plaintiff,119
2001-08,Torts,Plaintiff,125
2001-09,Torts,Plaintiff,124
2001-10,Torts,Plaintiff,122
2001-11,Torts,Plaintiff,123
2001-12,Torts,Plaintiff,126
2002-01,Torts,Plaintiff,124
2002-02,Torts,Plaintiff,127
2002-03,Torts,Plaintiff,128
2002-04,Torts,Plaintiff,132
2002-05,Torts,Plaintiff,133
2002-06,Torts,Plaintiff,137
2002-07,Torts,Plaintiff,129
2002-08,Torts,Plaintiff,131
2002-09,Torts,Plaintiff,131
2002-10,Torts,Plaintiff,135
2002-11,Torts,Plaintiff,136
2002-12,Torts,Plaintiff,136
2003-01,Torts,Plaintiff,138
2003-02,Torts,Plaintiff,131
2003-03,Torts,Plaintiff,130
2003-04,Torts,Plaintiff,130
2003-05,Torts,Plaintiff,129
2003-06,Torts,Plaintiff,126
2003-07,Torts,Plaintiff,123
2003-08,Torts,Plaintiff,123
2003-09,Torts,Plaintiff,127
2003-10,Torts,Plaintiff,126
2003-11,Torts,Plaintiff,123
2003-12,Torts,Plaintiff,129
2004-01,Torts,Plaintiff,134
2004-02,Torts,Plaintiff,132
2004-03,Torts,Plaintiff,127
2004-04,Torts,Plaintiff,128
2004-05,Torts,Plaintiff,123
2004-06,Torts,Plaintiff,123
2004-07,Torts,Plaintiff,124
2004-08,Torts,Plaintiff,129
2004-09,Torts,Plaintiff,127
2004-10,Torts,Plaintiff,124
2004-11,Torts,Plaintiff,121
2004-12,Torts,Plaintiff,125
2005-01,Torts,Plaintiff,131
2005-02,Torts,Plaintiff,137
2005-03,Torts,Plaintiff,132
2005-04,Torts,Plaintiff,134
2005-05,Torts,Plaintiff,134
2005-06,Torts,Plaintiff,135
2005-07,Torts,Plaintiff,139
2005-08,Torts,Plaintiff,142
2005-09,Torts,Plaintiff,145
2005-10,Torts,Plaintiff,146
2005-11,Torts,Plaintiff,142
2005-12,Torts,Plaintiff,132
2006-01,Torts,Plaintiff,125
2006-02,Torts,Plaintiff,129
2006-03,Torts,Plaintiff,124
2006-04,Torts,Plaintiff,131
2006-05,Torts,Plaintiff,132
2006-06,Torts,Plaintiff,127
2006-07,Torts,Plaintiff,139
2006-08,Torts,Plaintiff,147
2006-09,Torts,Plaintiff,152
2006-10,Torts,Plaintiff,154
2006-11,Torts,Plaintiff,151
2006-12,Torts,Plaintiff,154
2007-01,Torts,Plaintiff,154
2007-02,Torts,Plaintiff,162
2007-03,Torts,Plaintiff,161
2007-04,Torts,Plaintiff,167
2007-05,Torts,Plaintiff,161
2007-06,Torts,Plaintiff,168
2007-07,Torts,Plaintiff,177
2007-08,Torts,Plaintiff,189
2007-09,Torts,Plaintiff,198
2007-10,Torts,Plaintiff,192
2007-11,Torts,Plaintiff,185
2007-12,Torts,Plaintiff,189
2008-01,Torts,Plaintiff,188
2008-02,Torts,Plaintiff,185
2008-03,Torts,Plaintiff,182
2008-04,Torts,Plaintiff,178
2008-05,Torts,Plaintiff,184
2008-06,Torts,Plaintiff,180
2008-07,Torts,Plaintiff,176
2008-08,Torts,Plaintiff,174
2008-09,Torts,Plaintiff,183
2008-10,Torts,Plaintiff,180
2008-11,Torts,Plaintiff,179
2008-12,Torts,Plaintiff,196
2009-01,Torts,Plaintiff,211
2009-02,Torts,Plaintiff,208
2009-03,Torts,Plaintiff,208
2009-04,Torts,Plaintiff,202
2009-05,Torts,Plaintiff,211
2009-06,Torts,Plaintiff,216
2009-07,Torts,Plaintiff,218
2009-08,Torts,Plaintiff,216
2009-09,Torts,Plaintiff,212
2009-10,Torts,Plaintiff,225
2009-11,Torts,Plaintiff,235
2009-12,Torts,Plaintiff,245
2010-01,Torts,Plaintiff,274
2010-02,Torts,Plaintiff,288
2010-03,Torts,Plaintiff,288
2010-04,Torts,Plaintiff,298
2010-05,Torts,Plaintiff,296
2010-06,Torts,Plaintiff,314
2010-07,Torts,Plaintiff,307
2010-08,Torts,Plaintiff,325
2010-09,Torts,Plaintiff,320
2010-10,Torts,Plaintiff,337
2010-11,Torts,Plaintiff,327
2010-12,Torts,Plaintiff,318
2011-01,Torts,Plaintiff,336
2011-02,Torts,Plaintiff,354
2011-03,Torts,Plaintiff,377
2011-04,Torts,Plaintiff,385
2011-05,Torts,Plaintiff,392
2011-06,Torts,Plaintiff,405
2011-07,Torts,Plaintiff,432
2011-08,Torts,Plaintiff,446
2011-09,Torts,Plaintiff,456
2011-10,Torts,Plaintiff,460
2011-11,Torts,Plaintiff,434
2011-12,Torts,Plaintiff,395
2012-01,Torts,Plaintiff,387
2012-02,Torts,Plaintiff,398
2012-03,Torts,Plaintiff,377
2012-04,Torts,Plaintiff,385
2012-05,Torts,Plaintiff,394
2012-06,Torts,Plaintiff,407
2012-07,Torts,Plaintiff,409
2012-08,Torts,Plaintiff,422
2012-09,Torts,Plaintiff,440
2012-10,Torts,Plaintiff,459
2012-11,Torts,Plaintiff,472
2012-12,Torts,Plaintiff,489
2013-01,Torts,Plaintiff,455
2013-02,Torts,Plaintiff,460
2013-03,Torts,Plaintiff,420
2013-04,Torts,Plaintiff,423
2013-05,Torts,Plaintiff,416
2013-06,Torts,Plaintiff,407
2013-07,Torts,Plaintiff,426
2013-08,Torts,Plaintiff,428
2013-09,Torts,Plaintiff,435
2013-10,Torts,Plaintiff,455
2013-11,Torts,Plaintiff,447
2013-12,Torts,Plaintiff,455
2014-01,Torts,Plaintiff,467
2014-02,Torts,Plaintiff,475
2014-03,Torts,Plaintiff,483
2014-04,Torts,Plaintiff,509
2014-05,Torts,Plaintiff,525
2014-06,Torts,Plaintiff,540
2014-07,Torts,Plaintiff,551
2014-08,Torts,Plaintiff,536
2014-09,Torts,Plaintiff,553
2014-10,Torts,Plaintiff,577
2014-11,Torts,Plaintiff,592
2014-12,Torts,Plaintiff,598
2015-01,Torts,Plaintiff,604
2015-02,Torts,Plaintiff,597
2015-03,Torts,Plaintiff,542
2015-04,Torts,Plaintiff,434
2015-05,Torts,Plaintiff,379
2015-06,Torts,Plaintiff,381
2015-07,Torts,Plaintiff,402
2015-08,Torts,Plaintiff,386
2015-09,Torts,Plaintiff,404
2015-10,Torts,Plaintiff,407
2015-11,Torts,Plaintiff,409
2015-12,Torts,Plaintiff,426
2016-01,Torts,Plaintiff,446
2016-02,Torts,Plaintiff,436
2016-03,Torts,Plaintiff,439
2016-04,Torts,Plaintiff,459
2016-05,Torts,Plaintiff,472
2016-06,Torts,Plaintiff,495
2016-07,Torts,Plaintiff,519
2016-08,Torts,Plaintiff,520
2016-09,Torts,Plaintiff,497
2016-10,Torts,Plaintiff,514
2016-11,Torts,Plaintiff,468
2016-12,Torts,Plaintiff,478
2017-01,Torts,Plaintiff,489
2017-02,Torts,Plaintiff,500
2017-03,Torts,Plaintiff,508
2017-04,Torts,Plaintiff,517
2017-05,Torts,Plaintiff,508
2017-06,Torts,Plaintiff,499
2017-07,Torts,Plaintiff,502
2017-08,Torts,Plaintiff,485
2017-09,Torts,Plaintiff,495
2017-10,Torts,Plaintiff,510
2017-11,Torts,Plaintiff,530
2017-12,Torts,Plaintiff,524
2018-01,Torts,Plaintiff,535
2018-02,Torts,Plaintiff,548
2018-03,Torts,Plaintiff,557
2018-04,Torts,Plaintiff,556
2018-05,Torts,Plaintiff,573
2018-06,Torts,Plaintiff,557
2018-07,Torts,Plaintiff,512
2018-08,Torts,Plaintiff,479
2018-09,Torts,Plaintiff,506
2018-10,Torts,Plaintiff,516
2018-11,Torts,Plaintiff,507
2018-12,Torts,Plaintiff,506
2019-01,Torts,Plaintiff,523
2019-02,Torts,Plaintiff,497
2019-03,Torts,Plaintiff,475
2019-04,Torts,Plaintiff,473
2019-05,Torts,Plaintiff,461
2019-06,Torts,Plaintiff,454
2019-07,Torts,Plaintiff,448
2019-08,Torts,Plaintiff,457
2019-09,Torts,Plaintiff,452
2019-10,Torts,Plaintiff,443
2019-11,Torts,Plaintiff,444
2019-12,Torts,Plaintiff,445
2020-01,Torts,Plaintiff,448
2020-02,Torts,Plaintiff,455
2020-03,Torts,Plaintiff,472
2020-04,Torts,Plaintiff,468
2020-05,Torts,Plaintiff,465
2020-06,Torts,Plaintiff,480
2020-07,Torts,Plaintiff,479
2020-08,Torts,Plaintiff,480
2020-09,Torts,Plaintiff,507
2020-10,Torts,Plaintiff,519
2020-11,Torts,Plaintiff,532
2020-12,Torts,Plaintiff,548
2021-01,Torts,Plaintiff,562
2021-02,Torts,Plaintiff,560
2021-03,Torts,Plaintiff,562
2021-04,Torts,Plaintiff,562
2021-05,Torts,Plaintiff,542
2021-06,Torts,Plaintiff,504
2021-07,Torts,Plaintiff,487
2021-08,Torts,Plaintiff,484
2021-09,Torts,Plaintiff,504
2021-10,Torts,Plaintiff,503
2021-11,Torts,Plaintiff,505
2021-12,Torts,Plaintiff,526
2022-01,Torts,Plaintiff,503
2022-02,Torts,Plaintiff,513
2022-03,Torts,Plaintiff,504
2022-04,Torts,Plaintiff,446
2022-05,Torts,Plaintiff,437
2022-06,Torts,Plaintiff,423
2022-07,Torts,Plaintiff,422
2022-08,Torts,Plaintiff,429
2022-09,Torts,Plaintiff,436
2022-10,Torts,Plaintiff,455
2022-11,Torts,Plaintiff,464
2022-12,Torts,Plaintiff,474
2023-01,Torts,Plaintiff,458
2023-02,Torts,Plaintiff,448
2023-03,Torts,Plaintiff,441
2023-04,Torts,Plaintiff,441
2023-05,Torts,Plaintiff,424
2023-06,Torts,Plaintiff,403
2023-07,Torts,Plaintiff,382
2023-08,Torts,Plaintiff,359
2023-09,Torts,Plaintiff,334
2023-10,Torts,Plaintiff,337
2023-11,Torts,Plaintiff,333
2023-12,Torts,Plaintiff,326
2024-01,Torts,Plaintiff,328
2024-02,Torts,Plaintiff,329
2024-03,Torts,Plaintiff,311
2024-04,Torts,Plaintiff,281
2024-05,Torts,Plaintiff,260
2024-06,Torts,Plaintiff,171
2024-07,Torts,Plaintiff,160
2024-08,Torts,Plaintiff,158
2024-09,Torts,Plaintiff,131
2024-10,Torts,Plaintiff,131
2024-11,Torts,Plaintiff,134
2024-12,Torts,Plaintiff,129
2025-01,Torts,Plaintiff,130
2025-02,Torts,Plaintiff,129
2025-03,Torts,Plaintiff,125
2025-04,Torts,Plaintiff,109
2025-05,Torts,Plaintiff,95
2025-06,Torts,Plaintiff,95
2025-07,Torts,Plaintiff,79
2025-08,Torts,Plaintiff,65
2025-09,Torts,Plaintiff,38
2025-10,Torts,Plaintiff,39
2025-11,Torts,Plaintiff,38
2025-12,Torts,Plaintiff,39
2026-01,Torts,Plaintiff,37
2026-02,Torts,Plaintiff,36
2026-03,Torts,Plaintiff,35
2026-04,Torts,Plaintiff,36
2026-05,Torts,Plaintiff,34
2026-06,Torts,Plaintiff,35
2026-07,Torts,Plaintiff,34
